schema_namespace,schema_sha256,quiz_task_uuid,task_url,taskrun_count,redundancy,article_batch_name,article_number,article_filename,article_sha256,quiz_taskrun_uuid,contributor_uuid,created,finish_time,elapsed_seconds,final_queue,T1.Q1.A1,T1.Q1.A2,T1.Q1.A3,T1.Q1.A4,T1.Q1.A5,T1.Q1.A6,T1.Q1.A7,T1.Q1.A8,T1.Q1.A9,T1.Q1.A10,T1.Q1.A11,T1.Q1.A12,T1.Q1.A13,T1.Q2,T1.Q3,T1.Q5,T1.Q6.A1,T1.Q6.A2,T1.Q6.A3,T1.Q6.A4,T1.Q6.A5,T1.Q6.A6,T1.Q6.A7,T1.Q6.A8,T1.Q7,T1.Q9,T1.Q10,T1.Q11,T1.Q12,T1.Q13,T1.Q14,T1.Q15
NYU_Language2,c61fde1e9a2fcf6f097f0d93b27f7f53fd89c4e5771654f4bdd2711376b3dad6,54c0bd02-0a38-4390-8825-867e46e85b56,https://pe.goodlylabs.org/project/NYU_Language2/task/2409,5,3,NYU_Articles/Pilot/FormerUkraineProsecutorSaysHe.txt,100028,FormerUkraineProsecutorSaysHe.txt,f7eb2314bb13aae4542caf7ee10c336890c3e911c50093d575b1849e107abfb7,f61eaa56-1afa-44f1-b317-222bfa47ae0b,bba6ae56-fae7-4c7f-993a-866ea4c3efc2,2019-11-13 20:07:34.615246,2019-11-13 20:12:40.192977,305.577731,"T1.Q1, T1.Q3, T1.Q12, T1.Q14, T1.Q15",0,1,0,0,0,0,0,0,0,0,1,0,0,,The exaggeration could not possibly mislead anyone,,0,0,0,0,0,0,0,0,,,,,Nope,,4,6
NYU_Language2,c61fde1e9a2fcf6f097f0d93b27f7f53fd89c4e5771654f4bdd2711376b3dad6,54c0bd02-0a38-4390-8825-867e46e85b56,https://pe.goodlylabs.org/project/NYU_Language2/task/2409,5,3,NYU_Articles/Pilot/FormerUkraineProsecutorSaysHe.txt,100028,FormerUkraineProsecutorSaysHe.txt,f7eb2314bb13aae4542caf7ee10c336890c3e911c50093d575b1849e107abfb7,8469a9ba-a4e3-4ee1-94fb-7236166c641a,0e4b8a3e-2714-4b5f-ba10-bb576aaa5cc6,2019-11-13 20:28:23.586047,2019-11-13 20:36:27.327483,483.741436,"T1.Q1, T1.Q5, T1.Q6, T1.Q9, T1.Q10, T1.Q12, T1.Q14, T1.Q15",0,0,0,1,0,1,0,0,0,0,0,0,0,,,Somewhat strong,1,0,0,0,1,0,0,0,,Moderately inappropriate,No,,Good job!,,5: Middling difficulty,7
NYU_Language2,c61fde1e9a2fcf6f097f0d93b27f7f53fd89c4e5771654f4bdd2711376b3dad6,54c0bd02-0a38-4390-8825-867e46e85b56,https://pe.goodlylabs.org/project/NYU_Language2/task/2409,5,3,NYU_Articles/Pilot/FormerUkraineProsecutorSaysHe.txt,100028,FormerUkraineProsecutorSaysHe.txt,f7eb2314bb13aae4542caf7ee10c336890c3e911c50093d575b1849e107abfb7,294436d3-7451-40fe-9a0d-6d3996d02900,00f548b7-6b63-4b47-828e-8e416b6ca0e2,2019-11-13 21:46:08.812870,2019-11-13 21:59:32.988443,804.175573,"T1.Q1, T1.Q5, T1.Q6, T1.Q9, T1.Q10, T1.Q12, T1.Q14, T1.Q15",0,0,0,1,0,1,0,0,0,0,1,0,0,,,Somewhat strong,0,0,1,0,1,0,0,0,,Completely appropriate,"Yes, somewhat",,Excellent job! (artfully and fairly presenting a very difficult subject),,6,6
NYU_Language2,c61fde1e9a2fcf6f097f0d93b27f7f53fd89c4e5771654f4bdd2711376b3dad6,54c0bd02-0a38-4390-8825-867e46e85b56,https://pe.goodlylabs.org/project/NYU_Language2/task/2409,5,3,NYU_Articles/Pilot/FormerUkraineProsecutorSaysHe.txt,100028,FormerUkraineProsecutorSaysHe.txt,f7eb2314bb13aae4542caf7ee10c336890c3e911c50093d575b1849e107abfb7,f02ce3de-1a9c-415b-b652-838f2128ef4e,2b2f1081-fac7-4884-b56c-28501b89abb8,2019-11-13 22:05:16.303567,2019-11-13 22:06:26.139663,69.836096,"T1.Q1, T1.Q5, T1.Q6, T1.Q12, T1.Q14, T1.Q15",0,0,0,1,0,0,0,0,0,0,0,0,0,,,Very mild,0,0,0,0,0,0,1,0,,,,,Nope,,6,5: 50-50
NYU_Language2,c61fde1e9a2fcf6f097f0d93b27f7f53fd89c4e5771654f4bdd2711376b3dad6,54c0bd02-0a38-4390-8825-867e46e85b56,https://pe.goodlylabs.org/project/NYU_Language2/task/2409,5,3,NYU_Articles/Pilot/FormerUkraineProsecutorSaysHe.txt,100028,FormerUkraineProsecutorSaysHe.txt,f7eb2314bb13aae4542caf7ee10c336890c3e911c50093d575b1849e107abfb7,d2e805e9-4a32-48cb-9621-0bc6a676cf5f,46c713ca-b363-4ed6-aa35-6f5b24db7d5e,2019-11-13 22:26:28.552129,2019-11-13 22:32:04.830108,336.277979,"T1.Q1, T1.Q3, T1.Q5, T1.Q6, T1.Q12, T1.Q14, T1.Q15",0,1,0,1,0,0,0,0,0,0,0,0,0,,Considerable misrepresentation,Moderate,1,0,0,0,1,0,0,0,,,,,Nope,,5: Middling difficulty,5: 50-50
NYU_Language2,c61fde1e9a2fcf6f097f0d93b27f7f53fd89c4e5771654f4bdd2711376b3dad6,25826f59-1fe3-440f-868d-ce59cc15b977,https://pe.goodlylabs.org/project/NYU_Language2/task/2410,5,3,NYU_Articles/Pilot/FormerUkraineProsecutorSaysHe.txt,100028,FormerUkraineProsecutorSaysHe.txt,f7eb2314bb13aae4542caf7ee10c336890c3e911c50093d575b1849e107abfb7,b372e02c-a073-40f9-88dc-facd3ddd6e25,bba6ae56-fae7-4c7f-993a-866ea4c3efc2,2019-11-13 20:07:34.837033,2019-11-13 20:16:40.205800,545.368767,"T1.Q1, T1.Q12, T1.Q13, T1.Q14, T1.Q15",0,0,1,0,0,0,0,0,0,1,1,0,0,,,,0,0,0,0,0,0,0,0,,,,,Nope,Very Mildly,3,8
NYU_Language2,c61fde1e9a2fcf6f097f0d93b27f7f53fd89c4e5771654f4bdd2711376b3dad6,25826f59-1fe3-440f-868d-ce59cc15b977,https://pe.goodlylabs.org/project/NYU_Language2/task/2410,5,3,NYU_Articles/Pilot/FormerUkraineProsecutorSaysHe.txt,100028,FormerUkraineProsecutorSaysHe.txt,f7eb2314bb13aae4542caf7ee10c336890c3e911c50093d575b1849e107abfb7,39e2e035-131b-41e7-9cd2-b6213f13e29c,0e4b8a3e-2714-4b5f-ba10-bb576aaa5cc6,2019-11-13 20:28:23.705975,2019-11-13 20:39:50.441080,686.735105,"T1.Q1, T1.Q12, T1.Q14, T1.Q15",0,0,0,0,0,0,0,0,0,0,0,0,1,,,,0,0,0,0,0,0,0,0,,,,,Good job!,,5: Middling difficulty,7
NYU_Language2,c61fde1e9a2fcf6f097f0d93b27f7f53fd89c4e5771654f4bdd2711376b3dad6,25826f59-1fe3-440f-868d-ce59cc15b977,https://pe.goodlylabs.org/project/NYU_Language2/task/2410,5,3,NYU_Articles/Pilot/FormerUkraineProsecutorSaysHe.txt,100028,FormerUkraineProsecutorSaysHe.txt,f7eb2314bb13aae4542caf7ee10c336890c3e911c50093d575b1849e107abfb7,2b848ef3-299e-47ca-9379-c3c518ea4c90,00f548b7-6b63-4b47-828e-8e416b6ca0e2,2019-11-13 21:46:08.952192,2019-11-13 22:02:39.198826,990.246634,"T1.Q1, T1.Q12, T1.Q14, T1.Q15",0,0,0,0,0,0,0,0,0,0,0,0,1,,,,0,0,0,0,0,0,0,0,,,,,Excellent job! (artfully and fairly presenting a very difficult subject),,6,6
NYU_Language2,c61fde1e9a2fcf6f097f0d93b27f7f53fd89c4e5771654f4bdd2711376b3dad6,25826f59-1fe3-440f-868d-ce59cc15b977,https://pe.goodlylabs.org/project/NYU_Language2/task/2410,5,3,NYU_Articles/Pilot/FormerUkraineProsecutorSaysHe.txt,100028,FormerUkraineProsecutorSaysHe.txt,f7eb2314bb13aae4542caf7ee10c336890c3e911c50093d575b1849e107abfb7,a20f117d-060c-49e3-b31a-54494c2705f5,2b2f1081-fac7-4884-b56c-28501b89abb8,2019-11-13 22:05:16.509538,2019-11-13 22:07:57.372406,160.862868,"T1.Q1, T1.Q12, T1.Q14, T1.Q15",0,0,0,0,0,0,0,0,0,0,0,0,1,,,,0,0,0,0,0,0,0,0,,,,,Good job!,,5: Middling difficulty,6
NYU_Language2,c61fde1e9a2fcf6f097f0d93b27f7f53fd89c4e5771654f4bdd2711376b3dad6,25826f59-1fe3-440f-868d-ce59cc15b977,https://pe.goodlylabs.org/project/NYU_Language2/task/2410,5,3,NYU_Articles/Pilot/FormerUkraineProsecutorSaysHe.txt,100028,FormerUkraineProsecutorSaysHe.txt,f7eb2314bb13aae4542caf7ee10c336890c3e911c50093d575b1849e107abfb7,ad304ad0-dc42-4035-bc1d-333471ecd4b3,46c713ca-b363-4ed6-aa35-6f5b24db7d5e,2019-11-13 22:26:28.687481,2019-11-13 22:34:24.168770,475.481289,"T1.Q1, T1.Q5, T1.Q6, T1.Q12, T1.Q14, T1.Q15",0,0,0,1,0,0,0,0,0,0,0,0,0,,,Moderate,1,1,0,0,0,0,0,0,,,,,Nope,,5: Middling difficulty,6
NYU_Language2,c61fde1e9a2fcf6f097f0d93b27f7f53fd89c4e5771654f4bdd2711376b3dad6,0120f692-0e1d-4943-94ce-b9d3983d35d7,https://pe.goodlylabs.org/project/NYU_Language2/task/2411,5,3,NYU_Articles/Pilot/FormerUkraineProsecutorSaysHe.txt,100028,FormerUkraineProsecutorSaysHe.txt,f7eb2314bb13aae4542caf7ee10c336890c3e911c50093d575b1849e107abfb7,ab1dae21-71c3-46e0-8ee4-c6570a75f765,bba6ae56-fae7-4c7f-993a-866ea4c3efc2,2019-11-13 20:12:40.455847,2019-11-13 20:21:44.326695,543.870848,"T1.Q1, T1.Q9, T1.Q10, T1.Q12, T1.Q14, T1.Q15",0,0,0,0,0,1,0,0,0,0,0,0,0,,,,0,0,0,0,0,0,0,0,,Completely appropriate,Maybe,,Nope,,4,5: 50-50
NYU_Language2,c61fde1e9a2fcf6f097f0d93b27f7f53fd89c4e5771654f4bdd2711376b3dad6,0120f692-0e1d-4943-94ce-b9d3983d35d7,https://pe.goodlylabs.org/project/NYU_Language2/task/2411,5,3,NYU_Articles/Pilot/FormerUkraineProsecutorSaysHe.txt,100028,FormerUkraineProsecutorSaysHe.txt,f7eb2314bb13aae4542caf7ee10c336890c3e911c50093d575b1849e107abfb7,76f75a2e-d6ff-4043-874b-988844c3bb3b,0e4b8a3e-2714-4b5f-ba10-bb576aaa5cc6,2019-11-13 20:36:27.518833,2019-11-13 20:41:08.305897,280.787064,"T1.Q1, T1.Q9, T1.Q10, T1.Q12, T1.Q14, T1.Q15",0,0,0,0,0,1,0,0,0,0,0,0,0,,,,0,0,0,0,0,0,0,0,,Mildly inappropriate,No,,Good job!,,5: Middling difficulty,9
NYU_Language2,c61fde1e9a2fcf6f097f0d93b27f7f53fd89c4e5771654f4bdd2711376b3dad6,0120f692-0e1d-4943-94ce-b9d3983d35d7,https://pe.goodlylabs.org/project/NYU_Language2/task/2411,5,3,NYU_Articles/Pilot/FormerUkraineProsecutorSaysHe.txt,100028,FormerUkraineProsecutorSaysHe.txt,f7eb2314bb13aae4542caf7ee10c336890c3e911c50093d575b1849e107abfb7,f568301b-d03e-4922-9bad-c99b41e89ba7,00f548b7-6b63-4b47-828e-8e416b6ca0e2,2019-11-13 21:59:33.200986,2019-11-13 22:07:59.758827,506.557841,"T1.Q1, T1.Q9, T1.Q10, T1.Q12, T1.Q14, T1.Q15",0,0,0,0,0,1,0,0,0,0,0,0,0,,,,0,0,0,0,0,0,0,0,,Completely appropriate,"Yes, somewhat",,Nope,,8,5: 50-50
NYU_Language2,c61fde1e9a2fcf6f097f0d93b27f7f53fd89c4e5771654f4bdd2711376b3dad6,0120f692-0e1d-4943-94ce-b9d3983d35d7,https://pe.goodlylabs.org/project/NYU_Language2/task/2411,5,3,NYU_Articles/Pilot/FormerUkraineProsecutorSaysHe.txt,100028,FormerUkraineProsecutorSaysHe.txt,f7eb2314bb13aae4542caf7ee10c336890c3e911c50093d575b1849e107abfb7,32a0915e-37c8-40a5-af8c-716f065c0471,2b2f1081-fac7-4884-b56c-28501b89abb8,2019-11-13 22:22:00.473269,2019-11-13 22:22:53.548384,53.075115,"T1.Q1, T1.Q9, T1.Q10, T1.Q12, T1.Q14, T1.Q15",0,0,0,0,0,1,0,0,0,0,0,0,0,,,,0,0,0,0,0,0,0,0,,Completely appropriate,"Yes, somewhat",,Good job!,,5: Middling difficulty,6
NYU_Language2,c61fde1e9a2fcf6f097f0d93b27f7f53fd89c4e5771654f4bdd2711376b3dad6,0120f692-0e1d-4943-94ce-b9d3983d35d7,https://pe.goodlylabs.org/project/NYU_Language2/task/2411,5,3,NYU_Articles/Pilot/FormerUkraineProsecutorSaysHe.txt,100028,FormerUkraineProsecutorSaysHe.txt,f7eb2314bb13aae4542caf7ee10c336890c3e911c50093d575b1849e107abfb7,1ddb7903-078e-458d-b6e4-37907afd3484,46c713ca-b363-4ed6-aa35-6f5b24db7d5e,2019-11-13 22:32:05.179198,2019-11-13 22:35:19.473076,194.293878,"T1.Q1, T1.Q12, T1.Q14, T1.Q15",0,0,0,0,0,0,0,0,0,0,0,0,1,,,,0,0,0,0,0,0,0,0,,,,,Good job!,,6,6
NYU_Language2,c61fde1e9a2fcf6f097f0d93b27f7f53fd89c4e5771654f4bdd2711376b3dad6,53e6ea09-002a-4c64-857f-3e7a077f528b,https://pe.goodlylabs.org/project/NYU_Language2/task/2412,5,3,NYU_Articles/Pilot/FormerUkraineProsecutorSaysHe.txt,100028,FormerUkraineProsecutorSaysHe.txt,f7eb2314bb13aae4542caf7ee10c336890c3e911c50093d575b1849e107abfb7,1d854fad-d860-4cd9-9204-1466776e7f3e,bba6ae56-fae7-4c7f-993a-866ea4c3efc2,2019-11-13 20:16:40.496345,2019-11-13 20:22:50.627450,370.131105,"T1.Q1, T1.Q12, T1.Q14, T1.Q15",0,0,0,0,0,0,0,0,0,0,0,0,0,,,,0,0,0,0,0,0,0,0,,,,,Nope,,2,8
NYU_Language2,c61fde1e9a2fcf6f097f0d93b27f7f53fd89c4e5771654f4bdd2711376b3dad6,53e6ea09-002a-4c64-857f-3e7a077f528b,https://pe.goodlylabs.org/project/NYU_Language2/task/2412,5,3,NYU_Articles/Pilot/FormerUkraineProsecutorSaysHe.txt,100028,FormerUkraineProsecutorSaysHe.txt,f7eb2314bb13aae4542caf7ee10c336890c3e911c50093d575b1849e107abfb7,6c2e633c-bcd5-4bec-b57e-75af4cfc4c8e,0e4b8a3e-2714-4b5f-ba10-bb576aaa5cc6,2019-11-13 20:39:50.628841,2019-11-13 20:42:20.378789,149.749948,"T1.Q1, T1.Q5, T1.Q6, T1.Q12, T1.Q14, T1.Q15",0,0,0,1,0,0,0,0,0,0,0,0,0,,,Somewhat strong,0,1,0,0,0,0,0,0,,,,,Good job!,,5: Middling difficulty,9
NYU_Language2,c61fde1e9a2fcf6f097f0d93b27f7f53fd89c4e5771654f4bdd2711376b3dad6,53e6ea09-002a-4c64-857f-3e7a077f528b,https://pe.goodlylabs.org/project/NYU_Language2/task/2412,5,3,NYU_Articles/Pilot/FormerUkraineProsecutorSaysHe.txt,100028,FormerUkraineProsecutorSaysHe.txt,f7eb2314bb13aae4542caf7ee10c336890c3e911c50093d575b1849e107abfb7,469b1033-9bff-4e63-9d1a-816298ee8a44,00f548b7-6b63-4b47-828e-8e416b6ca0e2,2019-11-13 22:02:39.552363,2019-11-13 22:10:39.751001,480.198638,"T1.Q1, T1.Q12, T1.Q13, T1.Q14, T1.Q15",0,0,0,0,0,0,0,0,0,1,0,0,0,,,,0,0,0,0,0,0,0,0,,,,,Nope,Very Mildly,6,6
NYU_Language2,c61fde1e9a2fcf6f097f0d93b27f7f53fd89c4e5771654f4bdd2711376b3dad6,53e6ea09-002a-4c64-857f-3e7a077f528b,https://pe.goodlylabs.org/project/NYU_Language2/task/2412,5,3,NYU_Articles/Pilot/FormerUkraineProsecutorSaysHe.txt,100028,FormerUkraineProsecutorSaysHe.txt,f7eb2314bb13aae4542caf7ee10c336890c3e911c50093d575b1849e107abfb7,eb68d503-2e44-4f01-ad07-b64034355acb,2b2f1081-fac7-4884-b56c-28501b89abb8,2019-11-13 22:22:00.575327,2019-11-13 22:23:20.143388,79.568061,"T1.Q1, T1.Q12, T1.Q14, T1.Q15",0,0,0,0,0,0,0,0,0,0,0,0,1,,,,0,0,0,0,0,0,0,0,,,,,Good job!,,5: Middling difficulty,7
NYU_Language2,c61fde1e9a2fcf6f097f0d93b27f7f53fd89c4e5771654f4bdd2711376b3dad6,53e6ea09-002a-4c64-857f-3e7a077f528b,https://pe.goodlylabs.org/project/NYU_Language2/task/2412,5,3,NYU_Articles/Pilot/FormerUkraineProsecutorSaysHe.txt,100028,FormerUkraineProsecutorSaysHe.txt,f7eb2314bb13aae4542caf7ee10c336890c3e911c50093d575b1849e107abfb7,931662bd-a0ba-4e75-ba7e-7171b57e5288,46c713ca-b363-4ed6-aa35-6f5b24db7d5e,2019-11-13 22:34:24.564935,2019-11-13 22:37:47.779961,203.215026,"T1.Q1, T1.Q5, T1.Q6, T1.Q12, T1.Q14, T1.Q15",0,0,0,1,0,0,0,0,0,0,0,0,0,,,Somewhat strong,0,0,0,0,1,0,0,0,,,,,Nope,,4,7
NYU_Language2,c61fde1e9a2fcf6f097f0d93b27f7f53fd89c4e5771654f4bdd2711376b3dad6,db54e1c8-65e5-4155-bfb8-09c8121b4850,https://pe.goodlylabs.org/project/NYU_Language2/task/2413,5,3,NYU_Articles/Pilot/FormerUkraineProsecutorSaysHe.txt,100028,FormerUkraineProsecutorSaysHe.txt,f7eb2314bb13aae4542caf7ee10c336890c3e911c50093d575b1849e107abfb7,fee9df4e-7c8d-4be5-9bc6-f8baadb996eb,bba6ae56-fae7-4c7f-993a-866ea4c3efc2,2019-11-13 20:21:44.958517,2019-11-13 20:24:51.823262,186.864745,"T1.Q1, T1.Q3, T1.Q12, T1.Q14, T1.Q15",0,1,1,0,0,0,0,0,0,0,1,0,0,,The exaggeration could not possibly mislead anyone,,0,0,0,0,0,0,0,0,,,,,Nope,,3,6
NYU_Language2,c61fde1e9a2fcf6f097f0d93b27f7f53fd89c4e5771654f4bdd2711376b3dad6,db54e1c8-65e5-4155-bfb8-09c8121b4850,https://pe.goodlylabs.org/project/NYU_Language2/task/2413,5,3,NYU_Articles/Pilot/FormerUkraineProsecutorSaysHe.txt,100028,FormerUkraineProsecutorSaysHe.txt,f7eb2314bb13aae4542caf7ee10c336890c3e911c50093d575b1849e107abfb7,d6b37e57-a7b5-4bba-bcb7-77c6cff4270f,0e4b8a3e-2714-4b5f-ba10-bb576aaa5cc6,2019-11-13 20:41:08.488215,2019-11-13 20:45:48.461432,279.973217,"T1.Q1, T1.Q9, T1.Q10, T1.Q12, T1.Q14, T1.Q15",0,0,0,0,0,1,0,0,0,0,0,0,0,,,,0,0,0,0,0,0,0,0,,Mildly inappropriate,No,,Good job!,,5: Middling difficulty,7
NYU_Language2,c61fde1e9a2fcf6f097f0d93b27f7f53fd89c4e5771654f4bdd2711376b3dad6,db54e1c8-65e5-4155-bfb8-09c8121b4850,https://pe.goodlylabs.org/project/NYU_Language2/task/2413,5,3,NYU_Articles/Pilot/FormerUkraineProsecutorSaysHe.txt,100028,FormerUkraineProsecutorSaysHe.txt,f7eb2314bb13aae4542caf7ee10c336890c3e911c50093d575b1849e107abfb7,1f71fecd-00de-449e-8700-fcfd8eb4341b,00f548b7-6b63-4b47-828e-8e416b6ca0e2,2019-11-13 22:07:59.951499,2019-11-13 22:14:40.091078,400.139579,"T1.Q1, T1.Q3, T1.Q9, T1.Q10, T1.Q12, T1.Q14, T1.Q15",0,1,0,0,0,1,0,0,0,0,0,0,0,,Some misrepresentation,,0,0,0,0,0,0,0,0,,Completely appropriate,Maybe,,Nope,,7,6
NYU_Language2,c61fde1e9a2fcf6f097f0d93b27f7f53fd89c4e5771654f4bdd2711376b3dad6,db54e1c8-65e5-4155-bfb8-09c8121b4850,https://pe.goodlylabs.org/project/NYU_Language2/task/2413,5,3,NYU_Articles/Pilot/FormerUkraineProsecutorSaysHe.txt,100028,FormerUkraineProsecutorSaysHe.txt,f7eb2314bb13aae4542caf7ee10c336890c3e911c50093d575b1849e107abfb7,3be9e49d-0798-4ff8-8707-fce67fe2fdcd,2b2f1081-fac7-4884-b56c-28501b89abb8,2019-11-13 22:22:53.981475,2019-11-13 22:25:45.385297,171.403822,"T1.Q1, T1.Q12, T1.Q14, T1.Q15",0,0,0,0,0,0,0,0,0,0,0,0,1,,,,0,0,0,0,0,0,0,0,,,,,Good job!,,6,5: 50-50
NYU_Language2,c61fde1e9a2fcf6f097f0d93b27f7f53fd89c4e5771654f4bdd2711376b3dad6,db54e1c8-65e5-4155-bfb8-09c8121b4850,https://pe.goodlylabs.org/project/NYU_Language2/task/2413,5,3,NYU_Articles/Pilot/FormerUkraineProsecutorSaysHe.txt,100028,FormerUkraineProsecutorSaysHe.txt,f7eb2314bb13aae4542caf7ee10c336890c3e911c50093d575b1849e107abfb7,07b8d406-1f8a-47a0-bf8a-b1309019c3ff,46c713ca-b363-4ed6-aa35-6f5b24db7d5e,2019-11-13 22:35:19.858428,2019-11-13 22:39:32.542013,252.683585,"T1.Q1, T1.Q2, T1.Q12, T1.Q13, T1.Q14, T1.Q15",1,0,0,0,0,0,0,0,0,1,0,0,0,SOMEWHAT excessive/inappropriate,,,0,0,0,0,0,0,0,0,,,,,Nope,Mildly,4,7
NYU_Language2,c61fde1e9a2fcf6f097f0d93b27f7f53fd89c4e5771654f4bdd2711376b3dad6,df6abdd6-a419-43d6-b862-df0bf37706aa,https://pe.goodlylabs.org/project/NYU_Language2/task/2414,4,3,NYU_Articles/Pilot/ExplosiveReportRepAdamSchiff.txt,100029,ExplosiveReportRepAdamSchiff.txt,4c3b112770659ce6b8ac1363730d5843907463a9f5535277b674a6ad19e87364,ab66890c-66dd-49f3-8e6b-c3f961dc4aec,bba6ae56-fae7-4c7f-993a-866ea4c3efc2,2019-11-13 20:25:44.650022,2019-11-13 20:27:50.236521,125.586499,"T1.Q1, T1.Q12, T1.Q13, T1.Q14, T1.Q15",0,0,1,0,1,0,0,0,0,1,0,0,0,,,,0,0,0,0,0,0,0,0,,,,,Nope,Mildly,4,7
NYU_Language2,c61fde1e9a2fcf6f097f0d93b27f7f53fd89c4e5771654f4bdd2711376b3dad6,df6abdd6-a419-43d6-b862-df0bf37706aa,https://pe.goodlylabs.org/project/NYU_Language2/task/2414,4,3,NYU_Articles/Pilot/ExplosiveReportRepAdamSchiff.txt,100029,ExplosiveReportRepAdamSchiff.txt,4c3b112770659ce6b8ac1363730d5843907463a9f5535277b674a6ad19e87364,fd4ef205-749e-4373-ac18-7af9ce4adc06,0e4b8a3e-2714-4b5f-ba10-bb576aaa5cc6,2019-11-13 20:42:20.599807,2019-11-13 20:46:59.237590,278.637783,"T1.Q1, T1.Q3, T1.Q12, T1.Q14, T1.Q15",0,1,0,0,1,0,0,0,0,0,0,0,0,,Minor misrepresentation,,0,0,0,0,0,0,0,0,,,,,Good job!,,5: Middling difficulty,9
NYU_Language2,c61fde1e9a2fcf6f097f0d93b27f7f53fd89c4e5771654f4bdd2711376b3dad6,df6abdd6-a419-43d6-b862-df0bf37706aa,https://pe.goodlylabs.org/project/NYU_Language2/task/2414,4,3,NYU_Articles/Pilot/ExplosiveReportRepAdamSchiff.txt,100029,ExplosiveReportRepAdamSchiff.txt,4c3b112770659ce6b8ac1363730d5843907463a9f5535277b674a6ad19e87364,027524e0-955f-49c8-b037-4c5ab7fb8a05,2b2f1081-fac7-4884-b56c-28501b89abb8,2019-11-13 22:23:21.206322,2019-11-13 22:33:55.203613,633.997291,"T1.Q1, T1.Q3, T1.Q12, T1.Q14, T1.Q15",0,1,0,0,0,0,0,0,0,0,0,0,0,,Some misrepresentation,,0,0,0,0,0,0,0,0,,,,,Good job!,,3,9
NYU_Language2,c61fde1e9a2fcf6f097f0d93b27f7f53fd89c4e5771654f4bdd2711376b3dad6,df6abdd6-a419-43d6-b862-df0bf37706aa,https://pe.goodlylabs.org/project/NYU_Language2/task/2414,4,3,NYU_Articles/Pilot/ExplosiveReportRepAdamSchiff.txt,100029,ExplosiveReportRepAdamSchiff.txt,4c3b112770659ce6b8ac1363730d5843907463a9f5535277b674a6ad19e87364,3bf62eba-04e4-413d-a442-aa7b7635811f,46c713ca-b363-4ed6-aa35-6f5b24db7d5e,2019-11-13 22:37:48.124088,2019-11-13 22:40:18.819396,150.695308,"T1.Q1, T1.Q5, T1.Q6, T1.Q7, T1.Q12, T1.Q14, T1.Q15",0,0,0,1,0,0,0,0,0,0,0,0,0,,,Somewhat strong,0,0,0,0,0,0,0,1,urgency,,,,Good job!,,8,4
NYU_Language2,c61fde1e9a2fcf6f097f0d93b27f7f53fd89c4e5771654f4bdd2711376b3dad6,c5ded0a6-42b7-4a2e-96e7-1c29c5ee8e19,https://pe.goodlylabs.org/project/NYU_Language2/task/2415,4,3,NYU_Articles/Pilot/ExplosiveReportRepAdamSchiff.txt,100029,ExplosiveReportRepAdamSchiff.txt,4c3b112770659ce6b8ac1363730d5843907463a9f5535277b674a6ad19e87364,5527fd83-872c-4645-a6a9-9ed929765586,bba6ae56-fae7-4c7f-993a-866ea4c3efc2,2019-11-13 20:25:49.488910,2019-11-13 20:35:04.996094,555.507184,"T1.Q1, T1.Q3, T1.Q5, T1.Q6, T1.Q9, T1.Q10, T1.Q11, T1.Q12, T1.Q14, T1.Q15",0,1,1,1,1,1,0,1,0,0,1,0,0,,Considerable misrepresentation,Somewhat strong,1,0,1,0,0,0,0,0,,Somewhat inappropriate,Maybe,Not at all,Nope,,5: Middling difficulty,7
NYU_Language2,c61fde1e9a2fcf6f097f0d93b27f7f53fd89c4e5771654f4bdd2711376b3dad6,c5ded0a6-42b7-4a2e-96e7-1c29c5ee8e19,https://pe.goodlylabs.org/project/NYU_Language2/task/2415,4,3,NYU_Articles/Pilot/ExplosiveReportRepAdamSchiff.txt,100029,ExplosiveReportRepAdamSchiff.txt,4c3b112770659ce6b8ac1363730d5843907463a9f5535277b674a6ad19e87364,3215de89-2fe1-41cf-b0f6-44ffaf5eb7eb,0e4b8a3e-2714-4b5f-ba10-bb576aaa5cc6,2019-11-13 20:45:48.653461,2019-11-13 20:51:18.667581,330.01412,"T1.Q1, T1.Q3, T1.Q5, T1.Q6, T1.Q9, T1.Q10, T1.Q12, T1.Q14, T1.Q15",0,1,1,1,0,1,0,0,0,0,0,0,0,,Some misrepresentation,Very strong,1,0,1,0,0,0,0,0,,Somewhat inappropriate,"Yes, somewhat",,Nope,,5: Middling difficulty,9
NYU_Language2,c61fde1e9a2fcf6f097f0d93b27f7f53fd89c4e5771654f4bdd2711376b3dad6,c5ded0a6-42b7-4a2e-96e7-1c29c5ee8e19,https://pe.goodlylabs.org/project/NYU_Language2/task/2415,4,3,NYU_Articles/Pilot/ExplosiveReportRepAdamSchiff.txt,100029,ExplosiveReportRepAdamSchiff.txt,4c3b112770659ce6b8ac1363730d5843907463a9f5535277b674a6ad19e87364,6fc48951-5db7-42b7-91fa-a48b898952fc,2b2f1081-fac7-4884-b56c-28501b89abb8,2019-11-13 22:25:45.724855,2019-11-13 22:35:11.207919,565.483064,"T1.Q1, T1.Q5, T1.Q6, T1.Q12, T1.Q14, T1.Q15",0,0,0,1,0,0,0,0,0,0,1,0,0,,,Very strong,0,1,0,0,0,0,0,0,,,,,Good job!,,5: Middling difficulty,8
NYU_Language2,c61fde1e9a2fcf6f097f0d93b27f7f53fd89c4e5771654f4bdd2711376b3dad6,c5ded0a6-42b7-4a2e-96e7-1c29c5ee8e19,https://pe.goodlylabs.org/project/NYU_Language2/task/2415,4,3,NYU_Articles/Pilot/ExplosiveReportRepAdamSchiff.txt,100029,ExplosiveReportRepAdamSchiff.txt,4c3b112770659ce6b8ac1363730d5843907463a9f5535277b674a6ad19e87364,25e0146b-7bc4-4184-8d5b-5db5332b9262,46c713ca-b363-4ed6-aa35-6f5b24db7d5e,2019-11-13 22:39:32.934811,2019-11-13 22:41:42.200613,129.265802,"T1.Q1, T1.Q3, T1.Q12, T1.Q13, T1.Q14, T1.Q15",0,1,1,0,0,0,0,0,0,1,0,0,0,,Enormous misrepresentation,,0,0,0,0,0,0,0,0,,,,,Nope,Mildly,4,6
NYU_Language2,c61fde1e9a2fcf6f097f0d93b27f7f53fd89c4e5771654f4bdd2711376b3dad6,7f159a74-1dc9-4b42-b4c0-5ce25f383d86,https://pe.goodlylabs.org/project/NYU_Language2/task/2416,4,3,NYU_Articles/Pilot/ExplosiveReportRepAdamSchiff.txt,100029,ExplosiveReportRepAdamSchiff.txt,4c3b112770659ce6b8ac1363730d5843907463a9f5535277b674a6ad19e87364,c4198d18-503c-443a-912e-5376f9190bee,bba6ae56-fae7-4c7f-993a-866ea4c3efc2,2019-11-13 20:27:51.022385,2019-11-13 20:36:53.258621,542.236236,"T1.Q1, T1.Q12, T1.Q14, T1.Q15",0,0,0,0,0,0,0,0,0,0,0,0,1,,,,0,0,0,0,0,0,0,0,,,,,Nope,,2,8
NYU_Language2,c61fde1e9a2fcf6f097f0d93b27f7f53fd89c4e5771654f4bdd2711376b3dad6,7f159a74-1dc9-4b42-b4c0-5ce25f383d86,https://pe.goodlylabs.org/project/NYU_Language2/task/2416,4,3,NYU_Articles/Pilot/ExplosiveReportRepAdamSchiff.txt,100029,ExplosiveReportRepAdamSchiff.txt,4c3b112770659ce6b8ac1363730d5843907463a9f5535277b674a6ad19e87364,608137ac-967b-44fc-a326-3beb696b9e55,0e4b8a3e-2714-4b5f-ba10-bb576aaa5cc6,2019-11-13 20:46:59.473928,2019-11-13 20:51:58.382859,298.908931,"T1.Q1, T1.Q12, T1.Q14, T1.Q15",0,0,0,0,0,0,0,0,0,0,0,0,1,,,,0,0,0,0,0,0,0,0,,,,,Nope,,5: Middling difficulty,9
NYU_Language2,c61fde1e9a2fcf6f097f0d93b27f7f53fd89c4e5771654f4bdd2711376b3dad6,7f159a74-1dc9-4b42-b4c0-5ce25f383d86,https://pe.goodlylabs.org/project/NYU_Language2/task/2416,4,3,NYU_Articles/Pilot/ExplosiveReportRepAdamSchiff.txt,100029,ExplosiveReportRepAdamSchiff.txt,4c3b112770659ce6b8ac1363730d5843907463a9f5535277b674a6ad19e87364,abd9bfa9-13b9-41f8-975a-c807e9e2a09d,2b2f1081-fac7-4884-b56c-28501b89abb8,2019-11-13 22:33:55.617626,2019-11-13 22:35:39.545499,103.927873,"T1.Q1, T1.Q12, T1.Q14, T1.Q15",0,0,0,0,0,0,0,0,0,0,0,0,1,,,,0,0,0,0,0,0,0,0,,,,,Good job!,,4,6
NYU_Language2,c61fde1e9a2fcf6f097f0d93b27f7f53fd89c4e5771654f4bdd2711376b3dad6,7f159a74-1dc9-4b42-b4c0-5ce25f383d86,https://pe.goodlylabs.org/project/NYU_Language2/task/2416,4,3,NYU_Articles/Pilot/ExplosiveReportRepAdamSchiff.txt,100029,ExplosiveReportRepAdamSchiff.txt,4c3b112770659ce6b8ac1363730d5843907463a9f5535277b674a6ad19e87364,1a5f250f-a849-447b-87bd-ab12532e79e0,46c713ca-b363-4ed6-aa35-6f5b24db7d5e,2019-11-13 22:40:19.206512,2019-11-13 22:42:20.135229,120.928717,"T1.Q1, T1.Q5, T1.Q6, T1.Q12, T1.Q14, T1.Q15",0,0,0,1,0,0,0,0,0,0,0,0,0,,,Moderate,1,0,0,0,0,0,0,0,,,,,Nope,,5: Middling difficulty,7
NYU_Language2,c61fde1e9a2fcf6f097f0d93b27f7f53fd89c4e5771654f4bdd2711376b3dad6,4a30be9a-24a9-44d6-8cba-aa66ae586a13,https://pe.goodlylabs.org/project/NYU_Language2/task/2417,4,3,NYU_Articles/Pilot/ExplosiveReportRepAdamSchiff.txt,100029,ExplosiveReportRepAdamSchiff.txt,4c3b112770659ce6b8ac1363730d5843907463a9f5535277b674a6ad19e87364,27597b07-ad15-4f73-a64c-8d044ab0cc87,bba6ae56-fae7-4c7f-993a-866ea4c3efc2,2019-11-13 20:35:05.238820,2019-11-13 20:37:24.772210,139.53339,"T1.Q1, T1.Q12, T1.Q14, T1.Q15",0,0,0,0,0,0,0,0,0,0,0,0,1,,,,0,0,0,0,0,0,0,0,,,,,Nope,,1: Easiest thing I've ever done in a classroom setting,10: 100% certain about all my answers
NYU_Language2,c61fde1e9a2fcf6f097f0d93b27f7f53fd89c4e5771654f4bdd2711376b3dad6,4a30be9a-24a9-44d6-8cba-aa66ae586a13,https://pe.goodlylabs.org/project/NYU_Language2/task/2417,4,3,NYU_Articles/Pilot/ExplosiveReportRepAdamSchiff.txt,100029,ExplosiveReportRepAdamSchiff.txt,4c3b112770659ce6b8ac1363730d5843907463a9f5535277b674a6ad19e87364,150135ef-f660-4251-b446-df89bf998237,0e4b8a3e-2714-4b5f-ba10-bb576aaa5cc6,2019-11-13 20:51:18.873237,2019-11-13 20:52:41.707396,82.834159,"T1.Q1, T1.Q12, T1.Q14, T1.Q15",0,0,0,0,0,0,0,0,0,0,0,0,1,,,,0,0,0,0,0,0,0,0,,,,,Good job!,,5: Middling difficulty,9
NYU_Language2,c61fde1e9a2fcf6f097f0d93b27f7f53fd89c4e5771654f4bdd2711376b3dad6,4a30be9a-24a9-44d6-8cba-aa66ae586a13,https://pe.goodlylabs.org/project/NYU_Language2/task/2417,4,3,NYU_Articles/Pilot/ExplosiveReportRepAdamSchiff.txt,100029,ExplosiveReportRepAdamSchiff.txt,4c3b112770659ce6b8ac1363730d5843907463a9f5535277b674a6ad19e87364,5bca8179-1b4a-4b7a-9825-004aeef1b0b6,2b2f1081-fac7-4884-b56c-28501b89abb8,2019-11-13 22:35:11.421189,2019-11-13 22:36:25.925113,74.503924,"T1.Q1, T1.Q12, T1.Q14, T1.Q15",0,0,0,0,0,0,0,0,0,0,0,0,1,,,,0,0,0,0,0,0,0,0,,,,,Good job!,,2,9
NYU_Language2,c61fde1e9a2fcf6f097f0d93b27f7f53fd89c4e5771654f4bdd2711376b3dad6,4a30be9a-24a9-44d6-8cba-aa66ae586a13,https://pe.goodlylabs.org/project/NYU_Language2/task/2417,4,3,NYU_Articles/Pilot/ExplosiveReportRepAdamSchiff.txt,100029,ExplosiveReportRepAdamSchiff.txt,4c3b112770659ce6b8ac1363730d5843907463a9f5535277b674a6ad19e87364,cc384553-bdd8-4996-982a-46d7062d4f99,46c713ca-b363-4ed6-aa35-6f5b24db7d5e,2019-11-13 22:41:42.646415,2019-11-13 22:42:46.393660,63.747245,"T1.Q1, T1.Q12, T1.Q14, T1.Q15",0,0,0,0,0,0,0,0,0,0,0,0,1,,,,0,0,0,0,0,0,0,0,,,,,Good job!,,5: Middling difficulty,4
NYU_Language2,c61fde1e9a2fcf6f097f0d93b27f7f53fd89c4e5771654f4bdd2711376b3dad6,bc20c95d-adbe-4273-9799-88e1646cfe2f,https://pe.goodlylabs.org/project/NYU_Language2/task/2418,4,3,NYU_Articles/Pilot/ExplosiveReportRepAdamSchiff.txt,100029,ExplosiveReportRepAdamSchiff.txt,4c3b112770659ce6b8ac1363730d5843907463a9f5535277b674a6ad19e87364,02a1d5fe-c3d8-4ff1-b23d-3a7c8a39ae40,bba6ae56-fae7-4c7f-993a-866ea4c3efc2,2019-11-13 20:36:53.451518,2019-11-13 20:39:52.063961,178.612443,"T1.Q1, T1.Q12, T1.Q14, T1.Q15",0,0,0,0,0,0,0,0,0,0,0,1,0,,,,0,0,0,0,0,0,0,0,,,,,Nope,,3,8
NYU_Language2,c61fde1e9a2fcf6f097f0d93b27f7f53fd89c4e5771654f4bdd2711376b3dad6,bc20c95d-adbe-4273-9799-88e1646cfe2f,https://pe.goodlylabs.org/project/NYU_Language2/task/2418,4,3,NYU_Articles/Pilot/ExplosiveReportRepAdamSchiff.txt,100029,ExplosiveReportRepAdamSchiff.txt,4c3b112770659ce6b8ac1363730d5843907463a9f5535277b674a6ad19e87364,8f2304c3-40f8-4113-ade8-11b40ca251ac,0e4b8a3e-2714-4b5f-ba10-bb576aaa5cc6,2019-11-13 20:51:58.593573,2019-11-13 20:53:32.316679,93.723106,"T1.Q1, T1.Q12, T1.Q14, T1.Q15",0,0,1,0,0,0,0,0,0,0,0,0,0,,,,0,0,0,0,0,0,0,0,,,,,Good job!,,5: Middling difficulty,7
NYU_Language2,c61fde1e9a2fcf6f097f0d93b27f7f53fd89c4e5771654f4bdd2711376b3dad6,bc20c95d-adbe-4273-9799-88e1646cfe2f,https://pe.goodlylabs.org/project/NYU_Language2/task/2418,4,3,NYU_Articles/Pilot/ExplosiveReportRepAdamSchiff.txt,100029,ExplosiveReportRepAdamSchiff.txt,4c3b112770659ce6b8ac1363730d5843907463a9f5535277b674a6ad19e87364,565bb874-172a-4591-9b89-9159dc6132d2,2b2f1081-fac7-4884-b56c-28501b89abb8,2019-11-13 22:35:39.773374,2019-11-13 22:37:21.415841,101.642467,"T1.Q1, T1.Q5, T1.Q6, T1.Q12, T1.Q14, T1.Q15",0,0,0,1,0,0,0,0,0,0,0,0,0,,,Very mild,0,1,0,0,0,0,0,0,,,,,Nope,,4,7
NYU_Language2,c61fde1e9a2fcf6f097f0d93b27f7f53fd89c4e5771654f4bdd2711376b3dad6,bc20c95d-adbe-4273-9799-88e1646cfe2f,https://pe.goodlylabs.org/project/NYU_Language2/task/2418,4,3,NYU_Articles/Pilot/ExplosiveReportRepAdamSchiff.txt,100029,ExplosiveReportRepAdamSchiff.txt,4c3b112770659ce6b8ac1363730d5843907463a9f5535277b674a6ad19e87364,309b0555-a344-4753-afdc-d0d9c7eebab7,46c713ca-b363-4ed6-aa35-6f5b24db7d5e,2019-11-13 22:42:20.551091,2019-11-13 22:43:03.449756,42.898665,"T1.Q1, T1.Q12, T1.Q14, T1.Q15",0,0,0,0,0,0,0,0,0,0,0,0,1,,,,0,0,0,0,0,0,0,0,,,,,Good job!,,5: Middling difficulty,4
NYU_Language2,c61fde1e9a2fcf6f097f0d93b27f7f53fd89c4e5771654f4bdd2711376b3dad6,72f98450-79e3-47a9-97a1-7055f6748e1e,https://pe.goodlylabs.org/project/NYU_Language2/task/2432,4,3,NYU_Articles/Pilot/ExplosiveReportRepAdamSchiff.txt,100029,ExplosiveReportRepAdamSchiff.txt,4c3b112770659ce6b8ac1363730d5843907463a9f5535277b674a6ad19e87364,fceecb89-6439-4ea0-a836-b8dc7aade80a,bba6ae56-fae7-4c7f-993a-866ea4c3efc2,2019-11-13 20:37:24.984938,2019-11-13 20:40:46.317602,201.332664,"T1.Q1, T1.Q12, T1.Q13, T1.Q14, T1.Q15",0,0,0,0,0,0,0,0,0,1,0,0,0,,,,0,0,0,0,0,0,0,0,,,,,Nope,Not at all,3,7
NYU_Language2,c61fde1e9a2fcf6f097f0d93b27f7f53fd89c4e5771654f4bdd2711376b3dad6,72f98450-79e3-47a9-97a1-7055f6748e1e,https://pe.goodlylabs.org/project/NYU_Language2/task/2432,4,3,NYU_Articles/Pilot/ExplosiveReportRepAdamSchiff.txt,100029,ExplosiveReportRepAdamSchiff.txt,4c3b112770659ce6b8ac1363730d5843907463a9f5535277b674a6ad19e87364,24dc2965-8f7a-4a9e-9afe-b94db3f30b2b,0e4b8a3e-2714-4b5f-ba10-bb576aaa5cc6,2019-11-13 20:52:41.909147,2019-11-13 20:54:14.586540,92.677393,"T1.Q1, T1.Q12, T1.Q14, T1.Q15",0,0,0,0,0,0,0,0,0,0,0,0,1,,,,0,0,0,0,0,0,0,0,,,,,Good job!,,5: Middling difficulty,10: 100% certain about all my answers
NYU_Language2,c61fde1e9a2fcf6f097f0d93b27f7f53fd89c4e5771654f4bdd2711376b3dad6,72f98450-79e3-47a9-97a1-7055f6748e1e,https://pe.goodlylabs.org/project/NYU_Language2/task/2432,4,3,NYU_Articles/Pilot/ExplosiveReportRepAdamSchiff.txt,100029,ExplosiveReportRepAdamSchiff.txt,4c3b112770659ce6b8ac1363730d5843907463a9f5535277b674a6ad19e87364,3db21563-30c6-49bf-be94-5358f98035f0,2b2f1081-fac7-4884-b56c-28501b89abb8,2019-11-13 22:36:26.118355,2019-11-13 22:37:38.317302,72.198947,"T1.Q1, T1.Q12, T1.Q14, T1.Q15",0,0,0,0,0,0,0,0,0,0,0,0,1,,,,0,0,0,0,0,0,0,0,,,,,Good job!,,5: Middling difficulty,7
NYU_Language2,c61fde1e9a2fcf6f097f0d93b27f7f53fd89c4e5771654f4bdd2711376b3dad6,72f98450-79e3-47a9-97a1-7055f6748e1e,https://pe.goodlylabs.org/project/NYU_Language2/task/2432,4,3,NYU_Articles/Pilot/ExplosiveReportRepAdamSchiff.txt,100029,ExplosiveReportRepAdamSchiff.txt,4c3b112770659ce6b8ac1363730d5843907463a9f5535277b674a6ad19e87364,1a09d99e-61a0-4f1e-829c-3295c7198f04,46c713ca-b363-4ed6-aa35-6f5b24db7d5e,2019-11-13 23:24:37.873885,2019-11-13 23:24:54.905817,17.031932,"T1.Q1, T1.Q12, T1.Q14, T1.Q15",0,0,0,0,0,0,0,0,0,0,0,0,1,,,,0,0,0,0,0,0,0,0,,,,,Good job!,,4,6
NYU_Language2,c61fde1e9a2fcf6f097f0d93b27f7f53fd89c4e5771654f4bdd2711376b3dad6,924fddfe-5cb3-4c24-bb8c-3402a1087c2e,https://pe.goodlylabs.org/project/NYU_Language2/task/2433,3,3,NYU_Articles/Pilot/CouldTrumpsImpeachmentPushHilary.txt,100030,CouldTrumpsImpeachmentPushHilary.txt,dafa2bb8de86d276aa69797936139a5fdb4c067ef5353f586b53fab36bdd360b,1aea27b2-d1d0-4b37-8f13-be56ff6d6f74,bba6ae56-fae7-4c7f-993a-866ea4c3efc2,2019-11-13 20:39:52.334450,2019-11-13 20:45:10.072632,317.738182,"T1.Q1, T1.Q3, T1.Q12, T1.Q13, T1.Q14, T1.Q15",0,1,1,0,0,0,0,0,0,1,0,0,0,,Some misrepresentation,,0,0,0,0,0,0,0,0,,,,,Nope,Not at all,5: Middling difficulty,5: 50-50
NYU_Language2,c61fde1e9a2fcf6f097f0d93b27f7f53fd89c4e5771654f4bdd2711376b3dad6,924fddfe-5cb3-4c24-bb8c-3402a1087c2e,https://pe.goodlylabs.org/project/NYU_Language2/task/2433,3,3,NYU_Articles/Pilot/CouldTrumpsImpeachmentPushHilary.txt,100030,CouldTrumpsImpeachmentPushHilary.txt,dafa2bb8de86d276aa69797936139a5fdb4c067ef5353f586b53fab36bdd360b,216c20e8-dd55-40b8-baf5-9b4ab56bad17,0e4b8a3e-2714-4b5f-ba10-bb576aaa5cc6,2019-11-13 20:53:32.508314,2019-11-13 20:55:58.461201,145.952887,"T1.Q1, T1.Q12, T1.Q14, T1.Q15",0,0,0,0,0,0,0,0,0,0,0,0,1,,,,0,0,0,0,0,0,0,0,,,,,Good job!,,5: Middling difficulty,9
NYU_Language2,c61fde1e9a2fcf6f097f0d93b27f7f53fd89c4e5771654f4bdd2711376b3dad6,924fddfe-5cb3-4c24-bb8c-3402a1087c2e,https://pe.goodlylabs.org/project/NYU_Language2/task/2433,3,3,NYU_Articles/Pilot/CouldTrumpsImpeachmentPushHilary.txt,100030,CouldTrumpsImpeachmentPushHilary.txt,dafa2bb8de86d276aa69797936139a5fdb4c067ef5353f586b53fab36bdd360b,fb87c06c-4e6d-4648-b01c-b10413833808,46c713ca-b363-4ed6-aa35-6f5b24db7d5e,2019-11-13 23:24:38.066005,2019-11-13 23:28:57.912602,259.846597,"T1.Q1, T1.Q5, T1.Q6, T1.Q11, T1.Q12, T1.Q14, T1.Q15",0,0,0,1,0,0,0,1,0,0,0,0,0,,,Mild,0,1,0,0,0,0,0,0,,,,Not at all,Nope,,5: Middling difficulty,5: 50-50
NYU_Language2,c61fde1e9a2fcf6f097f0d93b27f7f53fd89c4e5771654f4bdd2711376b3dad6,1f1f4f61-9dca-442a-be51-02ed0e5f7ec8,https://pe.goodlylabs.org/project/NYU_Language2/task/2434,2,3,NYU_Articles/Pilot/CouldTrumpsImpeachmentPushHilary.txt,100030,CouldTrumpsImpeachmentPushHilary.txt,dafa2bb8de86d276aa69797936139a5fdb4c067ef5353f586b53fab36bdd360b,ec69be13-75d6-440f-9e87-2da4b263decb,bba6ae56-fae7-4c7f-993a-866ea4c3efc2,2019-11-13 20:40:46.529399,2019-11-13 20:48:22.221720,455.692321,"T1.Q1, T1.Q2, T1.Q9, T1.Q10, T1.Q12, T1.Q14, T1.Q15",1,0,1,0,0,1,0,0,0,0,0,0,0,MILDLY excessive/inappropriate,,,0,0,0,0,0,0,0,0,,Mildly inappropriate,"Yes, somewhat",,Nope,,5: Middling difficulty,6
NYU_Language2,c61fde1e9a2fcf6f097f0d93b27f7f53fd89c4e5771654f4bdd2711376b3dad6,1f1f4f61-9dca-442a-be51-02ed0e5f7ec8,https://pe.goodlylabs.org/project/NYU_Language2/task/2434,2,3,NYU_Articles/Pilot/CouldTrumpsImpeachmentPushHilary.txt,100030,CouldTrumpsImpeachmentPushHilary.txt,dafa2bb8de86d276aa69797936139a5fdb4c067ef5353f586b53fab36bdd360b,22841470-6451-4d54-be4e-159520fa7f23,0e4b8a3e-2714-4b5f-ba10-bb576aaa5cc6,2019-11-13 20:54:14.802617,2019-11-13 20:56:57.719752,162.917135,"T1.Q1, T1.Q12, T1.Q14, T1.Q15",0,0,0,0,0,0,0,0,0,0,0,0,1,,,,0,0,0,0,0,0,0,0,,,,,Good job!,,5: Middling difficulty,8
NYU_Language2,c61fde1e9a2fcf6f097f0d93b27f7f53fd89c4e5771654f4bdd2711376b3dad6,36d26207-daca-4955-bca8-ea3a60a3b5d9,https://pe.goodlylabs.org/project/NYU_Language2/task/2435,2,3,NYU_Articles/Pilot/CouldTrumpsImpeachmentPushHilary.txt,100030,CouldTrumpsImpeachmentPushHilary.txt,dafa2bb8de86d276aa69797936139a5fdb4c067ef5353f586b53fab36bdd360b,61803a1e-7c22-4dc0-80bc-b55dee767782,bba6ae56-fae7-4c7f-993a-866ea4c3efc2,2019-11-13 20:45:10.410944,2019-11-13 20:50:01.008476,290.597532,"T1.Q1, T1.Q3, T1.Q9, T1.Q10, T1.Q12, T1.Q14, T1.Q15",0,1,0,0,0,1,0,0,0,0,0,0,0,,Some misrepresentation,,0,0,0,0,0,0,0,0,,Completely appropriate,No,,Nope,,3,7
NYU_Language2,c61fde1e9a2fcf6f097f0d93b27f7f53fd89c4e5771654f4bdd2711376b3dad6,36d26207-daca-4955-bca8-ea3a60a3b5d9,https://pe.goodlylabs.org/project/NYU_Language2/task/2435,2,3,NYU_Articles/Pilot/CouldTrumpsImpeachmentPushHilary.txt,100030,CouldTrumpsImpeachmentPushHilary.txt,dafa2bb8de86d276aa69797936139a5fdb4c067ef5353f586b53fab36bdd360b,068f21be-0171-472d-90c6-63275edb5427,0e4b8a3e-2714-4b5f-ba10-bb576aaa5cc6,2019-11-13 20:55:58.649253,2019-11-13 20:58:16.182022,137.532769,"T1.Q1, T1.Q5, T1.Q6, T1.Q12, T1.Q14, T1.Q15",0,0,0,1,0,0,0,0,0,0,0,0,0,,,Moderate,0,0,0,0,1,0,0,0,,,,,Good job!,,5: Middling difficulty,9
NYU_Language2,c61fde1e9a2fcf6f097f0d93b27f7f53fd89c4e5771654f4bdd2711376b3dad6,c5d5ab67-ac06-49c8-8cb6-be6b53897584,https://pe.goodlylabs.org/project/NYU_Language2/task/2436,2,3,NYU_Articles/Pilot/CouldTrumpsImpeachmentPushHilary.txt,100030,CouldTrumpsImpeachmentPushHilary.txt,dafa2bb8de86d276aa69797936139a5fdb4c067ef5353f586b53fab36bdd360b,3e7f7761-e60c-477d-91c9-bfbfd0cb27f7,bba6ae56-fae7-4c7f-993a-866ea4c3efc2,2019-11-13 20:48:22.796529,2019-11-13 20:51:01.072128,158.275599,"T1.Q1, T1.Q12, T1.Q14, T1.Q15",0,0,0,0,0,0,0,0,0,0,1,0,0,,,,0,0,0,0,0,0,0,0,,,,,Nope,,4,6
NYU_Language2,c61fde1e9a2fcf6f097f0d93b27f7f53fd89c4e5771654f4bdd2711376b3dad6,c5d5ab67-ac06-49c8-8cb6-be6b53897584,https://pe.goodlylabs.org/project/NYU_Language2/task/2436,2,3,NYU_Articles/Pilot/CouldTrumpsImpeachmentPushHilary.txt,100030,CouldTrumpsImpeachmentPushHilary.txt,dafa2bb8de86d276aa69797936139a5fdb4c067ef5353f586b53fab36bdd360b,2957236f-c287-4385-92ee-7a6b5d67bc4e,0e4b8a3e-2714-4b5f-ba10-bb576aaa5cc6,2019-11-13 20:56:57.921640,2019-11-13 20:59:05.036510,127.11487,"T1.Q1, T1.Q5, T1.Q6, T1.Q11, T1.Q12, T1.Q14, T1.Q15",0,0,0,1,0,0,1,0,0,0,0,0,0,,,Moderate,1,0,0,0,0,0,0,0,,,,Mildly,Good job!,,5: Middling difficulty,10: 100% certain about all my answers
NYU_Language2,c61fde1e9a2fcf6f097f0d93b27f7f53fd89c4e5771654f4bdd2711376b3dad6,8d42e8fc-8515-4e9e-bf10-43cb6b7842ae,https://pe.goodlylabs.org/project/NYU_Language2/task/2437,2,3,NYU_Articles/Pilot/CouldTrumpsImpeachmentPushHilary.txt,100030,CouldTrumpsImpeachmentPushHilary.txt,dafa2bb8de86d276aa69797936139a5fdb4c067ef5353f586b53fab36bdd360b,81e92295-837e-465b-b3bb-49ad55519037,bba6ae56-fae7-4c7f-993a-866ea4c3efc2,2019-11-13 20:50:01.211995,2019-11-13 20:52:32.793237,151.581242,"T1.Q1, T1.Q12, T1.Q14, T1.Q15",0,0,1,0,0,0,0,0,0,0,0,0,0,,,,0,0,0,0,0,0,0,0,,,,,Nope,,3,7
NYU_Language2,c61fde1e9a2fcf6f097f0d93b27f7f53fd89c4e5771654f4bdd2711376b3dad6,8d42e8fc-8515-4e9e-bf10-43cb6b7842ae,https://pe.goodlylabs.org/project/NYU_Language2/task/2437,2,3,NYU_Articles/Pilot/CouldTrumpsImpeachmentPushHilary.txt,100030,CouldTrumpsImpeachmentPushHilary.txt,dafa2bb8de86d276aa69797936139a5fdb4c067ef5353f586b53fab36bdd360b,f5e0fa0f-d46a-4507-9788-d815485276dd,0e4b8a3e-2714-4b5f-ba10-bb576aaa5cc6,2019-11-13 20:58:16.411970,2019-11-13 20:59:45.903268,89.491298,"T1.Q1, T1.Q11, T1.Q12, T1.Q14, T1.Q15",0,0,0,0,0,0,0,1,0,0,0,0,0,,,,0,0,0,0,0,0,0,0,,,,Mildly,Good job!,,5: Middling difficulty,8
NYU_Language2,c61fde1e9a2fcf6f097f0d93b27f7f53fd89c4e5771654f4bdd2711376b3dad6,cb82f1f9-9383-49c9-a244-65e044e642d7,https://pe.goodlylabs.org/project/NYU_Language2/task/2438,2,3,NYU_Articles/Pilot/CouldTrumpsImpeachmentPushHilary.txt,100030,CouldTrumpsImpeachmentPushHilary.txt,dafa2bb8de86d276aa69797936139a5fdb4c067ef5353f586b53fab36bdd360b,0be65497-b7ca-4e96-a706-2c372525e4f5,bba6ae56-fae7-4c7f-993a-866ea4c3efc2,2019-11-13 20:51:01.302035,2019-11-13 20:53:25.830413,144.528378,"T1.Q1, T1.Q3, T1.Q12, T1.Q14, T1.Q15",0,1,0,0,0,0,0,0,0,0,0,0,0,,Minor misrepresentation,,0,0,0,0,0,0,0,0,,,,,Nope,,2,8
NYU_Language2,c61fde1e9a2fcf6f097f0d93b27f7f53fd89c4e5771654f4bdd2711376b3dad6,cb82f1f9-9383-49c9-a244-65e044e642d7,https://pe.goodlylabs.org/project/NYU_Language2/task/2438,2,3,NYU_Articles/Pilot/CouldTrumpsImpeachmentPushHilary.txt,100030,CouldTrumpsImpeachmentPushHilary.txt,dafa2bb8de86d276aa69797936139a5fdb4c067ef5353f586b53fab36bdd360b,dc24c258-acf4-47b1-a501-8b3be3428040,0e4b8a3e-2714-4b5f-ba10-bb576aaa5cc6,2019-11-13 20:59:05.242340,2019-11-13 21:00:06.577779,61.335439,"T1.Q1, T1.Q3, T1.Q12, T1.Q14, T1.Q15",0,1,0,0,0,0,0,0,0,0,0,0,0,,Some misrepresentation,,0,0,0,0,0,0,0,0,,,,,Good job!,,5: Middling difficulty,8
NYU_Language2,c61fde1e9a2fcf6f097f0d93b27f7f53fd89c4e5771654f4bdd2711376b3dad6,d85013c6-3301-49e8-97a4-7fa73ac0a50e,https://pe.goodlylabs.org/project/NYU_Language2/task/2439,2,3,NYU_Articles/Pilot/CongressAnnouncesSeizureOfTrump.txt,100031,CongressAnnouncesSeizureOfTrump.txt,729c16dbf760152f8bb67a7ecfbb15a25ae7f594fe35bd711c1d5e1ef1ff5c1f,fcdc38df-045a-427d-822f-7b5b33041dfe,bba6ae56-fae7-4c7f-993a-866ea4c3efc2,2019-11-13 20:52:32.988523,2019-11-13 20:56:07.301659,214.313136,"T1.Q1, T1.Q11, T1.Q12, T1.Q14, T1.Q15",0,0,1,0,0,0,0,0,1,0,0,0,0,,,,0,0,0,0,0,0,0,0,,,,Mildly,Nope,,5: Middling difficulty,4
NYU_Language2,c61fde1e9a2fcf6f097f0d93b27f7f53fd89c4e5771654f4bdd2711376b3dad6,d85013c6-3301-49e8-97a4-7fa73ac0a50e,https://pe.goodlylabs.org/project/NYU_Language2/task/2439,2,3,NYU_Articles/Pilot/CongressAnnouncesSeizureOfTrump.txt,100031,CongressAnnouncesSeizureOfTrump.txt,729c16dbf760152f8bb67a7ecfbb15a25ae7f594fe35bd711c1d5e1ef1ff5c1f,4ecdb53a-c034-445b-a1da-5e845cc0c0d9,0e4b8a3e-2714-4b5f-ba10-bb576aaa5cc6,2019-11-13 20:59:46.134601,2019-11-13 21:01:29.276425,103.141824,"T1.Q1, T1.Q12, T1.Q14, T1.Q15",0,0,0,0,0,0,0,0,0,0,0,0,1,,,,0,0,0,0,0,0,0,0,,,,,Good job!,,5: Middling difficulty,9
NYU_Language2,c61fde1e9a2fcf6f097f0d93b27f7f53fd89c4e5771654f4bdd2711376b3dad6,f5c224f1-da19-41d3-951d-46945c93bd95,https://pe.goodlylabs.org/project/NYU_Language2/task/2440,2,3,NYU_Articles/Pilot/CongressAnnouncesSeizureOfTrump.txt,100031,CongressAnnouncesSeizureOfTrump.txt,729c16dbf760152f8bb67a7ecfbb15a25ae7f594fe35bd711c1d5e1ef1ff5c1f,f8c7f347-7329-4a3c-817b-1298ce29b54a,bba6ae56-fae7-4c7f-993a-866ea4c3efc2,2019-11-13 20:53:26.097535,2019-11-13 21:01:10.578496,464.480961,"T1.Q1, T1.Q5, T1.Q6, T1.Q11, T1.Q12, T1.Q14, T1.Q15",0,0,1,1,0,0,0,0,1,0,0,0,0,,,Mild,0,0,0,1,0,0,0,0,,,,Somewhat,Nope,,6,5: 50-50
NYU_Language2,c61fde1e9a2fcf6f097f0d93b27f7f53fd89c4e5771654f4bdd2711376b3dad6,f5c224f1-da19-41d3-951d-46945c93bd95,https://pe.goodlylabs.org/project/NYU_Language2/task/2440,2,3,NYU_Articles/Pilot/CongressAnnouncesSeizureOfTrump.txt,100031,CongressAnnouncesSeizureOfTrump.txt,729c16dbf760152f8bb67a7ecfbb15a25ae7f594fe35bd711c1d5e1ef1ff5c1f,adbfd4d5-f31d-4a7a-893e-98dc348899dd,0e4b8a3e-2714-4b5f-ba10-bb576aaa5cc6,2019-11-13 21:00:06.800064,2019-11-13 21:02:56.528453,169.728389,"T1.Q1, T1.Q12, T1.Q14, T1.Q15",0,0,1,0,0,0,0,0,0,0,0,0,0,,,,0,0,0,0,0,0,0,0,,,,,Good job!,,5: Middling difficulty,9
NYU_Language2,c61fde1e9a2fcf6f097f0d93b27f7f53fd89c4e5771654f4bdd2711376b3dad6,0251a8d9-7e15-4521-8353-5ff620c8f113,https://pe.goodlylabs.org/project/NYU_Language2/task/2441,2,3,NYU_Articles/Pilot/CongressAnnouncesSeizureOfTrump.txt,100031,CongressAnnouncesSeizureOfTrump.txt,729c16dbf760152f8bb67a7ecfbb15a25ae7f594fe35bd711c1d5e1ef1ff5c1f,63922419-87b3-40c8-88be-75f38e78bc1e,bba6ae56-fae7-4c7f-993a-866ea4c3efc2,2019-11-13 20:56:07.603169,2019-11-13 21:04:01.275701,473.672532,"T1.Q1, T1.Q2, T1.Q3, T1.Q9, T1.Q10, T1.Q12, T1.Q14, T1.Q15",1,1,1,0,0,1,0,0,0,0,0,0,0,MILDLY excessive/inappropriate,Some misrepresentation,,0,0,0,0,0,0,0,0,,Mildly inappropriate,Maybe,,Nope,,5: Middling difficulty,5: 50-50
NYU_Language2,c61fde1e9a2fcf6f097f0d93b27f7f53fd89c4e5771654f4bdd2711376b3dad6,0251a8d9-7e15-4521-8353-5ff620c8f113,https://pe.goodlylabs.org/project/NYU_Language2/task/2441,2,3,NYU_Articles/Pilot/CongressAnnouncesSeizureOfTrump.txt,100031,CongressAnnouncesSeizureOfTrump.txt,729c16dbf760152f8bb67a7ecfbb15a25ae7f594fe35bd711c1d5e1ef1ff5c1f,57b0ca1a-52e4-420b-8e3e-e4b37a73fc9c,0e4b8a3e-2714-4b5f-ba10-bb576aaa5cc6,2019-11-13 21:01:29.489351,2019-11-13 21:04:10.577637,161.088286,"T1.Q1, T1.Q3, T1.Q5, T1.Q6, T1.Q11, T1.Q12, T1.Q14, T1.Q15",0,1,0,1,0,0,0,1,0,0,0,0,0,,Minor misrepresentation,Somewhat strong,0,0,1,0,0,0,0,0,,,,Mildly,Nope,,5: Middling difficulty,9
NYU_Language2,c61fde1e9a2fcf6f097f0d93b27f7f53fd89c4e5771654f4bdd2711376b3dad6,1ceb21a3-1252-44ea-ba08-38b97dc7e869,https://pe.goodlylabs.org/project/NYU_Language2/task/2442,2,3,NYU_Articles/Pilot/CongressAnnouncesSeizureOfTrump.txt,100031,CongressAnnouncesSeizureOfTrump.txt,729c16dbf760152f8bb67a7ecfbb15a25ae7f594fe35bd711c1d5e1ef1ff5c1f,7ab77d4d-1fc0-437e-ab40-619adb1b05c4,0e4b8a3e-2714-4b5f-ba10-bb576aaa5cc6,2019-11-13 21:02:56.736657,2019-11-13 21:05:21.446036,144.709379,"T1.Q1, T1.Q5, T1.Q6, T1.Q12, T1.Q14, T1.Q15",0,0,0,1,0,0,0,0,0,0,0,0,0,,,Somewhat strong,0,0,1,0,0,0,0,0,,,,,Nope,,5: Middling difficulty,9
NYU_Language2,c61fde1e9a2fcf6f097f0d93b27f7f53fd89c4e5771654f4bdd2711376b3dad6,1ceb21a3-1252-44ea-ba08-38b97dc7e869,https://pe.goodlylabs.org/project/NYU_Language2/task/2442,2,3,NYU_Articles/Pilot/CongressAnnouncesSeizureOfTrump.txt,100031,CongressAnnouncesSeizureOfTrump.txt,729c16dbf760152f8bb67a7ecfbb15a25ae7f594fe35bd711c1d5e1ef1ff5c1f,3e7f14e0-1320-4fc8-9075-2b2053a92d1b,bba6ae56-fae7-4c7f-993a-866ea4c3efc2,2019-11-13 21:01:10.793645,2019-11-13 21:06:37.249999,326.456354,"T1.Q1, T1.Q3, T1.Q11, T1.Q12, T1.Q13, T1.Q14, T1.Q15",0,1,1,0,0,0,0,1,0,1,0,0,0,,Some misrepresentation,,0,0,0,0,0,0,0,0,,,,Somewhat,Nope,Somewhat,3,6
NYU_Language2,c61fde1e9a2fcf6f097f0d93b27f7f53fd89c4e5771654f4bdd2711376b3dad6,dd66b198-cc1f-49c6-94b7-cf57aa439f18,https://pe.goodlylabs.org/project/NYU_Language2/task/2443,2,3,NYU_Articles/Pilot/CongressAnnouncesSeizureOfTrump.txt,100031,CongressAnnouncesSeizureOfTrump.txt,729c16dbf760152f8bb67a7ecfbb15a25ae7f594fe35bd711c1d5e1ef1ff5c1f,c5cfc639-98a4-4c90-b7a8-69a6dd9f5c19,0e4b8a3e-2714-4b5f-ba10-bb576aaa5cc6,2019-11-13 21:04:10.807192,2019-11-13 21:05:55.133209,104.326017,"T1.Q1, T1.Q11, T1.Q12, T1.Q14, T1.Q15",0,0,0,0,0,0,0,1,0,0,0,0,0,,,,0,0,0,0,0,0,0,0,,,,Considerably,Good job!,,5: Middling difficulty,7
NYU_Language2,c61fde1e9a2fcf6f097f0d93b27f7f53fd89c4e5771654f4bdd2711376b3dad6,dd66b198-cc1f-49c6-94b7-cf57aa439f18,https://pe.goodlylabs.org/project/NYU_Language2/task/2443,2,3,NYU_Articles/Pilot/CongressAnnouncesSeizureOfTrump.txt,100031,CongressAnnouncesSeizureOfTrump.txt,729c16dbf760152f8bb67a7ecfbb15a25ae7f594fe35bd711c1d5e1ef1ff5c1f,6fabcc88-8d11-44e3-9802-db0eec9841dd,bba6ae56-fae7-4c7f-993a-866ea4c3efc2,2019-11-13 21:04:01.559002,2019-11-13 21:08:37.515337,275.956335,"T1.Q1, T1.Q11, T1.Q12, T1.Q14, T1.Q15",0,0,1,0,0,0,0,1,0,0,0,0,0,,,,0,0,0,0,0,0,0,0,,,,Mildly,Nope,,3,7
NYU_Language2,c61fde1e9a2fcf6f097f0d93b27f7f53fd89c4e5771654f4bdd2711376b3dad6,c3247759-6acc-470c-abad-363a6ddf71cf,https://pe.goodlylabs.org/project/NYU_Language2/task/2444,2,3,NYU_Articles/Pilot/TIFinallyExplainsWhyHe.txt,100032,TIFinallyExplainsWhyHe.txt,832ecb4405a6c6ba17b9f5a67e9cdb91b07462cb9d723162fbcf3e114b66f791,e7bb3122-0c90-4456-ad64-444488bfaf51,bba6ae56-fae7-4c7f-993a-866ea4c3efc2,2019-11-13 21:06:37.560926,2019-11-13 21:12:09.236368,331.675442,"T1.Q1, T1.Q2, T1.Q3, T1.Q9, T1.Q10, T1.Q11, T1.Q12, T1.Q14, T1.Q15",1,1,1,0,0,1,0,0,1,0,0,0,0,MILDLY excessive/inappropriate,Minor misrepresentation,,0,0,0,0,0,0,0,0,,Completely appropriate,No,Somewhat,Nope,,5: Middling difficulty,5: 50-50
NYU_Language2,c61fde1e9a2fcf6f097f0d93b27f7f53fd89c4e5771654f4bdd2711376b3dad6,c3247759-6acc-470c-abad-363a6ddf71cf,https://pe.goodlylabs.org/project/NYU_Language2/task/2444,2,3,NYU_Articles/Pilot/TIFinallyExplainsWhyHe.txt,100032,TIFinallyExplainsWhyHe.txt,832ecb4405a6c6ba17b9f5a67e9cdb91b07462cb9d723162fbcf3e114b66f791,119f5eba-90ba-4d75-b1dc-da8d208ccf70,0e4b8a3e-2714-4b5f-ba10-bb576aaa5cc6,2019-11-13 21:14:08.850722,2019-11-13 21:15:24.494568,75.643846,"T1.Q1, T1.Q2, T1.Q5, T1.Q6, T1.Q9, T1.Q10, T1.Q12, T1.Q14, T1.Q15",1,0,0,1,1,1,0,0,0,0,0,0,0,SOMEWHAT excessive/inappropriate,,Moderate,0,0,1,0,0,0,0,0,,Mildly inappropriate,Maybe,,Nope,,5: Middling difficulty,9
NYU_Language2,c61fde1e9a2fcf6f097f0d93b27f7f53fd89c4e5771654f4bdd2711376b3dad6,21f97050-e76d-445c-a261-df489009c51c,https://pe.goodlylabs.org/project/NYU_Language2/task/2445,2,3,NYU_Articles/Pilot/TIFinallyExplainsWhyHe.txt,100032,TIFinallyExplainsWhyHe.txt,832ecb4405a6c6ba17b9f5a67e9cdb91b07462cb9d723162fbcf3e114b66f791,dbe3374c-f9c5-47d6-91ec-34a0d5973360,bba6ae56-fae7-4c7f-993a-866ea4c3efc2,2019-11-13 21:08:37.780426,2019-11-13 21:15:18.425557,400.645131,"T1.Q1, T1.Q3, T1.Q5, T1.Q6, T1.Q11, T1.Q12, T1.Q14, T1.Q15",0,1,0,1,0,0,0,1,0,0,0,0,0,,Some misrepresentation,Somewhat strong,0,0,1,0,0,0,0,0,,,,Mildly,Nope,,4,7
NYU_Language2,c61fde1e9a2fcf6f097f0d93b27f7f53fd89c4e5771654f4bdd2711376b3dad6,21f97050-e76d-445c-a261-df489009c51c,https://pe.goodlylabs.org/project/NYU_Language2/task/2445,2,3,NYU_Articles/Pilot/TIFinallyExplainsWhyHe.txt,100032,TIFinallyExplainsWhyHe.txt,832ecb4405a6c6ba17b9f5a67e9cdb91b07462cb9d723162fbcf3e114b66f791,8bbd1524-920b-49ce-b246-6d436ccf7be2,0e4b8a3e-2714-4b5f-ba10-bb576aaa5cc6,2019-11-13 21:14:08.971034,2019-11-13 21:16:23.314975,134.343941,"T1.Q1, T1.Q11, T1.Q12, T1.Q14, T1.Q15",0,0,0,0,0,0,0,1,1,0,0,0,0,,,,0,0,0,0,0,0,0,0,,,,Mildly,Good job!,,5: Middling difficulty,7
NYU_Language2,c61fde1e9a2fcf6f097f0d93b27f7f53fd89c4e5771654f4bdd2711376b3dad6,39aaccaa-b9d1-4c38-8913-46ad31ae5a87,https://pe.goodlylabs.org/project/NYU_Language2/task/2446,2,3,NYU_Articles/Day1/RogerStoneTrialEndsRick.txt,100033,RogerStoneTrialEndsRick.txt,86d0e1839d825b8b56f2c7430efa716f4777e45dd001dd29ff68a3d232069e4c,34d15623-1bb9-46d1-93aa-c0f4054f5073,bba6ae56-fae7-4c7f-993a-866ea4c3efc2,2019-11-13 21:12:09.850237,2019-11-13 21:16:25.224313,255.374076,"T1.Q1, T1.Q11, T1.Q12, T1.Q14, T1.Q15",0,0,1,0,0,0,0,1,0,0,0,0,0,,,,0,0,0,0,0,0,0,0,,,,Not at all,Nope,,3,6
NYU_Language2,c61fde1e9a2fcf6f097f0d93b27f7f53fd89c4e5771654f4bdd2711376b3dad6,39aaccaa-b9d1-4c38-8913-46ad31ae5a87,https://pe.goodlylabs.org/project/NYU_Language2/task/2446,2,3,NYU_Articles/Day1/RogerStoneTrialEndsRick.txt,100033,RogerStoneTrialEndsRick.txt,86d0e1839d825b8b56f2c7430efa716f4777e45dd001dd29ff68a3d232069e4c,cf136969-34b3-4777-8ed0-6f92ef480610,0e4b8a3e-2714-4b5f-ba10-bb576aaa5cc6,2019-11-13 21:15:24.703040,2019-11-13 21:17:09.574740,104.8717,"T1.Q1, T1.Q11, T1.Q12, T1.Q14, T1.Q15",0,0,0,0,0,0,1,1,0,0,0,0,0,,,,0,0,0,0,0,0,0,0,,,,Somewhat,Good job!,,5: Middling difficulty,9
NYU_Language2,c61fde1e9a2fcf6f097f0d93b27f7f53fd89c4e5771654f4bdd2711376b3dad6,251a3d9b-bc13-4faa-9a8c-dc316b6de570,https://pe.goodlylabs.org/project/NYU_Language2/task/2447,2,3,NYU_Articles/Day1/RogerStoneTrialEndsRick.txt,100033,RogerStoneTrialEndsRick.txt,86d0e1839d825b8b56f2c7430efa716f4777e45dd001dd29ff68a3d232069e4c,d3e0fb70-85ab-4e4b-b04d-f275091124bf,0e4b8a3e-2714-4b5f-ba10-bb576aaa5cc6,2019-11-13 21:16:23.510656,2019-11-13 21:18:15.083808,111.573152,"T1.Q1, T1.Q5, T1.Q6, T1.Q12, T1.Q14, T1.Q15",0,0,0,1,0,0,0,0,0,0,0,0,0,,,Somewhat strong,1,0,0,0,0,0,0,0,,,,,Nope,,5: Middling difficulty,9
NYU_Language2,c61fde1e9a2fcf6f097f0d93b27f7f53fd89c4e5771654f4bdd2711376b3dad6,251a3d9b-bc13-4faa-9a8c-dc316b6de570,https://pe.goodlylabs.org/project/NYU_Language2/task/2447,2,3,NYU_Articles/Day1/RogerStoneTrialEndsRick.txt,100033,RogerStoneTrialEndsRick.txt,86d0e1839d825b8b56f2c7430efa716f4777e45dd001dd29ff68a3d232069e4c,a0fbcfb9-2a51-49c2-87c4-beac280e2b98,bba6ae56-fae7-4c7f-993a-866ea4c3efc2,2019-11-13 21:15:18.661770,2019-11-13 21:20:06.413742,287.751972,"T1.Q1, T1.Q3, T1.Q11, T1.Q12, T1.Q13, T1.Q14, T1.Q15",0,1,1,0,0,0,0,0,1,1,0,0,0,,Some misrepresentation,,0,0,0,0,0,0,0,0,,,,Somewhat,Nope,Somewhat,5: Middling difficulty,5: 50-50
NYU_Language2,c61fde1e9a2fcf6f097f0d93b27f7f53fd89c4e5771654f4bdd2711376b3dad6,a5cd74e5-0be8-4307-96dd-52a197308fdf,https://pe.goodlylabs.org/project/NYU_Language2/task/2448,2,3,NYU_Articles/Day1/RogerStoneTrialEndsRick.txt,100033,RogerStoneTrialEndsRick.txt,86d0e1839d825b8b56f2c7430efa716f4777e45dd001dd29ff68a3d232069e4c,365bbd43-7737-4d34-b8f4-997671644c84,0e4b8a3e-2714-4b5f-ba10-bb576aaa5cc6,2019-11-13 21:17:09.776309,2019-11-13 21:19:18.648704,128.872395,"T1.Q1, T1.Q9, T1.Q10, T1.Q12, T1.Q14, T1.Q15",0,0,1,0,0,1,0,0,0,0,0,0,0,,,,0,0,0,0,0,0,0,0,,Moderately inappropriate,Maybe,,Good job!,,5: Middling difficulty,9
NYU_Language2,c61fde1e9a2fcf6f097f0d93b27f7f53fd89c4e5771654f4bdd2711376b3dad6,a5cd74e5-0be8-4307-96dd-52a197308fdf,https://pe.goodlylabs.org/project/NYU_Language2/task/2448,2,3,NYU_Articles/Day1/RogerStoneTrialEndsRick.txt,100033,RogerStoneTrialEndsRick.txt,86d0e1839d825b8b56f2c7430efa716f4777e45dd001dd29ff68a3d232069e4c,55201b0e-7843-43fa-8c6a-b32857087568,bba6ae56-fae7-4c7f-993a-866ea4c3efc2,2019-11-13 21:16:25.562854,2019-11-13 21:21:52.516212,326.953358,"T1.Q1, T1.Q3, T1.Q9, T1.Q10, T1.Q12, T1.Q13, T1.Q14, T1.Q15",0,1,0,0,0,1,0,0,0,1,0,0,0,,Minor misrepresentation,,0,0,0,0,0,0,0,0,,Mildly inappropriate,Maybe,,Nope,Mildly,5: Middling difficulty,5: 50-50
NYU_Language2,c61fde1e9a2fcf6f097f0d93b27f7f53fd89c4e5771654f4bdd2711376b3dad6,5dd1205f-a9d6-4676-bd05-deda3d3b9c8d,https://pe.goodlylabs.org/project/NYU_Language2/task/2449,2,3,NYU_Articles/Day1/NBCABCAndCBSAppear.txt,100034,NBCABCAndCBSAppear.txt,3b9c291d9345c8221a497206a766483bf78df474550f0c50c58df9ad4c20ff75,d1082908-ecf5-4977-9659-9be25c9483cb,0e4b8a3e-2714-4b5f-ba10-bb576aaa5cc6,2019-11-13 21:18:15.287274,2019-11-13 21:20:03.072397,107.785123,"T1.Q1, T1.Q12, T1.Q14, T1.Q15",0,0,0,0,0,0,0,0,0,0,0,0,1,,,,0,0,0,0,0,0,0,0,,,,,Good job!,,5: Middling difficulty,7
NYU_Language2,c61fde1e9a2fcf6f097f0d93b27f7f53fd89c4e5771654f4bdd2711376b3dad6,5dd1205f-a9d6-4676-bd05-deda3d3b9c8d,https://pe.goodlylabs.org/project/NYU_Language2/task/2449,2,3,NYU_Articles/Day1/NBCABCAndCBSAppear.txt,100034,NBCABCAndCBSAppear.txt,3b9c291d9345c8221a497206a766483bf78df474550f0c50c58df9ad4c20ff75,74557e70-172c-4f6c-b5a2-92f508964470,bba6ae56-fae7-4c7f-993a-866ea4c3efc2,2019-11-13 21:20:06.734429,2019-11-13 21:24:51.693332,284.958903,"T1.Q1, T1.Q2, T1.Q3, T1.Q12, T1.Q13, T1.Q14, T1.Q15",1,1,0,0,0,0,0,0,0,1,0,0,0,CONSIDERABLY excessive/inappropriate,Minor misrepresentation,,0,0,0,0,0,0,0,0,,,,,Nope,Mildly,3,7
NYU_Language2,c61fde1e9a2fcf6f097f0d93b27f7f53fd89c4e5771654f4bdd2711376b3dad6,fe13a17d-96d8-4734-9c95-48f2ef0a386e,https://pe.goodlylabs.org/project/NYU_Language2/task/2450,2,3,NYU_Articles/Day1/NBCABCAndCBSAppear.txt,100034,NBCABCAndCBSAppear.txt,3b9c291d9345c8221a497206a766483bf78df474550f0c50c58df9ad4c20ff75,412f3443-b0f0-4f6b-8790-0df063f01359,0e4b8a3e-2714-4b5f-ba10-bb576aaa5cc6,2019-11-13 21:19:18.830362,2019-11-13 21:20:35.350109,76.519747,"T1.Q1, T1.Q12, T1.Q14, T1.Q15",0,0,0,0,0,0,0,0,0,0,0,0,1,,,,0,0,0,0,0,0,0,0,,,,,Great job!,,9,9
NYU_Language2,c61fde1e9a2fcf6f097f0d93b27f7f53fd89c4e5771654f4bdd2711376b3dad6,fe13a17d-96d8-4734-9c95-48f2ef0a386e,https://pe.goodlylabs.org/project/NYU_Language2/task/2450,2,3,NYU_Articles/Day1/NBCABCAndCBSAppear.txt,100034,NBCABCAndCBSAppear.txt,3b9c291d9345c8221a497206a766483bf78df474550f0c50c58df9ad4c20ff75,c4f59ada-a431-40f9-bc9b-f907618de067,bba6ae56-fae7-4c7f-993a-866ea4c3efc2,2019-11-13 21:21:52.823907,2019-11-13 21:25:51.340450,238.516543,"T1.Q1, T1.Q12, T1.Q14, T1.Q15",0,0,1,0,0,0,0,0,0,0,0,0,0,,,,0,0,0,0,0,0,0,0,,,,,Nope,,5: Middling difficulty,5: 50-50
NYU_Language2,c61fde1e9a2fcf6f097f0d93b27f7f53fd89c4e5771654f4bdd2711376b3dad6,0d3fca42-138f-4925-b124-4863e9c71019,https://pe.goodlylabs.org/project/NYU_Language2/task/2451,2,3,NYU_Articles/Day1/UkrainianOfficialsReleaseRecordsOf.txt,100035,UkrainianOfficialsReleaseRecordsOf.txt,d7a866ba4b0104b93dc030d98d2416a336e37ef90f6c073c339e05cd47d19e24,b9f9b288-1c4e-454f-a40e-9bc33266dc5c,0e4b8a3e-2714-4b5f-ba10-bb576aaa5cc6,2019-11-13 21:20:03.305287,2019-11-13 21:21:09.959918,66.654631,"T1.Q1, T1.Q5, T1.Q6, T1.Q12, T1.Q14, T1.Q15",0,0,1,1,0,0,0,0,0,0,0,0,0,,,Moderate,0,1,0,0,0,0,0,0,,,,,Good job!,,5: Middling difficulty,9
NYU_Language2,c61fde1e9a2fcf6f097f0d93b27f7f53fd89c4e5771654f4bdd2711376b3dad6,0d3fca42-138f-4925-b124-4863e9c71019,https://pe.goodlylabs.org/project/NYU_Language2/task/2451,2,3,NYU_Articles/Day1/UkrainianOfficialsReleaseRecordsOf.txt,100035,UkrainianOfficialsReleaseRecordsOf.txt,d7a866ba4b0104b93dc030d98d2416a336e37ef90f6c073c339e05cd47d19e24,cef3c887-03a9-4775-b4e7-cf81d739e89e,bba6ae56-fae7-4c7f-993a-866ea4c3efc2,2019-11-13 21:24:51.898535,2019-11-13 21:27:51.916140,180.017605,"T1.Q1, T1.Q3, T1.Q12, T1.Q14, T1.Q15",0,1,0,0,0,0,0,0,0,0,0,0,0,,Some misrepresentation,,0,0,0,0,0,0,0,0,,,,,Nope,,5: Middling difficulty,6
NYU_Language2,c61fde1e9a2fcf6f097f0d93b27f7f53fd89c4e5771654f4bdd2711376b3dad6,6c3ecd39-8d50-42f2-8350-27eb19db3670,https://pe.goodlylabs.org/project/NYU_Language2/task/2452,2,3,NYU_Articles/Day1/UkrainianOfficialsReleaseRecordsOf.txt,100035,UkrainianOfficialsReleaseRecordsOf.txt,d7a866ba4b0104b93dc030d98d2416a336e37ef90f6c073c339e05cd47d19e24,9f844ea0-863f-404f-b9b1-b7ba605a8251,bba6ae56-fae7-4c7f-993a-866ea4c3efc2,2019-11-13 21:25:51.831670,2019-11-13 21:28:48.020025,176.188355,"T1.Q1, T1.Q12, T1.Q14, T1.Q15",0,0,0,0,0,0,0,0,0,0,0,0,0,,,,0,0,0,0,0,0,0,0,,,,,Nope,,5: Middling difficulty,4
NYU_Language2,c61fde1e9a2fcf6f097f0d93b27f7f53fd89c4e5771654f4bdd2711376b3dad6,6c3ecd39-8d50-42f2-8350-27eb19db3670,https://pe.goodlylabs.org/project/NYU_Language2/task/2452,2,3,NYU_Articles/Day1/UkrainianOfficialsReleaseRecordsOf.txt,100035,UkrainianOfficialsReleaseRecordsOf.txt,d7a866ba4b0104b93dc030d98d2416a336e37ef90f6c073c339e05cd47d19e24,c9ee1718-df25-4243-b404-5662bfa58f86,0e4b8a3e-2714-4b5f-ba10-bb576aaa5cc6,2019-11-13 21:28:31.578434,2019-11-13 21:28:53.866647,22.288213,"T1.Q1, T1.Q9, T1.Q10, T1.Q12, T1.Q14, T1.Q15",0,0,0,0,0,1,0,0,0,0,0,0,0,,,,0,0,0,0,0,0,0,0,,Mildly inappropriate,No,,Good job!,,5: Middling difficulty,8
