schema_namespace,schema_sha256,quiz_task_uuid,task_url,tua_uuid,article_batch_name,article_number,article_filename,article_sha256,article_text_length,task_uuid,task_redundancy,taskrun_count,quiz_taskrun_uuid,contributor_uuid,created,finish_time,elapsed_seconds,topic_name,question_label,question_text,answer_label,answer_content,answer_uuid,submitted_tua_uuid,answer_text,case_number,highlight_count,submitted_tua
NYU_Probability2,420dc8660318a2f5335151c374ae2aaafb958a7b677e094fed1373a8954468f9,538be16d-6f08-44ce-bf72-36583c4e528f,https://pe.goodlylabs.org/project/NYU_Probability2/task/2453,99182ea4-a87a-4339-b3ac-bc29f260ab22,NYU_Articles/Day1/RogerStoneTrialEndsRick.txt,100033,RogerStoneTrialEndsRick.txt,86d0e1839d825b8b56f2c7430efa716f4777e45dd001dd29ff68a3d232069e4c,2442,df6507e7-c1e8-45e4-a991-dfdffb3ed610,3,4,5a7d55af-bc3b-42b5-822b-1aeb5bf700fc,0e4b8a3e-2714-4b5f-ba10-bb576aaa5cc6,2019-11-13 21:26:19.319201,2019-11-13 21:26:41.598769,22.279568,Probability Specialist V4,T1.Q1,Does the text make any claims with great confidence? Highlight the relevant part.,T1.Q1.A1,Yes,234ad83d-cd43-4b6b-9bf1-66185614d37e,e5c95815-6ada-4ac4-a0e9-5fbe23f860e2,Yes,1,1,"[{""case_number"": 1, ""text"": ""to the fact"", ""answer_id"": 4803, ""end"": 496, ""start"": 485}]"
NYU_Probability2,420dc8660318a2f5335151c374ae2aaafb958a7b677e094fed1373a8954468f9,538be16d-6f08-44ce-bf72-36583c4e528f,https://pe.goodlylabs.org/project/NYU_Probability2/task/2453,99182ea4-a87a-4339-b3ac-bc29f260ab22,NYU_Articles/Day1/RogerStoneTrialEndsRick.txt,100033,RogerStoneTrialEndsRick.txt,86d0e1839d825b8b56f2c7430efa716f4777e45dd001dd29ff68a3d232069e4c,2442,df6507e7-c1e8-45e4-a991-dfdffb3ed610,3,4,5a7d55af-bc3b-42b5-822b-1aeb5bf700fc,0e4b8a3e-2714-4b5f-ba10-bb576aaa5cc6,2019-11-13 21:26:19.319201,2019-11-13 21:26:41.598769,22.279568,Probability Specialist V4,T1.Q2,To what extent does the confidence seem justified?,T1.Q2.A3,Somewhat justified,e1c45989-f0aa-4490-bd2b-0836b199bc34,bc97891c-fbb1-4714-b718-6bdb92f02ddb,Somewhat justified,0,0,[]
NYU_Probability2,420dc8660318a2f5335151c374ae2aaafb958a7b677e094fed1373a8954468f9,538be16d-6f08-44ce-bf72-36583c4e528f,https://pe.goodlylabs.org/project/NYU_Probability2/task/2453,99182ea4-a87a-4339-b3ac-bc29f260ab22,NYU_Articles/Day1/RogerStoneTrialEndsRick.txt,100033,RogerStoneTrialEndsRick.txt,86d0e1839d825b8b56f2c7430efa716f4777e45dd001dd29ff68a3d232069e4c,2442,df6507e7-c1e8-45e4-a991-dfdffb3ed610,3,4,5a7d55af-bc3b-42b5-822b-1aeb5bf700fc,0e4b8a3e-2714-4b5f-ba10-bb576aaa5cc6,2019-11-13 21:26:19.319201,2019-11-13 21:26:41.598769,22.279568,Probability Specialist V4,T1.Q5,"Does the text acknowledge that their favored theory is in any way uncertain? If so, highlight the relevant section.",T1.Q5.A3,No,a8ab9ba4-6aad-4109-8072-52f5a51bbba9,c4789e50-711b-470e-bb1f-ecea4ea97a77,No,0,0,[]
NYU_Probability2,420dc8660318a2f5335151c374ae2aaafb958a7b677e094fed1373a8954468f9,538be16d-6f08-44ce-bf72-36583c4e528f,https://pe.goodlylabs.org/project/NYU_Probability2/task/2453,99182ea4-a87a-4339-b3ac-bc29f260ab22,NYU_Articles/Day1/RogerStoneTrialEndsRick.txt,100033,RogerStoneTrialEndsRick.txt,86d0e1839d825b8b56f2c7430efa716f4777e45dd001dd29ff68a3d232069e4c,2442,df6507e7-c1e8-45e4-a991-dfdffb3ed610,3,4,5a7d55af-bc3b-42b5-822b-1aeb5bf700fc,0e4b8a3e-2714-4b5f-ba10-bb576aaa5cc6,2019-11-13 21:26:19.319201,2019-11-13 21:26:41.598769,22.279568,Probability Specialist V4,T1.Q6,Are any numbers given?,T1.Q6.A1,No,8ab7ae5b-336c-4c31-b76e-faa490dd9bf7,5f5fa373-005a-44ba-9f36-3d1112db69cb,No,0,0,[]
NYU_Probability2,420dc8660318a2f5335151c374ae2aaafb958a7b677e094fed1373a8954468f9,538be16d-6f08-44ce-bf72-36583c4e528f,https://pe.goodlylabs.org/project/NYU_Probability2/task/2453,99182ea4-a87a-4339-b3ac-bc29f260ab22,NYU_Articles/Day1/RogerStoneTrialEndsRick.txt,100033,RogerStoneTrialEndsRick.txt,86d0e1839d825b8b56f2c7430efa716f4777e45dd001dd29ff68a3d232069e4c,2442,df6507e7-c1e8-45e4-a991-dfdffb3ed610,3,4,5a7d55af-bc3b-42b5-822b-1aeb5bf700fc,0e4b8a3e-2714-4b5f-ba10-bb576aaa5cc6,2019-11-13 21:26:19.319201,2019-11-13 21:26:41.598769,22.279568,Probability Specialist V4,T1.Q11,Does the text acknowledge that additional evidence might shift our understanding of the topics discussed in the article?,T1.Q11.A4,"No, not at all",4ddafbb5-c56e-470f-85e5-88fa5f09e311,f3639b10-9e36-4451-8777-0006c721c637,"No, not at all",0,0,[]
NYU_Probability2,420dc8660318a2f5335151c374ae2aaafb958a7b677e094fed1373a8954468f9,538be16d-6f08-44ce-bf72-36583c4e528f,https://pe.goodlylabs.org/project/NYU_Probability2/task/2453,99182ea4-a87a-4339-b3ac-bc29f260ab22,NYU_Articles/Day1/RogerStoneTrialEndsRick.txt,100033,RogerStoneTrialEndsRick.txt,86d0e1839d825b8b56f2c7430efa716f4777e45dd001dd29ff68a3d232069e4c,2442,df6507e7-c1e8-45e4-a991-dfdffb3ed610,3,4,5a7d55af-bc3b-42b5-822b-1aeb5bf700fc,0e4b8a3e-2714-4b5f-ba10-bb576aaa5cc6,2019-11-13 21:26:19.319201,2019-11-13 21:26:41.598769,22.279568,Probability Specialist V4,T1.Q13,"How difficult was this task for you, on the whole?",T1.Q13.A5,5: Middling difficulty,e052e1ad-127d-404e-8388-c0a3019ec713,c9bd7baf-55bb-4bbb-9764-e44c6b4c9f0f,5: Middling difficulty,0,0,[]
NYU_Probability2,420dc8660318a2f5335151c374ae2aaafb958a7b677e094fed1373a8954468f9,538be16d-6f08-44ce-bf72-36583c4e528f,https://pe.goodlylabs.org/project/NYU_Probability2/task/2453,99182ea4-a87a-4339-b3ac-bc29f260ab22,NYU_Articles/Day1/RogerStoneTrialEndsRick.txt,100033,RogerStoneTrialEndsRick.txt,86d0e1839d825b8b56f2c7430efa716f4777e45dd001dd29ff68a3d232069e4c,2442,df6507e7-c1e8-45e4-a991-dfdffb3ed610,3,4,5a7d55af-bc3b-42b5-822b-1aeb5bf700fc,0e4b8a3e-2714-4b5f-ba10-bb576aaa5cc6,2019-11-13 21:26:19.319201,2019-11-13 21:26:41.598769,22.279568,Probability Specialist V4,T1.Q14,"How confident are you about your answers, on the whole?",T1.Q14.A8,8,9ee3d72c-5c95-40a6-9663-afcd156bcdc1,8ae3de16-5e20-479f-a53a-b5c41237c4ef,8,0,0,[]
NYU_Probability2,420dc8660318a2f5335151c374ae2aaafb958a7b677e094fed1373a8954468f9,cfecc271-3fc7-4fde-be29-ae3c743c2826,https://pe.goodlylabs.org/project/NYU_Probability2/task/2454,9f78d683-97cf-4a2b-9fe4-7c7e85039cca,NYU_Articles/Day1/RogerStoneTrialEndsRick.txt,100033,RogerStoneTrialEndsRick.txt,86d0e1839d825b8b56f2c7430efa716f4777e45dd001dd29ff68a3d232069e4c,2442,9c7cf7c5-006a-4d5d-badc-ccda9c6e5461,3,4,fb7019c5-3960-4e82-8717-dacdeb7e8eb1,0e4b8a3e-2714-4b5f-ba10-bb576aaa5cc6,2019-11-13 21:26:19.432547,2019-11-13 21:27:23.475880,64.043333,Probability Specialist V4,T1.Q1,Does the text make any claims with great confidence? Highlight the relevant part.,T1.Q1.A1,Yes,234ad83d-cd43-4b6b-9bf1-66185614d37e,3090f8fc-f207-406d-9b2d-2d4626c1d6d6,Yes,1,1,"[{""case_number"": 1, ""text"": ""the picture is pretty clear that"", ""answer_id"": 4803, ""end"": 2149, ""start"": 2117}]"
NYU_Probability2,420dc8660318a2f5335151c374ae2aaafb958a7b677e094fed1373a8954468f9,cfecc271-3fc7-4fde-be29-ae3c743c2826,https://pe.goodlylabs.org/project/NYU_Probability2/task/2454,9f78d683-97cf-4a2b-9fe4-7c7e85039cca,NYU_Articles/Day1/RogerStoneTrialEndsRick.txt,100033,RogerStoneTrialEndsRick.txt,86d0e1839d825b8b56f2c7430efa716f4777e45dd001dd29ff68a3d232069e4c,2442,9c7cf7c5-006a-4d5d-badc-ccda9c6e5461,3,4,fb7019c5-3960-4e82-8717-dacdeb7e8eb1,0e4b8a3e-2714-4b5f-ba10-bb576aaa5cc6,2019-11-13 21:26:19.432547,2019-11-13 21:27:23.475880,64.043333,Probability Specialist V4,T1.Q2,To what extent does the confidence seem justified?,T1.Q2.A2,Mostly justified,5b18caac-a3ac-4f1c-acdd-9c8354d9fb0e,f775062b-0ac4-4e71-97fa-69e12b1cce24,Mostly justified,0,0,[]
NYU_Probability2,420dc8660318a2f5335151c374ae2aaafb958a7b677e094fed1373a8954468f9,cfecc271-3fc7-4fde-be29-ae3c743c2826,https://pe.goodlylabs.org/project/NYU_Probability2/task/2454,9f78d683-97cf-4a2b-9fe4-7c7e85039cca,NYU_Articles/Day1/RogerStoneTrialEndsRick.txt,100033,RogerStoneTrialEndsRick.txt,86d0e1839d825b8b56f2c7430efa716f4777e45dd001dd29ff68a3d232069e4c,2442,9c7cf7c5-006a-4d5d-badc-ccda9c6e5461,3,4,fb7019c5-3960-4e82-8717-dacdeb7e8eb1,0e4b8a3e-2714-4b5f-ba10-bb576aaa5cc6,2019-11-13 21:26:19.432547,2019-11-13 21:27:23.475880,64.043333,Probability Specialist V4,T1.Q5,"Does the text acknowledge that their favored theory is in any way uncertain? If so, highlight the relevant section.",T1.Q5.A3,No,a8ab9ba4-6aad-4109-8072-52f5a51bbba9,e50ff399-898e-4634-8836-58d472d28266,No,0,0,[]
NYU_Probability2,420dc8660318a2f5335151c374ae2aaafb958a7b677e094fed1373a8954468f9,cfecc271-3fc7-4fde-be29-ae3c743c2826,https://pe.goodlylabs.org/project/NYU_Probability2/task/2454,9f78d683-97cf-4a2b-9fe4-7c7e85039cca,NYU_Articles/Day1/RogerStoneTrialEndsRick.txt,100033,RogerStoneTrialEndsRick.txt,86d0e1839d825b8b56f2c7430efa716f4777e45dd001dd29ff68a3d232069e4c,2442,9c7cf7c5-006a-4d5d-badc-ccda9c6e5461,3,4,fb7019c5-3960-4e82-8717-dacdeb7e8eb1,0e4b8a3e-2714-4b5f-ba10-bb576aaa5cc6,2019-11-13 21:26:19.432547,2019-11-13 21:27:23.475880,64.043333,Probability Specialist V4,T1.Q6,Are any numbers given?,T1.Q6.A1,No,8ab7ae5b-336c-4c31-b76e-faa490dd9bf7,53e4c318-086f-43a6-b223-1dbb9e998e0a,No,0,0,[]
NYU_Probability2,420dc8660318a2f5335151c374ae2aaafb958a7b677e094fed1373a8954468f9,cfecc271-3fc7-4fde-be29-ae3c743c2826,https://pe.goodlylabs.org/project/NYU_Probability2/task/2454,9f78d683-97cf-4a2b-9fe4-7c7e85039cca,NYU_Articles/Day1/RogerStoneTrialEndsRick.txt,100033,RogerStoneTrialEndsRick.txt,86d0e1839d825b8b56f2c7430efa716f4777e45dd001dd29ff68a3d232069e4c,2442,9c7cf7c5-006a-4d5d-badc-ccda9c6e5461,3,4,fb7019c5-3960-4e82-8717-dacdeb7e8eb1,0e4b8a3e-2714-4b5f-ba10-bb576aaa5cc6,2019-11-13 21:26:19.432547,2019-11-13 21:27:23.475880,64.043333,Probability Specialist V4,T1.Q11,Does the text acknowledge that additional evidence might shift our understanding of the topics discussed in the article?,T1.Q11.A3,I can't tell,e14ed590-965e-44dc-a2a0-dc3defa196ec,fc3c98e1-e64e-400a-a1ac-1e98e4003ecd,I can't tell,0,0,[]
NYU_Probability2,420dc8660318a2f5335151c374ae2aaafb958a7b677e094fed1373a8954468f9,cfecc271-3fc7-4fde-be29-ae3c743c2826,https://pe.goodlylabs.org/project/NYU_Probability2/task/2454,9f78d683-97cf-4a2b-9fe4-7c7e85039cca,NYU_Articles/Day1/RogerStoneTrialEndsRick.txt,100033,RogerStoneTrialEndsRick.txt,86d0e1839d825b8b56f2c7430efa716f4777e45dd001dd29ff68a3d232069e4c,2442,9c7cf7c5-006a-4d5d-badc-ccda9c6e5461,3,4,fb7019c5-3960-4e82-8717-dacdeb7e8eb1,0e4b8a3e-2714-4b5f-ba10-bb576aaa5cc6,2019-11-13 21:26:19.432547,2019-11-13 21:27:23.475880,64.043333,Probability Specialist V4,T1.Q13,"How difficult was this task for you, on the whole?",T1.Q13.A5,5: Middling difficulty,e052e1ad-127d-404e-8388-c0a3019ec713,a5e0cb08-9568-440b-a681-3c9b01e055b5,5: Middling difficulty,0,0,[]
NYU_Probability2,420dc8660318a2f5335151c374ae2aaafb958a7b677e094fed1373a8954468f9,cfecc271-3fc7-4fde-be29-ae3c743c2826,https://pe.goodlylabs.org/project/NYU_Probability2/task/2454,9f78d683-97cf-4a2b-9fe4-7c7e85039cca,NYU_Articles/Day1/RogerStoneTrialEndsRick.txt,100033,RogerStoneTrialEndsRick.txt,86d0e1839d825b8b56f2c7430efa716f4777e45dd001dd29ff68a3d232069e4c,2442,9c7cf7c5-006a-4d5d-badc-ccda9c6e5461,3,4,fb7019c5-3960-4e82-8717-dacdeb7e8eb1,0e4b8a3e-2714-4b5f-ba10-bb576aaa5cc6,2019-11-13 21:26:19.432547,2019-11-13 21:27:23.475880,64.043333,Probability Specialist V4,T1.Q14,"How confident are you about your answers, on the whole?",T1.Q14.A9,9,61e31071-5d53-4375-8c6f-9683d2c260a3,0682e886-f8b6-4718-b061-8c06c88e8c6f,9,0,0,[]
NYU_Probability2,420dc8660318a2f5335151c374ae2aaafb958a7b677e094fed1373a8954468f9,0f21a204-85a9-497a-89d5-3d65cfd95c75,https://pe.goodlylabs.org/project/NYU_Probability2/task/2455,f515fa73-0314-4e8a-b6cf-6642655c42d4,NYU_Articles/Day1/RogerStoneTrialEndsRick.txt,100033,RogerStoneTrialEndsRick.txt,86d0e1839d825b8b56f2c7430efa716f4777e45dd001dd29ff68a3d232069e4c,2442,bc3ca3e8-c44e-4970-bbe1-c2c69a77173b,3,4,597d7300-84b0-414f-b049-36b9da77f66c,0e4b8a3e-2714-4b5f-ba10-bb576aaa5cc6,2019-11-13 21:26:41.791694,2019-11-13 21:27:48.894304,67.10261,Probability Specialist V4,T1.Q1,Does the text make any claims with great confidence? Highlight the relevant part.,T1.Q1.A3,No,69f3fb88-edd7-4c01-bd2c-b165743c682e,848f2165-604d-435c-98fb-48b410ea30f9,No,0,0,[]
NYU_Probability2,420dc8660318a2f5335151c374ae2aaafb958a7b677e094fed1373a8954468f9,0f21a204-85a9-497a-89d5-3d65cfd95c75,https://pe.goodlylabs.org/project/NYU_Probability2/task/2455,f515fa73-0314-4e8a-b6cf-6642655c42d4,NYU_Articles/Day1/RogerStoneTrialEndsRick.txt,100033,RogerStoneTrialEndsRick.txt,86d0e1839d825b8b56f2c7430efa716f4777e45dd001dd29ff68a3d232069e4c,2442,bc3ca3e8-c44e-4970-bbe1-c2c69a77173b,3,4,597d7300-84b0-414f-b049-36b9da77f66c,0e4b8a3e-2714-4b5f-ba10-bb576aaa5cc6,2019-11-13 21:26:41.791694,2019-11-13 21:27:48.894304,67.10261,Probability Specialist V4,T1.Q5,"Does the text acknowledge that their favored theory is in any way uncertain? If so, highlight the relevant section.",T1.Q5.A2,"Yes, implicitly",cd83a115-8c9e-45e2-bcf4-79cabe512af7,b612a0dc-05b0-4f11-9090-c1dac66a6c46,"Yes, implicitly",1,1,"[{""case_number"": 1, ""text"": ""From there, it's anyone's guess"", ""answer_id"": 4812, ""end"": 2441, ""start"": 2410}]"
NYU_Probability2,420dc8660318a2f5335151c374ae2aaafb958a7b677e094fed1373a8954468f9,0f21a204-85a9-497a-89d5-3d65cfd95c75,https://pe.goodlylabs.org/project/NYU_Probability2/task/2455,f515fa73-0314-4e8a-b6cf-6642655c42d4,NYU_Articles/Day1/RogerStoneTrialEndsRick.txt,100033,RogerStoneTrialEndsRick.txt,86d0e1839d825b8b56f2c7430efa716f4777e45dd001dd29ff68a3d232069e4c,2442,bc3ca3e8-c44e-4970-bbe1-c2c69a77173b,3,4,597d7300-84b0-414f-b049-36b9da77f66c,0e4b8a3e-2714-4b5f-ba10-bb576aaa5cc6,2019-11-13 21:26:41.791694,2019-11-13 21:27:48.894304,67.10261,Probability Specialist V4,T1.Q6,Are any numbers given?,T1.Q6.A1,No,8ab7ae5b-336c-4c31-b76e-faa490dd9bf7,8026796f-3b5e-44ac-a22d-c261c8a6ab5e,No,0,0,[]
NYU_Probability2,420dc8660318a2f5335151c374ae2aaafb958a7b677e094fed1373a8954468f9,0f21a204-85a9-497a-89d5-3d65cfd95c75,https://pe.goodlylabs.org/project/NYU_Probability2/task/2455,f515fa73-0314-4e8a-b6cf-6642655c42d4,NYU_Articles/Day1/RogerStoneTrialEndsRick.txt,100033,RogerStoneTrialEndsRick.txt,86d0e1839d825b8b56f2c7430efa716f4777e45dd001dd29ff68a3d232069e4c,2442,bc3ca3e8-c44e-4970-bbe1-c2c69a77173b,3,4,597d7300-84b0-414f-b049-36b9da77f66c,0e4b8a3e-2714-4b5f-ba10-bb576aaa5cc6,2019-11-13 21:26:41.791694,2019-11-13 21:27:48.894304,67.10261,Probability Specialist V4,T1.Q11,Does the text acknowledge that additional evidence might shift our understanding of the topics discussed in the article?,T1.Q11.A3,I can't tell,e14ed590-965e-44dc-a2a0-dc3defa196ec,c8534425-03db-45d4-ae12-c823d4727cd1,I can't tell,0,0,[]
NYU_Probability2,420dc8660318a2f5335151c374ae2aaafb958a7b677e094fed1373a8954468f9,0f21a204-85a9-497a-89d5-3d65cfd95c75,https://pe.goodlylabs.org/project/NYU_Probability2/task/2455,f515fa73-0314-4e8a-b6cf-6642655c42d4,NYU_Articles/Day1/RogerStoneTrialEndsRick.txt,100033,RogerStoneTrialEndsRick.txt,86d0e1839d825b8b56f2c7430efa716f4777e45dd001dd29ff68a3d232069e4c,2442,bc3ca3e8-c44e-4970-bbe1-c2c69a77173b,3,4,597d7300-84b0-414f-b049-36b9da77f66c,0e4b8a3e-2714-4b5f-ba10-bb576aaa5cc6,2019-11-13 21:26:41.791694,2019-11-13 21:27:48.894304,67.10261,Probability Specialist V4,T1.Q13,"How difficult was this task for you, on the whole?",T1.Q13.A5,5: Middling difficulty,e052e1ad-127d-404e-8388-c0a3019ec713,e7aa884a-463b-4291-94f3-9b25ad9845c1,5: Middling difficulty,0,0,[]
NYU_Probability2,420dc8660318a2f5335151c374ae2aaafb958a7b677e094fed1373a8954468f9,0f21a204-85a9-497a-89d5-3d65cfd95c75,https://pe.goodlylabs.org/project/NYU_Probability2/task/2455,f515fa73-0314-4e8a-b6cf-6642655c42d4,NYU_Articles/Day1/RogerStoneTrialEndsRick.txt,100033,RogerStoneTrialEndsRick.txt,86d0e1839d825b8b56f2c7430efa716f4777e45dd001dd29ff68a3d232069e4c,2442,bc3ca3e8-c44e-4970-bbe1-c2c69a77173b,3,4,597d7300-84b0-414f-b049-36b9da77f66c,0e4b8a3e-2714-4b5f-ba10-bb576aaa5cc6,2019-11-13 21:26:41.791694,2019-11-13 21:27:48.894304,67.10261,Probability Specialist V4,T1.Q14,"How confident are you about your answers, on the whole?",T1.Q14.A9,9,61e31071-5d53-4375-8c6f-9683d2c260a3,e8d3b5e7-6e4c-42bc-b155-64a9d05e514f,9,0,0,[]
NYU_Probability2,420dc8660318a2f5335151c374ae2aaafb958a7b677e094fed1373a8954468f9,538be16d-6f08-44ce-bf72-36583c4e528f,https://pe.goodlylabs.org/project/NYU_Probability2/task/2453,99182ea4-a87a-4339-b3ac-bc29f260ab22,NYU_Articles/Day1/RogerStoneTrialEndsRick.txt,100033,RogerStoneTrialEndsRick.txt,86d0e1839d825b8b56f2c7430efa716f4777e45dd001dd29ff68a3d232069e4c,2442,df6507e7-c1e8-45e4-a991-dfdffb3ed610,3,4,288b9c80-bd85-4be0-b377-d77538d03f6e,00f548b7-6b63-4b47-828e-8e416b6ca0e2,2019-11-13 21:31:38.909450,2019-11-13 21:35:37.753471,238.844021,Probability Specialist V4,T1.Q1,Does the text make any claims with great confidence? Highlight the relevant part.,T1.Q1.A1,Yes,234ad83d-cd43-4b6b-9bf1-66185614d37e,472d10dc-ce44-48a1-a2e5-2e479a881b11,Yes,1,1,"[{""case_number"": 1, ""text"": ""to the fact"", ""answer_id"": 4803, ""end"": 496, ""start"": 485}]"
NYU_Probability2,420dc8660318a2f5335151c374ae2aaafb958a7b677e094fed1373a8954468f9,538be16d-6f08-44ce-bf72-36583c4e528f,https://pe.goodlylabs.org/project/NYU_Probability2/task/2453,99182ea4-a87a-4339-b3ac-bc29f260ab22,NYU_Articles/Day1/RogerStoneTrialEndsRick.txt,100033,RogerStoneTrialEndsRick.txt,86d0e1839d825b8b56f2c7430efa716f4777e45dd001dd29ff68a3d232069e4c,2442,df6507e7-c1e8-45e4-a991-dfdffb3ed610,3,4,288b9c80-bd85-4be0-b377-d77538d03f6e,00f548b7-6b63-4b47-828e-8e416b6ca0e2,2019-11-13 21:31:38.909450,2019-11-13 21:35:37.753471,238.844021,Probability Specialist V4,T1.Q2,To what extent does the confidence seem justified?,T1.Q2.A1,Completely justified,d6431e5d-3ed8-4c14-b28f-576c86bdc4fc,0d74d973-a5cd-4546-931e-eaff9cbf3669,Completely justified,0,0,[]
NYU_Probability2,420dc8660318a2f5335151c374ae2aaafb958a7b677e094fed1373a8954468f9,538be16d-6f08-44ce-bf72-36583c4e528f,https://pe.goodlylabs.org/project/NYU_Probability2/task/2453,99182ea4-a87a-4339-b3ac-bc29f260ab22,NYU_Articles/Day1/RogerStoneTrialEndsRick.txt,100033,RogerStoneTrialEndsRick.txt,86d0e1839d825b8b56f2c7430efa716f4777e45dd001dd29ff68a3d232069e4c,2442,df6507e7-c1e8-45e4-a991-dfdffb3ed610,3,4,288b9c80-bd85-4be0-b377-d77538d03f6e,00f548b7-6b63-4b47-828e-8e416b6ca0e2,2019-11-13 21:31:38.909450,2019-11-13 21:35:37.753471,238.844021,Probability Specialist V4,T1.Q5,"Does the text acknowledge that their favored theory is in any way uncertain? If so, highlight the relevant section.",T1.Q5.A3,No,a8ab9ba4-6aad-4109-8072-52f5a51bbba9,d6bbf325-ecfe-4111-b1d0-c323ff82b7a3,No,0,0,[]
NYU_Probability2,420dc8660318a2f5335151c374ae2aaafb958a7b677e094fed1373a8954468f9,538be16d-6f08-44ce-bf72-36583c4e528f,https://pe.goodlylabs.org/project/NYU_Probability2/task/2453,99182ea4-a87a-4339-b3ac-bc29f260ab22,NYU_Articles/Day1/RogerStoneTrialEndsRick.txt,100033,RogerStoneTrialEndsRick.txt,86d0e1839d825b8b56f2c7430efa716f4777e45dd001dd29ff68a3d232069e4c,2442,df6507e7-c1e8-45e4-a991-dfdffb3ed610,3,4,288b9c80-bd85-4be0-b377-d77538d03f6e,00f548b7-6b63-4b47-828e-8e416b6ca0e2,2019-11-13 21:31:38.909450,2019-11-13 21:35:37.753471,238.844021,Probability Specialist V4,T1.Q6,Are any numbers given?,T1.Q6.A1,No,8ab7ae5b-336c-4c31-b76e-faa490dd9bf7,b48fb466-c652-4070-b030-6a0f99633bf1,No,0,0,[]
NYU_Probability2,420dc8660318a2f5335151c374ae2aaafb958a7b677e094fed1373a8954468f9,538be16d-6f08-44ce-bf72-36583c4e528f,https://pe.goodlylabs.org/project/NYU_Probability2/task/2453,99182ea4-a87a-4339-b3ac-bc29f260ab22,NYU_Articles/Day1/RogerStoneTrialEndsRick.txt,100033,RogerStoneTrialEndsRick.txt,86d0e1839d825b8b56f2c7430efa716f4777e45dd001dd29ff68a3d232069e4c,2442,df6507e7-c1e8-45e4-a991-dfdffb3ed610,3,4,288b9c80-bd85-4be0-b377-d77538d03f6e,00f548b7-6b63-4b47-828e-8e416b6ca0e2,2019-11-13 21:31:38.909450,2019-11-13 21:35:37.753471,238.844021,Probability Specialist V4,T1.Q11,Does the text acknowledge that additional evidence might shift our understanding of the topics discussed in the article?,T1.Q11.A4,"No, not at all",4ddafbb5-c56e-470f-85e5-88fa5f09e311,a51566eb-9c54-4d41-80db-ffb8666ba901,"No, not at all",0,0,[]
NYU_Probability2,420dc8660318a2f5335151c374ae2aaafb958a7b677e094fed1373a8954468f9,538be16d-6f08-44ce-bf72-36583c4e528f,https://pe.goodlylabs.org/project/NYU_Probability2/task/2453,99182ea4-a87a-4339-b3ac-bc29f260ab22,NYU_Articles/Day1/RogerStoneTrialEndsRick.txt,100033,RogerStoneTrialEndsRick.txt,86d0e1839d825b8b56f2c7430efa716f4777e45dd001dd29ff68a3d232069e4c,2442,df6507e7-c1e8-45e4-a991-dfdffb3ed610,3,4,288b9c80-bd85-4be0-b377-d77538d03f6e,00f548b7-6b63-4b47-828e-8e416b6ca0e2,2019-11-13 21:31:38.909450,2019-11-13 21:35:37.753471,238.844021,Probability Specialist V4,T1.Q13,"How difficult was this task for you, on the whole?",T1.Q13.A3,3,420a5e13-81e2-45e1-a99e-86d9417d78b3,c22f39a1-9ac5-4c70-916a-f9b29e1314a9,3,0,0,[]
NYU_Probability2,420dc8660318a2f5335151c374ae2aaafb958a7b677e094fed1373a8954468f9,538be16d-6f08-44ce-bf72-36583c4e528f,https://pe.goodlylabs.org/project/NYU_Probability2/task/2453,99182ea4-a87a-4339-b3ac-bc29f260ab22,NYU_Articles/Day1/RogerStoneTrialEndsRick.txt,100033,RogerStoneTrialEndsRick.txt,86d0e1839d825b8b56f2c7430efa716f4777e45dd001dd29ff68a3d232069e4c,2442,df6507e7-c1e8-45e4-a991-dfdffb3ed610,3,4,288b9c80-bd85-4be0-b377-d77538d03f6e,00f548b7-6b63-4b47-828e-8e416b6ca0e2,2019-11-13 21:31:38.909450,2019-11-13 21:35:37.753471,238.844021,Probability Specialist V4,T1.Q14,"How confident are you about your answers, on the whole?",T1.Q14.A8,8,9ee3d72c-5c95-40a6-9663-afcd156bcdc1,34b460ea-3805-4ab8-8d29-6a846ff97bb8,8,0,0,[]
NYU_Probability2,420dc8660318a2f5335151c374ae2aaafb958a7b677e094fed1373a8954468f9,cfecc271-3fc7-4fde-be29-ae3c743c2826,https://pe.goodlylabs.org/project/NYU_Probability2/task/2454,9f78d683-97cf-4a2b-9fe4-7c7e85039cca,NYU_Articles/Day1/RogerStoneTrialEndsRick.txt,100033,RogerStoneTrialEndsRick.txt,86d0e1839d825b8b56f2c7430efa716f4777e45dd001dd29ff68a3d232069e4c,2442,9c7cf7c5-006a-4d5d-badc-ccda9c6e5461,3,4,b7901c9e-e233-4d8e-8e4c-25317c9c1f51,00f548b7-6b63-4b47-828e-8e416b6ca0e2,2019-11-13 21:31:39.132740,2019-11-13 21:43:37.946895,718.814155,Probability Specialist V4,T1.Q1,Does the text make any claims with great confidence? Highlight the relevant part.,T1.Q1.A1,Yes,234ad83d-cd43-4b6b-9bf1-66185614d37e,3638d1ea-7dfb-444e-abbd-0864f23dbfa8,Yes,1,1,"[{""case_number"": 1, ""text"": ""the picture is pretty clear"", ""answer_id"": 4803, ""end"": 2144, ""start"": 2117}]"
NYU_Probability2,420dc8660318a2f5335151c374ae2aaafb958a7b677e094fed1373a8954468f9,cfecc271-3fc7-4fde-be29-ae3c743c2826,https://pe.goodlylabs.org/project/NYU_Probability2/task/2454,9f78d683-97cf-4a2b-9fe4-7c7e85039cca,NYU_Articles/Day1/RogerStoneTrialEndsRick.txt,100033,RogerStoneTrialEndsRick.txt,86d0e1839d825b8b56f2c7430efa716f4777e45dd001dd29ff68a3d232069e4c,2442,9c7cf7c5-006a-4d5d-badc-ccda9c6e5461,3,4,b7901c9e-e233-4d8e-8e4c-25317c9c1f51,00f548b7-6b63-4b47-828e-8e416b6ca0e2,2019-11-13 21:31:39.132740,2019-11-13 21:43:37.946895,718.814155,Probability Specialist V4,T1.Q2,To what extent does the confidence seem justified?,T1.Q2.A3,Somewhat justified,e1c45989-f0aa-4490-bd2b-0836b199bc34,36ddf8b2-42d1-4b32-bf74-a0f97d25ce22,Somewhat justified,0,0,[]
NYU_Probability2,420dc8660318a2f5335151c374ae2aaafb958a7b677e094fed1373a8954468f9,cfecc271-3fc7-4fde-be29-ae3c743c2826,https://pe.goodlylabs.org/project/NYU_Probability2/task/2454,9f78d683-97cf-4a2b-9fe4-7c7e85039cca,NYU_Articles/Day1/RogerStoneTrialEndsRick.txt,100033,RogerStoneTrialEndsRick.txt,86d0e1839d825b8b56f2c7430efa716f4777e45dd001dd29ff68a3d232069e4c,2442,9c7cf7c5-006a-4d5d-badc-ccda9c6e5461,3,4,b7901c9e-e233-4d8e-8e4c-25317c9c1f51,00f548b7-6b63-4b47-828e-8e416b6ca0e2,2019-11-13 21:31:39.132740,2019-11-13 21:43:37.946895,718.814155,Probability Specialist V4,T1.Q5,"Does the text acknowledge that their favored theory is in any way uncertain? If so, highlight the relevant section.",T1.Q5.A3,No,a8ab9ba4-6aad-4109-8072-52f5a51bbba9,fe0cbf1a-8571-41be-b5ba-f48ccbedf813,No,0,0,[]
NYU_Probability2,420dc8660318a2f5335151c374ae2aaafb958a7b677e094fed1373a8954468f9,cfecc271-3fc7-4fde-be29-ae3c743c2826,https://pe.goodlylabs.org/project/NYU_Probability2/task/2454,9f78d683-97cf-4a2b-9fe4-7c7e85039cca,NYU_Articles/Day1/RogerStoneTrialEndsRick.txt,100033,RogerStoneTrialEndsRick.txt,86d0e1839d825b8b56f2c7430efa716f4777e45dd001dd29ff68a3d232069e4c,2442,9c7cf7c5-006a-4d5d-badc-ccda9c6e5461,3,4,b7901c9e-e233-4d8e-8e4c-25317c9c1f51,00f548b7-6b63-4b47-828e-8e416b6ca0e2,2019-11-13 21:31:39.132740,2019-11-13 21:43:37.946895,718.814155,Probability Specialist V4,T1.Q6,Are any numbers given?,T1.Q6.A1,No,8ab7ae5b-336c-4c31-b76e-faa490dd9bf7,957e2a67-fde8-4f52-8d11-7885ce265576,No,0,0,[]
NYU_Probability2,420dc8660318a2f5335151c374ae2aaafb958a7b677e094fed1373a8954468f9,cfecc271-3fc7-4fde-be29-ae3c743c2826,https://pe.goodlylabs.org/project/NYU_Probability2/task/2454,9f78d683-97cf-4a2b-9fe4-7c7e85039cca,NYU_Articles/Day1/RogerStoneTrialEndsRick.txt,100033,RogerStoneTrialEndsRick.txt,86d0e1839d825b8b56f2c7430efa716f4777e45dd001dd29ff68a3d232069e4c,2442,9c7cf7c5-006a-4d5d-badc-ccda9c6e5461,3,4,b7901c9e-e233-4d8e-8e4c-25317c9c1f51,00f548b7-6b63-4b47-828e-8e416b6ca0e2,2019-11-13 21:31:39.132740,2019-11-13 21:43:37.946895,718.814155,Probability Specialist V4,T1.Q11,Does the text acknowledge that additional evidence might shift our understanding of the topics discussed in the article?,T1.Q11.A4,"No, not at all",4ddafbb5-c56e-470f-85e5-88fa5f09e311,331eb59a-ce0e-49a7-a5a8-0f56321aba2a,"No, not at all",0,0,[]
NYU_Probability2,420dc8660318a2f5335151c374ae2aaafb958a7b677e094fed1373a8954468f9,cfecc271-3fc7-4fde-be29-ae3c743c2826,https://pe.goodlylabs.org/project/NYU_Probability2/task/2454,9f78d683-97cf-4a2b-9fe4-7c7e85039cca,NYU_Articles/Day1/RogerStoneTrialEndsRick.txt,100033,RogerStoneTrialEndsRick.txt,86d0e1839d825b8b56f2c7430efa716f4777e45dd001dd29ff68a3d232069e4c,2442,9c7cf7c5-006a-4d5d-badc-ccda9c6e5461,3,4,b7901c9e-e233-4d8e-8e4c-25317c9c1f51,00f548b7-6b63-4b47-828e-8e416b6ca0e2,2019-11-13 21:31:39.132740,2019-11-13 21:43:37.946895,718.814155,Probability Specialist V4,T1.Q13,"How difficult was this task for you, on the whole?",T1.Q13.A4,4,2d6f751a-4a98-43b7-a074-38956aa326bd,0926596e-6504-4c71-ad25-4e506522c82d,4,0,0,[]
NYU_Probability2,420dc8660318a2f5335151c374ae2aaafb958a7b677e094fed1373a8954468f9,cfecc271-3fc7-4fde-be29-ae3c743c2826,https://pe.goodlylabs.org/project/NYU_Probability2/task/2454,9f78d683-97cf-4a2b-9fe4-7c7e85039cca,NYU_Articles/Day1/RogerStoneTrialEndsRick.txt,100033,RogerStoneTrialEndsRick.txt,86d0e1839d825b8b56f2c7430efa716f4777e45dd001dd29ff68a3d232069e4c,2442,9c7cf7c5-006a-4d5d-badc-ccda9c6e5461,3,4,b7901c9e-e233-4d8e-8e4c-25317c9c1f51,00f548b7-6b63-4b47-828e-8e416b6ca0e2,2019-11-13 21:31:39.132740,2019-11-13 21:43:37.946895,718.814155,Probability Specialist V4,T1.Q14,"How confident are you about your answers, on the whole?",T1.Q14.A7,7,56e0c4d7-467d-4eb9-b459-206a80f8191e,e3091ce4-3c24-40ea-af50-6d96539d84cc,7,0,0,[]
NYU_Probability2,420dc8660318a2f5335151c374ae2aaafb958a7b677e094fed1373a8954468f9,0f21a204-85a9-497a-89d5-3d65cfd95c75,https://pe.goodlylabs.org/project/NYU_Probability2/task/2455,f515fa73-0314-4e8a-b6cf-6642655c42d4,NYU_Articles/Day1/RogerStoneTrialEndsRick.txt,100033,RogerStoneTrialEndsRick.txt,86d0e1839d825b8b56f2c7430efa716f4777e45dd001dd29ff68a3d232069e4c,2442,bc3ca3e8-c44e-4970-bbe1-c2c69a77173b,3,4,cf52b339-889d-4224-908c-5d492238abb1,00f548b7-6b63-4b47-828e-8e416b6ca0e2,2019-11-13 21:35:38.122780,2019-11-13 21:45:46.650451,608.527671,Probability Specialist V4,T1.Q1,Does the text make any claims with great confidence? Highlight the relevant part.,T1.Q1.A1,Yes,234ad83d-cd43-4b6b-9bf1-66185614d37e,7c2cf201-c0c3-45ee-8e0e-347a0cbe9a6a,Yes,1,1,"[{""case_number"": 1, ""text"": ""From there, it's anyone's guess"", ""answer_id"": 4803, ""end"": 2441, ""start"": 2410}]"
NYU_Probability2,420dc8660318a2f5335151c374ae2aaafb958a7b677e094fed1373a8954468f9,0f21a204-85a9-497a-89d5-3d65cfd95c75,https://pe.goodlylabs.org/project/NYU_Probability2/task/2455,f515fa73-0314-4e8a-b6cf-6642655c42d4,NYU_Articles/Day1/RogerStoneTrialEndsRick.txt,100033,RogerStoneTrialEndsRick.txt,86d0e1839d825b8b56f2c7430efa716f4777e45dd001dd29ff68a3d232069e4c,2442,bc3ca3e8-c44e-4970-bbe1-c2c69a77173b,3,4,cf52b339-889d-4224-908c-5d492238abb1,00f548b7-6b63-4b47-828e-8e416b6ca0e2,2019-11-13 21:35:38.122780,2019-11-13 21:45:46.650451,608.527671,Probability Specialist V4,T1.Q2,To what extent does the confidence seem justified?,T1.Q2.A4,Slightly justified,77fce664-a12c-448d-aac1-5b9715269aea,4ba0bc0e-0805-41a5-a766-66f2f2a76cd0,Slightly justified,0,0,[]
NYU_Probability2,420dc8660318a2f5335151c374ae2aaafb958a7b677e094fed1373a8954468f9,0f21a204-85a9-497a-89d5-3d65cfd95c75,https://pe.goodlylabs.org/project/NYU_Probability2/task/2455,f515fa73-0314-4e8a-b6cf-6642655c42d4,NYU_Articles/Day1/RogerStoneTrialEndsRick.txt,100033,RogerStoneTrialEndsRick.txt,86d0e1839d825b8b56f2c7430efa716f4777e45dd001dd29ff68a3d232069e4c,2442,bc3ca3e8-c44e-4970-bbe1-c2c69a77173b,3,4,cf52b339-889d-4224-908c-5d492238abb1,00f548b7-6b63-4b47-828e-8e416b6ca0e2,2019-11-13 21:35:38.122780,2019-11-13 21:45:46.650451,608.527671,Probability Specialist V4,T1.Q5,"Does the text acknowledge that their favored theory is in any way uncertain? If so, highlight the relevant section.",T1.Q5.A3,No,a8ab9ba4-6aad-4109-8072-52f5a51bbba9,39f4a006-8c7d-4ad5-83f4-a0ea7e64e227,No,0,0,[]
NYU_Probability2,420dc8660318a2f5335151c374ae2aaafb958a7b677e094fed1373a8954468f9,0f21a204-85a9-497a-89d5-3d65cfd95c75,https://pe.goodlylabs.org/project/NYU_Probability2/task/2455,f515fa73-0314-4e8a-b6cf-6642655c42d4,NYU_Articles/Day1/RogerStoneTrialEndsRick.txt,100033,RogerStoneTrialEndsRick.txt,86d0e1839d825b8b56f2c7430efa716f4777e45dd001dd29ff68a3d232069e4c,2442,bc3ca3e8-c44e-4970-bbe1-c2c69a77173b,3,4,cf52b339-889d-4224-908c-5d492238abb1,00f548b7-6b63-4b47-828e-8e416b6ca0e2,2019-11-13 21:35:38.122780,2019-11-13 21:45:46.650451,608.527671,Probability Specialist V4,T1.Q6,Are any numbers given?,T1.Q6.A1,No,8ab7ae5b-336c-4c31-b76e-faa490dd9bf7,8d1c5f42-afb0-440f-ae3b-26ad8aaa78d3,No,0,0,[]
NYU_Probability2,420dc8660318a2f5335151c374ae2aaafb958a7b677e094fed1373a8954468f9,0f21a204-85a9-497a-89d5-3d65cfd95c75,https://pe.goodlylabs.org/project/NYU_Probability2/task/2455,f515fa73-0314-4e8a-b6cf-6642655c42d4,NYU_Articles/Day1/RogerStoneTrialEndsRick.txt,100033,RogerStoneTrialEndsRick.txt,86d0e1839d825b8b56f2c7430efa716f4777e45dd001dd29ff68a3d232069e4c,2442,bc3ca3e8-c44e-4970-bbe1-c2c69a77173b,3,4,cf52b339-889d-4224-908c-5d492238abb1,00f548b7-6b63-4b47-828e-8e416b6ca0e2,2019-11-13 21:35:38.122780,2019-11-13 21:45:46.650451,608.527671,Probability Specialist V4,T1.Q11,Does the text acknowledge that additional evidence might shift our understanding of the topics discussed in the article?,T1.Q11.A4,"No, not at all",4ddafbb5-c56e-470f-85e5-88fa5f09e311,2e061f5c-a6c1-4fc5-9829-8f4e0b2e4155,"No, not at all",0,0,[]
NYU_Probability2,420dc8660318a2f5335151c374ae2aaafb958a7b677e094fed1373a8954468f9,0f21a204-85a9-497a-89d5-3d65cfd95c75,https://pe.goodlylabs.org/project/NYU_Probability2/task/2455,f515fa73-0314-4e8a-b6cf-6642655c42d4,NYU_Articles/Day1/RogerStoneTrialEndsRick.txt,100033,RogerStoneTrialEndsRick.txt,86d0e1839d825b8b56f2c7430efa716f4777e45dd001dd29ff68a3d232069e4c,2442,bc3ca3e8-c44e-4970-bbe1-c2c69a77173b,3,4,cf52b339-889d-4224-908c-5d492238abb1,00f548b7-6b63-4b47-828e-8e416b6ca0e2,2019-11-13 21:35:38.122780,2019-11-13 21:45:46.650451,608.527671,Probability Specialist V4,T1.Q13,"How difficult was this task for you, on the whole?",T1.Q13.A4,4,2d6f751a-4a98-43b7-a074-38956aa326bd,91366d2c-a313-4792-b13c-db04523063c0,4,0,0,[]
NYU_Probability2,420dc8660318a2f5335151c374ae2aaafb958a7b677e094fed1373a8954468f9,0f21a204-85a9-497a-89d5-3d65cfd95c75,https://pe.goodlylabs.org/project/NYU_Probability2/task/2455,f515fa73-0314-4e8a-b6cf-6642655c42d4,NYU_Articles/Day1/RogerStoneTrialEndsRick.txt,100033,RogerStoneTrialEndsRick.txt,86d0e1839d825b8b56f2c7430efa716f4777e45dd001dd29ff68a3d232069e4c,2442,bc3ca3e8-c44e-4970-bbe1-c2c69a77173b,3,4,cf52b339-889d-4224-908c-5d492238abb1,00f548b7-6b63-4b47-828e-8e416b6ca0e2,2019-11-13 21:35:38.122780,2019-11-13 21:45:46.650451,608.527671,Probability Specialist V4,T1.Q14,"How confident are you about your answers, on the whole?",T1.Q14.A7,7,56e0c4d7-467d-4eb9-b459-206a80f8191e,7d0997f2-5bc1-469c-b9ac-8501a0ce3a9c,7,0,0,[]
NYU_Probability2,420dc8660318a2f5335151c374ae2aaafb958a7b677e094fed1373a8954468f9,538be16d-6f08-44ce-bf72-36583c4e528f,https://pe.goodlylabs.org/project/NYU_Probability2/task/2453,99182ea4-a87a-4339-b3ac-bc29f260ab22,NYU_Articles/Day1/RogerStoneTrialEndsRick.txt,100033,RogerStoneTrialEndsRick.txt,86d0e1839d825b8b56f2c7430efa716f4777e45dd001dd29ff68a3d232069e4c,2442,df6507e7-c1e8-45e4-a991-dfdffb3ed610,3,4,6dcb6bfd-37e8-4bd7-b2a7-57a3ee6d5e5a,2b2f1081-fac7-4884-b56c-28501b89abb8,2019-11-13 22:09:51.978914,2019-11-13 22:10:33.581124,41.60221,Probability Specialist V4,T1.Q1,Does the text make any claims with great confidence? Highlight the relevant part.,T1.Q1.A1,Yes,234ad83d-cd43-4b6b-9bf1-66185614d37e,c4dd9cf3-7b10-435f-b67f-987318b8dd76,Yes,1,1,"[{""case_number"": 1, ""text"": ""fact"", ""answer_id"": 4803, ""end"": 496, ""start"": 492}]"
NYU_Probability2,420dc8660318a2f5335151c374ae2aaafb958a7b677e094fed1373a8954468f9,538be16d-6f08-44ce-bf72-36583c4e528f,https://pe.goodlylabs.org/project/NYU_Probability2/task/2453,99182ea4-a87a-4339-b3ac-bc29f260ab22,NYU_Articles/Day1/RogerStoneTrialEndsRick.txt,100033,RogerStoneTrialEndsRick.txt,86d0e1839d825b8b56f2c7430efa716f4777e45dd001dd29ff68a3d232069e4c,2442,df6507e7-c1e8-45e4-a991-dfdffb3ed610,3,4,6dcb6bfd-37e8-4bd7-b2a7-57a3ee6d5e5a,2b2f1081-fac7-4884-b56c-28501b89abb8,2019-11-13 22:09:51.978914,2019-11-13 22:10:33.581124,41.60221,Probability Specialist V4,T1.Q2,To what extent does the confidence seem justified?,T1.Q2.A3,Somewhat justified,e1c45989-f0aa-4490-bd2b-0836b199bc34,4e73db52-c779-46ef-8a30-bb47c13147aa,Somewhat justified,0,0,[]
NYU_Probability2,420dc8660318a2f5335151c374ae2aaafb958a7b677e094fed1373a8954468f9,538be16d-6f08-44ce-bf72-36583c4e528f,https://pe.goodlylabs.org/project/NYU_Probability2/task/2453,99182ea4-a87a-4339-b3ac-bc29f260ab22,NYU_Articles/Day1/RogerStoneTrialEndsRick.txt,100033,RogerStoneTrialEndsRick.txt,86d0e1839d825b8b56f2c7430efa716f4777e45dd001dd29ff68a3d232069e4c,2442,df6507e7-c1e8-45e4-a991-dfdffb3ed610,3,4,6dcb6bfd-37e8-4bd7-b2a7-57a3ee6d5e5a,2b2f1081-fac7-4884-b56c-28501b89abb8,2019-11-13 22:09:51.978914,2019-11-13 22:10:33.581124,41.60221,Probability Specialist V4,T1.Q5,"Does the text acknowledge that their favored theory is in any way uncertain? If so, highlight the relevant section.",T1.Q5.A2,"Yes, implicitly",cd83a115-8c9e-45e2-bcf4-79cabe512af7,97027bc8-caf7-4367-acc3-f73d5cce4dc8,"Yes, implicitly",1,1,"[{""case_number"": 1, ""text"": ""to the fact that"", ""answer_id"": 4812, ""end"": 501, ""start"": 485}]"
NYU_Probability2,420dc8660318a2f5335151c374ae2aaafb958a7b677e094fed1373a8954468f9,538be16d-6f08-44ce-bf72-36583c4e528f,https://pe.goodlylabs.org/project/NYU_Probability2/task/2453,99182ea4-a87a-4339-b3ac-bc29f260ab22,NYU_Articles/Day1/RogerStoneTrialEndsRick.txt,100033,RogerStoneTrialEndsRick.txt,86d0e1839d825b8b56f2c7430efa716f4777e45dd001dd29ff68a3d232069e4c,2442,df6507e7-c1e8-45e4-a991-dfdffb3ed610,3,4,6dcb6bfd-37e8-4bd7-b2a7-57a3ee6d5e5a,2b2f1081-fac7-4884-b56c-28501b89abb8,2019-11-13 22:09:51.978914,2019-11-13 22:10:33.581124,41.60221,Probability Specialist V4,T1.Q6,Are any numbers given?,T1.Q6.A1,No,8ab7ae5b-336c-4c31-b76e-faa490dd9bf7,db1d350d-eb86-47bf-a106-0b13f974db0a,No,0,0,[]
NYU_Probability2,420dc8660318a2f5335151c374ae2aaafb958a7b677e094fed1373a8954468f9,538be16d-6f08-44ce-bf72-36583c4e528f,https://pe.goodlylabs.org/project/NYU_Probability2/task/2453,99182ea4-a87a-4339-b3ac-bc29f260ab22,NYU_Articles/Day1/RogerStoneTrialEndsRick.txt,100033,RogerStoneTrialEndsRick.txt,86d0e1839d825b8b56f2c7430efa716f4777e45dd001dd29ff68a3d232069e4c,2442,df6507e7-c1e8-45e4-a991-dfdffb3ed610,3,4,6dcb6bfd-37e8-4bd7-b2a7-57a3ee6d5e5a,2b2f1081-fac7-4884-b56c-28501b89abb8,2019-11-13 22:09:51.978914,2019-11-13 22:10:33.581124,41.60221,Probability Specialist V4,T1.Q11,Does the text acknowledge that additional evidence might shift our understanding of the topics discussed in the article?,T1.Q11.A3,I can't tell,e14ed590-965e-44dc-a2a0-dc3defa196ec,c8788f34-d8c1-4d40-b900-4713aab8678d,I can't tell,0,0,[]
NYU_Probability2,420dc8660318a2f5335151c374ae2aaafb958a7b677e094fed1373a8954468f9,538be16d-6f08-44ce-bf72-36583c4e528f,https://pe.goodlylabs.org/project/NYU_Probability2/task/2453,99182ea4-a87a-4339-b3ac-bc29f260ab22,NYU_Articles/Day1/RogerStoneTrialEndsRick.txt,100033,RogerStoneTrialEndsRick.txt,86d0e1839d825b8b56f2c7430efa716f4777e45dd001dd29ff68a3d232069e4c,2442,df6507e7-c1e8-45e4-a991-dfdffb3ed610,3,4,6dcb6bfd-37e8-4bd7-b2a7-57a3ee6d5e5a,2b2f1081-fac7-4884-b56c-28501b89abb8,2019-11-13 22:09:51.978914,2019-11-13 22:10:33.581124,41.60221,Probability Specialist V4,T1.Q13,"How difficult was this task for you, on the whole?",T1.Q13.A4,4,2d6f751a-4a98-43b7-a074-38956aa326bd,8693716f-37cf-4647-833c-69a27fa40ac8,4,0,0,[]
NYU_Probability2,420dc8660318a2f5335151c374ae2aaafb958a7b677e094fed1373a8954468f9,538be16d-6f08-44ce-bf72-36583c4e528f,https://pe.goodlylabs.org/project/NYU_Probability2/task/2453,99182ea4-a87a-4339-b3ac-bc29f260ab22,NYU_Articles/Day1/RogerStoneTrialEndsRick.txt,100033,RogerStoneTrialEndsRick.txt,86d0e1839d825b8b56f2c7430efa716f4777e45dd001dd29ff68a3d232069e4c,2442,df6507e7-c1e8-45e4-a991-dfdffb3ed610,3,4,6dcb6bfd-37e8-4bd7-b2a7-57a3ee6d5e5a,2b2f1081-fac7-4884-b56c-28501b89abb8,2019-11-13 22:09:51.978914,2019-11-13 22:10:33.581124,41.60221,Probability Specialist V4,T1.Q14,"How confident are you about your answers, on the whole?",T1.Q14.A6,6,f21352c6-ee84-475b-8cdd-c4c511af0f64,f18c4483-f69d-4f72-a575-0df48b69f8b8,6,0,0,[]
NYU_Probability2,420dc8660318a2f5335151c374ae2aaafb958a7b677e094fed1373a8954468f9,cfecc271-3fc7-4fde-be29-ae3c743c2826,https://pe.goodlylabs.org/project/NYU_Probability2/task/2454,9f78d683-97cf-4a2b-9fe4-7c7e85039cca,NYU_Articles/Day1/RogerStoneTrialEndsRick.txt,100033,RogerStoneTrialEndsRick.txt,86d0e1839d825b8b56f2c7430efa716f4777e45dd001dd29ff68a3d232069e4c,2442,9c7cf7c5-006a-4d5d-badc-ccda9c6e5461,3,4,b003321d-bead-4968-8420-1b9592b0042a,2b2f1081-fac7-4884-b56c-28501b89abb8,2019-11-13 22:11:10.197086,2019-11-13 22:12:13.324298,63.127212,Probability Specialist V4,T1.Q1,Does the text make any claims with great confidence? Highlight the relevant part.,T1.Q1.A3,No,69f3fb88-edd7-4c01-bd2c-b165743c682e,b7523283-37b7-4316-a4a2-b9e340add351,No,0,0,[]
NYU_Probability2,420dc8660318a2f5335151c374ae2aaafb958a7b677e094fed1373a8954468f9,cfecc271-3fc7-4fde-be29-ae3c743c2826,https://pe.goodlylabs.org/project/NYU_Probability2/task/2454,9f78d683-97cf-4a2b-9fe4-7c7e85039cca,NYU_Articles/Day1/RogerStoneTrialEndsRick.txt,100033,RogerStoneTrialEndsRick.txt,86d0e1839d825b8b56f2c7430efa716f4777e45dd001dd29ff68a3d232069e4c,2442,9c7cf7c5-006a-4d5d-badc-ccda9c6e5461,3,4,b003321d-bead-4968-8420-1b9592b0042a,2b2f1081-fac7-4884-b56c-28501b89abb8,2019-11-13 22:11:10.197086,2019-11-13 22:12:13.324298,63.127212,Probability Specialist V4,T1.Q5,"Does the text acknowledge that their favored theory is in any way uncertain? If so, highlight the relevant section.",T1.Q5.A3,No,a8ab9ba4-6aad-4109-8072-52f5a51bbba9,584cff4a-7a3a-4a4e-a019-c6928bec3942,No,0,0,[]
NYU_Probability2,420dc8660318a2f5335151c374ae2aaafb958a7b677e094fed1373a8954468f9,cfecc271-3fc7-4fde-be29-ae3c743c2826,https://pe.goodlylabs.org/project/NYU_Probability2/task/2454,9f78d683-97cf-4a2b-9fe4-7c7e85039cca,NYU_Articles/Day1/RogerStoneTrialEndsRick.txt,100033,RogerStoneTrialEndsRick.txt,86d0e1839d825b8b56f2c7430efa716f4777e45dd001dd29ff68a3d232069e4c,2442,9c7cf7c5-006a-4d5d-badc-ccda9c6e5461,3,4,b003321d-bead-4968-8420-1b9592b0042a,2b2f1081-fac7-4884-b56c-28501b89abb8,2019-11-13 22:11:10.197086,2019-11-13 22:12:13.324298,63.127212,Probability Specialist V4,T1.Q6,Are any numbers given?,T1.Q6.A1,No,8ab7ae5b-336c-4c31-b76e-faa490dd9bf7,9efe94f2-a8f7-41e4-92d7-215be7bee85d,No,0,0,[]
NYU_Probability2,420dc8660318a2f5335151c374ae2aaafb958a7b677e094fed1373a8954468f9,cfecc271-3fc7-4fde-be29-ae3c743c2826,https://pe.goodlylabs.org/project/NYU_Probability2/task/2454,9f78d683-97cf-4a2b-9fe4-7c7e85039cca,NYU_Articles/Day1/RogerStoneTrialEndsRick.txt,100033,RogerStoneTrialEndsRick.txt,86d0e1839d825b8b56f2c7430efa716f4777e45dd001dd29ff68a3d232069e4c,2442,9c7cf7c5-006a-4d5d-badc-ccda9c6e5461,3,4,b003321d-bead-4968-8420-1b9592b0042a,2b2f1081-fac7-4884-b56c-28501b89abb8,2019-11-13 22:11:10.197086,2019-11-13 22:12:13.324298,63.127212,Probability Specialist V4,T1.Q11,Does the text acknowledge that additional evidence might shift our understanding of the topics discussed in the article?,T1.Q11.A4,"No, not at all",4ddafbb5-c56e-470f-85e5-88fa5f09e311,64f0074e-e2e5-477e-aaed-091aaa61715d,"No, not at all",0,0,[]
NYU_Probability2,420dc8660318a2f5335151c374ae2aaafb958a7b677e094fed1373a8954468f9,cfecc271-3fc7-4fde-be29-ae3c743c2826,https://pe.goodlylabs.org/project/NYU_Probability2/task/2454,9f78d683-97cf-4a2b-9fe4-7c7e85039cca,NYU_Articles/Day1/RogerStoneTrialEndsRick.txt,100033,RogerStoneTrialEndsRick.txt,86d0e1839d825b8b56f2c7430efa716f4777e45dd001dd29ff68a3d232069e4c,2442,9c7cf7c5-006a-4d5d-badc-ccda9c6e5461,3,4,b003321d-bead-4968-8420-1b9592b0042a,2b2f1081-fac7-4884-b56c-28501b89abb8,2019-11-13 22:11:10.197086,2019-11-13 22:12:13.324298,63.127212,Probability Specialist V4,T1.Q13,"How difficult was this task for you, on the whole?",T1.Q13.A4,4,2d6f751a-4a98-43b7-a074-38956aa326bd,0817cae5-6925-4b69-9286-32e6bb37dab9,4,0,0,[]
NYU_Probability2,420dc8660318a2f5335151c374ae2aaafb958a7b677e094fed1373a8954468f9,cfecc271-3fc7-4fde-be29-ae3c743c2826,https://pe.goodlylabs.org/project/NYU_Probability2/task/2454,9f78d683-97cf-4a2b-9fe4-7c7e85039cca,NYU_Articles/Day1/RogerStoneTrialEndsRick.txt,100033,RogerStoneTrialEndsRick.txt,86d0e1839d825b8b56f2c7430efa716f4777e45dd001dd29ff68a3d232069e4c,2442,9c7cf7c5-006a-4d5d-badc-ccda9c6e5461,3,4,b003321d-bead-4968-8420-1b9592b0042a,2b2f1081-fac7-4884-b56c-28501b89abb8,2019-11-13 22:11:10.197086,2019-11-13 22:12:13.324298,63.127212,Probability Specialist V4,T1.Q14,"How confident are you about your answers, on the whole?",T1.Q14.A6,6,f21352c6-ee84-475b-8cdd-c4c511af0f64,887591c5-de2a-4c18-8a6c-75cc7bd72dc2,6,0,0,[]
NYU_Probability2,420dc8660318a2f5335151c374ae2aaafb958a7b677e094fed1373a8954468f9,0f21a204-85a9-497a-89d5-3d65cfd95c75,https://pe.goodlylabs.org/project/NYU_Probability2/task/2455,f515fa73-0314-4e8a-b6cf-6642655c42d4,NYU_Articles/Day1/RogerStoneTrialEndsRick.txt,100033,RogerStoneTrialEndsRick.txt,86d0e1839d825b8b56f2c7430efa716f4777e45dd001dd29ff68a3d232069e4c,2442,bc3ca3e8-c44e-4970-bbe1-c2c69a77173b,3,4,eaee99ce-b4f2-4dfe-9542-70afa7353faa,2b2f1081-fac7-4884-b56c-28501b89abb8,2019-11-13 22:11:10.528850,2019-11-13 22:16:03.481170,292.95232,Probability Specialist V4,T1.Q1,Does the text make any claims with great confidence? Highlight the relevant part.,T1.Q1.A3,No,69f3fb88-edd7-4c01-bd2c-b165743c682e,f948601e-7a06-43a4-ad50-d72fd3ba26e8,No,0,0,[]
NYU_Probability2,420dc8660318a2f5335151c374ae2aaafb958a7b677e094fed1373a8954468f9,0f21a204-85a9-497a-89d5-3d65cfd95c75,https://pe.goodlylabs.org/project/NYU_Probability2/task/2455,f515fa73-0314-4e8a-b6cf-6642655c42d4,NYU_Articles/Day1/RogerStoneTrialEndsRick.txt,100033,RogerStoneTrialEndsRick.txt,86d0e1839d825b8b56f2c7430efa716f4777e45dd001dd29ff68a3d232069e4c,2442,bc3ca3e8-c44e-4970-bbe1-c2c69a77173b,3,4,eaee99ce-b4f2-4dfe-9542-70afa7353faa,2b2f1081-fac7-4884-b56c-28501b89abb8,2019-11-13 22:11:10.528850,2019-11-13 22:16:03.481170,292.95232,Probability Specialist V4,T1.Q5,"Does the text acknowledge that their favored theory is in any way uncertain? If so, highlight the relevant section.",T1.Q5.A3,No,a8ab9ba4-6aad-4109-8072-52f5a51bbba9,dfcd9a42-6b41-44a2-99e3-e5e2e5934ce6,No,0,0,[]
NYU_Probability2,420dc8660318a2f5335151c374ae2aaafb958a7b677e094fed1373a8954468f9,0f21a204-85a9-497a-89d5-3d65cfd95c75,https://pe.goodlylabs.org/project/NYU_Probability2/task/2455,f515fa73-0314-4e8a-b6cf-6642655c42d4,NYU_Articles/Day1/RogerStoneTrialEndsRick.txt,100033,RogerStoneTrialEndsRick.txt,86d0e1839d825b8b56f2c7430efa716f4777e45dd001dd29ff68a3d232069e4c,2442,bc3ca3e8-c44e-4970-bbe1-c2c69a77173b,3,4,eaee99ce-b4f2-4dfe-9542-70afa7353faa,2b2f1081-fac7-4884-b56c-28501b89abb8,2019-11-13 22:11:10.528850,2019-11-13 22:16:03.481170,292.95232,Probability Specialist V4,T1.Q6,Are any numbers given?,T1.Q6.A1,No,8ab7ae5b-336c-4c31-b76e-faa490dd9bf7,e5a9651b-3384-44bb-86c2-4788ff3a47f9,No,0,0,[]
NYU_Probability2,420dc8660318a2f5335151c374ae2aaafb958a7b677e094fed1373a8954468f9,0f21a204-85a9-497a-89d5-3d65cfd95c75,https://pe.goodlylabs.org/project/NYU_Probability2/task/2455,f515fa73-0314-4e8a-b6cf-6642655c42d4,NYU_Articles/Day1/RogerStoneTrialEndsRick.txt,100033,RogerStoneTrialEndsRick.txt,86d0e1839d825b8b56f2c7430efa716f4777e45dd001dd29ff68a3d232069e4c,2442,bc3ca3e8-c44e-4970-bbe1-c2c69a77173b,3,4,eaee99ce-b4f2-4dfe-9542-70afa7353faa,2b2f1081-fac7-4884-b56c-28501b89abb8,2019-11-13 22:11:10.528850,2019-11-13 22:16:03.481170,292.95232,Probability Specialist V4,T1.Q11,Does the text acknowledge that additional evidence might shift our understanding of the topics discussed in the article?,T1.Q11.A3,I can't tell,e14ed590-965e-44dc-a2a0-dc3defa196ec,77160257-9f45-4728-ba85-8563235665c6,I can't tell,0,0,[]
NYU_Probability2,420dc8660318a2f5335151c374ae2aaafb958a7b677e094fed1373a8954468f9,0f21a204-85a9-497a-89d5-3d65cfd95c75,https://pe.goodlylabs.org/project/NYU_Probability2/task/2455,f515fa73-0314-4e8a-b6cf-6642655c42d4,NYU_Articles/Day1/RogerStoneTrialEndsRick.txt,100033,RogerStoneTrialEndsRick.txt,86d0e1839d825b8b56f2c7430efa716f4777e45dd001dd29ff68a3d232069e4c,2442,bc3ca3e8-c44e-4970-bbe1-c2c69a77173b,3,4,eaee99ce-b4f2-4dfe-9542-70afa7353faa,2b2f1081-fac7-4884-b56c-28501b89abb8,2019-11-13 22:11:10.528850,2019-11-13 22:16:03.481170,292.95232,Probability Specialist V4,T1.Q13,"How difficult was this task for you, on the whole?",T1.Q13.A4,4,2d6f751a-4a98-43b7-a074-38956aa326bd,11026597-140a-4a2f-9844-98de8e12691c,4,0,0,[]
NYU_Probability2,420dc8660318a2f5335151c374ae2aaafb958a7b677e094fed1373a8954468f9,0f21a204-85a9-497a-89d5-3d65cfd95c75,https://pe.goodlylabs.org/project/NYU_Probability2/task/2455,f515fa73-0314-4e8a-b6cf-6642655c42d4,NYU_Articles/Day1/RogerStoneTrialEndsRick.txt,100033,RogerStoneTrialEndsRick.txt,86d0e1839d825b8b56f2c7430efa716f4777e45dd001dd29ff68a3d232069e4c,2442,bc3ca3e8-c44e-4970-bbe1-c2c69a77173b,3,4,eaee99ce-b4f2-4dfe-9542-70afa7353faa,2b2f1081-fac7-4884-b56c-28501b89abb8,2019-11-13 22:11:10.528850,2019-11-13 22:16:03.481170,292.95232,Probability Specialist V4,T1.Q14,"How confident are you about your answers, on the whole?",T1.Q14.A8,8,9ee3d72c-5c95-40a6-9663-afcd156bcdc1,b3cc8cb1-81b0-4a85-b8ad-de1b05a7d87a,8,0,0,[]
NYU_Probability2,420dc8660318a2f5335151c374ae2aaafb958a7b677e094fed1373a8954468f9,538be16d-6f08-44ce-bf72-36583c4e528f,https://pe.goodlylabs.org/project/NYU_Probability2/task/2453,99182ea4-a87a-4339-b3ac-bc29f260ab22,NYU_Articles/Day1/RogerStoneTrialEndsRick.txt,100033,RogerStoneTrialEndsRick.txt,86d0e1839d825b8b56f2c7430efa716f4777e45dd001dd29ff68a3d232069e4c,2442,df6507e7-c1e8-45e4-a991-dfdffb3ed610,3,4,3ab643a6-7eee-4d81-9958-a93a674187f6,46c713ca-b363-4ed6-aa35-6f5b24db7d5e,2019-11-13 23:15:46.240744,2019-11-13 23:16:47.000305,60.759561,Probability Specialist V4,T1.Q1,Does the text make any claims with great confidence? Highlight the relevant part.,T1.Q1.A1,Yes,234ad83d-cd43-4b6b-9bf1-66185614d37e,d740c3c5-6a3c-4924-9a46-fdb687e79930,Yes,1,1,"[{""case_number"": 1, ""text"": ""to the fact that Donald Trump was in on the Wikileaks dump before they made the emails public"", ""answer_id"": 4803, ""end"": 578, ""start"": 485}]"
NYU_Probability2,420dc8660318a2f5335151c374ae2aaafb958a7b677e094fed1373a8954468f9,538be16d-6f08-44ce-bf72-36583c4e528f,https://pe.goodlylabs.org/project/NYU_Probability2/task/2453,99182ea4-a87a-4339-b3ac-bc29f260ab22,NYU_Articles/Day1/RogerStoneTrialEndsRick.txt,100033,RogerStoneTrialEndsRick.txt,86d0e1839d825b8b56f2c7430efa716f4777e45dd001dd29ff68a3d232069e4c,2442,df6507e7-c1e8-45e4-a991-dfdffb3ed610,3,4,3ab643a6-7eee-4d81-9958-a93a674187f6,46c713ca-b363-4ed6-aa35-6f5b24db7d5e,2019-11-13 23:15:46.240744,2019-11-13 23:16:47.000305,60.759561,Probability Specialist V4,T1.Q2,To what extent does the confidence seem justified?,T1.Q2.A5,Not at all justified,dba6ec02-fc9e-4eab-b1d2-0da0683ec457,0cc43eb8-f264-4d15-ac0c-63508cf81f61,Not at all justified,0,0,[]
NYU_Probability2,420dc8660318a2f5335151c374ae2aaafb958a7b677e094fed1373a8954468f9,538be16d-6f08-44ce-bf72-36583c4e528f,https://pe.goodlylabs.org/project/NYU_Probability2/task/2453,99182ea4-a87a-4339-b3ac-bc29f260ab22,NYU_Articles/Day1/RogerStoneTrialEndsRick.txt,100033,RogerStoneTrialEndsRick.txt,86d0e1839d825b8b56f2c7430efa716f4777e45dd001dd29ff68a3d232069e4c,2442,df6507e7-c1e8-45e4-a991-dfdffb3ed610,3,4,3ab643a6-7eee-4d81-9958-a93a674187f6,46c713ca-b363-4ed6-aa35-6f5b24db7d5e,2019-11-13 23:15:46.240744,2019-11-13 23:16:47.000305,60.759561,Probability Specialist V4,T1.Q5,"Does the text acknowledge that their favored theory is in any way uncertain? If so, highlight the relevant section.",T1.Q5.A3,No,a8ab9ba4-6aad-4109-8072-52f5a51bbba9,67422342-23bf-476b-a0fa-b890041e723e,No,0,0,[]
NYU_Probability2,420dc8660318a2f5335151c374ae2aaafb958a7b677e094fed1373a8954468f9,538be16d-6f08-44ce-bf72-36583c4e528f,https://pe.goodlylabs.org/project/NYU_Probability2/task/2453,99182ea4-a87a-4339-b3ac-bc29f260ab22,NYU_Articles/Day1/RogerStoneTrialEndsRick.txt,100033,RogerStoneTrialEndsRick.txt,86d0e1839d825b8b56f2c7430efa716f4777e45dd001dd29ff68a3d232069e4c,2442,df6507e7-c1e8-45e4-a991-dfdffb3ed610,3,4,3ab643a6-7eee-4d81-9958-a93a674187f6,46c713ca-b363-4ed6-aa35-6f5b24db7d5e,2019-11-13 23:15:46.240744,2019-11-13 23:16:47.000305,60.759561,Probability Specialist V4,T1.Q6,Are any numbers given?,T1.Q6.A1,No,8ab7ae5b-336c-4c31-b76e-faa490dd9bf7,2128ce54-3dad-49ad-b0af-48cbc2ba766b,No,0,0,[]
NYU_Probability2,420dc8660318a2f5335151c374ae2aaafb958a7b677e094fed1373a8954468f9,538be16d-6f08-44ce-bf72-36583c4e528f,https://pe.goodlylabs.org/project/NYU_Probability2/task/2453,99182ea4-a87a-4339-b3ac-bc29f260ab22,NYU_Articles/Day1/RogerStoneTrialEndsRick.txt,100033,RogerStoneTrialEndsRick.txt,86d0e1839d825b8b56f2c7430efa716f4777e45dd001dd29ff68a3d232069e4c,2442,df6507e7-c1e8-45e4-a991-dfdffb3ed610,3,4,3ab643a6-7eee-4d81-9958-a93a674187f6,46c713ca-b363-4ed6-aa35-6f5b24db7d5e,2019-11-13 23:15:46.240744,2019-11-13 23:16:47.000305,60.759561,Probability Specialist V4,T1.Q11,Does the text acknowledge that additional evidence might shift our understanding of the topics discussed in the article?,T1.Q11.A4,"No, not at all",4ddafbb5-c56e-470f-85e5-88fa5f09e311,952c9027-255a-444e-adbc-1adf9b4c83ca,"No, not at all",0,0,[]
NYU_Probability2,420dc8660318a2f5335151c374ae2aaafb958a7b677e094fed1373a8954468f9,538be16d-6f08-44ce-bf72-36583c4e528f,https://pe.goodlylabs.org/project/NYU_Probability2/task/2453,99182ea4-a87a-4339-b3ac-bc29f260ab22,NYU_Articles/Day1/RogerStoneTrialEndsRick.txt,100033,RogerStoneTrialEndsRick.txt,86d0e1839d825b8b56f2c7430efa716f4777e45dd001dd29ff68a3d232069e4c,2442,df6507e7-c1e8-45e4-a991-dfdffb3ed610,3,4,3ab643a6-7eee-4d81-9958-a93a674187f6,46c713ca-b363-4ed6-aa35-6f5b24db7d5e,2019-11-13 23:15:46.240744,2019-11-13 23:16:47.000305,60.759561,Probability Specialist V4,T1.Q13,"How difficult was this task for you, on the whole?",T1.Q13.A4,4,2d6f751a-4a98-43b7-a074-38956aa326bd,e522563e-42ca-4d60-b2f4-8e1bbc90d772,4,0,0,[]
NYU_Probability2,420dc8660318a2f5335151c374ae2aaafb958a7b677e094fed1373a8954468f9,538be16d-6f08-44ce-bf72-36583c4e528f,https://pe.goodlylabs.org/project/NYU_Probability2/task/2453,99182ea4-a87a-4339-b3ac-bc29f260ab22,NYU_Articles/Day1/RogerStoneTrialEndsRick.txt,100033,RogerStoneTrialEndsRick.txt,86d0e1839d825b8b56f2c7430efa716f4777e45dd001dd29ff68a3d232069e4c,2442,df6507e7-c1e8-45e4-a991-dfdffb3ed610,3,4,3ab643a6-7eee-4d81-9958-a93a674187f6,46c713ca-b363-4ed6-aa35-6f5b24db7d5e,2019-11-13 23:15:46.240744,2019-11-13 23:16:47.000305,60.759561,Probability Specialist V4,T1.Q14,"How confident are you about your answers, on the whole?",T1.Q14.A7,7,56e0c4d7-467d-4eb9-b459-206a80f8191e,68c877ca-7117-4019-9511-38bacf147eea,7,0,0,[]
NYU_Probability2,420dc8660318a2f5335151c374ae2aaafb958a7b677e094fed1373a8954468f9,cfecc271-3fc7-4fde-be29-ae3c743c2826,https://pe.goodlylabs.org/project/NYU_Probability2/task/2454,9f78d683-97cf-4a2b-9fe4-7c7e85039cca,NYU_Articles/Day1/RogerStoneTrialEndsRick.txt,100033,RogerStoneTrialEndsRick.txt,86d0e1839d825b8b56f2c7430efa716f4777e45dd001dd29ff68a3d232069e4c,2442,9c7cf7c5-006a-4d5d-badc-ccda9c6e5461,3,4,bb826073-47d4-4cac-8cb2-02faa2947726,46c713ca-b363-4ed6-aa35-6f5b24db7d5e,2019-11-13 23:15:46.596450,2019-11-13 23:17:20.694464,94.098014,Probability Specialist V4,T1.Q1,Does the text make any claims with great confidence? Highlight the relevant part.,T1.Q1.A1,Yes,234ad83d-cd43-4b6b-9bf1-66185614d37e,908d5eb8-7468-4330-b50a-ca33f4f5663e,Yes,1,1,"[{""case_number"": 1, ""text"": ""Still, the picture is pretty clear that the Russians hacked the DNC"", ""answer_id"": 4803, ""end"": 2177, ""start"": 2110}]"
NYU_Probability2,420dc8660318a2f5335151c374ae2aaafb958a7b677e094fed1373a8954468f9,cfecc271-3fc7-4fde-be29-ae3c743c2826,https://pe.goodlylabs.org/project/NYU_Probability2/task/2454,9f78d683-97cf-4a2b-9fe4-7c7e85039cca,NYU_Articles/Day1/RogerStoneTrialEndsRick.txt,100033,RogerStoneTrialEndsRick.txt,86d0e1839d825b8b56f2c7430efa716f4777e45dd001dd29ff68a3d232069e4c,2442,9c7cf7c5-006a-4d5d-badc-ccda9c6e5461,3,4,bb826073-47d4-4cac-8cb2-02faa2947726,46c713ca-b363-4ed6-aa35-6f5b24db7d5e,2019-11-13 23:15:46.596450,2019-11-13 23:17:20.694464,94.098014,Probability Specialist V4,T1.Q2,To what extent does the confidence seem justified?,T1.Q2.A5,Not at all justified,dba6ec02-fc9e-4eab-b1d2-0da0683ec457,365aa8a4-5ad8-417e-91ff-72a8397fdbfd,Not at all justified,0,0,[]
NYU_Probability2,420dc8660318a2f5335151c374ae2aaafb958a7b677e094fed1373a8954468f9,cfecc271-3fc7-4fde-be29-ae3c743c2826,https://pe.goodlylabs.org/project/NYU_Probability2/task/2454,9f78d683-97cf-4a2b-9fe4-7c7e85039cca,NYU_Articles/Day1/RogerStoneTrialEndsRick.txt,100033,RogerStoneTrialEndsRick.txt,86d0e1839d825b8b56f2c7430efa716f4777e45dd001dd29ff68a3d232069e4c,2442,9c7cf7c5-006a-4d5d-badc-ccda9c6e5461,3,4,bb826073-47d4-4cac-8cb2-02faa2947726,46c713ca-b363-4ed6-aa35-6f5b24db7d5e,2019-11-13 23:15:46.596450,2019-11-13 23:17:20.694464,94.098014,Probability Specialist V4,T1.Q5,"Does the text acknowledge that their favored theory is in any way uncertain? If so, highlight the relevant section.",T1.Q5.A3,No,a8ab9ba4-6aad-4109-8072-52f5a51bbba9,f0c35017-0aad-4aea-bac7-8159e402f2e7,No,0,0,[]
NYU_Probability2,420dc8660318a2f5335151c374ae2aaafb958a7b677e094fed1373a8954468f9,cfecc271-3fc7-4fde-be29-ae3c743c2826,https://pe.goodlylabs.org/project/NYU_Probability2/task/2454,9f78d683-97cf-4a2b-9fe4-7c7e85039cca,NYU_Articles/Day1/RogerStoneTrialEndsRick.txt,100033,RogerStoneTrialEndsRick.txt,86d0e1839d825b8b56f2c7430efa716f4777e45dd001dd29ff68a3d232069e4c,2442,9c7cf7c5-006a-4d5d-badc-ccda9c6e5461,3,4,bb826073-47d4-4cac-8cb2-02faa2947726,46c713ca-b363-4ed6-aa35-6f5b24db7d5e,2019-11-13 23:15:46.596450,2019-11-13 23:17:20.694464,94.098014,Probability Specialist V4,T1.Q6,Are any numbers given?,T1.Q6.A1,No,8ab7ae5b-336c-4c31-b76e-faa490dd9bf7,a056dbf2-3ab1-4db0-88bf-00b920a92a97,No,0,0,[]
NYU_Probability2,420dc8660318a2f5335151c374ae2aaafb958a7b677e094fed1373a8954468f9,cfecc271-3fc7-4fde-be29-ae3c743c2826,https://pe.goodlylabs.org/project/NYU_Probability2/task/2454,9f78d683-97cf-4a2b-9fe4-7c7e85039cca,NYU_Articles/Day1/RogerStoneTrialEndsRick.txt,100033,RogerStoneTrialEndsRick.txt,86d0e1839d825b8b56f2c7430efa716f4777e45dd001dd29ff68a3d232069e4c,2442,9c7cf7c5-006a-4d5d-badc-ccda9c6e5461,3,4,bb826073-47d4-4cac-8cb2-02faa2947726,46c713ca-b363-4ed6-aa35-6f5b24db7d5e,2019-11-13 23:15:46.596450,2019-11-13 23:17:20.694464,94.098014,Probability Specialist V4,T1.Q11,Does the text acknowledge that additional evidence might shift our understanding of the topics discussed in the article?,T1.Q11.A4,"No, not at all",4ddafbb5-c56e-470f-85e5-88fa5f09e311,946638e6-b3ec-41e3-aaf8-d76ce2e16363,"No, not at all",0,0,[]
NYU_Probability2,420dc8660318a2f5335151c374ae2aaafb958a7b677e094fed1373a8954468f9,cfecc271-3fc7-4fde-be29-ae3c743c2826,https://pe.goodlylabs.org/project/NYU_Probability2/task/2454,9f78d683-97cf-4a2b-9fe4-7c7e85039cca,NYU_Articles/Day1/RogerStoneTrialEndsRick.txt,100033,RogerStoneTrialEndsRick.txt,86d0e1839d825b8b56f2c7430efa716f4777e45dd001dd29ff68a3d232069e4c,2442,9c7cf7c5-006a-4d5d-badc-ccda9c6e5461,3,4,bb826073-47d4-4cac-8cb2-02faa2947726,46c713ca-b363-4ed6-aa35-6f5b24db7d5e,2019-11-13 23:15:46.596450,2019-11-13 23:17:20.694464,94.098014,Probability Specialist V4,T1.Q13,"How difficult was this task for you, on the whole?",T1.Q13.A4,4,2d6f751a-4a98-43b7-a074-38956aa326bd,3870960d-90e1-4fea-9fc8-f6e36b16f57d,4,0,0,[]
NYU_Probability2,420dc8660318a2f5335151c374ae2aaafb958a7b677e094fed1373a8954468f9,cfecc271-3fc7-4fde-be29-ae3c743c2826,https://pe.goodlylabs.org/project/NYU_Probability2/task/2454,9f78d683-97cf-4a2b-9fe4-7c7e85039cca,NYU_Articles/Day1/RogerStoneTrialEndsRick.txt,100033,RogerStoneTrialEndsRick.txt,86d0e1839d825b8b56f2c7430efa716f4777e45dd001dd29ff68a3d232069e4c,2442,9c7cf7c5-006a-4d5d-badc-ccda9c6e5461,3,4,bb826073-47d4-4cac-8cb2-02faa2947726,46c713ca-b363-4ed6-aa35-6f5b24db7d5e,2019-11-13 23:15:46.596450,2019-11-13 23:17:20.694464,94.098014,Probability Specialist V4,T1.Q14,"How confident are you about your answers, on the whole?",T1.Q14.A7,7,56e0c4d7-467d-4eb9-b459-206a80f8191e,0f052968-1642-426b-aa98-c7ef2130cbee,7,0,0,[]
NYU_Probability2,420dc8660318a2f5335151c374ae2aaafb958a7b677e094fed1373a8954468f9,0f21a204-85a9-497a-89d5-3d65cfd95c75,https://pe.goodlylabs.org/project/NYU_Probability2/task/2455,f515fa73-0314-4e8a-b6cf-6642655c42d4,NYU_Articles/Day1/RogerStoneTrialEndsRick.txt,100033,RogerStoneTrialEndsRick.txt,86d0e1839d825b8b56f2c7430efa716f4777e45dd001dd29ff68a3d232069e4c,2442,bc3ca3e8-c44e-4970-bbe1-c2c69a77173b,3,4,97cccbfb-91ee-4206-afe3-fa19d659efe4,46c713ca-b363-4ed6-aa35-6f5b24db7d5e,2019-11-13 23:16:47.314282,2019-11-13 23:17:40.518269,53.203987,Probability Specialist V4,T1.Q1,Does the text make any claims with great confidence? Highlight the relevant part.,T1.Q1.A3,No,69f3fb88-edd7-4c01-bd2c-b165743c682e,b3cd0c90-d936-4625-b28a-8f47c574d757,No,0,0,[]
NYU_Probability2,420dc8660318a2f5335151c374ae2aaafb958a7b677e094fed1373a8954468f9,0f21a204-85a9-497a-89d5-3d65cfd95c75,https://pe.goodlylabs.org/project/NYU_Probability2/task/2455,f515fa73-0314-4e8a-b6cf-6642655c42d4,NYU_Articles/Day1/RogerStoneTrialEndsRick.txt,100033,RogerStoneTrialEndsRick.txt,86d0e1839d825b8b56f2c7430efa716f4777e45dd001dd29ff68a3d232069e4c,2442,bc3ca3e8-c44e-4970-bbe1-c2c69a77173b,3,4,97cccbfb-91ee-4206-afe3-fa19d659efe4,46c713ca-b363-4ed6-aa35-6f5b24db7d5e,2019-11-13 23:16:47.314282,2019-11-13 23:17:40.518269,53.203987,Probability Specialist V4,T1.Q5,"Does the text acknowledge that their favored theory is in any way uncertain? If so, highlight the relevant section.",T1.Q5.A3,No,a8ab9ba4-6aad-4109-8072-52f5a51bbba9,9b469cb7-19e3-4a19-94c2-4e7beec0965a,No,0,0,[]
NYU_Probability2,420dc8660318a2f5335151c374ae2aaafb958a7b677e094fed1373a8954468f9,0f21a204-85a9-497a-89d5-3d65cfd95c75,https://pe.goodlylabs.org/project/NYU_Probability2/task/2455,f515fa73-0314-4e8a-b6cf-6642655c42d4,NYU_Articles/Day1/RogerStoneTrialEndsRick.txt,100033,RogerStoneTrialEndsRick.txt,86d0e1839d825b8b56f2c7430efa716f4777e45dd001dd29ff68a3d232069e4c,2442,bc3ca3e8-c44e-4970-bbe1-c2c69a77173b,3,4,97cccbfb-91ee-4206-afe3-fa19d659efe4,46c713ca-b363-4ed6-aa35-6f5b24db7d5e,2019-11-13 23:16:47.314282,2019-11-13 23:17:40.518269,53.203987,Probability Specialist V4,T1.Q6,Are any numbers given?,T1.Q6.A1,No,8ab7ae5b-336c-4c31-b76e-faa490dd9bf7,8ae3b26b-e2db-408e-8b3d-58bc1128a020,No,0,0,[]
NYU_Probability2,420dc8660318a2f5335151c374ae2aaafb958a7b677e094fed1373a8954468f9,0f21a204-85a9-497a-89d5-3d65cfd95c75,https://pe.goodlylabs.org/project/NYU_Probability2/task/2455,f515fa73-0314-4e8a-b6cf-6642655c42d4,NYU_Articles/Day1/RogerStoneTrialEndsRick.txt,100033,RogerStoneTrialEndsRick.txt,86d0e1839d825b8b56f2c7430efa716f4777e45dd001dd29ff68a3d232069e4c,2442,bc3ca3e8-c44e-4970-bbe1-c2c69a77173b,3,4,97cccbfb-91ee-4206-afe3-fa19d659efe4,46c713ca-b363-4ed6-aa35-6f5b24db7d5e,2019-11-13 23:16:47.314282,2019-11-13 23:17:40.518269,53.203987,Probability Specialist V4,T1.Q11,Does the text acknowledge that additional evidence might shift our understanding of the topics discussed in the article?,T1.Q11.A4,"No, not at all",4ddafbb5-c56e-470f-85e5-88fa5f09e311,6d90986c-7184-47b2-877c-94556b18ccb6,"No, not at all",0,0,[]
NYU_Probability2,420dc8660318a2f5335151c374ae2aaafb958a7b677e094fed1373a8954468f9,0f21a204-85a9-497a-89d5-3d65cfd95c75,https://pe.goodlylabs.org/project/NYU_Probability2/task/2455,f515fa73-0314-4e8a-b6cf-6642655c42d4,NYU_Articles/Day1/RogerStoneTrialEndsRick.txt,100033,RogerStoneTrialEndsRick.txt,86d0e1839d825b8b56f2c7430efa716f4777e45dd001dd29ff68a3d232069e4c,2442,bc3ca3e8-c44e-4970-bbe1-c2c69a77173b,3,4,97cccbfb-91ee-4206-afe3-fa19d659efe4,46c713ca-b363-4ed6-aa35-6f5b24db7d5e,2019-11-13 23:16:47.314282,2019-11-13 23:17:40.518269,53.203987,Probability Specialist V4,T1.Q13,"How difficult was this task for you, on the whole?",T1.Q13.A3,3,420a5e13-81e2-45e1-a99e-86d9417d78b3,acf80204-a694-4dc2-8800-574a6a7bbb9c,3,0,0,[]
NYU_Probability2,420dc8660318a2f5335151c374ae2aaafb958a7b677e094fed1373a8954468f9,0f21a204-85a9-497a-89d5-3d65cfd95c75,https://pe.goodlylabs.org/project/NYU_Probability2/task/2455,f515fa73-0314-4e8a-b6cf-6642655c42d4,NYU_Articles/Day1/RogerStoneTrialEndsRick.txt,100033,RogerStoneTrialEndsRick.txt,86d0e1839d825b8b56f2c7430efa716f4777e45dd001dd29ff68a3d232069e4c,2442,bc3ca3e8-c44e-4970-bbe1-c2c69a77173b,3,4,97cccbfb-91ee-4206-afe3-fa19d659efe4,46c713ca-b363-4ed6-aa35-6f5b24db7d5e,2019-11-13 23:16:47.314282,2019-11-13 23:17:40.518269,53.203987,Probability Specialist V4,T1.Q14,"How confident are you about your answers, on the whole?",T1.Q14.A7,7,56e0c4d7-467d-4eb9-b459-206a80f8191e,54b9133e-7303-49c2-90c2-8ef401da3b8e,7,0,0,[]
