schema_namespace,schema_sha256,quiz_task_uuid,task_url,taskrun_count,redundancy,article_batch_name,article_number,article_filename,article_sha256,quiz_taskrun_uuid,contributor_uuid,created,finish_time,elapsed_seconds,final_queue,T1.Q1.A1,T1.Q1.A2,T1.Q1.A3,T1.Q1.A4,T1.Q1.A5,T1.Q1.A6,T1.Q1.A7,T1.Q1.A8,T1.Q1.A9,T1.Q2.A1,T1.Q2.A2,T1.Q3.A1,T1.Q3.A2,T1.Q3.A3,T1.Q3.A4,T1.Q3.A5,T1.Q3.A6,T1.Q4,T1.Q5,T1.Q6
SourceSpecialist2019_08_04,db4839b972de024425cd9cefd48cef529dc437c140c5df7a03a6401bd0853135,b03bae6f-704c-4545-972a-7ca5783698e6,https://pe.goodlylabs.org/project/NYU_QuotedSources/task/2317,5,3,NYU_Articles/Pilot/FormerUkraineProsecutorSaysHe.txt,100028,FormerUkraineProsecutorSaysHe.txt,f7eb2314bb13aae4542caf7ee10c336890c3e911c50093d575b1849e107abfb7,fdce68b4-ab5a-4ce9-9c18-2e8679f8fadd,0e4b8a3e-2714-4b5f-ba10-bb576aaa5cc6,2019-10-27 00:39:09.661985,2019-10-27 00:42:03.876863,174.214878,"T1.Q1, T1.Q2, T1.Q3, T1.Q4, T1.Q5, T1.Q6",0,1,1,0,1,0,0,0,0,1,1,1,1,0,0,0,0,Central idea/s of article.,5: Middling difficulty,9
SourceSpecialist2019_08_04,db4839b972de024425cd9cefd48cef529dc437c140c5df7a03a6401bd0853135,b03bae6f-704c-4545-972a-7ca5783698e6,https://pe.goodlylabs.org/project/NYU_QuotedSources/task/2317,5,3,NYU_Articles/Pilot/FormerUkraineProsecutorSaysHe.txt,100028,FormerUkraineProsecutorSaysHe.txt,f7eb2314bb13aae4542caf7ee10c336890c3e911c50093d575b1849e107abfb7,250f4d57-81f1-4d6a-be24-a6e157b54953,782cf148-ffac-43f1-99aa-27a9d64b5212,2019-10-27 06:30:22.152343,2019-10-27 07:03:55.874521,2013.722178,"T1.Q1, T1.Q2, T1.Q3, T1.Q4, T1.Q5, T1.Q6",0,1,1,0,1,1,0,0,0,1,1,1,0,0,0,0,0,Provide important support to central claim of article.,5: Middling difficulty,8
SourceSpecialist2019_08_04,db4839b972de024425cd9cefd48cef529dc437c140c5df7a03a6401bd0853135,b03bae6f-704c-4545-972a-7ca5783698e6,https://pe.goodlylabs.org/project/NYU_QuotedSources/task/2317,5,3,NYU_Articles/Pilot/FormerUkraineProsecutorSaysHe.txt,100028,FormerUkraineProsecutorSaysHe.txt,f7eb2314bb13aae4542caf7ee10c336890c3e911c50093d575b1849e107abfb7,0fc7d3e5-146c-4e4c-92cc-90293f3523b9,aa6922da-994c-4d34-aa93-ae9abc41d8f7,2019-10-28 03:50:53.944227,2019-10-28 03:53:48.165483,174.221256,"T1.Q1, T1.Q2, T1.Q3, T1.Q4, T1.Q5, T1.Q6",0,1,1,0,1,1,0,0,0,1,1,1,0,0,0,0,0,Central idea/s of article.,3,8
SourceSpecialist2019_08_04,db4839b972de024425cd9cefd48cef529dc437c140c5df7a03a6401bd0853135,b03bae6f-704c-4545-972a-7ca5783698e6,https://pe.goodlylabs.org/project/NYU_QuotedSources/task/2317,5,3,NYU_Articles/Pilot/FormerUkraineProsecutorSaysHe.txt,100028,FormerUkraineProsecutorSaysHe.txt,f7eb2314bb13aae4542caf7ee10c336890c3e911c50093d575b1849e107abfb7,80035d29-3262-4e25-86ee-89c02342159b,c56a533a-deab-4c1a-a516-e8994c45e84c,2019-11-13 19:14:30.925389,2019-11-13 19:36:15.766913,1304.841524,"T1.Q1, T1.Q2, T1.Q3, T1.Q4, T1.Q5, T1.Q6",0,1,1,0,1,1,0,0,0,1,1,0,0,0,1,0,1,Provide important support to central claim of article.,5: Middling difficulty,5: 50-50
SourceSpecialist2019_08_04,db4839b972de024425cd9cefd48cef529dc437c140c5df7a03a6401bd0853135,b03bae6f-704c-4545-972a-7ca5783698e6,https://pe.goodlylabs.org/project/NYU_QuotedSources/task/2317,5,3,NYU_Articles/Pilot/FormerUkraineProsecutorSaysHe.txt,100028,FormerUkraineProsecutorSaysHe.txt,f7eb2314bb13aae4542caf7ee10c336890c3e911c50093d575b1849e107abfb7,880a3aca-3d40-4c67-8dbc-5cb3336c29a3,bba6ae56-fae7-4c7f-993a-866ea4c3efc2,2019-11-13 21:30:34.307494,2019-11-13 21:49:46.290751,1151.983257,"T1.Q1, T1.Q2, T1.Q3, T1.Q4, T1.Q5, T1.Q6",0,1,1,0,1,0,1,1,0,1,1,1,0,1,0,0,0,Provide important support to central claim of article.,6,7
SourceSpecialist2019_08_04,db4839b972de024425cd9cefd48cef529dc437c140c5df7a03a6401bd0853135,25934017-34a6-4cb7-b135-fa360ff2de3a,https://pe.goodlylabs.org/project/NYU_QuotedSources/task/2318,5,3,NYU_Articles/Pilot/FormerUkraineProsecutorSaysHe.txt,100028,FormerUkraineProsecutorSaysHe.txt,f7eb2314bb13aae4542caf7ee10c336890c3e911c50093d575b1849e107abfb7,5ce91c6e-fa38-491a-9981-82a1414ebb72,0e4b8a3e-2714-4b5f-ba10-bb576aaa5cc6,2019-10-27 00:39:09.756600,2019-10-27 01:03:11.375525,1441.618925,"T1.Q1, T1.Q2, T1.Q3, T1.Q4, T1.Q5, T1.Q6",1,1,1,0,1,0,0,0,0,1,1,1,0,0,0,0,0,Provide important support to central claim of article.,5: Middling difficulty,7
SourceSpecialist2019_08_04,db4839b972de024425cd9cefd48cef529dc437c140c5df7a03a6401bd0853135,25934017-34a6-4cb7-b135-fa360ff2de3a,https://pe.goodlylabs.org/project/NYU_QuotedSources/task/2318,5,3,NYU_Articles/Pilot/FormerUkraineProsecutorSaysHe.txt,100028,FormerUkraineProsecutorSaysHe.txt,f7eb2314bb13aae4542caf7ee10c336890c3e911c50093d575b1849e107abfb7,957a74e4-cb9e-4aca-86ea-5645eea02b8a,782cf148-ffac-43f1-99aa-27a9d64b5212,2019-10-27 06:30:22.280876,2019-10-27 07:11:28.492713,2466.211837,"T1.Q1, T1.Q2, T1.Q3, T1.Q4, T1.Q5, T1.Q6",0,0,0,0,1,0,0,0,0,1,1,0,1,0,0,0,0,Provide important support to central claim of article.,4,8
SourceSpecialist2019_08_04,db4839b972de024425cd9cefd48cef529dc437c140c5df7a03a6401bd0853135,25934017-34a6-4cb7-b135-fa360ff2de3a,https://pe.goodlylabs.org/project/NYU_QuotedSources/task/2318,5,3,NYU_Articles/Pilot/FormerUkraineProsecutorSaysHe.txt,100028,FormerUkraineProsecutorSaysHe.txt,f7eb2314bb13aae4542caf7ee10c336890c3e911c50093d575b1849e107abfb7,4e29a2ef-b168-4efe-a442-40bb3507d012,aa6922da-994c-4d34-aa93-ae9abc41d8f7,2019-10-28 03:50:54.196514,2019-10-28 03:55:18.224248,264.027734,"T1.Q1, T1.Q2, T1.Q3, T1.Q4, T1.Q5, T1.Q6",0,0,0,0,1,0,0,0,0,1,1,0,0,0,1,0,0,Provide non-essential context for article.,4,9
SourceSpecialist2019_08_04,db4839b972de024425cd9cefd48cef529dc437c140c5df7a03a6401bd0853135,25934017-34a6-4cb7-b135-fa360ff2de3a,https://pe.goodlylabs.org/project/NYU_QuotedSources/task/2318,5,3,NYU_Articles/Pilot/FormerUkraineProsecutorSaysHe.txt,100028,FormerUkraineProsecutorSaysHe.txt,f7eb2314bb13aae4542caf7ee10c336890c3e911c50093d575b1849e107abfb7,c523b4b8-ab77-4d84-b700-c4dfd842a337,c56a533a-deab-4c1a-a516-e8994c45e84c,2019-11-13 19:14:31.025979,2019-11-13 19:39:01.019122,1469.993143,"T1.Q1, T1.Q2, T1.Q3, T1.Q4, T1.Q5, T1.Q6",0,0,0,0,1,0,0,0,0,1,1,0,0,0,0,0,1,Provide important support to central claim of article.,5: Middling difficulty,5: 50-50
SourceSpecialist2019_08_04,db4839b972de024425cd9cefd48cef529dc437c140c5df7a03a6401bd0853135,25934017-34a6-4cb7-b135-fa360ff2de3a,https://pe.goodlylabs.org/project/NYU_QuotedSources/task/2318,5,3,NYU_Articles/Pilot/FormerUkraineProsecutorSaysHe.txt,100028,FormerUkraineProsecutorSaysHe.txt,f7eb2314bb13aae4542caf7ee10c336890c3e911c50093d575b1849e107abfb7,c6e105b6-d1aa-4164-9432-52bc0d9167d7,bba6ae56-fae7-4c7f-993a-866ea4c3efc2,2019-11-13 21:30:34.593430,2019-11-13 21:52:26.971643,1312.378213,"T1.Q1, T1.Q2, T1.Q3, T1.Q4, T1.Q5, T1.Q6",1,1,0,0,1,0,0,0,0,1,1,0,1,0,0,0,0,Provide important support to central claim of article.,5: Middling difficulty,6
SourceSpecialist2019_08_04,db4839b972de024425cd9cefd48cef529dc437c140c5df7a03a6401bd0853135,2a41a970-10b6-4bd6-b527-a1cffc4871d0,https://pe.goodlylabs.org/project/NYU_QuotedSources/task/2319,5,3,NYU_Articles/Pilot/FormerUkraineProsecutorSaysHe.txt,100028,FormerUkraineProsecutorSaysHe.txt,f7eb2314bb13aae4542caf7ee10c336890c3e911c50093d575b1849e107abfb7,5cdc898c-6ce4-48da-90b3-543e79ad4714,0e4b8a3e-2714-4b5f-ba10-bb576aaa5cc6,2019-10-27 00:42:04.086356,2019-10-27 01:04:53.411127,1369.324771,"T1.Q1, T1.Q2, T1.Q3, T1.Q4, T1.Q5, T1.Q6",0,1,1,1,1,0,0,0,0,1,1,0,1,0,0,0,0,Provide non-essential context for article.,5: Middling difficulty,9
SourceSpecialist2019_08_04,db4839b972de024425cd9cefd48cef529dc437c140c5df7a03a6401bd0853135,2a41a970-10b6-4bd6-b527-a1cffc4871d0,https://pe.goodlylabs.org/project/NYU_QuotedSources/task/2319,5,3,NYU_Articles/Pilot/FormerUkraineProsecutorSaysHe.txt,100028,FormerUkraineProsecutorSaysHe.txt,f7eb2314bb13aae4542caf7ee10c336890c3e911c50093d575b1849e107abfb7,d89f0b8f-c56b-4f98-b0d6-698b58018d72,782cf148-ffac-43f1-99aa-27a9d64b5212,2019-10-27 07:03:56.183979,2019-10-27 07:12:44.173681,527.989702,"T1.Q1, T1.Q2, T1.Q3, T1.Q4, T1.Q5, T1.Q6",0,0,0,0,1,0,0,0,0,1,1,1,1,0,0,0,0,Provide non-essential context for article.,4,8
SourceSpecialist2019_08_04,db4839b972de024425cd9cefd48cef529dc437c140c5df7a03a6401bd0853135,2a41a970-10b6-4bd6-b527-a1cffc4871d0,https://pe.goodlylabs.org/project/NYU_QuotedSources/task/2319,5,3,NYU_Articles/Pilot/FormerUkraineProsecutorSaysHe.txt,100028,FormerUkraineProsecutorSaysHe.txt,f7eb2314bb13aae4542caf7ee10c336890c3e911c50093d575b1849e107abfb7,6aa896ed-91bf-47b9-8f75-79a80a0f050c,aa6922da-994c-4d34-aa93-ae9abc41d8f7,2019-10-28 03:53:48.418756,2019-10-28 03:56:39.857793,171.439037,"T1.Q1, T1.Q2, T1.Q3, T1.Q4, T1.Q5, T1.Q6",0,0,0,0,1,0,0,0,0,1,1,0,1,0,0,0,0,Provide non-essential context for article.,4,9
SourceSpecialist2019_08_04,db4839b972de024425cd9cefd48cef529dc437c140c5df7a03a6401bd0853135,2a41a970-10b6-4bd6-b527-a1cffc4871d0,https://pe.goodlylabs.org/project/NYU_QuotedSources/task/2319,5,3,NYU_Articles/Pilot/FormerUkraineProsecutorSaysHe.txt,100028,FormerUkraineProsecutorSaysHe.txt,f7eb2314bb13aae4542caf7ee10c336890c3e911c50093d575b1849e107abfb7,5e056c1b-0cba-493e-8a5e-1759ce4bf563,c56a533a-deab-4c1a-a516-e8994c45e84c,2019-11-13 19:36:15.973130,2019-11-13 19:43:08.615734,412.642604,"T1.Q1, T1.Q2, T1.Q3, T1.Q4, T1.Q5, T1.Q6",0,0,0,0,1,0,0,0,0,1,0,0,0,1,0,0,0,Provide important support to central claim of article.,5: Middling difficulty,5: 50-50
SourceSpecialist2019_08_04,db4839b972de024425cd9cefd48cef529dc437c140c5df7a03a6401bd0853135,2a41a970-10b6-4bd6-b527-a1cffc4871d0,https://pe.goodlylabs.org/project/NYU_QuotedSources/task/2319,5,3,NYU_Articles/Pilot/FormerUkraineProsecutorSaysHe.txt,100028,FormerUkraineProsecutorSaysHe.txt,f7eb2314bb13aae4542caf7ee10c336890c3e911c50093d575b1849e107abfb7,a6545182-11e3-41d2-9cf0-3be4df1f7d1f,bba6ae56-fae7-4c7f-993a-866ea4c3efc2,2019-11-13 21:49:46.520783,2019-11-13 21:54:09.394475,262.873692,"T1.Q1, T1.Q2, T1.Q3, T1.Q4, T1.Q5, T1.Q6",0,1,0,0,1,0,1,0,0,1,1,0,0,1,0,0,0,Provide important support to central claim of article.,4,7
SourceSpecialist2019_08_04,db4839b972de024425cd9cefd48cef529dc437c140c5df7a03a6401bd0853135,899a3f67-f712-422a-aaa1-5e1b69fdda3e,https://pe.goodlylabs.org/project/NYU_QuotedSources/task/2320,5,3,NYU_Articles/Pilot/FormerUkraineProsecutorSaysHe.txt,100028,FormerUkraineProsecutorSaysHe.txt,f7eb2314bb13aae4542caf7ee10c336890c3e911c50093d575b1849e107abfb7,c641b4e5-d903-48c5-b535-32f114dcddfd,0e4b8a3e-2714-4b5f-ba10-bb576aaa5cc6,2019-10-27 01:03:11.744704,2019-10-27 01:05:43.765721,152.021017,"T1.Q1, T1.Q2, T1.Q3, T1.Q4, T1.Q5, T1.Q6",0,1,1,0,1,0,0,0,0,1,0,1,0,0,0,0,0,Provide important support to central claim of article.,5: Middling difficulty,9
SourceSpecialist2019_08_04,db4839b972de024425cd9cefd48cef529dc437c140c5df7a03a6401bd0853135,899a3f67-f712-422a-aaa1-5e1b69fdda3e,https://pe.goodlylabs.org/project/NYU_QuotedSources/task/2320,5,3,NYU_Articles/Pilot/FormerUkraineProsecutorSaysHe.txt,100028,FormerUkraineProsecutorSaysHe.txt,f7eb2314bb13aae4542caf7ee10c336890c3e911c50093d575b1849e107abfb7,c5a15646-ca06-4cc1-95c2-47ae909e71a0,782cf148-ffac-43f1-99aa-27a9d64b5212,2019-10-27 07:11:28.755245,2019-10-27 07:13:36.703417,127.948172,"T1.Q1, T1.Q2, T1.Q3, T1.Q4, T1.Q5, T1.Q6",0,1,1,0,1,0,0,0,0,1,1,1,0,0,0,0,0,Provide non-essential context for article.,4,8
SourceSpecialist2019_08_04,db4839b972de024425cd9cefd48cef529dc437c140c5df7a03a6401bd0853135,899a3f67-f712-422a-aaa1-5e1b69fdda3e,https://pe.goodlylabs.org/project/NYU_QuotedSources/task/2320,5,3,NYU_Articles/Pilot/FormerUkraineProsecutorSaysHe.txt,100028,FormerUkraineProsecutorSaysHe.txt,f7eb2314bb13aae4542caf7ee10c336890c3e911c50093d575b1849e107abfb7,d82b750c-f63c-4785-9cdb-b3dde940b470,aa6922da-994c-4d34-aa93-ae9abc41d8f7,2019-10-28 03:55:18.513955,2019-10-28 03:57:16.785173,118.271218,"T1.Q1, T1.Q2, T1.Q3, T1.Q4, T1.Q5, T1.Q6",0,1,1,0,1,0,0,0,0,1,0,0,1,0,0,0,0,Provide non-essential context for article.,5: Middling difficulty,9
SourceSpecialist2019_08_04,db4839b972de024425cd9cefd48cef529dc437c140c5df7a03a6401bd0853135,899a3f67-f712-422a-aaa1-5e1b69fdda3e,https://pe.goodlylabs.org/project/NYU_QuotedSources/task/2320,5,3,NYU_Articles/Pilot/FormerUkraineProsecutorSaysHe.txt,100028,FormerUkraineProsecutorSaysHe.txt,f7eb2314bb13aae4542caf7ee10c336890c3e911c50093d575b1849e107abfb7,867edfb0-b6d8-4bdc-b9da-976ae2bd1e33,c56a533a-deab-4c1a-a516-e8994c45e84c,2019-11-13 19:39:01.232010,2019-11-13 19:44:15.035522,313.803512,"T1.Q1, T1.Q2, T1.Q3, T1.Q4, T1.Q5, T1.Q6",0,1,1,0,1,0,0,0,0,1,0,0,0,1,0,0,0,Provide important support to central claim of article.,5: Middling difficulty,5: 50-50
SourceSpecialist2019_08_04,db4839b972de024425cd9cefd48cef529dc437c140c5df7a03a6401bd0853135,899a3f67-f712-422a-aaa1-5e1b69fdda3e,https://pe.goodlylabs.org/project/NYU_QuotedSources/task/2320,5,3,NYU_Articles/Pilot/FormerUkraineProsecutorSaysHe.txt,100028,FormerUkraineProsecutorSaysHe.txt,f7eb2314bb13aae4542caf7ee10c336890c3e911c50093d575b1849e107abfb7,0fa82b82-ad23-4046-98f5-36885deb3e15,bba6ae56-fae7-4c7f-993a-866ea4c3efc2,2019-11-13 21:52:27.193691,2019-11-13 21:55:48.209925,201.016234,"T1.Q1, T1.Q2, T1.Q3, T1.Q4, T1.Q5, T1.Q6",0,1,1,0,1,0,0,0,0,1,0,0,0,1,0,0,0,Provide non-essential context for article.,4,6
SourceSpecialist2019_08_04,db4839b972de024425cd9cefd48cef529dc437c140c5df7a03a6401bd0853135,9cd06409-7241-409d-9b07-0213c83efd01,https://pe.goodlylabs.org/project/NYU_QuotedSources/task/2321,5,3,NYU_Articles/Pilot/FormerUkraineProsecutorSaysHe.txt,100028,FormerUkraineProsecutorSaysHe.txt,f7eb2314bb13aae4542caf7ee10c336890c3e911c50093d575b1849e107abfb7,66a57e85-7f93-486c-967c-05883b351451,0e4b8a3e-2714-4b5f-ba10-bb576aaa5cc6,2019-10-27 01:04:53.608241,2019-10-27 01:11:23.201016,389.592775,"T1.Q1, T1.Q2, T1.Q3, T1.Q4, T1.Q5, T1.Q6",0,0,0,0,1,0,1,0,0,0,1,0,0,0,0,0,1,Provide non-essential context for article.,5: Middling difficulty,9
SourceSpecialist2019_08_04,db4839b972de024425cd9cefd48cef529dc437c140c5df7a03a6401bd0853135,9cd06409-7241-409d-9b07-0213c83efd01,https://pe.goodlylabs.org/project/NYU_QuotedSources/task/2321,5,3,NYU_Articles/Pilot/FormerUkraineProsecutorSaysHe.txt,100028,FormerUkraineProsecutorSaysHe.txt,f7eb2314bb13aae4542caf7ee10c336890c3e911c50093d575b1849e107abfb7,ff70e986-5f2f-49b7-be3b-64a0a5aa655b,aa6922da-994c-4d34-aa93-ae9abc41d8f7,2019-10-28 03:56:40.088749,2019-10-28 03:57:45.946959,65.85821,"T1.Q1, T1.Q2, T1.Q3, T1.Q4, T1.Q5, T1.Q6",0,0,0,0,0,0,1,0,0,0,1,0,0,0,0,0,1,Provide non-essential context for article.,8,9
SourceSpecialist2019_08_04,db4839b972de024425cd9cefd48cef529dc437c140c5df7a03a6401bd0853135,9cd06409-7241-409d-9b07-0213c83efd01,https://pe.goodlylabs.org/project/NYU_QuotedSources/task/2321,5,3,NYU_Articles/Pilot/FormerUkraineProsecutorSaysHe.txt,100028,FormerUkraineProsecutorSaysHe.txt,f7eb2314bb13aae4542caf7ee10c336890c3e911c50093d575b1849e107abfb7,efc67beb-e949-4f38-861a-a3854fcaa369,294a6c7b-515a-495b-b8c9-2ec7df3ef46b,2019-10-28 04:13:25.561093,2019-10-28 04:20:49.241192,443.680099,"T1.Q1, T1.Q2, T1.Q3, T1.Q4, T1.Q5, T1.Q6",0,0,0,0,1,0,1,0,0,0,1,0,1,0,0,0,0,Provide non-essential context for article.,7,7
SourceSpecialist2019_08_04,db4839b972de024425cd9cefd48cef529dc437c140c5df7a03a6401bd0853135,9cd06409-7241-409d-9b07-0213c83efd01,https://pe.goodlylabs.org/project/NYU_QuotedSources/task/2321,5,3,NYU_Articles/Pilot/FormerUkraineProsecutorSaysHe.txt,100028,FormerUkraineProsecutorSaysHe.txt,f7eb2314bb13aae4542caf7ee10c336890c3e911c50093d575b1849e107abfb7,75e6b90c-a457-4af7-b3f7-79578fd875f5,c56a533a-deab-4c1a-a516-e8994c45e84c,2019-11-13 19:43:08.810525,2019-11-13 19:45:14.424697,125.614172,"T1.Q1, T1.Q2, T1.Q3, T1.Q4, T1.Q5, T1.Q6",0,0,0,0,0,0,0,1,0,0,1,0,0,0,0,0,1,Provide important support to central claim of article.,5: Middling difficulty,5: 50-50
SourceSpecialist2019_08_04,db4839b972de024425cd9cefd48cef529dc437c140c5df7a03a6401bd0853135,9cd06409-7241-409d-9b07-0213c83efd01,https://pe.goodlylabs.org/project/NYU_QuotedSources/task/2321,5,3,NYU_Articles/Pilot/FormerUkraineProsecutorSaysHe.txt,100028,FormerUkraineProsecutorSaysHe.txt,f7eb2314bb13aae4542caf7ee10c336890c3e911c50093d575b1849e107abfb7,0f32305a-5fde-4859-8833-e8e77d1930e5,bba6ae56-fae7-4c7f-993a-866ea4c3efc2,2019-11-13 21:54:09.713223,2019-11-13 21:57:10.261334,180.548111,"T1.Q1, T1.Q2, T1.Q3, T1.Q4, T1.Q5, T1.Q6",0,0,0,0,1,0,1,1,0,0,1,0,0,0,0,0,1,Provide non-essential context for article.,5: Middling difficulty,5: 50-50
SourceSpecialist2019_08_04,db4839b972de024425cd9cefd48cef529dc437c140c5df7a03a6401bd0853135,e79aad68-9eb1-4574-b573-ed59e638cce2,https://pe.goodlylabs.org/project/NYU_QuotedSources/task/2322,5,3,NYU_Articles/Pilot/CongressAnnouncesSeizureOfTrump.txt,100031,CongressAnnouncesSeizureOfTrump.txt,729c16dbf760152f8bb67a7ecfbb15a25ae7f594fe35bd711c1d5e1ef1ff5c1f,6301959d-f8c9-4a82-b229-54b9ae6e5a32,0e4b8a3e-2714-4b5f-ba10-bb576aaa5cc6,2019-10-27 01:05:43.957336,2019-10-27 01:15:56.051999,612.094663,"T1.Q1, T1.Q2, T1.Q3, T1.Q4, T1.Q5, T1.Q6",0,1,1,0,1,0,1,0,0,1,1,1,0,0,0,0,0,Central idea/s of article.,5: Middling difficulty,7
SourceSpecialist2019_08_04,db4839b972de024425cd9cefd48cef529dc437c140c5df7a03a6401bd0853135,e79aad68-9eb1-4574-b573-ed59e638cce2,https://pe.goodlylabs.org/project/NYU_QuotedSources/task/2322,5,3,NYU_Articles/Pilot/CongressAnnouncesSeizureOfTrump.txt,100031,CongressAnnouncesSeizureOfTrump.txt,729c16dbf760152f8bb67a7ecfbb15a25ae7f594fe35bd711c1d5e1ef1ff5c1f,a940cdd0-d61c-44d5-8672-fa98d3d5bd8c,aa6922da-994c-4d34-aa93-ae9abc41d8f7,2019-10-28 03:57:17.048945,2019-10-28 04:00:49.642868,212.593923,"T1.Q1, T1.Q2, T1.Q3, T1.Q4, T1.Q5, T1.Q6",0,1,0,0,1,1,0,0,0,1,1,0,1,0,1,0,0,Provide important support to central claim of article.,4,9
SourceSpecialist2019_08_04,db4839b972de024425cd9cefd48cef529dc437c140c5df7a03a6401bd0853135,e79aad68-9eb1-4574-b573-ed59e638cce2,https://pe.goodlylabs.org/project/NYU_QuotedSources/task/2322,5,3,NYU_Articles/Pilot/CongressAnnouncesSeizureOfTrump.txt,100031,CongressAnnouncesSeizureOfTrump.txt,729c16dbf760152f8bb67a7ecfbb15a25ae7f594fe35bd711c1d5e1ef1ff5c1f,d4b0ec24-a134-4c7b-9393-439fe45a4e18,294a6c7b-515a-495b-b8c9-2ec7df3ef46b,2019-10-28 04:13:25.668341,2019-10-28 04:26:20.572860,774.904519,"T1.Q1, T1.Q2, T1.Q3, T1.Q4, T1.Q5, T1.Q6",0,1,1,0,1,0,0,0,0,1,1,1,0,0,0,0,0,Central idea/s of article.,9,8
SourceSpecialist2019_08_04,db4839b972de024425cd9cefd48cef529dc437c140c5df7a03a6401bd0853135,e79aad68-9eb1-4574-b573-ed59e638cce2,https://pe.goodlylabs.org/project/NYU_QuotedSources/task/2322,5,3,NYU_Articles/Pilot/CongressAnnouncesSeizureOfTrump.txt,100031,CongressAnnouncesSeizureOfTrump.txt,729c16dbf760152f8bb67a7ecfbb15a25ae7f594fe35bd711c1d5e1ef1ff5c1f,dea18af9-4620-4e12-a7b3-185162f531d4,c56a533a-deab-4c1a-a516-e8994c45e84c,2019-11-13 20:10:13.979203,2019-11-13 21:04:18.069992,3244.090789,"T1.Q1, T1.Q2, T1.Q3, T1.Q4, T1.Q5, T1.Q6",0,1,0,0,1,1,0,0,0,1,1,0,0,1,0,0,1,Provide important support to central claim of article.,5: Middling difficulty,5: 50-50
SourceSpecialist2019_08_04,db4839b972de024425cd9cefd48cef529dc437c140c5df7a03a6401bd0853135,e79aad68-9eb1-4574-b573-ed59e638cce2,https://pe.goodlylabs.org/project/NYU_QuotedSources/task/2322,5,3,NYU_Articles/Pilot/CongressAnnouncesSeizureOfTrump.txt,100031,CongressAnnouncesSeizureOfTrump.txt,729c16dbf760152f8bb67a7ecfbb15a25ae7f594fe35bd711c1d5e1ef1ff5c1f,caee06e4-df23-41ea-affe-433273016bc7,bba6ae56-fae7-4c7f-993a-866ea4c3efc2,2019-11-13 21:55:48.563708,2019-11-13 22:05:06.206397,557.642689,"T1.Q1, T1.Q2, T1.Q3, T1.Q4, T1.Q5, T1.Q6",0,1,1,0,1,0,1,1,0,1,1,0,0,1,0,0,0,Provide important support to central claim of article.,6,6
SourceSpecialist2019_08_04,db4839b972de024425cd9cefd48cef529dc437c140c5df7a03a6401bd0853135,ddc21dd1-0eee-4a74-9384-9f34e8ccd2be,https://pe.goodlylabs.org/project/NYU_QuotedSources/task/2323,5,3,NYU_Articles/Pilot/CongressAnnouncesSeizureOfTrump.txt,100031,CongressAnnouncesSeizureOfTrump.txt,729c16dbf760152f8bb67a7ecfbb15a25ae7f594fe35bd711c1d5e1ef1ff5c1f,6f0ad6ea-35a8-427e-beac-21ea1c45dd1b,0e4b8a3e-2714-4b5f-ba10-bb576aaa5cc6,2019-10-27 01:11:23.410329,2019-10-27 01:16:33.481187,310.070858,"T1.Q1, T1.Q2, T1.Q3, T1.Q4, T1.Q5, T1.Q6",0,0,0,0,0,1,0,0,0,1,0,0,0,0,0,0,1,Provide non-essential context for article.,5: Middling difficulty,6
SourceSpecialist2019_08_04,db4839b972de024425cd9cefd48cef529dc437c140c5df7a03a6401bd0853135,ddc21dd1-0eee-4a74-9384-9f34e8ccd2be,https://pe.goodlylabs.org/project/NYU_QuotedSources/task/2323,5,3,NYU_Articles/Pilot/CongressAnnouncesSeizureOfTrump.txt,100031,CongressAnnouncesSeizureOfTrump.txt,729c16dbf760152f8bb67a7ecfbb15a25ae7f594fe35bd711c1d5e1ef1ff5c1f,79fbb634-8a35-47ea-a2cb-50fa53aa73e4,aa6922da-994c-4d34-aa93-ae9abc41d8f7,2019-10-28 03:57:46.199099,2019-10-28 04:01:33.661311,227.462212,"T1.Q1, T1.Q2, T1.Q3, T1.Q4, T1.Q5, T1.Q6",0,0,0,0,0,1,0,0,0,1,0,0,0,0,1,0,0,Provide important support to central claim of article.,4,8
SourceSpecialist2019_08_04,db4839b972de024425cd9cefd48cef529dc437c140c5df7a03a6401bd0853135,ddc21dd1-0eee-4a74-9384-9f34e8ccd2be,https://pe.goodlylabs.org/project/NYU_QuotedSources/task/2323,5,3,NYU_Articles/Pilot/CongressAnnouncesSeizureOfTrump.txt,100031,CongressAnnouncesSeizureOfTrump.txt,729c16dbf760152f8bb67a7ecfbb15a25ae7f594fe35bd711c1d5e1ef1ff5c1f,0eeef1cf-6d37-4007-a74d-068cdab67847,294a6c7b-515a-495b-b8c9-2ec7df3ef46b,2019-10-28 04:20:49.521162,2019-10-28 04:27:18.738188,389.217026,"T1.Q1, T1.Q2, T1.Q3, T1.Q4, T1.Q5, T1.Q6",0,0,0,0,0,0,0,0,1,1,0,0,0,0,0,1,0,Provide important support to central claim of article.,9,9
SourceSpecialist2019_08_04,db4839b972de024425cd9cefd48cef529dc437c140c5df7a03a6401bd0853135,ddc21dd1-0eee-4a74-9384-9f34e8ccd2be,https://pe.goodlylabs.org/project/NYU_QuotedSources/task/2323,5,3,NYU_Articles/Pilot/CongressAnnouncesSeizureOfTrump.txt,100031,CongressAnnouncesSeizureOfTrump.txt,729c16dbf760152f8bb67a7ecfbb15a25ae7f594fe35bd711c1d5e1ef1ff5c1f,5bdb91bd-d64b-4246-9114-88b54f593898,c56a533a-deab-4c1a-a516-e8994c45e84c,2019-11-13 20:10:14.790973,2019-11-13 21:05:13.652757,3298.861784,"T1.Q1, T1.Q2, T1.Q3, T1.Q4, T1.Q5, T1.Q6",0,0,0,0,0,0,0,0,1,1,0,0,0,0,0,0,1,Provide important support to central claim of article.,5: Middling difficulty,5: 50-50
SourceSpecialist2019_08_04,db4839b972de024425cd9cefd48cef529dc437c140c5df7a03a6401bd0853135,ddc21dd1-0eee-4a74-9384-9f34e8ccd2be,https://pe.goodlylabs.org/project/NYU_QuotedSources/task/2323,5,3,NYU_Articles/Pilot/CongressAnnouncesSeizureOfTrump.txt,100031,CongressAnnouncesSeizureOfTrump.txt,729c16dbf760152f8bb67a7ecfbb15a25ae7f594fe35bd711c1d5e1ef1ff5c1f,0ec6bb87-c963-4fd7-b938-066491f8cf82,bba6ae56-fae7-4c7f-993a-866ea4c3efc2,2019-11-13 21:57:10.552133,2019-11-13 22:06:40.587063,570.03493,"T1.Q1, T1.Q2, T1.Q3, T1.Q4, T1.Q5, T1.Q6",0,1,0,0,1,1,0,1,0,1,0,0,0,1,0,0,0,Provide important support to central claim of article.,3,7
SourceSpecialist2019_08_04,db4839b972de024425cd9cefd48cef529dc437c140c5df7a03a6401bd0853135,e16b0402-70e4-45da-90c7-665a49957f9f,https://pe.goodlylabs.org/project/NYU_QuotedSources/task/2324,6,3,NYU_Articles/Pilot/CongressAnnouncesSeizureOfTrump.txt,100031,CongressAnnouncesSeizureOfTrump.txt,729c16dbf760152f8bb67a7ecfbb15a25ae7f594fe35bd711c1d5e1ef1ff5c1f,ab25d03e-5402-4f3a-be63-927c044ad7d0,0e4b8a3e-2714-4b5f-ba10-bb576aaa5cc6,2019-10-27 01:15:56.225698,2019-10-27 01:23:51.878495,475.652797,"T1.Q1, T1.Q2, T1.Q3, T1.Q4, T1.Q5, T1.Q6",0,1,1,0,1,0,0,0,0,1,1,1,0,0,0,0,0,Provide important support to central claim of article.,5: Middling difficulty,9
SourceSpecialist2019_08_04,db4839b972de024425cd9cefd48cef529dc437c140c5df7a03a6401bd0853135,e16b0402-70e4-45da-90c7-665a49957f9f,https://pe.goodlylabs.org/project/NYU_QuotedSources/task/2324,6,3,NYU_Articles/Pilot/CongressAnnouncesSeizureOfTrump.txt,100031,CongressAnnouncesSeizureOfTrump.txt,729c16dbf760152f8bb67a7ecfbb15a25ae7f594fe35bd711c1d5e1ef1ff5c1f,fcca37f3-6435-40ed-8b78-133c166d99d2,aa6922da-994c-4d34-aa93-ae9abc41d8f7,2019-10-28 04:00:49.927991,2019-10-28 04:02:41.639794,111.711803,"T1.Q1, T1.Q2, T1.Q3, T1.Q4, T1.Q5, T1.Q6",0,1,1,0,1,0,0,0,0,1,1,0,1,0,0,0,0,Conflicts with claims/arguments of other sources in article.,5: Middling difficulty,8
SourceSpecialist2019_08_04,db4839b972de024425cd9cefd48cef529dc437c140c5df7a03a6401bd0853135,e16b0402-70e4-45da-90c7-665a49957f9f,https://pe.goodlylabs.org/project/NYU_QuotedSources/task/2324,6,3,NYU_Articles/Pilot/CongressAnnouncesSeizureOfTrump.txt,100031,CongressAnnouncesSeizureOfTrump.txt,729c16dbf760152f8bb67a7ecfbb15a25ae7f594fe35bd711c1d5e1ef1ff5c1f,3fea7192-aeb5-4cc9-a7a8-62721c60eed5,e0834165-64cc-41e5-994f-9be97a16ef93,2019-10-29 01:04:55.499387,2019-10-29 01:07:10.135363,134.635976,"T1.Q1, T1.Q2, T1.Q3, T1.Q4, T1.Q5, T1.Q6",0,1,1,0,1,0,1,0,0,1,0,0,0,0,0,0,1,Conflicts with claims/arguments of other sources in article.,3,8
SourceSpecialist2019_08_04,db4839b972de024425cd9cefd48cef529dc437c140c5df7a03a6401bd0853135,e16b0402-70e4-45da-90c7-665a49957f9f,https://pe.goodlylabs.org/project/NYU_QuotedSources/task/2324,6,3,NYU_Articles/Pilot/CongressAnnouncesSeizureOfTrump.txt,100031,CongressAnnouncesSeizureOfTrump.txt,729c16dbf760152f8bb67a7ecfbb15a25ae7f594fe35bd711c1d5e1ef1ff5c1f,90d75ecf-bdb4-4ccf-9703-42349f5f5fe1,c56a533a-deab-4c1a-a516-e8994c45e84c,2019-11-13 21:04:18.284309,2019-11-13 21:07:12.737510,174.453201,"T1.Q1, T1.Q2, T1.Q3, T1.Q4, T1.Q5, T1.Q6",0,0,0,0,0,0,0,1,0,1,0,0,0,0,0,0,1,Provide important support to central claim of article.,5: Middling difficulty,5: 50-50
SourceSpecialist2019_08_04,db4839b972de024425cd9cefd48cef529dc437c140c5df7a03a6401bd0853135,e16b0402-70e4-45da-90c7-665a49957f9f,https://pe.goodlylabs.org/project/NYU_QuotedSources/task/2324,6,3,NYU_Articles/Pilot/CongressAnnouncesSeizureOfTrump.txt,100031,CongressAnnouncesSeizureOfTrump.txt,729c16dbf760152f8bb67a7ecfbb15a25ae7f594fe35bd711c1d5e1ef1ff5c1f,ed701aa0-bbbd-4dac-bd3f-3f6a26044db9,bba6ae56-fae7-4c7f-993a-866ea4c3efc2,2019-11-13 22:05:06.506899,2019-11-13 22:09:31.190671,264.683772,"T1.Q1, T1.Q2, T1.Q3, T1.Q4, T1.Q5, T1.Q6",0,1,0,0,1,0,1,0,0,1,1,0,0,1,0,0,0,Provide important support to central claim of article.,5: Middling difficulty,6
SourceSpecialist2019_08_04,db4839b972de024425cd9cefd48cef529dc437c140c5df7a03a6401bd0853135,e16b0402-70e4-45da-90c7-665a49957f9f,https://pe.goodlylabs.org/project/NYU_QuotedSources/task/2324,6,3,NYU_Articles/Pilot/CongressAnnouncesSeizureOfTrump.txt,100031,CongressAnnouncesSeizureOfTrump.txt,729c16dbf760152f8bb67a7ecfbb15a25ae7f594fe35bd711c1d5e1ef1ff5c1f,1a72d2f3-754f-4006-b3f9-76e476c0b913,f9143626-bfe0-4e69-b652-6d1525ab4eb0,2019-11-13 22:10:43.410604,2019-11-13 22:10:43.456255,0.045651,"T1.Q1, T1.Q2, T1.Q3, T1.Q4, T1.Q5, T1.Q6",0,1,0,0,1,0,0,0,0,1,0,0,0,0,0,0,1,Provide important support to central claim of article.,4,6
SourceSpecialist2019_08_04,db4839b972de024425cd9cefd48cef529dc437c140c5df7a03a6401bd0853135,751c66fe-2f29-47ab-8b52-2f62ad50e996,https://pe.goodlylabs.org/project/NYU_QuotedSources/task/2325,6,3,NYU_Articles/Pilot/TIFinallyExplainsWhyHe.txt,100032,TIFinallyExplainsWhyHe.txt,832ecb4405a6c6ba17b9f5a67e9cdb91b07462cb9d723162fbcf3e114b66f791,190595ae-64c9-4187-ac79-88587da03f6f,0e4b8a3e-2714-4b5f-ba10-bb576aaa5cc6,2019-10-27 01:16:33.662238,2019-10-27 01:25:35.827058,542.16482,"T1.Q1, T1.Q2, T1.Q3, T1.Q4, T1.Q5, T1.Q6",0,0,1,0,1,0,0,0,0,1,0,0,0,1,0,0,0,Provide important support to central claim of article.,5: Middling difficulty,7
SourceSpecialist2019_08_04,db4839b972de024425cd9cefd48cef529dc437c140c5df7a03a6401bd0853135,751c66fe-2f29-47ab-8b52-2f62ad50e996,https://pe.goodlylabs.org/project/NYU_QuotedSources/task/2325,6,3,NYU_Articles/Pilot/TIFinallyExplainsWhyHe.txt,100032,TIFinallyExplainsWhyHe.txt,832ecb4405a6c6ba17b9f5a67e9cdb91b07462cb9d723162fbcf3e114b66f791,928dee0d-3bd0-44a8-a9f4-2335977417b1,aa6922da-994c-4d34-aa93-ae9abc41d8f7,2019-10-28 04:01:33.929342,2019-10-28 04:07:31.700887,357.771545,"T1.Q1, T1.Q2, T1.Q3, T1.Q4, T1.Q5, T1.Q6",0,0,1,0,1,0,0,0,0,1,0,0,0,0,0,0,1,Central idea/s of article.,4,9
SourceSpecialist2019_08_04,db4839b972de024425cd9cefd48cef529dc437c140c5df7a03a6401bd0853135,751c66fe-2f29-47ab-8b52-2f62ad50e996,https://pe.goodlylabs.org/project/NYU_QuotedSources/task/2325,6,3,NYU_Articles/Pilot/TIFinallyExplainsWhyHe.txt,100032,TIFinallyExplainsWhyHe.txt,832ecb4405a6c6ba17b9f5a67e9cdb91b07462cb9d723162fbcf3e114b66f791,9eaa2d68-d434-4e6d-867c-cb8b3f6c6774,e0834165-64cc-41e5-994f-9be97a16ef93,2019-10-29 01:04:55.598849,2019-10-29 01:09:36.091628,280.492779,"T1.Q1, T1.Q2, T1.Q3, T1.Q4, T1.Q5, T1.Q6",0,0,1,0,0,0,0,0,0,1,1,0,0,0,0,0,1,Conflicts with claims/arguments of other sources in article.,3,8
SourceSpecialist2019_08_04,db4839b972de024425cd9cefd48cef529dc437c140c5df7a03a6401bd0853135,751c66fe-2f29-47ab-8b52-2f62ad50e996,https://pe.goodlylabs.org/project/NYU_QuotedSources/task/2325,6,3,NYU_Articles/Pilot/TIFinallyExplainsWhyHe.txt,100032,TIFinallyExplainsWhyHe.txt,832ecb4405a6c6ba17b9f5a67e9cdb91b07462cb9d723162fbcf3e114b66f791,2867c23e-deb5-499e-b801-e702538b2246,c56a533a-deab-4c1a-a516-e8994c45e84c,2019-11-13 21:05:13.884468,2019-11-13 21:08:07.604684,173.720216,"T1.Q1, T1.Q2, T1.Q3, T1.Q4, T1.Q5, T1.Q6",0,0,0,0,1,0,0,0,0,1,0,0,0,0,0,0,1,Provide important support to central claim of article.,5: Middling difficulty,5: 50-50
SourceSpecialist2019_08_04,db4839b972de024425cd9cefd48cef529dc437c140c5df7a03a6401bd0853135,751c66fe-2f29-47ab-8b52-2f62ad50e996,https://pe.goodlylabs.org/project/NYU_QuotedSources/task/2325,6,3,NYU_Articles/Pilot/TIFinallyExplainsWhyHe.txt,100032,TIFinallyExplainsWhyHe.txt,832ecb4405a6c6ba17b9f5a67e9cdb91b07462cb9d723162fbcf3e114b66f791,93ee4fdd-faa7-467c-b6ab-df127b122c46,f9143626-bfe0-4e69-b652-6d1525ab4eb0,2019-11-13 22:08:44.193107,2019-11-13 22:11:56.407574,192.214467,"T1.Q1, T1.Q2, T1.Q3, T1.Q4, T1.Q5, T1.Q6",0,0,0,1,0,0,0,0,0,1,0,0,0,0,0,0,1,Provide important support to central claim of article.,5: Middling difficulty,5: 50-50
SourceSpecialist2019_08_04,db4839b972de024425cd9cefd48cef529dc437c140c5df7a03a6401bd0853135,751c66fe-2f29-47ab-8b52-2f62ad50e996,https://pe.goodlylabs.org/project/NYU_QuotedSources/task/2325,6,3,NYU_Articles/Pilot/TIFinallyExplainsWhyHe.txt,100032,TIFinallyExplainsWhyHe.txt,832ecb4405a6c6ba17b9f5a67e9cdb91b07462cb9d723162fbcf3e114b66f791,977c6b3a-cf0d-4ec9-8998-497c7c657064,bba6ae56-fae7-4c7f-993a-866ea4c3efc2,2019-11-13 22:06:40.828224,2019-11-13 22:13:44.303984,423.47576,"T1.Q1, T1.Q2, T1.Q3, T1.Q4, T1.Q5, T1.Q6",0,0,0,1,0,0,0,0,0,1,0,0,0,0,0,0,1,Provide important support to central claim of article.,4,6
SourceSpecialist2019_08_04,db4839b972de024425cd9cefd48cef529dc437c140c5df7a03a6401bd0853135,d27e073c-ce21-407e-a79c-95e2e0b5f0ba,https://pe.goodlylabs.org/project/NYU_QuotedSources/task/2326,6,3,NYU_Articles/Pilot/TIFinallyExplainsWhyHe.txt,100032,TIFinallyExplainsWhyHe.txt,832ecb4405a6c6ba17b9f5a67e9cdb91b07462cb9d723162fbcf3e114b66f791,bba90280-f052-4b31-8999-61c291eba81e,0e4b8a3e-2714-4b5f-ba10-bb576aaa5cc6,2019-10-27 01:23:52.063334,2019-10-27 01:26:35.242390,163.179056,"T1.Q1, T1.Q2, T1.Q3, T1.Q4, T1.Q5, T1.Q6",0,0,1,0,1,0,0,0,0,1,1,0,0,0,0,0,1,Provide important support to central claim of article.,5: Middling difficulty,9
SourceSpecialist2019_08_04,db4839b972de024425cd9cefd48cef529dc437c140c5df7a03a6401bd0853135,d27e073c-ce21-407e-a79c-95e2e0b5f0ba,https://pe.goodlylabs.org/project/NYU_QuotedSources/task/2326,6,3,NYU_Articles/Pilot/TIFinallyExplainsWhyHe.txt,100032,TIFinallyExplainsWhyHe.txt,832ecb4405a6c6ba17b9f5a67e9cdb91b07462cb9d723162fbcf3e114b66f791,c14551d7-8d84-4c34-9f00-8f73104b9dd8,aa6922da-994c-4d34-aa93-ae9abc41d8f7,2019-10-28 04:02:41.905951,2019-10-28 04:10:59.984819,498.078868,"T1.Q1, T1.Q2, T1.Q3, T1.Q4, T1.Q5, T1.Q6",0,0,0,0,1,0,0,0,0,1,1,0,0,0,0,0,1,Conflicts with claims/arguments of other sources in article.,4,7
SourceSpecialist2019_08_04,db4839b972de024425cd9cefd48cef529dc437c140c5df7a03a6401bd0853135,d27e073c-ce21-407e-a79c-95e2e0b5f0ba,https://pe.goodlylabs.org/project/NYU_QuotedSources/task/2326,6,3,NYU_Articles/Pilot/TIFinallyExplainsWhyHe.txt,100032,TIFinallyExplainsWhyHe.txt,832ecb4405a6c6ba17b9f5a67e9cdb91b07462cb9d723162fbcf3e114b66f791,3de04be3-750f-4c49-98af-1e2f77596420,e0834165-64cc-41e5-994f-9be97a16ef93,2019-10-29 01:07:10.475858,2019-10-29 01:11:45.993681,275.517823,"T1.Q1, T1.Q2, T1.Q3, T1.Q4, T1.Q5, T1.Q6",0,1,1,0,1,0,0,0,0,1,1,0,0,0,1,0,0,Conflicts with claims/arguments of other sources in article.,2,9
SourceSpecialist2019_08_04,db4839b972de024425cd9cefd48cef529dc437c140c5df7a03a6401bd0853135,d27e073c-ce21-407e-a79c-95e2e0b5f0ba,https://pe.goodlylabs.org/project/NYU_QuotedSources/task/2326,6,3,NYU_Articles/Pilot/TIFinallyExplainsWhyHe.txt,100032,TIFinallyExplainsWhyHe.txt,832ecb4405a6c6ba17b9f5a67e9cdb91b07462cb9d723162fbcf3e114b66f791,a1d17ff6-984f-4e7d-ae1b-0313e9c190dd,c56a533a-deab-4c1a-a516-e8994c45e84c,2019-11-13 21:07:12.962805,2019-11-13 21:09:56.470946,163.508141,"T1.Q1, T1.Q2, T1.Q3, T1.Q4, T1.Q5, T1.Q6",0,0,0,0,1,0,0,0,0,1,1,0,0,0,0,0,1,Provide important support to central claim of article.,5: Middling difficulty,5: 50-50
SourceSpecialist2019_08_04,db4839b972de024425cd9cefd48cef529dc437c140c5df7a03a6401bd0853135,d27e073c-ce21-407e-a79c-95e2e0b5f0ba,https://pe.goodlylabs.org/project/NYU_QuotedSources/task/2326,6,3,NYU_Articles/Pilot/TIFinallyExplainsWhyHe.txt,100032,TIFinallyExplainsWhyHe.txt,832ecb4405a6c6ba17b9f5a67e9cdb91b07462cb9d723162fbcf3e114b66f791,b2abffd3-34eb-44e6-8a1e-ad8de265a75d,f9143626-bfe0-4e69-b652-6d1525ab4eb0,2019-11-13 22:15:20.114083,2019-11-13 22:15:20.159262,0.045179,"T1.Q1, T1.Q2, T1.Q3, T1.Q4, T1.Q5, T1.Q6",0,0,1,0,0,0,0,0,0,1,0,0,0,0,0,0,1,Provide important support to central claim of article.,6,4
SourceSpecialist2019_08_04,db4839b972de024425cd9cefd48cef529dc437c140c5df7a03a6401bd0853135,d27e073c-ce21-407e-a79c-95e2e0b5f0ba,https://pe.goodlylabs.org/project/NYU_QuotedSources/task/2326,6,3,NYU_Articles/Pilot/TIFinallyExplainsWhyHe.txt,100032,TIFinallyExplainsWhyHe.txt,832ecb4405a6c6ba17b9f5a67e9cdb91b07462cb9d723162fbcf3e114b66f791,86138a41-1da3-43b2-93f8-399e562eebc9,bba6ae56-fae7-4c7f-993a-866ea4c3efc2,2019-11-13 22:09:31.608591,2019-11-13 22:16:11.782176,400.173585,"T1.Q1, T1.Q2, T1.Q3, T1.Q4, T1.Q5, T1.Q6",0,0,0,1,1,0,1,0,0,1,1,0,0,0,0,0,1,Provide non-essential context for article.,5: Middling difficulty,7
SourceSpecialist2019_08_04,db4839b972de024425cd9cefd48cef529dc437c140c5df7a03a6401bd0853135,f3711f72-35e5-4604-9a63-ccecec2cc381,https://pe.goodlylabs.org/project/NYU_QuotedSources/task/2456,4,3,NYU_Articles/Day1/RogerStoneTrialEndsRick.txt,100033,RogerStoneTrialEndsRick.txt,86d0e1839d825b8b56f2c7430efa716f4777e45dd001dd29ff68a3d232069e4c,c5f914a6-b118-45b3-bb76-c222aa5fac3b,0e4b8a3e-2714-4b5f-ba10-bb576aaa5cc6,2019-11-13 21:06:45.446130,2019-11-13 21:08:47.784920,122.33879,"T1.Q1, T1.Q2, T1.Q3, T1.Q4, T1.Q5, T1.Q6",0,0,1,0,1,0,0,0,0,0,1,1,0,0,0,0,0,Central idea/s of article.,5: Middling difficulty,9
SourceSpecialist2019_08_04,db4839b972de024425cd9cefd48cef529dc437c140c5df7a03a6401bd0853135,f3711f72-35e5-4604-9a63-ccecec2cc381,https://pe.goodlylabs.org/project/NYU_QuotedSources/task/2456,4,3,NYU_Articles/Day1/RogerStoneTrialEndsRick.txt,100033,RogerStoneTrialEndsRick.txt,86d0e1839d825b8b56f2c7430efa716f4777e45dd001dd29ff68a3d232069e4c,39b4b33a-2fca-484d-8418-18a79cb2ddb2,f9143626-bfe0-4e69-b652-6d1525ab4eb0,2019-11-13 22:18:43.699601,2019-11-13 22:18:43.746654,0.047053,"T1.Q1, T1.Q2, T1.Q3, T1.Q4, T1.Q5, T1.Q6",0,0,1,0,1,0,0,0,0,1,1,0,0,0,0,0,1,Central idea/s of article.,5: Middling difficulty,5: 50-50
SourceSpecialist2019_08_04,db4839b972de024425cd9cefd48cef529dc437c140c5df7a03a6401bd0853135,f3711f72-35e5-4604-9a63-ccecec2cc381,https://pe.goodlylabs.org/project/NYU_QuotedSources/task/2456,4,3,NYU_Articles/Day1/RogerStoneTrialEndsRick.txt,100033,RogerStoneTrialEndsRick.txt,86d0e1839d825b8b56f2c7430efa716f4777e45dd001dd29ff68a3d232069e4c,63e9e8c2-93aa-401d-9288-9bfe39b0ca39,bba6ae56-fae7-4c7f-993a-866ea4c3efc2,2019-11-13 22:13:44.543251,2019-11-13 22:22:00.803101,496.25985,"T1.Q1, T1.Q2, T1.Q3, T1.Q4, T1.Q5, T1.Q6",0,1,1,0,1,0,1,0,0,1,1,0,0,0,0,0,1,Provide important support to central claim of article.,4,6
SourceSpecialist2019_08_04,db4839b972de024425cd9cefd48cef529dc437c140c5df7a03a6401bd0853135,f3711f72-35e5-4604-9a63-ccecec2cc381,https://pe.goodlylabs.org/project/NYU_QuotedSources/task/2456,4,3,NYU_Articles/Day1/RogerStoneTrialEndsRick.txt,100033,RogerStoneTrialEndsRick.txt,86d0e1839d825b8b56f2c7430efa716f4777e45dd001dd29ff68a3d232069e4c,81aa945f-a5f9-4723-b27a-efe717bccdd0,00f548b7-6b63-4b47-828e-8e416b6ca0e2,2019-11-13 22:40:22.732399,2019-11-13 22:50:42.508895,619.776496,"T1.Q1, T1.Q2, T1.Q3, T1.Q4, T1.Q5, T1.Q6",0,1,1,0,1,1,0,0,0,1,1,0,0,0,0,0,1,Provide important support to central claim of article.,6,6
SourceSpecialist2019_08_04,db4839b972de024425cd9cefd48cef529dc437c140c5df7a03a6401bd0853135,416ba355-cdd5-4e66-b78c-085b1dc9acbe,https://pe.goodlylabs.org/project/NYU_QuotedSources/task/2457,3,3,NYU_Articles/Day1/RogerStoneTrialEndsRick.txt,100033,RogerStoneTrialEndsRick.txt,86d0e1839d825b8b56f2c7430efa716f4777e45dd001dd29ff68a3d232069e4c,72b4b085-c1d2-4dca-a100-75b48f50510a,0e4b8a3e-2714-4b5f-ba10-bb576aaa5cc6,2019-11-13 21:06:45.549375,2019-11-13 21:10:22.957695,217.40832,"T1.Q1, T1.Q2, T1.Q3, T1.Q4, T1.Q5, T1.Q6",0,0,1,1,0,0,0,0,0,0,1,0,0,0,0,0,1,Conflicts with claims/arguments of other sources in article.,5: Middling difficulty,9
SourceSpecialist2019_08_04,db4839b972de024425cd9cefd48cef529dc437c140c5df7a03a6401bd0853135,416ba355-cdd5-4e66-b78c-085b1dc9acbe,https://pe.goodlylabs.org/project/NYU_QuotedSources/task/2457,3,3,NYU_Articles/Day1/RogerStoneTrialEndsRick.txt,100033,RogerStoneTrialEndsRick.txt,86d0e1839d825b8b56f2c7430efa716f4777e45dd001dd29ff68a3d232069e4c,508c7f6d-5c1d-486f-9f44-b71b40ae23eb,bba6ae56-fae7-4c7f-993a-866ea4c3efc2,2019-11-13 22:16:12.109126,2019-11-13 22:24:04.652939,472.543813,"T1.Q1, T1.Q2, T1.Q3, T1.Q4, T1.Q5, T1.Q6",0,0,1,0,1,0,0,0,0,0,1,0,0,0,0,0,1,Provide non-essential context for article.,4,7
SourceSpecialist2019_08_04,db4839b972de024425cd9cefd48cef529dc437c140c5df7a03a6401bd0853135,416ba355-cdd5-4e66-b78c-085b1dc9acbe,https://pe.goodlylabs.org/project/NYU_QuotedSources/task/2457,3,3,NYU_Articles/Day1/RogerStoneTrialEndsRick.txt,100033,RogerStoneTrialEndsRick.txt,86d0e1839d825b8b56f2c7430efa716f4777e45dd001dd29ff68a3d232069e4c,5a5e3fac-cb2d-488e-99d4-4f404ac91be2,00f548b7-6b63-4b47-828e-8e416b6ca0e2,2019-11-13 22:40:22.932077,2019-11-13 22:53:55.300528,812.368451,"T1.Q1, T1.Q2, T1.Q3, T1.Q4, T1.Q5, T1.Q6",0,0,1,0,1,0,0,0,0,1,1,0,0,0,1,0,0,Provide important support to central claim of article.,6,6
SourceSpecialist2019_08_04,db4839b972de024425cd9cefd48cef529dc437c140c5df7a03a6401bd0853135,ef76660c-1d52-4efc-aa0d-d8e8babb8f70,https://pe.goodlylabs.org/project/NYU_QuotedSources/task/2458,3,3,NYU_Articles/Day1/RogerStoneTrialEndsRick.txt,100033,RogerStoneTrialEndsRick.txt,86d0e1839d825b8b56f2c7430efa716f4777e45dd001dd29ff68a3d232069e4c,9a72be7a-d5cf-41e6-9428-d0d341bbb3c7,0e4b8a3e-2714-4b5f-ba10-bb576aaa5cc6,2019-11-13 21:08:48.017552,2019-11-13 21:11:35.633828,167.616276,"T1.Q1, T1.Q2, T1.Q3, T1.Q4, T1.Q5, T1.Q6",0,0,0,0,1,0,0,0,0,1,0,0,0,0,1,0,0,Conflicts with claims/arguments of other sources in article.,5: Middling difficulty,10: 100% certain about all my answers
SourceSpecialist2019_08_04,db4839b972de024425cd9cefd48cef529dc437c140c5df7a03a6401bd0853135,ef76660c-1d52-4efc-aa0d-d8e8babb8f70,https://pe.goodlylabs.org/project/NYU_QuotedSources/task/2458,3,3,NYU_Articles/Day1/RogerStoneTrialEndsRick.txt,100033,RogerStoneTrialEndsRick.txt,86d0e1839d825b8b56f2c7430efa716f4777e45dd001dd29ff68a3d232069e4c,e8d7abd5-9eea-4e9e-baf0-b9e4de895da0,bba6ae56-fae7-4c7f-993a-866ea4c3efc2,2019-11-13 22:22:01.541081,2019-11-13 22:26:08.402277,246.861196,"T1.Q1, T1.Q2, T1.Q3, T1.Q4, T1.Q5, T1.Q6",1,0,0,0,1,0,1,1,0,1,0,0,0,0,1,0,0,Provide important support to central claim of article.,4,7
SourceSpecialist2019_08_04,db4839b972de024425cd9cefd48cef529dc437c140c5df7a03a6401bd0853135,ef76660c-1d52-4efc-aa0d-d8e8babb8f70,https://pe.goodlylabs.org/project/NYU_QuotedSources/task/2458,3,3,NYU_Articles/Day1/RogerStoneTrialEndsRick.txt,100033,RogerStoneTrialEndsRick.txt,86d0e1839d825b8b56f2c7430efa716f4777e45dd001dd29ff68a3d232069e4c,6f01ef4e-7d62-4240-a64b-6d0a9200fb41,00f548b7-6b63-4b47-828e-8e416b6ca0e2,2019-11-13 22:50:42.816764,2019-11-13 22:57:10.270357,387.453593,"T1.Q1, T1.Q2, T1.Q3, T1.Q4, T1.Q5, T1.Q6",1,0,0,0,1,0,0,1,0,1,0,0,0,0,1,0,0,Provide important support to central claim of article.,6,6
SourceSpecialist2019_08_04,db4839b972de024425cd9cefd48cef529dc437c140c5df7a03a6401bd0853135,e363c597-8751-4696-a597-64fddb786009,https://pe.goodlylabs.org/project/NYU_QuotedSources/task/2459,2,3,NYU_Articles/Day1/NBCABCAndCBSAppear.txt,100034,NBCABCAndCBSAppear.txt,3b9c291d9345c8221a497206a766483bf78df474550f0c50c58df9ad4c20ff75,fcc25c4d-79ac-4e10-abac-3c42d0cfa2f0,0e4b8a3e-2714-4b5f-ba10-bb576aaa5cc6,2019-11-13 21:10:23.140638,2019-11-13 21:12:35.369977,132.229339,"T1.Q1, T1.Q2, T1.Q3, T1.Q4, T1.Q5, T1.Q6",0,1,0,0,0,0,0,0,0,1,0,1,0,0,0,0,0,Provide non-essential context for article.,5: Middling difficulty,7
SourceSpecialist2019_08_04,db4839b972de024425cd9cefd48cef529dc437c140c5df7a03a6401bd0853135,e363c597-8751-4696-a597-64fddb786009,https://pe.goodlylabs.org/project/NYU_QuotedSources/task/2459,2,3,NYU_Articles/Day1/NBCABCAndCBSAppear.txt,100034,NBCABCAndCBSAppear.txt,3b9c291d9345c8221a497206a766483bf78df474550f0c50c58df9ad4c20ff75,9371d8df-2b41-48e0-b2fa-8ab5e635071e,bba6ae56-fae7-4c7f-993a-866ea4c3efc2,2019-11-13 22:24:04.874555,2019-11-13 22:27:19.861231,194.986676,"T1.Q1, T1.Q2, T1.Q3, T1.Q4, T1.Q5, T1.Q6",0,1,0,0,0,0,1,0,0,1,0,0,0,1,0,0,0,Provide important support to central claim of article.,4,8
SourceSpecialist2019_08_04,db4839b972de024425cd9cefd48cef529dc437c140c5df7a03a6401bd0853135,74b74eee-cc1f-463c-bfbb-a9c4dc48fdec,https://pe.goodlylabs.org/project/NYU_QuotedSources/task/2460,2,3,NYU_Articles/Day1/NBCABCAndCBSAppear.txt,100034,NBCABCAndCBSAppear.txt,3b9c291d9345c8221a497206a766483bf78df474550f0c50c58df9ad4c20ff75,3f05eb88-319e-4df6-8788-128e58ec3161,0e4b8a3e-2714-4b5f-ba10-bb576aaa5cc6,2019-11-13 21:11:35.844656,2019-11-13 21:13:16.171212,100.326556,"T1.Q1, T1.Q2, T1.Q3, T1.Q4, T1.Q5, T1.Q6",0,0,1,0,1,0,0,0,0,0,1,0,0,0,0,0,1,Provide non-essential context for article.,5: Middling difficulty,6
SourceSpecialist2019_08_04,db4839b972de024425cd9cefd48cef529dc437c140c5df7a03a6401bd0853135,74b74eee-cc1f-463c-bfbb-a9c4dc48fdec,https://pe.goodlylabs.org/project/NYU_QuotedSources/task/2460,2,3,NYU_Articles/Day1/NBCABCAndCBSAppear.txt,100034,NBCABCAndCBSAppear.txt,3b9c291d9345c8221a497206a766483bf78df474550f0c50c58df9ad4c20ff75,fdcaac2e-20c2-48f8-9daf-77dfd0de46fc,bba6ae56-fae7-4c7f-993a-866ea4c3efc2,2019-11-13 22:26:09.757182,2019-11-13 22:28:33.891994,144.134812,"T1.Q1, T1.Q2, T1.Q3, T1.Q4, T1.Q5, T1.Q6",0,0,1,0,1,0,0,0,0,0,1,0,0,1,0,0,0,Irrelevant to central claim,3,8
SourceSpecialist2019_08_04,db4839b972de024425cd9cefd48cef529dc437c140c5df7a03a6401bd0853135,bdd2770d-c57a-4db7-8c8c-ceb80b31a260,https://pe.goodlylabs.org/project/NYU_QuotedSources/task/2461,2,3,NYU_Articles/Day1/NBCABCAndCBSAppear.txt,100034,NBCABCAndCBSAppear.txt,3b9c291d9345c8221a497206a766483bf78df474550f0c50c58df9ad4c20ff75,3767866d-fbae-40ee-886c-7d7acb9996c8,0e4b8a3e-2714-4b5f-ba10-bb576aaa5cc6,2019-11-13 21:21:31.551536,2019-11-13 21:22:34.763006,63.21147,"T1.Q1, T1.Q2, T1.Q3, T1.Q4, T1.Q5, T1.Q6",0,1,1,0,1,0,0,0,0,1,1,0,0,1,0,0,0,Provide important support to central claim of article.,5: Middling difficulty,9
SourceSpecialist2019_08_04,db4839b972de024425cd9cefd48cef529dc437c140c5df7a03a6401bd0853135,bdd2770d-c57a-4db7-8c8c-ceb80b31a260,https://pe.goodlylabs.org/project/NYU_QuotedSources/task/2461,2,3,NYU_Articles/Day1/NBCABCAndCBSAppear.txt,100034,NBCABCAndCBSAppear.txt,3b9c291d9345c8221a497206a766483bf78df474550f0c50c58df9ad4c20ff75,9554bd90-93dc-4f6a-819d-ab791311d089,bba6ae56-fae7-4c7f-993a-866ea4c3efc2,2019-11-13 22:27:20.552815,2019-11-13 22:30:55.804973,215.252158,"T1.Q1, T1.Q2, T1.Q3, T1.Q4, T1.Q5, T1.Q6",0,1,1,0,1,1,1,1,0,1,1,0,0,0,0,0,1,Provide important support to central claim of article.,4,6
SourceSpecialist2019_08_04,db4839b972de024425cd9cefd48cef529dc437c140c5df7a03a6401bd0853135,c5fcea5b-d884-433e-b637-73c6d9846fb7,https://pe.goodlylabs.org/project/NYU_QuotedSources/task/2462,2,3,NYU_Articles/Day1/NBCABCAndCBSAppear.txt,100034,NBCABCAndCBSAppear.txt,3b9c291d9345c8221a497206a766483bf78df474550f0c50c58df9ad4c20ff75,f730ff76-e250-4ddc-a805-a673b48b9964,0e4b8a3e-2714-4b5f-ba10-bb576aaa5cc6,2019-11-13 21:38:57.758666,2019-11-13 21:40:12.307088,74.548422,"T1.Q1, T1.Q2, T1.Q3, T1.Q4, T1.Q5, T1.Q6",0,0,0,0,1,0,0,0,0,1,0,0,1,0,0,0,0,Provide important support to central claim of article.,5: Middling difficulty,9
SourceSpecialist2019_08_04,db4839b972de024425cd9cefd48cef529dc437c140c5df7a03a6401bd0853135,c5fcea5b-d884-433e-b637-73c6d9846fb7,https://pe.goodlylabs.org/project/NYU_QuotedSources/task/2462,2,3,NYU_Articles/Day1/NBCABCAndCBSAppear.txt,100034,NBCABCAndCBSAppear.txt,3b9c291d9345c8221a497206a766483bf78df474550f0c50c58df9ad4c20ff75,bd008403-ab81-49b4-b6d6-1c1293df3896,bba6ae56-fae7-4c7f-993a-866ea4c3efc2,2019-11-13 22:28:34.453134,2019-11-13 22:33:55.207341,320.754207,"T1.Q1, T1.Q2, T1.Q3, T1.Q4, T1.Q5, T1.Q6",1,0,1,0,1,1,1,1,0,1,1,0,1,0,0,0,0,Provide important support to central claim of article.,5: Middling difficulty,7
SourceSpecialist2019_08_04,db4839b972de024425cd9cefd48cef529dc437c140c5df7a03a6401bd0853135,7fd2fe94-904e-49c0-8b97-f2ac5af322b2,https://pe.goodlylabs.org/project/NYU_QuotedSources/task/2463,2,3,NYU_Articles/Day1/NBCABCAndCBSAppear.txt,100034,NBCABCAndCBSAppear.txt,3b9c291d9345c8221a497206a766483bf78df474550f0c50c58df9ad4c20ff75,f107d8f3-c4c5-4ca5-9362-f4022e426f87,0e4b8a3e-2714-4b5f-ba10-bb576aaa5cc6,2019-11-13 21:38:57.861048,2019-11-13 21:42:36.936055,219.075007,"T1.Q1, T1.Q2, T1.Q3, T1.Q4, T1.Q5, T1.Q6",0,1,0,0,0,0,1,0,0,1,1,0,0,0,0,0,1,Provide important support to central claim of article.,5: Middling difficulty,9
SourceSpecialist2019_08_04,db4839b972de024425cd9cefd48cef529dc437c140c5df7a03a6401bd0853135,7fd2fe94-904e-49c0-8b97-f2ac5af322b2,https://pe.goodlylabs.org/project/NYU_QuotedSources/task/2463,2,3,NYU_Articles/Day1/NBCABCAndCBSAppear.txt,100034,NBCABCAndCBSAppear.txt,3b9c291d9345c8221a497206a766483bf78df474550f0c50c58df9ad4c20ff75,4dac92d0-e498-4ce9-9e0e-c7172a140d3d,bba6ae56-fae7-4c7f-993a-866ea4c3efc2,2019-11-13 22:30:56.038495,2019-11-13 22:39:12.453742,496.415247,"T1.Q1, T1.Q2, T1.Q3, T1.Q4, T1.Q5, T1.Q6",0,1,0,0,1,1,1,1,1,1,1,1,0,1,0,0,0,Provide non-essential context for article.,5: Middling difficulty,5: 50-50
SourceSpecialist2019_08_04,db4839b972de024425cd9cefd48cef529dc437c140c5df7a03a6401bd0853135,12ba78b8-fef2-4d36-8db8-761e4ccf9604,https://pe.goodlylabs.org/project/NYU_QuotedSources/task/2464,2,3,NYU_Articles/Day1/NBCABCAndCBSAppear.txt,100034,NBCABCAndCBSAppear.txt,3b9c291d9345c8221a497206a766483bf78df474550f0c50c58df9ad4c20ff75,5c07d544-c9af-4a55-a961-693885ce3a59,0e4b8a3e-2714-4b5f-ba10-bb576aaa5cc6,2019-11-13 21:40:12.508009,2019-11-13 21:43:11.389597,178.881588,"T1.Q1, T1.Q2, T1.Q3, T1.Q4, T1.Q5, T1.Q6",0,0,0,0,0,1,0,0,0,0,1,0,0,1,0,0,0,Provide non-essential context for article.,5: Middling difficulty,9
SourceSpecialist2019_08_04,db4839b972de024425cd9cefd48cef529dc437c140c5df7a03a6401bd0853135,12ba78b8-fef2-4d36-8db8-761e4ccf9604,https://pe.goodlylabs.org/project/NYU_QuotedSources/task/2464,2,3,NYU_Articles/Day1/NBCABCAndCBSAppear.txt,100034,NBCABCAndCBSAppear.txt,3b9c291d9345c8221a497206a766483bf78df474550f0c50c58df9ad4c20ff75,8d2e9cd4-2a80-473b-97de-bb2efed5b907,bba6ae56-fae7-4c7f-993a-866ea4c3efc2,2019-11-13 22:33:56.192003,2019-11-13 22:40:57.265018,421.073015,"T1.Q1, T1.Q2, T1.Q3, T1.Q4, T1.Q5, T1.Q6",0,0,0,0,0,1,1,0,0,0,1,1,0,0,0,0,0,Provide important support to central claim of article.,4,6
SourceSpecialist2019_08_04,db4839b972de024425cd9cefd48cef529dc437c140c5df7a03a6401bd0853135,4d53e34c-5f4b-469b-9ec0-9387c7da966d,https://pe.goodlylabs.org/project/NYU_QuotedSources/task/2465,2,3,NYU_Articles/Day1/NBCABCAndCBSAppear.txt,100034,NBCABCAndCBSAppear.txt,3b9c291d9345c8221a497206a766483bf78df474550f0c50c58df9ad4c20ff75,c66b98d2-b3bf-45b2-96a5-f8c0dbd86b1b,0e4b8a3e-2714-4b5f-ba10-bb576aaa5cc6,2019-11-13 21:42:37.126183,2019-11-13 21:44:04.338057,87.211874,"T1.Q1, T1.Q2, T1.Q3, T1.Q4, T1.Q5, T1.Q6",0,0,1,0,1,0,0,0,0,0,1,0,0,0,1,0,0,Provide important support to central claim of article.,5: Middling difficulty,9
SourceSpecialist2019_08_04,db4839b972de024425cd9cefd48cef529dc437c140c5df7a03a6401bd0853135,4d53e34c-5f4b-469b-9ec0-9387c7da966d,https://pe.goodlylabs.org/project/NYU_QuotedSources/task/2465,2,3,NYU_Articles/Day1/NBCABCAndCBSAppear.txt,100034,NBCABCAndCBSAppear.txt,3b9c291d9345c8221a497206a766483bf78df474550f0c50c58df9ad4c20ff75,6d639976-5838-42df-8f27-9d2cb91fd5f5,bba6ae56-fae7-4c7f-993a-866ea4c3efc2,2019-11-13 22:39:12.668692,2019-11-13 22:42:53.739682,221.07099,"T1.Q1, T1.Q2, T1.Q3, T1.Q4, T1.Q5, T1.Q6",0,1,1,0,1,0,1,1,0,1,1,0,0,0,1,0,0,Provide important support to central claim of article.,4,7
SourceSpecialist2019_08_04,db4839b972de024425cd9cefd48cef529dc437c140c5df7a03a6401bd0853135,1949825f-e98c-494f-addf-d35d0c0faebd,https://pe.goodlylabs.org/project/NYU_QuotedSources/task/2466,2,3,NYU_Articles/Day1/UkrainianOfficialsReleaseRecordsOf.txt,100035,UkrainianOfficialsReleaseRecordsOf.txt,d7a866ba4b0104b93dc030d98d2416a336e37ef90f6c073c339e05cd47d19e24,81c57bd7-b2c1-4f0e-929b-26e05a671660,0e4b8a3e-2714-4b5f-ba10-bb576aaa5cc6,2019-11-13 21:43:11.586366,2019-11-13 21:44:34.969448,83.383082,"T1.Q1, T1.Q2, T1.Q3, T1.Q4, T1.Q5, T1.Q6",0,0,0,0,0,0,1,0,0,0,1,0,0,0,0,0,1,Provide non-essential context for article.,5: Middling difficulty,9
SourceSpecialist2019_08_04,db4839b972de024425cd9cefd48cef529dc437c140c5df7a03a6401bd0853135,1949825f-e98c-494f-addf-d35d0c0faebd,https://pe.goodlylabs.org/project/NYU_QuotedSources/task/2466,2,3,NYU_Articles/Day1/UkrainianOfficialsReleaseRecordsOf.txt,100035,UkrainianOfficialsReleaseRecordsOf.txt,d7a866ba4b0104b93dc030d98d2416a336e37ef90f6c073c339e05cd47d19e24,c6023488-9f3c-4c1c-8a8c-3561b1722dbb,bba6ae56-fae7-4c7f-993a-866ea4c3efc2,2019-11-13 22:40:57.547845,2019-11-13 22:44:07.001845,189.454,"T1.Q1, T1.Q2, T1.Q3, T1.Q4, T1.Q5, T1.Q6",0,0,1,0,1,0,1,1,0,0,1,0,0,0,1,0,0,Provide important support to central claim of article.,4,7
