schema_namespace,schema_sha256,quiz_task_uuid,task_url,taskrun_count,redundancy,article_batch_name,article_number,article_filename,article_sha256,quiz_taskrun_uuid,contributor_uuid,created,finish_time,elapsed_seconds,final_queue,T1.Q1.A1,T1.Q1.A2,T1.Q1.A3,T1.Q1.A4,T1.Q1.A5,T1.Q2.A1,T1.Q2.A2,T1.Q2.A3,T1.Q2.A4,T1.Q2.A5,T1.Q2.A6,T1.Q3.A1,T1.Q3.A2,T1.Q3.A3,T1.Q3.A4,T1.Q3.A5,T1.Q3.A6,T1.Q3.A7,T1.Q4,T1.Q5,T1.Q6.A1,T1.Q6.A2,T1.Q6.A3,T1.Q6.A4,T1.Q6.A5,T1.Q6.A6,T1.Q6.A7,T1.Q6.A8,T1.Q6.A9,T1.Q7,T1.Q8,T1.Q9,T1.Q10
ReasoningSpecialist2019_03_04,501f2b86c18b3970d0e83874a03abea681d6aaa7ede113aac6b53ba770481a3b,b2276416-3ad7-43e4-a349-526a79c8315f,https://pe.goodlylabs.org/project/Sp19_reasoning/task/1588,15,3,SSSPETest2-Demo1,1737,1737SSSArticle.txt,c35844f62ee12d09c0450281624c89e2533bbb621f23dd1b7062a6ee26ae2b97,80161254-2f96-4da3-9542-bd3a30ce7f76,d970aaa4-3cde-4e75-937b-ea73fb0ca0f1,2019-03-06 04:10:22.213971,2019-03-06 04:26:07.831580,945.617609,"T1.Q1, T1.Q6, T1.Q9, T1.Q10",0,0,1,0,0,0,0,0,0,0,0,0,0,0,0,0,0,0,,,0,0,0,0,0,0,0,0,1,,,4,7
ReasoningSpecialist2019_03_04,501f2b86c18b3970d0e83874a03abea681d6aaa7ede113aac6b53ba770481a3b,b2276416-3ad7-43e4-a349-526a79c8315f,https://pe.goodlylabs.org/project/Sp19_reasoning/task/1588,15,3,SSSPETest2-Demo1,1737,1737SSSArticle.txt,c35844f62ee12d09c0450281624c89e2533bbb621f23dd1b7062a6ee26ae2b97,87959969-91c6-42a2-9598-deb64897286d,7b50486e-3d5e-474f-a40a-09c738f19bda,2019-03-06 06:13:24.048076,2019-03-06 06:21:53.806132,509.758056,"T1.Q1, T1.Q9, T1.Q10",0,0,0,0,1,0,0,0,0,0,0,0,0,0,0,0,0,0,,,0,0,0,0,0,0,0,0,0,,,3,10: 100% certain about all my answers
ReasoningSpecialist2019_03_04,501f2b86c18b3970d0e83874a03abea681d6aaa7ede113aac6b53ba770481a3b,b2276416-3ad7-43e4-a349-526a79c8315f,https://pe.goodlylabs.org/project/Sp19_reasoning/task/1588,15,3,SSSPETest2-Demo1,1737,1737SSSArticle.txt,c35844f62ee12d09c0450281624c89e2533bbb621f23dd1b7062a6ee26ae2b97,6e5bbb6b-05de-4028-ab08-9a0038156b06,f18207d6-37cb-4349-a31e-a4ff2adcf299,2019-03-07 03:33:23.247182,2019-03-07 03:40:03.091804,399.844622,"T1.Q1, T1.Q9, T1.Q10",0,0,0,0,1,0,0,0,0,0,0,0,0,0,0,0,0,0,,,0,0,0,0,0,0,0,0,0,,,1: Easier than anything I've ever done in a classroom setting,10: 100% certain about all my answers
ReasoningSpecialist2019_03_04,501f2b86c18b3970d0e83874a03abea681d6aaa7ede113aac6b53ba770481a3b,b2276416-3ad7-43e4-a349-526a79c8315f,https://pe.goodlylabs.org/project/Sp19_reasoning/task/1588,15,3,SSSPETest2-Demo1,1737,1737SSSArticle.txt,c35844f62ee12d09c0450281624c89e2533bbb621f23dd1b7062a6ee26ae2b97,e768f6b9-0d29-495b-8f97-8a92b80727fd,bcf4ec10-b869-4e0f-89a7-133f825c910d,2019-03-10 02:48:52.157011,2019-03-10 03:01:20.931609,748.774598,"T1.Q1, T1.Q2, T1.Q9, T1.Q10",1,0,0,0,0,0,0,0,0,0,1,0,0,0,0,0,0,0,,,0,0,0,0,0,0,0,0,0,,,7,6
ReasoningSpecialist2019_03_04,501f2b86c18b3970d0e83874a03abea681d6aaa7ede113aac6b53ba770481a3b,b2276416-3ad7-43e4-a349-526a79c8315f,https://pe.goodlylabs.org/project/Sp19_reasoning/task/1588,15,3,SSSPETest2-Demo1,1737,1737SSSArticle.txt,c35844f62ee12d09c0450281624c89e2533bbb621f23dd1b7062a6ee26ae2b97,f7424db5-d02b-4205-a67d-1e6ffc677d4b,c2f193ad-2cdc-46b8-a5bf-c45cfbee3da7,2019-03-11 18:53:42.514417,2019-03-11 18:55:25.283403,102.768986,"T1.Q1, T1.Q2, T1.Q9, T1.Q10",1,0,0,0,0,0,0,0,0,0,1,0,0,0,0,0,0,0,,,0,0,0,0,0,0,0,0,0,,,3,9
ReasoningSpecialist2019_03_04,501f2b86c18b3970d0e83874a03abea681d6aaa7ede113aac6b53ba770481a3b,b2276416-3ad7-43e4-a349-526a79c8315f,https://pe.goodlylabs.org/project/Sp19_reasoning/task/1588,15,3,SSSPETest2-Demo1,1737,1737SSSArticle.txt,c35844f62ee12d09c0450281624c89e2533bbb621f23dd1b7062a6ee26ae2b97,6fbc3ea8-15dd-4aca-9e8f-17b2ae16a617,3a6b0929-a821-4616-8599-9b860526d09d,2019-03-11 20:51:48.855657,2019-03-11 20:52:55.439748,66.584091,"T1.Q1, T1.Q9, T1.Q10",0,0,0,0,1,0,0,0,0,0,0,0,0,0,0,0,0,0,,,0,0,0,0,0,0,0,0,0,,,4,7
ReasoningSpecialist2019_03_04,501f2b86c18b3970d0e83874a03abea681d6aaa7ede113aac6b53ba770481a3b,b2276416-3ad7-43e4-a349-526a79c8315f,https://pe.goodlylabs.org/project/Sp19_reasoning/task/1588,15,3,SSSPETest2-Demo1,1737,1737SSSArticle.txt,c35844f62ee12d09c0450281624c89e2533bbb621f23dd1b7062a6ee26ae2b97,678c96e9-29a6-40c7-82a6-884827c7eeda,a2f9116f-94e4-448c-b513-8a7ab93d3d2f,2019-03-12 03:47:43.051760,2019-03-12 03:57:33.745481,590.693721,"T1.Q1, T1.Q9, T1.Q10",0,0,0,0,1,0,0,0,0,0,0,0,0,0,0,0,0,0,,,0,0,0,0,0,0,0,0,0,,,3,8
ReasoningSpecialist2019_03_04,501f2b86c18b3970d0e83874a03abea681d6aaa7ede113aac6b53ba770481a3b,b2276416-3ad7-43e4-a349-526a79c8315f,https://pe.goodlylabs.org/project/Sp19_reasoning/task/1588,15,3,SSSPETest2-Demo1,1737,1737SSSArticle.txt,c35844f62ee12d09c0450281624c89e2533bbb621f23dd1b7062a6ee26ae2b97,cd00c83b-5f75-4159-82ad-1aee7fa3c28f,93b5d16a-4388-49d6-9217-d6607167f6c2,2019-03-12 05:01:17.369731,2019-03-12 05:06:25.894307,308.524576,"T1.Q1, T1.Q9, T1.Q10",0,0,0,0,1,0,0,0,0,0,0,0,0,0,0,0,0,0,,,0,0,0,0,0,0,0,0,0,,,3,9
ReasoningSpecialist2019_03_04,501f2b86c18b3970d0e83874a03abea681d6aaa7ede113aac6b53ba770481a3b,b2276416-3ad7-43e4-a349-526a79c8315f,https://pe.goodlylabs.org/project/Sp19_reasoning/task/1588,15,3,SSSPETest2-Demo1,1737,1737SSSArticle.txt,c35844f62ee12d09c0450281624c89e2533bbb621f23dd1b7062a6ee26ae2b97,22b1ae10-1189-4205-ad10-322301aeb649,fb0bfdce-316c-46b8-a7f3-097457d92afb,2019-03-12 12:55:28.422407,2019-03-12 12:59:54.559284,266.136877,"T1.Q1, T1.Q9, T1.Q10",0,0,0,0,1,0,0,0,0,0,0,0,0,0,0,0,0,0,,,0,0,0,0,0,0,0,0,0,,,1: Easier than anything I've ever done in a classroom setting,8
ReasoningSpecialist2019_03_04,501f2b86c18b3970d0e83874a03abea681d6aaa7ede113aac6b53ba770481a3b,b2276416-3ad7-43e4-a349-526a79c8315f,https://pe.goodlylabs.org/project/Sp19_reasoning/task/1588,15,3,SSSPETest2-Demo1,1737,1737SSSArticle.txt,c35844f62ee12d09c0450281624c89e2533bbb621f23dd1b7062a6ee26ae2b97,5923020a-1c4b-448e-a418-c2394513a028,7ae543c3-9854-4453-962d-01eb3b9805a5,2019-03-12 17:49:22.604138,2019-03-12 18:07:33.547020,1090.942882,"T1.Q1, T1.Q9, T1.Q10",0,0,0,0,1,0,0,0,0,0,0,0,0,0,0,0,0,0,,,0,0,0,0,0,0,0,0,0,,,5: Middling difficulty,5: 50-50 that I had it on any given item
ReasoningSpecialist2019_03_04,501f2b86c18b3970d0e83874a03abea681d6aaa7ede113aac6b53ba770481a3b,b2276416-3ad7-43e4-a349-526a79c8315f,https://pe.goodlylabs.org/project/Sp19_reasoning/task/1588,15,3,SSSPETest2-Demo1,1737,1737SSSArticle.txt,c35844f62ee12d09c0450281624c89e2533bbb621f23dd1b7062a6ee26ae2b97,5b6ae77b-8809-4d24-9b0b-67df23c48f0b,b359f9af-81af-4246-96d3-ee2c770022bb,2019-03-12 19:43:53.729532,2019-03-12 19:45:13.182060,79.452528,"T1.Q1, T1.Q9, T1.Q10",0,0,0,0,1,0,0,0,0,0,0,0,0,0,0,0,0,0,,,0,0,0,0,0,0,0,0,0,,,3,6
ReasoningSpecialist2019_03_04,501f2b86c18b3970d0e83874a03abea681d6aaa7ede113aac6b53ba770481a3b,b2276416-3ad7-43e4-a349-526a79c8315f,https://pe.goodlylabs.org/project/Sp19_reasoning/task/1588,15,3,SSSPETest2-Demo1,1737,1737SSSArticle.txt,c35844f62ee12d09c0450281624c89e2533bbb621f23dd1b7062a6ee26ae2b97,2b88ab78-b350-4882-bc26-9904fcda0bce,a2c02f27-95a3-4b31-9f31-bd024c0c0517,2019-03-12 05:10:03.530922,2019-03-12 21:23:33.639624,58410.108702,"T1.Q1, T1.Q9, T1.Q10",0,0,0,0,1,0,0,0,0,0,0,0,0,0,0,0,0,0,,,0,0,0,0,0,0,0,0,0,,,2,8
ReasoningSpecialist2019_03_04,501f2b86c18b3970d0e83874a03abea681d6aaa7ede113aac6b53ba770481a3b,b2276416-3ad7-43e4-a349-526a79c8315f,https://pe.goodlylabs.org/project/Sp19_reasoning/task/1588,15,3,SSSPETest2-Demo1,1737,1737SSSArticle.txt,c35844f62ee12d09c0450281624c89e2533bbb621f23dd1b7062a6ee26ae2b97,534c477f-817c-46a8-a4a3-7dfc15c9d090,a2c02f27-95a3-4b31-9f31-bd024c0c0517,2019-03-12 21:23:33.632498,2019-03-12 21:23:33.687261,0.054763,"T1.Q1, T1.Q9, T1.Q10",0,0,0,0,1,0,0,0,0,0,0,0,0,0,0,0,0,0,,,0,0,0,0,0,0,0,0,0,,,2,8
ReasoningSpecialist2019_03_04,501f2b86c18b3970d0e83874a03abea681d6aaa7ede113aac6b53ba770481a3b,b2276416-3ad7-43e4-a349-526a79c8315f,https://pe.goodlylabs.org/project/Sp19_reasoning/task/1588,15,3,SSSPETest2-Demo1,1737,1737SSSArticle.txt,c35844f62ee12d09c0450281624c89e2533bbb621f23dd1b7062a6ee26ae2b97,c8e3db2f-2ead-46bf-9c90-962d095b8e20,f9143626-bfe0-4e69-b652-6d1525ab4eb0,2019-04-15 23:19:13.635910,2019-04-15 23:19:52.548680,38.91277,"T1.Q1, T1.Q9, T1.Q10",0,0,0,0,1,0,0,0,0,0,0,0,0,0,0,0,0,0,,,0,0,0,0,0,0,0,0,0,,,2,10: 100% certain about all my answers
ReasoningSpecialist2019_03_04,501f2b86c18b3970d0e83874a03abea681d6aaa7ede113aac6b53ba770481a3b,b2276416-3ad7-43e4-a349-526a79c8315f,https://pe.goodlylabs.org/project/Sp19_reasoning/task/1588,15,3,SSSPETest2-Demo1,1737,1737SSSArticle.txt,c35844f62ee12d09c0450281624c89e2533bbb621f23dd1b7062a6ee26ae2b97,35d3f323-f951-4977-9cb1-9e3055b856b4,e0834165-64cc-41e5-994f-9be97a16ef93,2019-05-10 16:44:31.228519,2019-05-10 17:22:17.984668,2266.756149,"T1.Q1, T1.Q3, T1.Q7, T1.Q8, T1.Q9, T1.Q10",0,1,0,0,0,0,0,0,0,0,0,0,0,0,0,0,1,0,,,0,0,0,0,0,0,0,0,0,Somewhat,change is not so great,6,8
ReasoningSpecialist2019_03_04,501f2b86c18b3970d0e83874a03abea681d6aaa7ede113aac6b53ba770481a3b,e07de70e-2080-4219-a69c-e9061b378fce,https://pe.goodlylabs.org/project/Sp19_reasoning/task/1589,13,3,SSSPETest2,1728,1728SSSArticle.txt,b3ab388528c6115f1d85529f203b533fb84143f467acfc31d289bdc58c08d49d,a1c9ecef-822f-4855-bad4-84dca1af82bc,a2c02f27-95a3-4b31-9f31-bd024c0c0517,2019-03-06 00:42:32.341909,2019-03-06 00:44:42.341398,129.999489,"T1.Q1, T1.Q3, T1.Q9, T1.Q10",0,1,0,0,0,0,0,0,0,0,0,0,0,0,0,0,0,1,,,0,0,0,0,0,0,0,0,0,,,3,5: 50-50 that I had it on any given item
ReasoningSpecialist2019_03_04,501f2b86c18b3970d0e83874a03abea681d6aaa7ede113aac6b53ba770481a3b,e07de70e-2080-4219-a69c-e9061b378fce,https://pe.goodlylabs.org/project/Sp19_reasoning/task/1589,13,3,SSSPETest2,1728,1728SSSArticle.txt,b3ab388528c6115f1d85529f203b533fb84143f467acfc31d289bdc58c08d49d,9d5644df-ea6e-4fc9-a23e-0408aac5a952,3a6b0929-a821-4616-8599-9b860526d09d,2019-03-06 00:43:20.974693,2019-03-06 00:45:37.582836,136.608143,"T1.Q1, T1.Q2, T1.Q9, T1.Q10",1,0,0,0,0,0,0,0,0,0,1,0,0,0,0,0,0,0,,,0,0,0,0,0,0,0,0,0,,,5: Middling difficulty,5: 50-50 that I had it on any given item
ReasoningSpecialist2019_03_04,501f2b86c18b3970d0e83874a03abea681d6aaa7ede113aac6b53ba770481a3b,e07de70e-2080-4219-a69c-e9061b378fce,https://pe.goodlylabs.org/project/Sp19_reasoning/task/1589,13,3,SSSPETest2,1728,1728SSSArticle.txt,b3ab388528c6115f1d85529f203b533fb84143f467acfc31d289bdc58c08d49d,c5a4e8e7-c36b-45c6-a0cb-1c2c0508d1cc,fb0bfdce-316c-46b8-a7f3-097457d92afb,2019-03-06 00:43:41.130450,2019-03-06 00:46:52.911766,191.781316,"T1.Q1, T1.Q9, T1.Q10",0,0,0,1,0,0,0,0,0,0,0,0,0,0,0,0,0,0,,,0,0,0,0,0,0,0,0,0,,,5: Middling difficulty,7
ReasoningSpecialist2019_03_04,501f2b86c18b3970d0e83874a03abea681d6aaa7ede113aac6b53ba770481a3b,e07de70e-2080-4219-a69c-e9061b378fce,https://pe.goodlylabs.org/project/Sp19_reasoning/task/1589,13,3,SSSPETest2,1728,1728SSSArticle.txt,b3ab388528c6115f1d85529f203b533fb84143f467acfc31d289bdc58c08d49d,aa147bea-adde-494e-8086-dea7fd443944,7ae543c3-9854-4453-962d-01eb3b9805a5,2019-03-06 00:46:30.833172,2019-03-06 00:48:53.096301,142.263129,"T1.Q1, T1.Q2, T1.Q3, T1.Q7, T1.Q9, T1.Q10",1,1,0,0,0,1,0,0,0,0,0,0,0,0,0,0,0,1,,,0,0,0,0,0,0,0,0,0,Slightly,,5: Middling difficulty,5: 50-50 that I had it on any given item
ReasoningSpecialist2019_03_04,501f2b86c18b3970d0e83874a03abea681d6aaa7ede113aac6b53ba770481a3b,e07de70e-2080-4219-a69c-e9061b378fce,https://pe.goodlylabs.org/project/Sp19_reasoning/task/1589,13,3,SSSPETest2,1728,1728SSSArticle.txt,b3ab388528c6115f1d85529f203b533fb84143f467acfc31d289bdc58c08d49d,2ddfa4f5-da28-44d4-be07-16e5a6911197,bcf4ec10-b869-4e0f-89a7-133f825c910d,2019-03-10 02:48:54.008751,2019-03-10 03:10:25.806566,1291.797815,"T1.Q1, T1.Q2, T1.Q3, T1.Q7, T1.Q8, T1.Q9, T1.Q10",1,1,0,0,0,1,0,0,0,1,0,0,0,0,0,0,1,0,,,0,0,0,0,0,0,0,0,0,Somewhat,There is no clear evidence to support the claim.,7,6
ReasoningSpecialist2019_03_04,501f2b86c18b3970d0e83874a03abea681d6aaa7ede113aac6b53ba770481a3b,e07de70e-2080-4219-a69c-e9061b378fce,https://pe.goodlylabs.org/project/Sp19_reasoning/task/1589,13,3,SSSPETest2,1728,1728SSSArticle.txt,b3ab388528c6115f1d85529f203b533fb84143f467acfc31d289bdc58c08d49d,570a6196-050e-41ca-8185-97f73fac4fc0,d970aaa4-3cde-4e75-937b-ea73fb0ca0f1,2019-03-10 03:40:57.907514,2019-03-10 03:44:41.592163,223.684649,"T1.Q1, T1.Q3, T1.Q6, T1.Q7, T1.Q9, T1.Q10",0,1,1,0,0,0,0,0,0,0,0,1,0,0,0,0,0,0,,,0,0,1,0,0,0,1,0,0,Somewhat,,5: Middling difficulty,6
ReasoningSpecialist2019_03_04,501f2b86c18b3970d0e83874a03abea681d6aaa7ede113aac6b53ba770481a3b,e07de70e-2080-4219-a69c-e9061b378fce,https://pe.goodlylabs.org/project/Sp19_reasoning/task/1589,13,3,SSSPETest2,1728,1728SSSArticle.txt,b3ab388528c6115f1d85529f203b533fb84143f467acfc31d289bdc58c08d49d,72dca48f-930a-4407-a0f1-dbaf66f46e43,f18207d6-37cb-4349-a31e-a4ff2adcf299,2019-03-10 04:29:55.683826,2019-03-10 04:30:43.302913,47.619087,"T1.Q1, T1.Q3, T1.Q9, T1.Q10",0,1,0,0,0,0,0,0,0,0,0,0,0,0,0,0,0,1,,,0,0,0,0,0,0,0,0,0,,,4,7
ReasoningSpecialist2019_03_04,501f2b86c18b3970d0e83874a03abea681d6aaa7ede113aac6b53ba770481a3b,e07de70e-2080-4219-a69c-e9061b378fce,https://pe.goodlylabs.org/project/Sp19_reasoning/task/1589,13,3,SSSPETest2,1728,1728SSSArticle.txt,b3ab388528c6115f1d85529f203b533fb84143f467acfc31d289bdc58c08d49d,4f2bde96-2ecd-4606-bbfe-8041b3748466,c2f193ad-2cdc-46b8-a5bf-c45cfbee3da7,2019-03-11 18:59:35.107850,2019-03-11 19:00:39.883149,64.775299,"T1.Q1, T1.Q3, T1.Q7, T1.Q8, T1.Q9, T1.Q10",0,1,0,0,0,0,0,0,0,0,0,0,0,0,0,0,1,0,,,0,0,0,0,0,0,0,0,0,Slightly,Circular reasoning,4,9
ReasoningSpecialist2019_03_04,501f2b86c18b3970d0e83874a03abea681d6aaa7ede113aac6b53ba770481a3b,e07de70e-2080-4219-a69c-e9061b378fce,https://pe.goodlylabs.org/project/Sp19_reasoning/task/1589,13,3,SSSPETest2,1728,1728SSSArticle.txt,b3ab388528c6115f1d85529f203b533fb84143f467acfc31d289bdc58c08d49d,74c3e3bf-6aff-4dd1-970a-f07918d8f19d,a2f9116f-94e4-448c-b513-8a7ab93d3d2f,2019-03-12 03:47:43.173846,2019-03-12 04:05:49.874191,1086.700345,"T1.Q1, T1.Q3, T1.Q7, T1.Q8, T1.Q9, T1.Q10",0,1,0,0,0,0,0,0,0,0,0,0,0,0,0,0,1,0,,,0,0,0,0,0,0,0,0,0,Slightly,"Seems to be an appeal to common sense, without providing much fact in this bolded text.",4,6
ReasoningSpecialist2019_03_04,501f2b86c18b3970d0e83874a03abea681d6aaa7ede113aac6b53ba770481a3b,e07de70e-2080-4219-a69c-e9061b378fce,https://pe.goodlylabs.org/project/Sp19_reasoning/task/1589,13,3,SSSPETest2,1728,1728SSSArticle.txt,b3ab388528c6115f1d85529f203b533fb84143f467acfc31d289bdc58c08d49d,e493e51f-e800-4756-b44d-0ce7992b7a0a,93b5d16a-4388-49d6-9217-d6607167f6c2,2019-03-12 05:01:17.478860,2019-03-12 05:07:30.218539,372.739679,"T1.Q1, T1.Q9, T1.Q10",0,0,0,1,0,0,0,0,0,0,0,0,0,0,0,0,0,0,,,0,0,0,0,0,0,0,0,0,,,2,9
ReasoningSpecialist2019_03_04,501f2b86c18b3970d0e83874a03abea681d6aaa7ede113aac6b53ba770481a3b,e07de70e-2080-4219-a69c-e9061b378fce,https://pe.goodlylabs.org/project/Sp19_reasoning/task/1589,13,3,SSSPETest2,1728,1728SSSArticle.txt,b3ab388528c6115f1d85529f203b533fb84143f467acfc31d289bdc58c08d49d,0c36b7c4-c0ab-41af-8919-c6fdd96dba6e,b359f9af-81af-4246-96d3-ee2c770022bb,2019-03-12 19:43:53.974942,2019-03-12 19:45:42.258360,108.283418,"T1.Q1, T1.Q3, T1.Q9, T1.Q10",0,1,0,0,0,0,0,0,0,0,0,0,0,0,0,0,0,1,,,0,0,0,0,0,0,0,0,0,,,7,4
ReasoningSpecialist2019_03_04,501f2b86c18b3970d0e83874a03abea681d6aaa7ede113aac6b53ba770481a3b,e07de70e-2080-4219-a69c-e9061b378fce,https://pe.goodlylabs.org/project/Sp19_reasoning/task/1589,13,3,SSSPETest2,1728,1728SSSArticle.txt,b3ab388528c6115f1d85529f203b533fb84143f467acfc31d289bdc58c08d49d,e3cf545f-f689-4520-96e2-fc7821da0626,7b50486e-3d5e-474f-a40a-09c738f19bda,2019-03-12 04:19:37.399321,2019-03-12 20:29:58.746872,58221.347551,"T1.Q1, T1.Q3, T1.Q7, T1.Q9, T1.Q10",0,1,0,0,0,0,0,0,0,0,0,0,0,1,0,0,0,0,,,0,0,0,0,0,0,0,0,0,Slightly,,4,8
ReasoningSpecialist2019_03_04,501f2b86c18b3970d0e83874a03abea681d6aaa7ede113aac6b53ba770481a3b,e07de70e-2080-4219-a69c-e9061b378fce,https://pe.goodlylabs.org/project/Sp19_reasoning/task/1589,13,3,SSSPETest2,1728,1728SSSArticle.txt,b3ab388528c6115f1d85529f203b533fb84143f467acfc31d289bdc58c08d49d,29c30e3c-fade-480f-a037-56a649c6aaae,f9143626-bfe0-4e69-b652-6d1525ab4eb0,2019-04-15 23:21:34.791804,2019-04-15 23:21:34.832931,0.041127,"T1.Q1, T1.Q9, T1.Q10",0,0,0,0,1,0,0,0,0,0,0,0,0,0,0,0,0,0,,,0,0,0,0,0,0,0,0,0,,,5: Middling difficulty,8
ReasoningSpecialist2019_03_04,501f2b86c18b3970d0e83874a03abea681d6aaa7ede113aac6b53ba770481a3b,f67c7f21-da84-4187-af58-44934eebb39a,https://pe.goodlylabs.org/project/Sp19_reasoning/task/1590,12,3,SSSPETest2,1731,1731SSSArticle.txt,bad910fd0ffb399b223269afb4f75029d6e91fb55362ccaad4f28685ff1dc61e,599a81c2-b543-47a9-a48f-6e40062502b4,c2f193ad-2cdc-46b8-a5bf-c45cfbee3da7,2019-03-05 23:37:03.981267,2019-03-06 00:39:23.866022,3739.884755,"T1.Q1, T1.Q3, T1.Q6, T1.Q7, T1.Q8, T1.Q9, T1.Q10",0,1,1,0,0,0,0,0,0,0,0,0,0,0,0,0,1,0,,,0,0,0,0,0,0,0,0,1,Slightly,Appeal to intuition,5: Middling difficulty,6
ReasoningSpecialist2019_03_04,501f2b86c18b3970d0e83874a03abea681d6aaa7ede113aac6b53ba770481a3b,f67c7f21-da84-4187-af58-44934eebb39a,https://pe.goodlylabs.org/project/Sp19_reasoning/task/1590,12,3,SSSPETest2,1731,1731SSSArticle.txt,bad910fd0ffb399b223269afb4f75029d6e91fb55362ccaad4f28685ff1dc61e,4915a54c-5a8f-49e0-acab-ec53b5dc5f58,a2c02f27-95a3-4b31-9f31-bd024c0c0517,2019-03-06 00:44:42.519931,2019-03-06 00:45:24.699137,42.179206,"T1.Q1, T1.Q9, T1.Q10",0,0,0,0,1,0,0,0,0,0,0,0,0,0,0,0,0,0,,,0,0,0,0,0,0,0,0,0,,,2,7
ReasoningSpecialist2019_03_04,501f2b86c18b3970d0e83874a03abea681d6aaa7ede113aac6b53ba770481a3b,f67c7f21-da84-4187-af58-44934eebb39a,https://pe.goodlylabs.org/project/Sp19_reasoning/task/1590,12,3,SSSPETest2,1731,1731SSSArticle.txt,bad910fd0ffb399b223269afb4f75029d6e91fb55362ccaad4f28685ff1dc61e,84a825bd-9e5a-4d39-b49f-348754206bd1,fb0bfdce-316c-46b8-a7f3-097457d92afb,2019-03-06 00:46:53.134544,2019-03-06 00:48:08.888985,75.754441,"T1.Q1, T1.Q3, T1.Q7, T1.Q8, T1.Q9, T1.Q10",0,1,0,0,0,0,0,0,0,0,0,0,0,0,0,0,1,0,,,0,0,0,0,0,0,0,0,0,Slightly,Appeal to intuition,4,8
ReasoningSpecialist2019_03_04,501f2b86c18b3970d0e83874a03abea681d6aaa7ede113aac6b53ba770481a3b,f67c7f21-da84-4187-af58-44934eebb39a,https://pe.goodlylabs.org/project/Sp19_reasoning/task/1590,12,3,SSSPETest2,1731,1731SSSArticle.txt,bad910fd0ffb399b223269afb4f75029d6e91fb55362ccaad4f28685ff1dc61e,c0004976-f905-4d8c-9eb0-9e5079d4a034,3a6b0929-a821-4616-8599-9b860526d09d,2019-03-06 00:45:37.801338,2019-03-06 00:48:32.439655,174.638317,"T1.Q1, T1.Q3, T1.Q7, T1.Q8, T1.Q9, T1.Q10",0,1,0,0,0,0,0,0,0,0,0,0,0,0,0,0,1,0,,,0,0,0,0,0,0,0,0,0,Slightly,"It seems to be making an emotional appeal, rather than stating anything actually concrete.",7,8
ReasoningSpecialist2019_03_04,501f2b86c18b3970d0e83874a03abea681d6aaa7ede113aac6b53ba770481a3b,f67c7f21-da84-4187-af58-44934eebb39a,https://pe.goodlylabs.org/project/Sp19_reasoning/task/1590,12,3,SSSPETest2,1731,1731SSSArticle.txt,bad910fd0ffb399b223269afb4f75029d6e91fb55362ccaad4f28685ff1dc61e,4f0d787f-78de-4598-a98c-a3b31cadf49b,bcf4ec10-b869-4e0f-89a7-133f825c910d,2019-03-10 03:01:21.107344,2019-03-10 03:14:25.305660,784.198316,"T1.Q1, T1.Q9, T1.Q10",0,0,0,1,0,0,0,0,0,0,0,0,0,0,0,0,0,0,,,0,0,0,0,0,0,0,0,0,,,6,6
ReasoningSpecialist2019_03_04,501f2b86c18b3970d0e83874a03abea681d6aaa7ede113aac6b53ba770481a3b,f67c7f21-da84-4187-af58-44934eebb39a,https://pe.goodlylabs.org/project/Sp19_reasoning/task/1590,12,3,SSSPETest2,1731,1731SSSArticle.txt,bad910fd0ffb399b223269afb4f75029d6e91fb55362ccaad4f28685ff1dc61e,237cbed7-4e2c-45a7-9d98-5dd75a4bcb67,d970aaa4-3cde-4e75-937b-ea73fb0ca0f1,2019-03-10 03:40:59.437240,2019-03-10 03:45:05.975022,246.537782,"T1.Q1, T1.Q9, T1.Q10",0,0,0,0,1,0,0,0,0,0,0,0,0,0,0,0,0,0,,,0,0,0,0,0,0,0,0,0,,,5: Middling difficulty,8
ReasoningSpecialist2019_03_04,501f2b86c18b3970d0e83874a03abea681d6aaa7ede113aac6b53ba770481a3b,f67c7f21-da84-4187-af58-44934eebb39a,https://pe.goodlylabs.org/project/Sp19_reasoning/task/1590,12,3,SSSPETest2,1731,1731SSSArticle.txt,bad910fd0ffb399b223269afb4f75029d6e91fb55362ccaad4f28685ff1dc61e,efe4e318-eca0-415f-bb5a-1265c4ade93f,f18207d6-37cb-4349-a31e-a4ff2adcf299,2019-03-10 04:29:55.813935,2019-03-10 04:31:45.753059,109.939124,"T1.Q1, T1.Q3, T1.Q7, T1.Q8, T1.Q9, T1.Q10",0,1,0,0,0,0,0,0,0,0,0,0,0,0,0,0,1,0,,,0,0,0,0,0,0,0,0,0,Slightly,Emotional Appeal,4,7
ReasoningSpecialist2019_03_04,501f2b86c18b3970d0e83874a03abea681d6aaa7ede113aac6b53ba770481a3b,f67c7f21-da84-4187-af58-44934eebb39a,https://pe.goodlylabs.org/project/Sp19_reasoning/task/1590,12,3,SSSPETest2,1731,1731SSSArticle.txt,bad910fd0ffb399b223269afb4f75029d6e91fb55362ccaad4f28685ff1dc61e,06b07191-b3b7-4b83-9716-fd6c108116f6,a2f9116f-94e4-448c-b513-8a7ab93d3d2f,2019-03-12 03:57:34.082438,2019-03-12 04:11:17.635278,823.55284,"T1.Q1, T1.Q3, T1.Q9, T1.Q10",0,1,0,0,0,0,0,0,0,0,0,0,0,0,0,0,0,1,,,0,0,0,0,0,0,0,0,0,,,3,7
ReasoningSpecialist2019_03_04,501f2b86c18b3970d0e83874a03abea681d6aaa7ede113aac6b53ba770481a3b,f67c7f21-da84-4187-af58-44934eebb39a,https://pe.goodlylabs.org/project/Sp19_reasoning/task/1590,12,3,SSSPETest2,1731,1731SSSArticle.txt,bad910fd0ffb399b223269afb4f75029d6e91fb55362ccaad4f28685ff1dc61e,48367747-0942-4e51-94e9-ca417ca140ad,93b5d16a-4388-49d6-9217-d6607167f6c2,2019-03-12 05:06:26.096255,2019-03-12 05:17:21.289055,655.1928,"T1.Q1, T1.Q3, T1.Q4, T1.Q5, T1.Q7, T1.Q9, T1.Q10",0,1,0,0,0,0,0,0,0,0,0,0,0,0,0,1,0,0,Yes,Yes,0,0,0,0,0,0,0,0,0,Somewhat,,7,7
ReasoningSpecialist2019_03_04,501f2b86c18b3970d0e83874a03abea681d6aaa7ede113aac6b53ba770481a3b,f67c7f21-da84-4187-af58-44934eebb39a,https://pe.goodlylabs.org/project/Sp19_reasoning/task/1590,12,3,SSSPETest2,1731,1731SSSArticle.txt,bad910fd0ffb399b223269afb4f75029d6e91fb55362ccaad4f28685ff1dc61e,05f2368b-001b-4e65-946a-b8728706b9a3,7ae543c3-9854-4453-962d-01eb3b9805a5,2019-03-12 17:49:27.637400,2019-03-12 18:09:11.421354,1183.783954,"T1.Q1, T1.Q6, T1.Q7, T1.Q8, T1.Q9, T1.Q10",0,0,1,0,0,0,0,0,0,0,0,0,0,0,0,0,0,0,,,0,0,0,0,0,0,0,1,0,Somewhat,personal bias,5: Middling difficulty,5: 50-50 that I had it on any given item
ReasoningSpecialist2019_03_04,501f2b86c18b3970d0e83874a03abea681d6aaa7ede113aac6b53ba770481a3b,f67c7f21-da84-4187-af58-44934eebb39a,https://pe.goodlylabs.org/project/Sp19_reasoning/task/1590,12,3,SSSPETest2,1731,1731SSSArticle.txt,bad910fd0ffb399b223269afb4f75029d6e91fb55362ccaad4f28685ff1dc61e,46d456d0-fea2-42c3-9815-79b223784150,b359f9af-81af-4246-96d3-ee2c770022bb,2019-03-12 19:45:13.351050,2019-03-12 19:46:21.631511,68.280461,"T1.Q1, T1.Q3, T1.Q9, T1.Q10",0,1,0,0,0,0,0,0,0,0,0,0,0,0,0,0,0,1,,,0,0,0,0,0,0,0,0,0,,,3,6
ReasoningSpecialist2019_03_04,501f2b86c18b3970d0e83874a03abea681d6aaa7ede113aac6b53ba770481a3b,f67c7f21-da84-4187-af58-44934eebb39a,https://pe.goodlylabs.org/project/Sp19_reasoning/task/1590,12,3,SSSPETest2,1731,1731SSSArticle.txt,bad910fd0ffb399b223269afb4f75029d6e91fb55362ccaad4f28685ff1dc61e,a21d9199-ea69-4e52-bc0d-51ab5ffd0e7a,7b50486e-3d5e-474f-a40a-09c738f19bda,2019-03-12 04:19:37.518356,2019-03-12 20:30:16.494311,58238.975955,"T1.Q1, T1.Q9, T1.Q10",0,0,0,0,1,0,0,0,0,0,0,0,0,0,0,0,0,0,,,0,0,0,0,0,0,0,0,0,,,3,9
ReasoningSpecialist2019_03_04,501f2b86c18b3970d0e83874a03abea681d6aaa7ede113aac6b53ba770481a3b,0f3d4008-7993-469c-82ea-55bd3334bbf0,https://pe.goodlylabs.org/project/Sp19_reasoning/task/1591,12,3,SSSPETest2,1731,1731SSSArticle.txt,bad910fd0ffb399b223269afb4f75029d6e91fb55362ccaad4f28685ff1dc61e,57ea922f-6770-4318-862d-30e2e42c436e,a2c02f27-95a3-4b31-9f31-bd024c0c0517,2019-03-06 00:45:24.888069,2019-03-06 00:48:41.750850,196.862781,"T1.Q1, T1.Q3, T1.Q7, T1.Q8, T1.Q9, T1.Q10",0,1,0,0,0,0,0,0,0,0,0,0,0,0,0,0,1,0,,,0,0,0,0,0,0,0,0,0,Extremely,No evidence can convert the beliefs for someone who practices denialism,4,7
ReasoningSpecialist2019_03_04,501f2b86c18b3970d0e83874a03abea681d6aaa7ede113aac6b53ba770481a3b,0f3d4008-7993-469c-82ea-55bd3334bbf0,https://pe.goodlylabs.org/project/Sp19_reasoning/task/1591,12,3,SSSPETest2,1731,1731SSSArticle.txt,bad910fd0ffb399b223269afb4f75029d6e91fb55362ccaad4f28685ff1dc61e,e5706e89-8f17-4f68-9294-d0a7e8d4e6a8,d970aaa4-3cde-4e75-937b-ea73fb0ca0f1,2019-03-06 04:10:36.839270,2019-03-06 04:30:55.589926,1218.750656,"T1.Q1, T1.Q3, T1.Q7, T1.Q8, T1.Q9, T1.Q10",0,1,0,0,0,0,0,0,0,0,0,0,0,0,0,0,1,0,,,0,0,0,0,0,0,0,0,0,Very,,7,5: 50-50 that I had it on any given item
ReasoningSpecialist2019_03_04,501f2b86c18b3970d0e83874a03abea681d6aaa7ede113aac6b53ba770481a3b,0f3d4008-7993-469c-82ea-55bd3334bbf0,https://pe.goodlylabs.org/project/Sp19_reasoning/task/1591,12,3,SSSPETest2,1731,1731SSSArticle.txt,bad910fd0ffb399b223269afb4f75029d6e91fb55362ccaad4f28685ff1dc61e,f1438c36-d510-4692-8f7d-be5a919d98e4,7b50486e-3d5e-474f-a40a-09c738f19bda,2019-03-06 06:13:31.554403,2019-03-06 06:40:35.511718,1623.957315,"T1.Q1, T1.Q9, T1.Q10",0,0,0,1,0,0,0,0,0,0,0,0,0,0,0,0,0,0,,,0,0,0,0,0,0,0,0,0,,,5: Middling difficulty,7
ReasoningSpecialist2019_03_04,501f2b86c18b3970d0e83874a03abea681d6aaa7ede113aac6b53ba770481a3b,0f3d4008-7993-469c-82ea-55bd3334bbf0,https://pe.goodlylabs.org/project/Sp19_reasoning/task/1591,12,3,SSSPETest2,1731,1731SSSArticle.txt,bad910fd0ffb399b223269afb4f75029d6e91fb55362ccaad4f28685ff1dc61e,00d8db79-6d9c-4b3f-a6cb-7b8cf35e8be0,bcf4ec10-b869-4e0f-89a7-133f825c910d,2019-03-10 03:10:25.995691,2019-03-10 03:26:45.173714,979.178023,"T1.Q1, T1.Q6, T1.Q7, T1.Q9, T1.Q10",0,0,1,1,0,0,0,0,0,0,0,0,0,0,0,0,0,0,,,0,0,0,1,0,1,0,0,0,Not at all,,7,6
ReasoningSpecialist2019_03_04,501f2b86c18b3970d0e83874a03abea681d6aaa7ede113aac6b53ba770481a3b,0f3d4008-7993-469c-82ea-55bd3334bbf0,https://pe.goodlylabs.org/project/Sp19_reasoning/task/1591,12,3,SSSPETest2,1731,1731SSSArticle.txt,bad910fd0ffb399b223269afb4f75029d6e91fb55362ccaad4f28685ff1dc61e,f1ac1f2c-cf64-4a34-a62b-9719789a9874,f18207d6-37cb-4349-a31e-a4ff2adcf299,2019-03-10 04:30:43.478663,2019-03-10 04:32:28.413594,104.934931,"T1.Q1, T1.Q9, T1.Q10",0,0,0,0,1,0,0,0,0,0,0,0,0,0,0,0,0,0,,,0,0,0,0,0,0,0,0,0,,,3,8
ReasoningSpecialist2019_03_04,501f2b86c18b3970d0e83874a03abea681d6aaa7ede113aac6b53ba770481a3b,0f3d4008-7993-469c-82ea-55bd3334bbf0,https://pe.goodlylabs.org/project/Sp19_reasoning/task/1591,12,3,SSSPETest2,1731,1731SSSArticle.txt,bad910fd0ffb399b223269afb4f75029d6e91fb55362ccaad4f28685ff1dc61e,30a57d9f-3790-44cd-bebd-975b348e5939,3a6b0929-a821-4616-8599-9b860526d09d,2019-03-11 20:51:49.157854,2019-03-11 20:53:46.805842,117.647988,"T1.Q1, T1.Q9, T1.Q10",0,0,0,1,0,0,0,0,0,0,0,0,0,0,0,0,0,0,,,0,0,0,0,0,0,0,0,0,,,6,6
ReasoningSpecialist2019_03_04,501f2b86c18b3970d0e83874a03abea681d6aaa7ede113aac6b53ba770481a3b,0f3d4008-7993-469c-82ea-55bd3334bbf0,https://pe.goodlylabs.org/project/Sp19_reasoning/task/1591,12,3,SSSPETest2,1731,1731SSSArticle.txt,bad910fd0ffb399b223269afb4f75029d6e91fb55362ccaad4f28685ff1dc61e,500996b5-e92f-4e46-8fec-3344d5fabe2e,a2f9116f-94e4-448c-b513-8a7ab93d3d2f,2019-03-12 04:05:50.078509,2019-03-12 05:04:59.968759,3549.89025,"T1.Q1, T1.Q9, T1.Q10",0,0,0,1,0,0,0,0,0,0,0,0,0,0,0,0,0,0,,,0,0,0,0,0,0,0,0,0,,,4,7
ReasoningSpecialist2019_03_04,501f2b86c18b3970d0e83874a03abea681d6aaa7ede113aac6b53ba770481a3b,0f3d4008-7993-469c-82ea-55bd3334bbf0,https://pe.goodlylabs.org/project/Sp19_reasoning/task/1591,12,3,SSSPETest2,1731,1731SSSArticle.txt,bad910fd0ffb399b223269afb4f75029d6e91fb55362ccaad4f28685ff1dc61e,4375548b-ba98-4431-ba1d-8b4837e45bc8,93b5d16a-4388-49d6-9217-d6607167f6c2,2019-03-12 05:07:30.422016,2019-03-12 05:22:55.130109,924.708093,"T1.Q1, T1.Q9, T1.Q10",0,0,0,0,1,0,0,0,0,0,0,0,0,0,0,0,0,0,,,0,0,0,0,0,0,0,0,0,,,7,6
ReasoningSpecialist2019_03_04,501f2b86c18b3970d0e83874a03abea681d6aaa7ede113aac6b53ba770481a3b,0f3d4008-7993-469c-82ea-55bd3334bbf0,https://pe.goodlylabs.org/project/Sp19_reasoning/task/1591,12,3,SSSPETest2,1731,1731SSSArticle.txt,bad910fd0ffb399b223269afb4f75029d6e91fb55362ccaad4f28685ff1dc61e,a66f6c6b-e114-4051-8e52-0bcc1ffa9f62,fb0bfdce-316c-46b8-a7f3-097457d92afb,2019-03-12 12:55:28.539800,2019-03-12 13:02:29.629418,421.089618,"T1.Q1, T1.Q3, T1.Q7, T1.Q8, T1.Q9, T1.Q10",0,1,0,1,0,0,0,0,0,0,0,0,0,0,0,0,1,0,,,0,0,0,0,0,0,0,0,0,Slightly,Exaggeration,7,7
ReasoningSpecialist2019_03_04,501f2b86c18b3970d0e83874a03abea681d6aaa7ede113aac6b53ba770481a3b,0f3d4008-7993-469c-82ea-55bd3334bbf0,https://pe.goodlylabs.org/project/Sp19_reasoning/task/1591,12,3,SSSPETest2,1731,1731SSSArticle.txt,bad910fd0ffb399b223269afb4f75029d6e91fb55362ccaad4f28685ff1dc61e,e6144289-73ff-4b25-a6b3-48a22c7726d2,7ae543c3-9854-4453-962d-01eb3b9805a5,2019-03-12 18:07:33.815237,2019-03-12 18:11:28.415762,234.600525,"T1.Q1, T1.Q9, T1.Q10",0,0,0,1,0,0,0,0,0,0,0,0,0,0,0,0,0,0,,,0,0,0,0,0,0,0,0,0,,,5: Middling difficulty,5: 50-50 that I had it on any given item
ReasoningSpecialist2019_03_04,501f2b86c18b3970d0e83874a03abea681d6aaa7ede113aac6b53ba770481a3b,0f3d4008-7993-469c-82ea-55bd3334bbf0,https://pe.goodlylabs.org/project/Sp19_reasoning/task/1591,12,3,SSSPETest2,1731,1731SSSArticle.txt,bad910fd0ffb399b223269afb4f75029d6e91fb55362ccaad4f28685ff1dc61e,13b97f0f-6cea-4cc1-b582-234aaeee47bf,b359f9af-81af-4246-96d3-ee2c770022bb,2019-03-12 19:45:42.443966,2019-03-12 19:47:05.931990,83.488024,"T1.Q1, T1.Q9, T1.Q10",0,0,0,1,0,0,0,0,0,0,0,0,0,0,0,0,0,0,,,0,0,0,0,0,0,0,0,0,,,6,4
ReasoningSpecialist2019_03_04,501f2b86c18b3970d0e83874a03abea681d6aaa7ede113aac6b53ba770481a3b,0f3d4008-7993-469c-82ea-55bd3334bbf0,https://pe.goodlylabs.org/project/Sp19_reasoning/task/1591,12,3,SSSPETest2,1731,1731SSSArticle.txt,bad910fd0ffb399b223269afb4f75029d6e91fb55362ccaad4f28685ff1dc61e,0d593e37-5890-4ef6-86b6-e614052025f2,c2f193ad-2cdc-46b8-a5bf-c45cfbee3da7,2019-03-12 22:29:24.359496,2019-03-12 23:09:19.560171,2395.200675,"T1.Q1, T1.Q6, T1.Q7, T1.Q9, T1.Q10",0,0,1,1,0,0,0,0,0,0,0,0,0,0,0,0,0,0,,,0,0,0,0,0,1,0,0,0,Somewhat,,7,6
ReasoningSpecialist2019_03_04,501f2b86c18b3970d0e83874a03abea681d6aaa7ede113aac6b53ba770481a3b,dc82baa7-5671-4798-bf9b-14ef7517dd31,https://pe.goodlylabs.org/project/Sp19_reasoning/task/1592,12,3,SSSPETest2,1731,1731SSSArticle.txt,bad910fd0ffb399b223269afb4f75029d6e91fb55362ccaad4f28685ff1dc61e,61a97932-feb2-4342-9541-04e0a2c840d5,d970aaa4-3cde-4e75-937b-ea73fb0ca0f1,2019-03-06 04:26:08.052461,2019-03-06 04:33:38.632154,450.579693,"T1.Q1, T1.Q3, T1.Q7, T1.Q9, T1.Q10",0,1,0,0,0,0,0,0,0,0,0,0,1,0,0,0,0,0,,,0,0,0,0,0,0,0,0,0,Very,,4,7
ReasoningSpecialist2019_03_04,501f2b86c18b3970d0e83874a03abea681d6aaa7ede113aac6b53ba770481a3b,dc82baa7-5671-4798-bf9b-14ef7517dd31,https://pe.goodlylabs.org/project/Sp19_reasoning/task/1592,12,3,SSSPETest2,1731,1731SSSArticle.txt,bad910fd0ffb399b223269afb4f75029d6e91fb55362ccaad4f28685ff1dc61e,47f2099f-57ba-4771-8cd2-c56c9b02049c,7b50486e-3d5e-474f-a40a-09c738f19bda,2019-03-06 06:21:54.082823,2019-03-06 06:42:20.344443,1226.26162,"T1.Q1, T1.Q3, T1.Q9, T1.Q10",0,1,0,0,0,0,0,0,0,0,0,0,0,0,0,0,0,1,,,0,0,0,0,0,0,0,0,0,,,9,6
ReasoningSpecialist2019_03_04,501f2b86c18b3970d0e83874a03abea681d6aaa7ede113aac6b53ba770481a3b,dc82baa7-5671-4798-bf9b-14ef7517dd31,https://pe.goodlylabs.org/project/Sp19_reasoning/task/1592,12,3,SSSPETest2,1731,1731SSSArticle.txt,bad910fd0ffb399b223269afb4f75029d6e91fb55362ccaad4f28685ff1dc61e,a810358e-777a-4281-8fa2-9537c318c3e6,f18207d6-37cb-4349-a31e-a4ff2adcf299,2019-03-07 03:33:25.168984,2019-03-07 03:45:29.133309,723.964325,"T1.Q1, T1.Q3, T1.Q7, T1.Q9, T1.Q10",0,1,0,0,0,0,0,0,0,0,0,0,1,0,0,0,0,0,,,0,0,0,0,0,0,0,0,0,Very,,6,7
ReasoningSpecialist2019_03_04,501f2b86c18b3970d0e83874a03abea681d6aaa7ede113aac6b53ba770481a3b,dc82baa7-5671-4798-bf9b-14ef7517dd31,https://pe.goodlylabs.org/project/Sp19_reasoning/task/1592,12,3,SSSPETest2,1731,1731SSSArticle.txt,bad910fd0ffb399b223269afb4f75029d6e91fb55362ccaad4f28685ff1dc61e,c99122ae-630a-4575-a884-8558cbef4b92,bcf4ec10-b869-4e0f-89a7-133f825c910d,2019-03-10 03:44:03.361397,2019-03-10 03:51:00.924388,417.562991,"T1.Q1, T1.Q3, T1.Q7, T1.Q9, T1.Q10",0,1,0,1,0,0,0,0,0,0,0,0,1,0,0,0,0,0,,,0,0,0,0,0,0,0,0,0,Somewhat,,7,6
ReasoningSpecialist2019_03_04,501f2b86c18b3970d0e83874a03abea681d6aaa7ede113aac6b53ba770481a3b,dc82baa7-5671-4798-bf9b-14ef7517dd31,https://pe.goodlylabs.org/project/Sp19_reasoning/task/1592,12,3,SSSPETest2,1731,1731SSSArticle.txt,bad910fd0ffb399b223269afb4f75029d6e91fb55362ccaad4f28685ff1dc61e,b1f9893f-fb13-457f-8f78-dc5bf2efd25e,3a6b0929-a821-4616-8599-9b860526d09d,2019-03-11 20:52:55.708293,2019-03-11 20:56:47.264357,231.556064,"T1.Q1, T1.Q3, T1.Q7, T1.Q8, T1.Q9, T1.Q10",0,1,0,0,0,0,0,0,0,0,0,0,0,0,0,0,1,0,,,0,0,0,0,0,0,0,0,0,Slightly,"Emotional appeal/ rooting for the underdog, without saying anything concrete (at least in the bolded part)",5: Middling difficulty,6
ReasoningSpecialist2019_03_04,501f2b86c18b3970d0e83874a03abea681d6aaa7ede113aac6b53ba770481a3b,dc82baa7-5671-4798-bf9b-14ef7517dd31,https://pe.goodlylabs.org/project/Sp19_reasoning/task/1592,12,3,SSSPETest2,1731,1731SSSArticle.txt,bad910fd0ffb399b223269afb4f75029d6e91fb55362ccaad4f28685ff1dc61e,973aec5a-91c4-4afa-b9a4-bbdf3b9db02e,a2f9116f-94e4-448c-b513-8a7ab93d3d2f,2019-03-12 04:11:17.849901,2019-03-12 05:20:06.627526,4128.777625,"T1.Q1, T1.Q3, T1.Q9, T1.Q10",0,1,0,0,0,0,0,0,0,0,0,0,0,0,0,0,0,1,,,0,0,0,0,0,0,0,0,0,,,5: Middling difficulty,6
ReasoningSpecialist2019_03_04,501f2b86c18b3970d0e83874a03abea681d6aaa7ede113aac6b53ba770481a3b,dc82baa7-5671-4798-bf9b-14ef7517dd31,https://pe.goodlylabs.org/project/Sp19_reasoning/task/1592,12,3,SSSPETest2,1731,1731SSSArticle.txt,bad910fd0ffb399b223269afb4f75029d6e91fb55362ccaad4f28685ff1dc61e,ffa1cb81-09e1-4945-9b43-d93e935f09a4,93b5d16a-4388-49d6-9217-d6607167f6c2,2019-03-12 05:17:21.490645,2019-03-12 05:27:00.581569,579.090924,"T1.Q1, T1.Q3, T1.Q4, T1.Q5, T1.Q7, T1.Q9, T1.Q10",0,1,0,0,0,0,0,0,0,0,0,0,0,0,0,1,0,0,Yes,No,0,0,0,0,0,0,0,0,0,Somewhat,,4,8
ReasoningSpecialist2019_03_04,501f2b86c18b3970d0e83874a03abea681d6aaa7ede113aac6b53ba770481a3b,dc82baa7-5671-4798-bf9b-14ef7517dd31,https://pe.goodlylabs.org/project/Sp19_reasoning/task/1592,12,3,SSSPETest2,1731,1731SSSArticle.txt,bad910fd0ffb399b223269afb4f75029d6e91fb55362ccaad4f28685ff1dc61e,78875e2b-a0cf-4b2d-872c-c9599689825b,fb0bfdce-316c-46b8-a7f3-097457d92afb,2019-03-12 12:59:54.720213,2019-03-12 13:26:47.895604,1613.175391,"T1.Q1, T1.Q2, T1.Q3, T1.Q7, T1.Q9, T1.Q10",1,1,0,0,0,0,1,0,0,0,1,0,0,0,0,0,0,1,,,0,0,0,0,0,0,0,0,0,Somewhat,,5: Middling difficulty,6
ReasoningSpecialist2019_03_04,501f2b86c18b3970d0e83874a03abea681d6aaa7ede113aac6b53ba770481a3b,dc82baa7-5671-4798-bf9b-14ef7517dd31,https://pe.goodlylabs.org/project/Sp19_reasoning/task/1592,12,3,SSSPETest2,1731,1731SSSArticle.txt,bad910fd0ffb399b223269afb4f75029d6e91fb55362ccaad4f28685ff1dc61e,eaa0b249-b00b-4cea-aa56-4735a65ecb23,7ae543c3-9854-4453-962d-01eb3b9805a5,2019-03-12 18:09:11.660001,2019-03-12 18:13:37.013942,265.353941,"T1.Q1, T1.Q3, T1.Q9, T1.Q10",0,1,0,1,0,0,0,0,0,0,0,0,0,0,0,0,0,1,,,0,0,0,0,0,0,0,0,0,,,5: Middling difficulty,5: 50-50 that I had it on any given item
ReasoningSpecialist2019_03_04,501f2b86c18b3970d0e83874a03abea681d6aaa7ede113aac6b53ba770481a3b,dc82baa7-5671-4798-bf9b-14ef7517dd31,https://pe.goodlylabs.org/project/Sp19_reasoning/task/1592,12,3,SSSPETest2,1731,1731SSSArticle.txt,bad910fd0ffb399b223269afb4f75029d6e91fb55362ccaad4f28685ff1dc61e,4121e4ff-a684-47b3-9508-33b53bfb9e2b,b359f9af-81af-4246-96d3-ee2c770022bb,2019-03-12 19:46:21.843698,2019-03-12 19:48:03.237966,101.394268,"T1.Q1, T1.Q3, T1.Q9, T1.Q10",0,1,0,0,0,0,0,0,0,0,0,0,0,0,0,0,0,1,,,0,0,0,0,0,0,0,0,0,,,7,5: 50-50 that I had it on any given item
ReasoningSpecialist2019_03_04,501f2b86c18b3970d0e83874a03abea681d6aaa7ede113aac6b53ba770481a3b,dc82baa7-5671-4798-bf9b-14ef7517dd31,https://pe.goodlylabs.org/project/Sp19_reasoning/task/1592,12,3,SSSPETest2,1731,1731SSSArticle.txt,bad910fd0ffb399b223269afb4f75029d6e91fb55362ccaad4f28685ff1dc61e,da849a28-9514-496b-9ccc-3fe9119b42c4,a2c02f27-95a3-4b31-9f31-bd024c0c0517,2019-03-12 05:10:03.642731,2019-03-12 21:26:45.785359,58602.142628,"T1.Q1, T1.Q3, T1.Q7, T1.Q8, T1.Q9, T1.Q10",0,1,0,0,0,0,0,0,0,0,0,0,0,0,0,0,1,0,,,0,0,0,0,0,0,0,0,0,Slightly,Uses negative adjective when talking about group,5: Middling difficulty,6
ReasoningSpecialist2019_03_04,501f2b86c18b3970d0e83874a03abea681d6aaa7ede113aac6b53ba770481a3b,dc82baa7-5671-4798-bf9b-14ef7517dd31,https://pe.goodlylabs.org/project/Sp19_reasoning/task/1592,12,3,SSSPETest2,1731,1731SSSArticle.txt,bad910fd0ffb399b223269afb4f75029d6e91fb55362ccaad4f28685ff1dc61e,a1156a9e-930e-43ac-ae21-879ffa08b5e2,c2f193ad-2cdc-46b8-a5bf-c45cfbee3da7,2019-03-12 22:29:28.428207,2019-03-12 23:13:02.787182,2614.358975,"T1.Q1, T1.Q3, T1.Q7, T1.Q9, T1.Q10",0,1,0,0,0,0,0,0,0,0,0,0,1,0,0,0,0,0,,,0,0,0,0,0,0,0,0,0,Somewhat,,5: Middling difficulty,7
ReasoningSpecialist2019_03_04,501f2b86c18b3970d0e83874a03abea681d6aaa7ede113aac6b53ba770481a3b,9cec162a-1dc7-40b0-b022-a8c6cc5ce1f6,https://pe.goodlylabs.org/project/Sp19_reasoning/task/1593,12,3,SSSPETest2-Demo1,1737,1737SSSArticle.txt,c35844f62ee12d09c0450281624c89e2533bbb621f23dd1b7062a6ee26ae2b97,07a2b34f-ead0-422b-be86-b176f1ecf942,d970aaa4-3cde-4e75-937b-ea73fb0ca0f1,2019-03-06 04:30:55.830483,2019-03-06 04:35:14.093226,258.262743,"T1.Q1, T1.Q3, T1.Q7, T1.Q9, T1.Q10",0,1,0,0,0,0,0,0,0,0,0,0,0,1,0,0,0,0,,,0,0,0,0,0,0,0,0,0,Extremely,,2,9
ReasoningSpecialist2019_03_04,501f2b86c18b3970d0e83874a03abea681d6aaa7ede113aac6b53ba770481a3b,9cec162a-1dc7-40b0-b022-a8c6cc5ce1f6,https://pe.goodlylabs.org/project/Sp19_reasoning/task/1593,12,3,SSSPETest2-Demo1,1737,1737SSSArticle.txt,c35844f62ee12d09c0450281624c89e2533bbb621f23dd1b7062a6ee26ae2b97,48be1151-2e7e-44a0-919d-8f98419e3098,7b50486e-3d5e-474f-a40a-09c738f19bda,2019-03-06 06:40:35.982473,2019-03-06 06:55:53.257830,917.275357,"T1.Q1, T1.Q3, T1.Q7, T1.Q9, T1.Q10",0,1,0,0,0,0,0,0,0,0,0,0,0,1,0,0,0,0,,,0,0,0,0,0,0,0,0,0,Slightly,,9,7
ReasoningSpecialist2019_03_04,501f2b86c18b3970d0e83874a03abea681d6aaa7ede113aac6b53ba770481a3b,9cec162a-1dc7-40b0-b022-a8c6cc5ce1f6,https://pe.goodlylabs.org/project/Sp19_reasoning/task/1593,12,3,SSSPETest2-Demo1,1737,1737SSSArticle.txt,c35844f62ee12d09c0450281624c89e2533bbb621f23dd1b7062a6ee26ae2b97,97be1817-4cea-403c-bea4-3e17d9e034a5,f18207d6-37cb-4349-a31e-a4ff2adcf299,2019-03-07 03:40:03.279427,2019-03-07 03:47:27.803071,444.523644,"T1.Q1, T1.Q3, T1.Q7, T1.Q8, T1.Q9, T1.Q10",0,1,0,0,0,0,0,0,0,0,0,0,0,0,0,0,1,0,,,0,0,0,0,0,0,0,0,0,Slightly,"There is an appeal to ""Common Knowledge""; however, common knowledge is not always correct."" ",4,7
ReasoningSpecialist2019_03_04,501f2b86c18b3970d0e83874a03abea681d6aaa7ede113aac6b53ba770481a3b,9cec162a-1dc7-40b0-b022-a8c6cc5ce1f6,https://pe.goodlylabs.org/project/Sp19_reasoning/task/1593,12,3,SSSPETest2-Demo1,1737,1737SSSArticle.txt,c35844f62ee12d09c0450281624c89e2533bbb621f23dd1b7062a6ee26ae2b97,60eff05e-5473-46ea-8fd5-a3d2807bb868,bcf4ec10-b869-4e0f-89a7-133f825c910d,2019-03-10 03:56:35.941633,2019-03-10 04:07:13.035934,637.094301,"T1.Q1, T1.Q3, T1.Q7, T1.Q9, T1.Q10",0,1,0,0,0,0,0,0,0,0,0,1,0,0,0,0,0,0,,,0,0,0,0,0,0,0,0,0,Not at all,,5: Middling difficulty,8
ReasoningSpecialist2019_03_04,501f2b86c18b3970d0e83874a03abea681d6aaa7ede113aac6b53ba770481a3b,9cec162a-1dc7-40b0-b022-a8c6cc5ce1f6,https://pe.goodlylabs.org/project/Sp19_reasoning/task/1593,12,3,SSSPETest2-Demo1,1737,1737SSSArticle.txt,c35844f62ee12d09c0450281624c89e2533bbb621f23dd1b7062a6ee26ae2b97,d29f6c24-edf9-475d-9f44-18ad9d9b9156,3a6b0929-a821-4616-8599-9b860526d09d,2019-03-11 20:53:47.114766,2019-03-11 20:57:19.722623,212.607857,"T1.Q1, T1.Q3, T1.Q9, T1.Q10",0,1,0,0,0,0,0,0,0,0,0,0,0,0,0,0,0,1,,,0,0,0,0,0,0,0,0,0,,,6,6
ReasoningSpecialist2019_03_04,501f2b86c18b3970d0e83874a03abea681d6aaa7ede113aac6b53ba770481a3b,9cec162a-1dc7-40b0-b022-a8c6cc5ce1f6,https://pe.goodlylabs.org/project/Sp19_reasoning/task/1593,12,3,SSSPETest2-Demo1,1737,1737SSSArticle.txt,c35844f62ee12d09c0450281624c89e2533bbb621f23dd1b7062a6ee26ae2b97,eac552a7-9377-4f6b-9755-802082388acc,a2f9116f-94e4-448c-b513-8a7ab93d3d2f,2019-03-12 05:05:00.191792,2019-03-12 05:23:28.422544,1108.230752,"T1.Q1, T1.Q2, T1.Q7, T1.Q9, T1.Q10",1,0,0,0,0,0,0,1,0,0,0,0,0,0,0,0,0,0,,,0,0,0,0,0,0,0,0,0,Slightly,,4,7
ReasoningSpecialist2019_03_04,501f2b86c18b3970d0e83874a03abea681d6aaa7ede113aac6b53ba770481a3b,9cec162a-1dc7-40b0-b022-a8c6cc5ce1f6,https://pe.goodlylabs.org/project/Sp19_reasoning/task/1593,12,3,SSSPETest2-Demo1,1737,1737SSSArticle.txt,c35844f62ee12d09c0450281624c89e2533bbb621f23dd1b7062a6ee26ae2b97,bbd04a32-6390-4cd4-b876-59f70ba6af0a,93b5d16a-4388-49d6-9217-d6607167f6c2,2019-03-12 05:22:55.295452,2019-03-12 05:29:41.069011,405.773559,"T1.Q1, T1.Q9, T1.Q10",0,0,0,0,1,0,0,0,0,0,0,0,0,0,0,0,0,0,,,0,0,0,0,0,0,0,0,0,,,5: Middling difficulty,6
ReasoningSpecialist2019_03_04,501f2b86c18b3970d0e83874a03abea681d6aaa7ede113aac6b53ba770481a3b,9cec162a-1dc7-40b0-b022-a8c6cc5ce1f6,https://pe.goodlylabs.org/project/Sp19_reasoning/task/1593,12,3,SSSPETest2-Demo1,1737,1737SSSArticle.txt,c35844f62ee12d09c0450281624c89e2533bbb621f23dd1b7062a6ee26ae2b97,6fd23a3f-703a-427b-8502-ccc8e928eecf,fb0bfdce-316c-46b8-a7f3-097457d92afb,2019-03-12 13:02:29.798943,2019-03-12 13:29:29.416659,1619.617716,"T1.Q1, T1.Q2, T1.Q3, T1.Q7, T1.Q8, T1.Q9, T1.Q10",1,1,0,0,0,0,0,0,0,1,0,0,0,0,0,0,0,1,,,0,0,0,0,0,0,0,0,0,Slightly,Making assumption on what is common knowledge,7,7
ReasoningSpecialist2019_03_04,501f2b86c18b3970d0e83874a03abea681d6aaa7ede113aac6b53ba770481a3b,9cec162a-1dc7-40b0-b022-a8c6cc5ce1f6,https://pe.goodlylabs.org/project/Sp19_reasoning/task/1593,12,3,SSSPETest2-Demo1,1737,1737SSSArticle.txt,c35844f62ee12d09c0450281624c89e2533bbb621f23dd1b7062a6ee26ae2b97,aaca1cf7-9060-4feb-b229-2b14dafc1d45,7ae543c3-9854-4453-962d-01eb3b9805a5,2019-03-12 18:16:58.105860,2019-03-12 18:17:51.180448,53.074588,"T1.Q1, T1.Q3, T1.Q7, T1.Q8, T1.Q9, T1.Q10",0,1,0,0,0,0,0,0,0,0,0,0,0,0,0,0,1,0,,,0,0,0,0,0,0,0,0,0,Not at all,"something about ""long been known""",5: Middling difficulty,5: 50-50 that I had it on any given item
ReasoningSpecialist2019_03_04,501f2b86c18b3970d0e83874a03abea681d6aaa7ede113aac6b53ba770481a3b,9cec162a-1dc7-40b0-b022-a8c6cc5ce1f6,https://pe.goodlylabs.org/project/Sp19_reasoning/task/1593,12,3,SSSPETest2-Demo1,1737,1737SSSArticle.txt,c35844f62ee12d09c0450281624c89e2533bbb621f23dd1b7062a6ee26ae2b97,9181812c-f442-4554-997b-7c599b2605b4,b359f9af-81af-4246-96d3-ee2c770022bb,2019-03-12 19:47:06.111952,2019-03-12 19:48:32.470368,86.358416,"T1.Q1, T1.Q3, T1.Q9, T1.Q10",0,1,0,0,0,0,0,0,0,0,0,0,0,0,0,0,0,1,,,0,0,0,0,0,0,0,0,0,,,6,6
ReasoningSpecialist2019_03_04,501f2b86c18b3970d0e83874a03abea681d6aaa7ede113aac6b53ba770481a3b,9cec162a-1dc7-40b0-b022-a8c6cc5ce1f6,https://pe.goodlylabs.org/project/Sp19_reasoning/task/1593,12,3,SSSPETest2-Demo1,1737,1737SSSArticle.txt,c35844f62ee12d09c0450281624c89e2533bbb621f23dd1b7062a6ee26ae2b97,22151ab1-b57a-4c43-99f5-e1ee1e5b8697,a2c02f27-95a3-4b31-9f31-bd024c0c0517,2019-03-12 21:23:33.877390,2019-03-12 21:27:56.527046,262.649656,"T1.Q1, T1.Q3, T1.Q7, T1.Q9, T1.Q10",0,1,0,0,0,0,0,0,0,0,0,1,0,0,0,0,0,0,,,0,0,0,0,0,0,0,0,0,Slightly,,4,6
ReasoningSpecialist2019_03_04,501f2b86c18b3970d0e83874a03abea681d6aaa7ede113aac6b53ba770481a3b,9cec162a-1dc7-40b0-b022-a8c6cc5ce1f6,https://pe.goodlylabs.org/project/Sp19_reasoning/task/1593,12,3,SSSPETest2-Demo1,1737,1737SSSArticle.txt,c35844f62ee12d09c0450281624c89e2533bbb621f23dd1b7062a6ee26ae2b97,b4533303-a097-4305-af8b-4d14cdf707e0,c2f193ad-2cdc-46b8-a5bf-c45cfbee3da7,2019-03-12 23:09:19.748192,2019-03-12 23:15:55.058860,395.310668,"T1.Q1, T1.Q3, T1.Q6, T1.Q7, T1.Q8, T1.Q9, T1.Q10",0,1,1,0,0,0,0,0,0,0,0,0,0,0,0,0,1,0,,,0,0,0,0,0,0,0,0,1,Slightly,Appeal to common knowledge,4,7
ReasoningSpecialist2019_03_04,501f2b86c18b3970d0e83874a03abea681d6aaa7ede113aac6b53ba770481a3b,d122b184-d61a-4080-858a-bf995697d823,https://pe.goodlylabs.org/project/Sp19_reasoning/task/1594,13,3,SSSPETest2,1731,1731SSSArticle.txt,bad910fd0ffb399b223269afb4f75029d6e91fb55362ccaad4f28685ff1dc61e,e798cda1-94d8-408c-8026-3b9dec08f31a,d970aaa4-3cde-4e75-937b-ea73fb0ca0f1,2019-03-06 04:33:38.810013,2019-03-06 04:44:20.295082,641.485069,"T1.Q1, T1.Q2, T1.Q3, T1.Q7, T1.Q8, T1.Q9, T1.Q10",1,1,0,0,0,0,1,0,0,1,0,1,0,0,0,0,0,0,,,0,0,0,0,0,0,0,0,0,Extremely,,8,6
ReasoningSpecialist2019_03_04,501f2b86c18b3970d0e83874a03abea681d6aaa7ede113aac6b53ba770481a3b,d122b184-d61a-4080-858a-bf995697d823,https://pe.goodlylabs.org/project/Sp19_reasoning/task/1594,13,3,SSSPETest2,1731,1731SSSArticle.txt,bad910fd0ffb399b223269afb4f75029d6e91fb55362ccaad4f28685ff1dc61e,04a3b750-b059-49f8-b23e-a3554e4cdb7c,7b50486e-3d5e-474f-a40a-09c738f19bda,2019-03-06 06:42:20.555848,2019-03-06 06:57:48.568812,928.012964,"T1.Q1, T1.Q9, T1.Q10",0,0,0,1,0,0,0,0,0,0,0,0,0,0,0,0,0,0,,,0,0,0,0,0,0,0,0,0,,,6,6
ReasoningSpecialist2019_03_04,501f2b86c18b3970d0e83874a03abea681d6aaa7ede113aac6b53ba770481a3b,d122b184-d61a-4080-858a-bf995697d823,https://pe.goodlylabs.org/project/Sp19_reasoning/task/1594,13,3,SSSPETest2,1731,1731SSSArticle.txt,bad910fd0ffb399b223269afb4f75029d6e91fb55362ccaad4f28685ff1dc61e,0b21c99a-1ffb-4b06-90a7-efcf1f2c7a67,f18207d6-37cb-4349-a31e-a4ff2adcf299,2019-03-07 03:45:29.314859,2019-03-07 03:52:39.595388,430.280529,"T1.Q1, T1.Q9, T1.Q10",0,0,0,1,0,0,0,0,0,0,0,0,0,0,0,0,0,0,,,0,0,0,0,0,0,0,0,0,,,5: Middling difficulty,5: 50-50 that I had it on any given item
ReasoningSpecialist2019_03_04,501f2b86c18b3970d0e83874a03abea681d6aaa7ede113aac6b53ba770481a3b,d122b184-d61a-4080-858a-bf995697d823,https://pe.goodlylabs.org/project/Sp19_reasoning/task/1594,13,3,SSSPETest2,1731,1731SSSArticle.txt,bad910fd0ffb399b223269afb4f75029d6e91fb55362ccaad4f28685ff1dc61e,7f5357b8-5a19-4d67-9a40-91a834be0faa,bcf4ec10-b869-4e0f-89a7-133f825c910d,2019-03-10 03:56:36.069519,2019-03-10 04:15:38.113979,1142.04446,"T1.Q1, T1.Q2, T1.Q7, T1.Q9, T1.Q10",1,0,0,1,0,0,0,1,0,0,0,0,0,0,0,0,0,0,,,0,0,0,0,0,0,0,0,0,Somewhat,,6,6
ReasoningSpecialist2019_03_04,501f2b86c18b3970d0e83874a03abea681d6aaa7ede113aac6b53ba770481a3b,d122b184-d61a-4080-858a-bf995697d823,https://pe.goodlylabs.org/project/Sp19_reasoning/task/1594,13,3,SSSPETest2,1731,1731SSSArticle.txt,bad910fd0ffb399b223269afb4f75029d6e91fb55362ccaad4f28685ff1dc61e,f0233ebc-a33a-4f0b-96c8-af00fd900793,3a6b0929-a821-4616-8599-9b860526d09d,2019-03-11 20:56:47.549548,2019-03-11 20:59:35.254677,167.705129,"T1.Q1, T1.Q3, T1.Q9, T1.Q10",0,1,0,0,1,0,0,0,0,0,0,0,0,0,0,0,0,1,,,0,0,0,0,0,0,0,0,0,,,5: Middling difficulty,5: 50-50 that I had it on any given item
ReasoningSpecialist2019_03_04,501f2b86c18b3970d0e83874a03abea681d6aaa7ede113aac6b53ba770481a3b,d122b184-d61a-4080-858a-bf995697d823,https://pe.goodlylabs.org/project/Sp19_reasoning/task/1594,13,3,SSSPETest2,1731,1731SSSArticle.txt,bad910fd0ffb399b223269afb4f75029d6e91fb55362ccaad4f28685ff1dc61e,40f680d1-fefa-47b7-ae92-1671a0945a76,93b5d16a-4388-49d6-9217-d6607167f6c2,2019-03-12 05:27:00.764740,2019-03-12 05:33:00.794433,360.029693,"T1.Q1, T1.Q2, T1.Q7, T1.Q9, T1.Q10",1,0,0,0,0,0,1,0,0,0,0,0,0,0,0,0,0,0,,,0,0,0,0,0,0,0,0,0,Somewhat,,6,7
ReasoningSpecialist2019_03_04,501f2b86c18b3970d0e83874a03abea681d6aaa7ede113aac6b53ba770481a3b,d122b184-d61a-4080-858a-bf995697d823,https://pe.goodlylabs.org/project/Sp19_reasoning/task/1594,13,3,SSSPETest2,1731,1731SSSArticle.txt,bad910fd0ffb399b223269afb4f75029d6e91fb55362ccaad4f28685ff1dc61e,c10437f2-d403-4d6d-a3fd-fed9df7fe806,a2f9116f-94e4-448c-b513-8a7ab93d3d2f,2019-03-12 05:20:06.810487,2019-03-12 05:39:31.397325,1164.586838,"T1.Q1, T1.Q3, T1.Q7, T1.Q8, T1.Q9, T1.Q10",0,1,0,0,0,0,0,0,0,0,0,0,0,0,0,0,1,0,,,0,0,0,0,0,0,0,0,0,Somewhat,"Type of red herring argument, trying to diver to another controversial topic.",3,7
ReasoningSpecialist2019_03_04,501f2b86c18b3970d0e83874a03abea681d6aaa7ede113aac6b53ba770481a3b,d122b184-d61a-4080-858a-bf995697d823,https://pe.goodlylabs.org/project/Sp19_reasoning/task/1594,13,3,SSSPETest2,1731,1731SSSArticle.txt,bad910fd0ffb399b223269afb4f75029d6e91fb55362ccaad4f28685ff1dc61e,0211a635-0520-4790-a66a-70dca829d607,fb0bfdce-316c-46b8-a7f3-097457d92afb,2019-03-12 13:26:48.055111,2019-03-12 13:41:35.895455,887.840344,"T1.Q1, T1.Q3, T1.Q6, T1.Q7, T1.Q9, T1.Q10",0,1,1,1,0,0,0,0,0,0,0,0,0,0,0,0,0,1,,,1,0,0,0,0,0,1,0,0,Somewhat,,6,7
ReasoningSpecialist2019_03_04,501f2b86c18b3970d0e83874a03abea681d6aaa7ede113aac6b53ba770481a3b,d122b184-d61a-4080-858a-bf995697d823,https://pe.goodlylabs.org/project/Sp19_reasoning/task/1594,13,3,SSSPETest2,1731,1731SSSArticle.txt,bad910fd0ffb399b223269afb4f75029d6e91fb55362ccaad4f28685ff1dc61e,66c446d7-0cf9-4eaa-8b80-540be2c80e6e,7ae543c3-9854-4453-962d-01eb3b9805a5,2019-03-12 18:41:50.112237,2019-03-12 18:56:16.350084,866.237847,"T1.Q1, T1.Q3, T1.Q6, T1.Q7, T1.Q8, T1.Q9, T1.Q10",0,1,1,0,0,0,0,0,0,0,0,0,0,0,0,0,1,0,,,0,0,0,0,0,0,0,0,1,Very,false,6,6
ReasoningSpecialist2019_03_04,501f2b86c18b3970d0e83874a03abea681d6aaa7ede113aac6b53ba770481a3b,d122b184-d61a-4080-858a-bf995697d823,https://pe.goodlylabs.org/project/Sp19_reasoning/task/1594,13,3,SSSPETest2,1731,1731SSSArticle.txt,bad910fd0ffb399b223269afb4f75029d6e91fb55362ccaad4f28685ff1dc61e,06d05ef9-8fd7-47e5-a82a-ffa4c4e8d5e9,b359f9af-81af-4246-96d3-ee2c770022bb,2019-03-12 19:48:03.432878,2019-03-12 19:49:43.148301,99.715423,"T1.Q1, T1.Q3, T1.Q9, T1.Q10",0,1,0,0,0,0,0,0,0,0,0,0,0,0,0,0,0,1,,,0,0,0,0,0,0,0,0,0,,,3,7
ReasoningSpecialist2019_03_04,501f2b86c18b3970d0e83874a03abea681d6aaa7ede113aac6b53ba770481a3b,d122b184-d61a-4080-858a-bf995697d823,https://pe.goodlylabs.org/project/Sp19_reasoning/task/1594,13,3,SSSPETest2,1731,1731SSSArticle.txt,bad910fd0ffb399b223269afb4f75029d6e91fb55362ccaad4f28685ff1dc61e,1c9a39cf-1c01-495e-ad9b-626318102910,a2c02f27-95a3-4b31-9f31-bd024c0c0517,2019-03-12 21:26:45.968925,2019-03-12 21:28:33.400172,107.431247,"T1.Q1, T1.Q3, T1.Q9, T1.Q10",0,1,0,0,0,0,0,0,0,0,0,0,0,0,0,0,0,1,,,0,0,0,0,0,0,0,0,0,,,5: Middling difficulty,5: 50-50 that I had it on any given item
ReasoningSpecialist2019_03_04,501f2b86c18b3970d0e83874a03abea681d6aaa7ede113aac6b53ba770481a3b,d122b184-d61a-4080-858a-bf995697d823,https://pe.goodlylabs.org/project/Sp19_reasoning/task/1594,13,3,SSSPETest2,1731,1731SSSArticle.txt,bad910fd0ffb399b223269afb4f75029d6e91fb55362ccaad4f28685ff1dc61e,a8215442-4df2-40d3-a512-ecd474747037,f9143626-bfe0-4e69-b652-6d1525ab4eb0,2019-06-15 19:33:04.758961,2019-06-15 19:33:04.800333,0.041372,"T1.Q1, T1.Q6, T1.Q9, T1.Q10",0,0,1,0,0,0,0,0,0,0,0,0,0,0,0,0,0,0,,,0,0,0,0,0,0,0,0,1,,,2,7
ReasoningSpecialist2019_03_04,501f2b86c18b3970d0e83874a03abea681d6aaa7ede113aac6b53ba770481a3b,d122b184-d61a-4080-858a-bf995697d823,https://pe.goodlylabs.org/project/Sp19_reasoning/task/1594,13,3,SSSPETest2,1731,1731SSSArticle.txt,bad910fd0ffb399b223269afb4f75029d6e91fb55362ccaad4f28685ff1dc61e,e9f1c256-a83c-4a0b-8ccf-a3b4cc537c2b,f9143626-bfe0-4e69-b652-6d1525ab4eb0,2019-06-15 20:34:00.487418,2019-06-15 20:52:42.423135,1121.935717,"T1.Q1, T1.Q3, T1.Q6, T1.Q7, T1.Q8, T1.Q9, T1.Q10",0,1,1,1,0,0,0,0,0,0,0,0,0,0,0,0,1,0,,,0,1,0,0,0,0,0,1,0,Very,Appeal to principle without reason; and assuming appearances are correct,7,7
ReasoningSpecialist2019_03_04,501f2b86c18b3970d0e83874a03abea681d6aaa7ede113aac6b53ba770481a3b,68a76ed1-a5f3-4077-aa76-8d82478dbb93,https://pe.goodlylabs.org/project/Sp19_reasoning/task/1595,11,3,SSSPETest2,1731,1731SSSArticle.txt,bad910fd0ffb399b223269afb4f75029d6e91fb55362ccaad4f28685ff1dc61e,ff998767-0074-437c-9d63-8ffa763de097,d970aaa4-3cde-4e75-937b-ea73fb0ca0f1,2019-03-06 04:35:14.363750,2019-03-06 04:48:02.008597,767.644847,"T1.Q1, T1.Q3, T1.Q6, T1.Q7, T1.Q9, T1.Q10",0,1,1,0,0,0,0,0,0,0,0,1,0,0,0,0,0,0,,,0,0,0,0,0,0,1,0,0,Somewhat,,5: Middling difficulty,6
ReasoningSpecialist2019_03_04,501f2b86c18b3970d0e83874a03abea681d6aaa7ede113aac6b53ba770481a3b,68a76ed1-a5f3-4077-aa76-8d82478dbb93,https://pe.goodlylabs.org/project/Sp19_reasoning/task/1595,11,3,SSSPETest2,1731,1731SSSArticle.txt,bad910fd0ffb399b223269afb4f75029d6e91fb55362ccaad4f28685ff1dc61e,7ae484a5-c588-4a62-bfdb-db41035fd92c,7b50486e-3d5e-474f-a40a-09c738f19bda,2019-03-06 06:55:53.511233,2019-03-06 07:00:17.654861,264.143628,"T1.Q1, T1.Q3, T1.Q9, T1.Q10",0,1,0,1,0,0,0,0,0,0,0,0,0,0,0,0,0,1,,,0,0,0,0,0,0,0,0,0,,,5: Middling difficulty,5: 50-50 that I had it on any given item
ReasoningSpecialist2019_03_04,501f2b86c18b3970d0e83874a03abea681d6aaa7ede113aac6b53ba770481a3b,68a76ed1-a5f3-4077-aa76-8d82478dbb93,https://pe.goodlylabs.org/project/Sp19_reasoning/task/1595,11,3,SSSPETest2,1731,1731SSSArticle.txt,bad910fd0ffb399b223269afb4f75029d6e91fb55362ccaad4f28685ff1dc61e,2e3122be-acda-4372-8975-66c5185e16da,f18207d6-37cb-4349-a31e-a4ff2adcf299,2019-03-07 03:47:27.996494,2019-03-07 03:56:43.644638,555.648144,"T1.Q1, T1.Q9, T1.Q10",0,0,0,1,0,0,0,0,0,0,0,0,0,0,0,0,0,0,,,0,0,0,0,0,0,0,0,0,,,4,5: 50-50 that I had it on any given item
ReasoningSpecialist2019_03_04,501f2b86c18b3970d0e83874a03abea681d6aaa7ede113aac6b53ba770481a3b,68a76ed1-a5f3-4077-aa76-8d82478dbb93,https://pe.goodlylabs.org/project/Sp19_reasoning/task/1595,11,3,SSSPETest2,1731,1731SSSArticle.txt,bad910fd0ffb399b223269afb4f75029d6e91fb55362ccaad4f28685ff1dc61e,109def8f-8fb9-4ac5-84c2-d83c44b300c5,bcf4ec10-b869-4e0f-89a7-133f825c910d,2019-03-10 04:07:13.217788,2019-03-10 04:20:40.086747,806.868959,"T1.Q1, T1.Q6, T1.Q7, T1.Q9, T1.Q10",0,0,1,1,0,0,0,0,0,0,0,0,0,0,0,0,0,0,,,0,0,0,1,0,0,0,0,0,Very,,7,6
ReasoningSpecialist2019_03_04,501f2b86c18b3970d0e83874a03abea681d6aaa7ede113aac6b53ba770481a3b,68a76ed1-a5f3-4077-aa76-8d82478dbb93,https://pe.goodlylabs.org/project/Sp19_reasoning/task/1595,11,3,SSSPETest2,1731,1731SSSArticle.txt,bad910fd0ffb399b223269afb4f75029d6e91fb55362ccaad4f28685ff1dc61e,3f205438-65cb-4660-ad7f-11584269df82,3a6b0929-a821-4616-8599-9b860526d09d,2019-03-11 20:57:20.020909,2019-03-11 21:02:05.380109,285.3592,"T1.Q1, T1.Q3, T1.Q7, T1.Q8, T1.Q9, T1.Q10",0,1,0,1,0,0,0,0,0,0,0,0,0,0,0,0,1,0,,,0,0,0,0,0,0,0,0,0,Somewhat,"Narrator shows extreme distrust of everything, so their view may be more extreme than what really is.",5: Middling difficulty,7
ReasoningSpecialist2019_03_04,501f2b86c18b3970d0e83874a03abea681d6aaa7ede113aac6b53ba770481a3b,68a76ed1-a5f3-4077-aa76-8d82478dbb93,https://pe.goodlylabs.org/project/Sp19_reasoning/task/1595,11,3,SSSPETest2,1731,1731SSSArticle.txt,bad910fd0ffb399b223269afb4f75029d6e91fb55362ccaad4f28685ff1dc61e,372d3c5f-af27-4de6-ab81-1308575ed785,93b5d16a-4388-49d6-9217-d6607167f6c2,2019-03-12 05:29:41.434712,2019-03-12 05:38:43.068820,541.634108,"T1.Q1, T1.Q6, T1.Q7, T1.Q9, T1.Q10",0,0,1,0,0,0,0,0,0,0,0,0,0,0,0,0,0,0,,,1,0,0,0,0,0,0,0,0,Very,,7,7
ReasoningSpecialist2019_03_04,501f2b86c18b3970d0e83874a03abea681d6aaa7ede113aac6b53ba770481a3b,68a76ed1-a5f3-4077-aa76-8d82478dbb93,https://pe.goodlylabs.org/project/Sp19_reasoning/task/1595,11,3,SSSPETest2,1731,1731SSSArticle.txt,bad910fd0ffb399b223269afb4f75029d6e91fb55362ccaad4f28685ff1dc61e,bc08ae0e-b60d-4696-9ee3-247ba0757138,a2f9116f-94e4-448c-b513-8a7ab93d3d2f,2019-03-12 05:23:28.743476,2019-03-12 05:45:32.206762,1323.463286,"T1.Q1, T1.Q6, T1.Q7, T1.Q9, T1.Q10",0,0,1,0,0,0,0,0,0,0,0,0,0,0,0,0,0,0,,,0,0,0,1,0,1,0,0,0,Very,,4,7
ReasoningSpecialist2019_03_04,501f2b86c18b3970d0e83874a03abea681d6aaa7ede113aac6b53ba770481a3b,68a76ed1-a5f3-4077-aa76-8d82478dbb93,https://pe.goodlylabs.org/project/Sp19_reasoning/task/1595,11,3,SSSPETest2,1731,1731SSSArticle.txt,bad910fd0ffb399b223269afb4f75029d6e91fb55362ccaad4f28685ff1dc61e,87dadf92-c0af-468d-ba1e-ada412002c63,fb0bfdce-316c-46b8-a7f3-097457d92afb,2019-03-12 13:29:29.635108,2019-03-12 13:45:45.348178,975.71307,"T1.Q1, T1.Q3, T1.Q6, T1.Q7, T1.Q8, T1.Q9, T1.Q10",0,1,1,0,0,0,0,0,0,0,0,0,0,0,0,0,1,0,,,1,0,0,1,0,0,0,0,0,Somewhat,Circular reasoning ,9,8
ReasoningSpecialist2019_03_04,501f2b86c18b3970d0e83874a03abea681d6aaa7ede113aac6b53ba770481a3b,68a76ed1-a5f3-4077-aa76-8d82478dbb93,https://pe.goodlylabs.org/project/Sp19_reasoning/task/1595,11,3,SSSPETest2,1731,1731SSSArticle.txt,bad910fd0ffb399b223269afb4f75029d6e91fb55362ccaad4f28685ff1dc61e,64feafd3-4fdc-4a4e-b5bc-5acf7cbcc6a6,7ae543c3-9854-4453-962d-01eb3b9805a5,2019-03-12 18:42:04.897823,2019-03-12 19:05:53.045448,1428.147625,"T1.Q1, T1.Q3, T1.Q7, T1.Q8, T1.Q9, T1.Q10",0,1,0,0,0,0,0,0,0,0,0,0,0,0,0,0,1,0,,,0,0,0,0,0,0,0,0,0,Slightly,personal,5: Middling difficulty,5: 50-50 that I had it on any given item
ReasoningSpecialist2019_03_04,501f2b86c18b3970d0e83874a03abea681d6aaa7ede113aac6b53ba770481a3b,68a76ed1-a5f3-4077-aa76-8d82478dbb93,https://pe.goodlylabs.org/project/Sp19_reasoning/task/1595,11,3,SSSPETest2,1731,1731SSSArticle.txt,bad910fd0ffb399b223269afb4f75029d6e91fb55362ccaad4f28685ff1dc61e,20254728-e0c3-4f26-8704-4883b4988505,b359f9af-81af-4246-96d3-ee2c770022bb,2019-03-12 19:48:32.724879,2019-03-12 19:50:18.350809,105.62593,"T1.Q1, T1.Q9, T1.Q10",0,0,0,0,1,0,0,0,0,0,0,0,0,0,0,0,0,0,,,0,0,0,0,0,0,0,0,0,,,8,2
ReasoningSpecialist2019_03_04,501f2b86c18b3970d0e83874a03abea681d6aaa7ede113aac6b53ba770481a3b,68a76ed1-a5f3-4077-aa76-8d82478dbb93,https://pe.goodlylabs.org/project/Sp19_reasoning/task/1595,11,3,SSSPETest2,1731,1731SSSArticle.txt,bad910fd0ffb399b223269afb4f75029d6e91fb55362ccaad4f28685ff1dc61e,c8d421b8-5db8-43c1-a9ce-794915d70d31,a2c02f27-95a3-4b31-9f31-bd024c0c0517,2019-03-12 21:27:56.717701,2019-03-12 21:30:00.148762,123.431061,"T1.Q1, T1.Q3, T1.Q7, T1.Q9, T1.Q10",0,1,0,0,0,0,0,0,0,0,0,1,0,0,0,0,0,0,,,0,0,0,0,0,0,0,0,0,Very,,5: Middling difficulty,6
ReasoningSpecialist2019_03_04,501f2b86c18b3970d0e83874a03abea681d6aaa7ede113aac6b53ba770481a3b,1693f591-e3e7-4697-ab0f-3b59d90e2b6e,https://pe.goodlylabs.org/project/Sp19_reasoning/task/1596,12,3,SSSPETest2,1731,1731SSSArticle.txt,bad910fd0ffb399b223269afb4f75029d6e91fb55362ccaad4f28685ff1dc61e,783eed8a-3fec-4bdc-a56c-7619f1cc411c,d970aaa4-3cde-4e75-937b-ea73fb0ca0f1,2019-03-06 04:44:20.524938,2019-03-06 04:48:44.350937,263.825999,"T1.Q1, T1.Q9, T1.Q10",0,0,0,1,0,0,0,0,0,0,0,0,0,0,0,0,0,0,,,0,0,0,0,0,0,0,0,0,,,5: Middling difficulty,7
ReasoningSpecialist2019_03_04,501f2b86c18b3970d0e83874a03abea681d6aaa7ede113aac6b53ba770481a3b,1693f591-e3e7-4697-ab0f-3b59d90e2b6e,https://pe.goodlylabs.org/project/Sp19_reasoning/task/1596,12,3,SSSPETest2,1731,1731SSSArticle.txt,bad910fd0ffb399b223269afb4f75029d6e91fb55362ccaad4f28685ff1dc61e,3ae061e1-40ac-417b-ac5b-612d7f002d9b,7b50486e-3d5e-474f-a40a-09c738f19bda,2019-03-06 06:57:48.751265,2019-03-06 07:19:49.004621,1320.253356,"T1.Q1, T1.Q2, T1.Q7, T1.Q9, T1.Q10",1,0,0,1,0,1,0,0,0,0,0,0,0,0,0,0,0,0,,,0,0,0,0,0,0,0,0,0,Extremely,,8,6
ReasoningSpecialist2019_03_04,501f2b86c18b3970d0e83874a03abea681d6aaa7ede113aac6b53ba770481a3b,1693f591-e3e7-4697-ab0f-3b59d90e2b6e,https://pe.goodlylabs.org/project/Sp19_reasoning/task/1596,12,3,SSSPETest2,1731,1731SSSArticle.txt,bad910fd0ffb399b223269afb4f75029d6e91fb55362ccaad4f28685ff1dc61e,249fe0e5-9f96-4b15-b603-cc6336806159,f18207d6-37cb-4349-a31e-a4ff2adcf299,2019-03-07 03:52:39.786386,2019-03-07 03:58:10.764530,330.978144,"T1.Q1, T1.Q9, T1.Q10",0,0,0,0,1,0,0,0,0,0,0,0,0,0,0,0,0,0,,,0,0,0,0,0,0,0,0,0,,,7,4
ReasoningSpecialist2019_03_04,501f2b86c18b3970d0e83874a03abea681d6aaa7ede113aac6b53ba770481a3b,1693f591-e3e7-4697-ab0f-3b59d90e2b6e,https://pe.goodlylabs.org/project/Sp19_reasoning/task/1596,12,3,SSSPETest2,1731,1731SSSArticle.txt,bad910fd0ffb399b223269afb4f75029d6e91fb55362ccaad4f28685ff1dc61e,d2ca940f-aa92-43d5-a439-280c697d938e,bcf4ec10-b869-4e0f-89a7-133f825c910d,2019-03-10 04:15:38.312009,2019-03-10 04:22:26.198798,407.886789,"T1.Q1, T1.Q9, T1.Q10",0,0,0,1,0,0,0,0,0,0,0,0,0,0,0,0,0,0,,,0,0,0,0,0,0,0,0,0,,,5: Middling difficulty,5: 50-50 that I had it on any given item
ReasoningSpecialist2019_03_04,501f2b86c18b3970d0e83874a03abea681d6aaa7ede113aac6b53ba770481a3b,1693f591-e3e7-4697-ab0f-3b59d90e2b6e,https://pe.goodlylabs.org/project/Sp19_reasoning/task/1596,12,3,SSSPETest2,1731,1731SSSArticle.txt,bad910fd0ffb399b223269afb4f75029d6e91fb55362ccaad4f28685ff1dc61e,7d08e03c-d68b-4080-92e7-a2744e23d0e1,3a6b0929-a821-4616-8599-9b860526d09d,2019-03-11 20:59:35.501730,2019-03-11 21:02:46.198417,190.696687,"T1.Q1, T1.Q9, T1.Q10",0,0,0,1,0,0,0,0,0,0,0,0,0,0,0,0,0,0,,,0,0,0,0,0,0,0,0,0,,,4,6
ReasoningSpecialist2019_03_04,501f2b86c18b3970d0e83874a03abea681d6aaa7ede113aac6b53ba770481a3b,1693f591-e3e7-4697-ab0f-3b59d90e2b6e,https://pe.goodlylabs.org/project/Sp19_reasoning/task/1596,12,3,SSSPETest2,1731,1731SSSArticle.txt,bad910fd0ffb399b223269afb4f75029d6e91fb55362ccaad4f28685ff1dc61e,563a1903-2db1-407a-891f-51a07b161300,93b5d16a-4388-49d6-9217-d6607167f6c2,2019-03-12 05:33:01.021119,2019-03-12 05:44:00.213228,659.192109,"T1.Q1, T1.Q6, T1.Q7, T1.Q9, T1.Q10",0,0,1,0,0,0,0,0,0,0,0,0,0,0,0,0,0,0,,,0,0,1,0,0,0,0,0,0,Somewhat,,8,6
ReasoningSpecialist2019_03_04,501f2b86c18b3970d0e83874a03abea681d6aaa7ede113aac6b53ba770481a3b,1693f591-e3e7-4697-ab0f-3b59d90e2b6e,https://pe.goodlylabs.org/project/Sp19_reasoning/task/1596,12,3,SSSPETest2,1731,1731SSSArticle.txt,bad910fd0ffb399b223269afb4f75029d6e91fb55362ccaad4f28685ff1dc61e,c4d1a56c-2267-4478-acd5-86d4b0b17076,a2f9116f-94e4-448c-b513-8a7ab93d3d2f,2019-03-12 05:39:31.631148,2019-03-12 05:57:53.651791,1102.020643,"T1.Q1, T1.Q6, T1.Q7, T1.Q9, T1.Q10",0,0,1,0,0,0,0,0,0,0,0,0,0,0,0,0,0,0,,,0,0,1,1,0,0,0,0,0,Somewhat,,4,7
ReasoningSpecialist2019_03_04,501f2b86c18b3970d0e83874a03abea681d6aaa7ede113aac6b53ba770481a3b,1693f591-e3e7-4697-ab0f-3b59d90e2b6e,https://pe.goodlylabs.org/project/Sp19_reasoning/task/1596,12,3,SSSPETest2,1731,1731SSSArticle.txt,bad910fd0ffb399b223269afb4f75029d6e91fb55362ccaad4f28685ff1dc61e,5bb991e0-7064-48a6-bbf7-fa7231c6f9bd,fb0bfdce-316c-46b8-a7f3-097457d92afb,2019-03-12 13:41:36.070771,2019-03-12 13:52:19.718997,643.648226,"T1.Q1, T1.Q2, T1.Q7, T1.Q9, T1.Q10",1,0,0,0,0,1,0,0,0,0,0,0,0,0,0,0,0,0,,,0,0,0,0,0,0,0,0,0,Somewhat,,7,7
ReasoningSpecialist2019_03_04,501f2b86c18b3970d0e83874a03abea681d6aaa7ede113aac6b53ba770481a3b,1693f591-e3e7-4697-ab0f-3b59d90e2b6e,https://pe.goodlylabs.org/project/Sp19_reasoning/task/1596,12,3,SSSPETest2,1731,1731SSSArticle.txt,bad910fd0ffb399b223269afb4f75029d6e91fb55362ccaad4f28685ff1dc61e,25c6103f-46c1-4a18-a8dd-2e3785884d9d,7ae543c3-9854-4453-962d-01eb3b9805a5,2019-03-12 18:56:16.598327,2019-03-12 19:07:09.807595,653.209268,"T1.Q1, T1.Q6, T1.Q7, T1.Q9, T1.Q10",0,0,1,0,0,0,0,0,0,0,0,0,0,0,0,0,0,0,,,1,0,0,0,0,0,0,0,0,Somewhat,,5: Middling difficulty,5: 50-50 that I had it on any given item
ReasoningSpecialist2019_03_04,501f2b86c18b3970d0e83874a03abea681d6aaa7ede113aac6b53ba770481a3b,1693f591-e3e7-4697-ab0f-3b59d90e2b6e,https://pe.goodlylabs.org/project/Sp19_reasoning/task/1596,12,3,SSSPETest2,1731,1731SSSArticle.txt,bad910fd0ffb399b223269afb4f75029d6e91fb55362ccaad4f28685ff1dc61e,faf71c7c-b892-4fde-8d79-5e425e0eb545,7ae543c3-9854-4453-962d-01eb3b9805a5,2019-03-12 19:07:09.801300,2019-03-12 19:07:09.856979,0.055679,"T1.Q1, T1.Q6, T1.Q7, T1.Q9, T1.Q10",0,0,1,0,0,0,0,0,0,0,0,0,0,0,0,0,0,0,,,1,0,0,0,0,0,0,0,0,Somewhat,,5: Middling difficulty,5: 50-50 that I had it on any given item
ReasoningSpecialist2019_03_04,501f2b86c18b3970d0e83874a03abea681d6aaa7ede113aac6b53ba770481a3b,1693f591-e3e7-4697-ab0f-3b59d90e2b6e,https://pe.goodlylabs.org/project/Sp19_reasoning/task/1596,12,3,SSSPETest2,1731,1731SSSArticle.txt,bad910fd0ffb399b223269afb4f75029d6e91fb55362ccaad4f28685ff1dc61e,1d1aca17-bb04-4b17-9503-d30401345d5d,b359f9af-81af-4246-96d3-ee2c770022bb,2019-03-12 19:49:43.323315,2019-03-12 19:51:16.438859,93.115544,"T1.Q1, T1.Q2, T1.Q7, T1.Q9, T1.Q10",1,0,0,0,0,0,0,1,0,0,0,0,0,0,0,0,0,0,,,0,0,0,0,0,0,0,0,0,Somewhat,,9,3
ReasoningSpecialist2019_03_04,501f2b86c18b3970d0e83874a03abea681d6aaa7ede113aac6b53ba770481a3b,1693f591-e3e7-4697-ab0f-3b59d90e2b6e,https://pe.goodlylabs.org/project/Sp19_reasoning/task/1596,12,3,SSSPETest2,1731,1731SSSArticle.txt,bad910fd0ffb399b223269afb4f75029d6e91fb55362ccaad4f28685ff1dc61e,1b8f601b-d7eb-45a6-ac1d-1c10f6ff04ec,a2c02f27-95a3-4b31-9f31-bd024c0c0517,2019-03-12 21:28:33.609426,2019-03-12 21:31:12.737869,159.128443,"T1.Q1, T1.Q3, T1.Q9, T1.Q10",0,1,0,0,0,0,0,0,0,0,0,0,0,0,0,0,0,1,,,0,0,0,0,0,0,0,0,0,,,4,7
ReasoningSpecialist2019_03_04,501f2b86c18b3970d0e83874a03abea681d6aaa7ede113aac6b53ba770481a3b,71bbab1a-a97e-48bb-b732-f418a7fcadf2,https://pe.goodlylabs.org/project/Sp19_reasoning/task/1597,12,3,SSSPETest2,1728,1728SSSArticle.txt,b3ab388528c6115f1d85529f203b533fb84143f467acfc31d289bdc58c08d49d,d1eed5e7-2233-4170-b57b-94927b7a2f66,a2c02f27-95a3-4b31-9f31-bd024c0c0517,2019-03-06 00:40:39.193890,2019-03-06 00:42:32.137030,112.94314,"T1.Q1, T1.Q3, T1.Q9, T1.Q10",0,1,0,0,0,0,0,0,0,0,0,0,0,0,0,0,0,1,,,0,0,0,0,0,0,0,0,0,,,3,8
ReasoningSpecialist2019_03_04,501f2b86c18b3970d0e83874a03abea681d6aaa7ede113aac6b53ba770481a3b,71bbab1a-a97e-48bb-b732-f418a7fcadf2,https://pe.goodlylabs.org/project/Sp19_reasoning/task/1597,12,3,SSSPETest2,1728,1728SSSArticle.txt,b3ab388528c6115f1d85529f203b533fb84143f467acfc31d289bdc58c08d49d,244b3986-557a-4603-bd7c-322d12859e21,3a6b0929-a821-4616-8599-9b860526d09d,2019-03-06 00:40:14.974261,2019-03-06 00:43:20.786717,185.812456,"T1.Q1, T1.Q3, T1.Q9, T1.Q10",0,1,0,0,0,0,0,0,0,0,0,0,0,0,0,0,0,1,,,0,0,0,0,0,0,0,0,0,,,7,6
ReasoningSpecialist2019_03_04,501f2b86c18b3970d0e83874a03abea681d6aaa7ede113aac6b53ba770481a3b,71bbab1a-a97e-48bb-b732-f418a7fcadf2,https://pe.goodlylabs.org/project/Sp19_reasoning/task/1597,12,3,SSSPETest2,1728,1728SSSArticle.txt,b3ab388528c6115f1d85529f203b533fb84143f467acfc31d289bdc58c08d49d,01301045-beaf-43e2-a4c7-11bfbd35ca3f,fb0bfdce-316c-46b8-a7f3-097457d92afb,2019-03-06 00:40:31.312666,2019-03-06 00:43:40.851848,189.539182,"T1.Q1, T1.Q2, T1.Q9, T1.Q10",1,0,0,0,0,0,0,0,0,0,1,0,0,0,0,0,0,0,,,0,0,0,0,0,0,0,0,0,,,5: Middling difficulty,7
ReasoningSpecialist2019_03_04,501f2b86c18b3970d0e83874a03abea681d6aaa7ede113aac6b53ba770481a3b,71bbab1a-a97e-48bb-b732-f418a7fcadf2,https://pe.goodlylabs.org/project/Sp19_reasoning/task/1597,12,3,SSSPETest2,1728,1728SSSArticle.txt,b3ab388528c6115f1d85529f203b533fb84143f467acfc31d289bdc58c08d49d,92e026c9-270f-4a14-85ba-cb0fd9330073,bcf4ec10-b869-4e0f-89a7-133f825c910d,2019-03-06 00:40:09.900643,2019-03-06 00:45:51.156332,341.255689,"T1.Q1, T1.Q2, T1.Q3, T1.Q7, T1.Q8, T1.Q9, T1.Q10",1,1,0,0,0,0,0,0,0,1,0,1,0,0,0,0,0,0,,,0,0,0,0,0,0,0,0,0,Somewhat,"Claiming that Mediterranean diet reduces risk is based on correlation, but not clear evidence.",6,7
ReasoningSpecialist2019_03_04,501f2b86c18b3970d0e83874a03abea681d6aaa7ede113aac6b53ba770481a3b,71bbab1a-a97e-48bb-b732-f418a7fcadf2,https://pe.goodlylabs.org/project/Sp19_reasoning/task/1597,12,3,SSSPETest2,1728,1728SSSArticle.txt,b3ab388528c6115f1d85529f203b533fb84143f467acfc31d289bdc58c08d49d,54c62458-7d3b-496c-9f04-6684e9752c31,7ae543c3-9854-4453-962d-01eb3b9805a5,2019-03-06 00:40:26.629583,2019-03-06 00:46:30.593380,363.963797,"T1.Q1, T1.Q3, T1.Q9, T1.Q10",0,1,0,0,0,0,0,0,0,0,0,0,0,0,0,0,0,1,,,0,0,0,0,0,0,0,0,0,,,5: Middling difficulty,5: 50-50 that I had it on any given item
ReasoningSpecialist2019_03_04,501f2b86c18b3970d0e83874a03abea681d6aaa7ede113aac6b53ba770481a3b,71bbab1a-a97e-48bb-b732-f418a7fcadf2,https://pe.goodlylabs.org/project/Sp19_reasoning/task/1597,12,3,SSSPETest2,1728,1728SSSArticle.txt,b3ab388528c6115f1d85529f203b533fb84143f467acfc31d289bdc58c08d49d,a51e7b23-d024-490f-a0c8-1db342656686,d970aaa4-3cde-4e75-937b-ea73fb0ca0f1,2019-03-06 00:41:34.205681,2019-03-06 00:48:12.987955,398.782274,"T1.Q1, T1.Q2, T1.Q6, T1.Q7, T1.Q9, T1.Q10",1,0,1,0,0,0,0,0,0,0,1,0,0,0,0,0,0,0,,,0,0,1,0,0,0,0,0,0,Slightly,,5: Middling difficulty,7
ReasoningSpecialist2019_03_04,501f2b86c18b3970d0e83874a03abea681d6aaa7ede113aac6b53ba770481a3b,71bbab1a-a97e-48bb-b732-f418a7fcadf2,https://pe.goodlylabs.org/project/Sp19_reasoning/task/1597,12,3,SSSPETest2,1728,1728SSSArticle.txt,b3ab388528c6115f1d85529f203b533fb84143f467acfc31d289bdc58c08d49d,0ec070dd-0373-473f-adcb-97310a7b708f,f18207d6-37cb-4349-a31e-a4ff2adcf299,2019-03-06 00:40:08.898927,2019-03-06 00:48:45.472024,516.573097,"T1.Q1, T1.Q2, T1.Q6, T1.Q7, T1.Q8, T1.Q9, T1.Q10",1,0,1,0,0,0,0,0,0,1,0,0,0,0,0,0,0,0,,,0,0,0,0,0,0,1,0,0,Somewhat,Rader assumes that the majority of people would benefit but does not provide any supporting commentary.,6,6
ReasoningSpecialist2019_03_04,501f2b86c18b3970d0e83874a03abea681d6aaa7ede113aac6b53ba770481a3b,71bbab1a-a97e-48bb-b732-f418a7fcadf2,https://pe.goodlylabs.org/project/Sp19_reasoning/task/1597,12,3,SSSPETest2,1728,1728SSSArticle.txt,b3ab388528c6115f1d85529f203b533fb84143f467acfc31d289bdc58c08d49d,edfa641a-2b38-4416-9f3e-affbadcad27b,c2f193ad-2cdc-46b8-a5bf-c45cfbee3da7,2019-03-06 00:54:18.192232,2019-03-06 00:54:59.754793,41.562561,"T1.Q1, T1.Q2, T1.Q3, T1.Q6, T1.Q7, T1.Q8, T1.Q9, T1.Q10",1,1,1,0,0,0,0,0,0,1,0,0,0,0,0,0,0,1,,,0,0,0,0,0,0,0,0,1,Slightly,"Confusing talk about ""majority should"" without specification of why or who",5: Middling difficulty,6
ReasoningSpecialist2019_03_04,501f2b86c18b3970d0e83874a03abea681d6aaa7ede113aac6b53ba770481a3b,71bbab1a-a97e-48bb-b732-f418a7fcadf2,https://pe.goodlylabs.org/project/Sp19_reasoning/task/1597,12,3,SSSPETest2,1728,1728SSSArticle.txt,b3ab388528c6115f1d85529f203b533fb84143f467acfc31d289bdc58c08d49d,b6a2eade-6184-42dc-b915-ed2add15c84b,93b5d16a-4388-49d6-9217-d6607167f6c2,2019-03-12 05:38:43.244147,2019-03-12 05:45:47.487963,424.243816,"T1.Q1, T1.Q2, T1.Q7, T1.Q9, T1.Q10",1,0,0,0,0,0,1,0,0,0,0,0,0,0,0,0,0,0,,,0,0,0,0,0,0,0,0,0,Somewhat,,3,8
ReasoningSpecialist2019_03_04,501f2b86c18b3970d0e83874a03abea681d6aaa7ede113aac6b53ba770481a3b,71bbab1a-a97e-48bb-b732-f418a7fcadf2,https://pe.goodlylabs.org/project/Sp19_reasoning/task/1597,12,3,SSSPETest2,1728,1728SSSArticle.txt,b3ab388528c6115f1d85529f203b533fb84143f467acfc31d289bdc58c08d49d,b2d8ab34-10bf-453a-8a96-72e943358e28,a2f9116f-94e4-448c-b513-8a7ab93d3d2f,2019-03-12 05:45:32.396479,2019-03-12 06:00:36.018700,903.622221,"T1.Q1, T1.Q3, T1.Q7, T1.Q9, T1.Q10",0,1,0,0,0,0,0,0,0,0,0,0,1,1,0,0,0,0,,,0,0,0,0,0,0,0,0,0,Very,,3,8
ReasoningSpecialist2019_03_04,501f2b86c18b3970d0e83874a03abea681d6aaa7ede113aac6b53ba770481a3b,71bbab1a-a97e-48bb-b732-f418a7fcadf2,https://pe.goodlylabs.org/project/Sp19_reasoning/task/1597,12,3,SSSPETest2,1728,1728SSSArticle.txt,b3ab388528c6115f1d85529f203b533fb84143f467acfc31d289bdc58c08d49d,48ad4778-a75c-4e14-ad49-e11ae3340fdd,b359f9af-81af-4246-96d3-ee2c770022bb,2019-03-12 19:50:18.522130,2019-03-12 19:51:47.573569,89.051439,"T1.Q1, T1.Q3, T1.Q9, T1.Q10",0,1,0,0,0,0,0,0,0,0,0,0,0,0,0,0,0,1,,,0,0,0,0,0,0,0,0,0,,,9,3
ReasoningSpecialist2019_03_04,501f2b86c18b3970d0e83874a03abea681d6aaa7ede113aac6b53ba770481a3b,71bbab1a-a97e-48bb-b732-f418a7fcadf2,https://pe.goodlylabs.org/project/Sp19_reasoning/task/1597,12,3,SSSPETest2,1728,1728SSSArticle.txt,b3ab388528c6115f1d85529f203b533fb84143f467acfc31d289bdc58c08d49d,ca9992fb-976c-440f-88da-c079588d80b0,7b50486e-3d5e-474f-a40a-09c738f19bda,2019-03-12 20:29:58.936554,2019-03-12 20:34:01.477994,242.54144,"T1.Q1, T1.Q3, T1.Q7, T1.Q9, T1.Q10",0,1,0,0,0,0,0,0,0,0,0,0,0,1,0,0,0,0,,,0,0,0,0,0,0,0,0,0,Slightly,,4,6
ReasoningSpecialist2019_03_04,501f2b86c18b3970d0e83874a03abea681d6aaa7ede113aac6b53ba770481a3b,6f3f18d1-e9e7-4b60-a126-89899180213e,https://pe.goodlylabs.org/project/Sp19_reasoning/task/1598,11,3,SSSPETest2-Demo1,1737,1737SSSArticle.txt,c35844f62ee12d09c0450281624c89e2533bbb621f23dd1b7062a6ee26ae2b97,d877d7b6-9eda-405e-8fc6-68e41bda3443,d970aaa4-3cde-4e75-937b-ea73fb0ca0f1,2019-03-06 04:48:02.440046,2019-03-06 04:50:10.078661,127.638615,"T1.Q1, T1.Q9, T1.Q10",0,0,0,0,1,0,0,0,0,0,0,0,0,0,0,0,0,0,,,0,0,0,0,0,0,0,0,0,,,5: Middling difficulty,9
ReasoningSpecialist2019_03_04,501f2b86c18b3970d0e83874a03abea681d6aaa7ede113aac6b53ba770481a3b,6f3f18d1-e9e7-4b60-a126-89899180213e,https://pe.goodlylabs.org/project/Sp19_reasoning/task/1598,11,3,SSSPETest2-Demo1,1737,1737SSSArticle.txt,c35844f62ee12d09c0450281624c89e2533bbb621f23dd1b7062a6ee26ae2b97,9d7d62c1-4da8-4d7e-8770-7cc3e1658222,7b50486e-3d5e-474f-a40a-09c738f19bda,2019-03-06 07:00:17.837499,2019-03-06 07:29:11.482039,1733.64454,"T1.Q1, T1.Q9, T1.Q10",0,0,0,0,1,0,0,0,0,0,0,0,0,0,0,0,0,0,,,0,0,0,0,0,0,0,0,0,,,3,9
ReasoningSpecialist2019_03_04,501f2b86c18b3970d0e83874a03abea681d6aaa7ede113aac6b53ba770481a3b,6f3f18d1-e9e7-4b60-a126-89899180213e,https://pe.goodlylabs.org/project/Sp19_reasoning/task/1598,11,3,SSSPETest2-Demo1,1737,1737SSSArticle.txt,c35844f62ee12d09c0450281624c89e2533bbb621f23dd1b7062a6ee26ae2b97,18b56604-5572-4ddc-a4de-51886d9c029d,f18207d6-37cb-4349-a31e-a4ff2adcf299,2019-03-07 03:56:43.826873,2019-03-07 03:58:55.800748,131.973875,"T1.Q1, T1.Q9, T1.Q10",0,0,0,0,1,0,0,0,0,0,0,0,0,0,0,0,0,0,,,0,0,0,0,0,0,0,0,0,,,3,8
ReasoningSpecialist2019_03_04,501f2b86c18b3970d0e83874a03abea681d6aaa7ede113aac6b53ba770481a3b,6f3f18d1-e9e7-4b60-a126-89899180213e,https://pe.goodlylabs.org/project/Sp19_reasoning/task/1598,11,3,SSSPETest2-Demo1,1737,1737SSSArticle.txt,c35844f62ee12d09c0450281624c89e2533bbb621f23dd1b7062a6ee26ae2b97,14cc14ab-a785-4e50-a92f-0f7e8c4eabea,bcf4ec10-b869-4e0f-89a7-133f825c910d,2019-03-10 04:20:40.273330,2019-03-10 04:23:55.890931,195.617601,"T1.Q1, T1.Q3, T1.Q9, T1.Q10",0,1,0,0,0,0,0,0,0,0,0,0,0,0,0,0,0,1,,,0,0,0,0,0,0,0,0,0,,,5: Middling difficulty,6
ReasoningSpecialist2019_03_04,501f2b86c18b3970d0e83874a03abea681d6aaa7ede113aac6b53ba770481a3b,6f3f18d1-e9e7-4b60-a126-89899180213e,https://pe.goodlylabs.org/project/Sp19_reasoning/task/1598,11,3,SSSPETest2-Demo1,1737,1737SSSArticle.txt,c35844f62ee12d09c0450281624c89e2533bbb621f23dd1b7062a6ee26ae2b97,31385047-ec70-44c9-b67f-b94519eebdac,3a6b0929-a821-4616-8599-9b860526d09d,2019-03-11 21:02:05.637567,2019-03-11 21:03:34.371593,88.734026,"T1.Q1, T1.Q9, T1.Q10",0,0,0,0,1,0,0,0,0,0,0,0,0,0,0,0,0,0,,,0,0,0,0,0,0,0,0,0,,,5: Middling difficulty,8
ReasoningSpecialist2019_03_04,501f2b86c18b3970d0e83874a03abea681d6aaa7ede113aac6b53ba770481a3b,6f3f18d1-e9e7-4b60-a126-89899180213e,https://pe.goodlylabs.org/project/Sp19_reasoning/task/1598,11,3,SSSPETest2-Demo1,1737,1737SSSArticle.txt,c35844f62ee12d09c0450281624c89e2533bbb621f23dd1b7062a6ee26ae2b97,19f9a837-75af-4102-a29a-1891f658ce30,93b5d16a-4388-49d6-9217-d6607167f6c2,2019-03-12 05:44:00.384226,2019-03-12 05:47:19.048042,198.663816,"T1.Q1, T1.Q2, T1.Q9, T1.Q10",1,0,0,0,0,0,0,0,0,0,1,0,0,0,0,0,0,0,,,0,0,0,0,0,0,0,0,0,,,3,8
ReasoningSpecialist2019_03_04,501f2b86c18b3970d0e83874a03abea681d6aaa7ede113aac6b53ba770481a3b,6f3f18d1-e9e7-4b60-a126-89899180213e,https://pe.goodlylabs.org/project/Sp19_reasoning/task/1598,11,3,SSSPETest2-Demo1,1737,1737SSSArticle.txt,c35844f62ee12d09c0450281624c89e2533bbb621f23dd1b7062a6ee26ae2b97,cf5b81f0-c698-4da8-8c0b-19a6e47c268d,a2f9116f-94e4-448c-b513-8a7ab93d3d2f,2019-03-12 05:57:53.864258,2019-03-12 06:03:14.197858,320.3336,"T1.Q1, T1.Q2, T1.Q9, T1.Q10",1,0,0,0,0,0,0,0,0,0,1,0,0,0,0,0,0,0,,,0,0,0,0,0,0,0,0,0,,,4,8
ReasoningSpecialist2019_03_04,501f2b86c18b3970d0e83874a03abea681d6aaa7ede113aac6b53ba770481a3b,6f3f18d1-e9e7-4b60-a126-89899180213e,https://pe.goodlylabs.org/project/Sp19_reasoning/task/1598,11,3,SSSPETest2-Demo1,1737,1737SSSArticle.txt,c35844f62ee12d09c0450281624c89e2533bbb621f23dd1b7062a6ee26ae2b97,84d347ad-9041-4f46-a759-99263b472f05,fb0bfdce-316c-46b8-a7f3-097457d92afb,2019-03-12 13:45:45.517698,2019-03-12 13:52:56.315674,430.797976,"T1.Q1, T1.Q2, T1.Q9, T1.Q10",1,0,0,0,0,0,0,0,0,0,1,0,0,0,0,0,0,0,,,0,0,0,0,0,0,0,0,0,,,9,9
ReasoningSpecialist2019_03_04,501f2b86c18b3970d0e83874a03abea681d6aaa7ede113aac6b53ba770481a3b,6f3f18d1-e9e7-4b60-a126-89899180213e,https://pe.goodlylabs.org/project/Sp19_reasoning/task/1598,11,3,SSSPETest2-Demo1,1737,1737SSSArticle.txt,c35844f62ee12d09c0450281624c89e2533bbb621f23dd1b7062a6ee26ae2b97,2bff99bc-653f-4e57-8236-13c161a5fd29,7ae543c3-9854-4453-962d-01eb3b9805a5,2019-03-12 19:05:53.384478,2019-03-12 19:12:51.151132,417.766654,"T1.Q1, T1.Q2, T1.Q9, T1.Q10",1,0,0,0,0,0,0,0,0,0,1,0,0,0,0,0,0,0,,,0,0,0,0,0,0,0,0,0,,,5: Middling difficulty,5: 50-50 that I had it on any given item
ReasoningSpecialist2019_03_04,501f2b86c18b3970d0e83874a03abea681d6aaa7ede113aac6b53ba770481a3b,6f3f18d1-e9e7-4b60-a126-89899180213e,https://pe.goodlylabs.org/project/Sp19_reasoning/task/1598,11,3,SSSPETest2-Demo1,1737,1737SSSArticle.txt,c35844f62ee12d09c0450281624c89e2533bbb621f23dd1b7062a6ee26ae2b97,61173698-3fb7-450d-8435-91e8ef52ae0c,b359f9af-81af-4246-96d3-ee2c770022bb,2019-03-12 19:51:16.631408,2019-03-12 19:52:09.365566,52.734158,"T1.Q1, T1.Q9, T1.Q10",0,0,0,0,1,0,0,0,0,0,0,0,0,0,0,0,0,0,,,0,0,0,0,0,0,0,0,0,,,4,8
ReasoningSpecialist2019_03_04,501f2b86c18b3970d0e83874a03abea681d6aaa7ede113aac6b53ba770481a3b,6f3f18d1-e9e7-4b60-a126-89899180213e,https://pe.goodlylabs.org/project/Sp19_reasoning/task/1598,11,3,SSSPETest2-Demo1,1737,1737SSSArticle.txt,c35844f62ee12d09c0450281624c89e2533bbb621f23dd1b7062a6ee26ae2b97,a9aa927d-48e3-4cc8-9a8d-111eb6aba885,a2c02f27-95a3-4b31-9f31-bd024c0c0517,2019-03-12 21:30:01.038692,2019-03-12 21:31:41.718212,100.67952,"T1.Q1, T1.Q9, T1.Q10",0,0,0,0,1,0,0,0,0,0,0,0,0,0,0,0,0,0,,,0,0,0,0,0,0,0,0,0,,,3,8
ReasoningSpecialist2019_03_04,501f2b86c18b3970d0e83874a03abea681d6aaa7ede113aac6b53ba770481a3b,29629fff-e61c-49ad-abe7-098bedc67da7,https://pe.goodlylabs.org/project/Sp19_reasoning/task/1599,11,3,SSSPETest2,1728,1728SSSArticle.txt,b3ab388528c6115f1d85529f203b533fb84143f467acfc31d289bdc58c08d49d,23938a2f-eb68-436b-819a-31509fe57fde,d970aaa4-3cde-4e75-937b-ea73fb0ca0f1,2019-03-06 04:48:44.557927,2019-03-06 04:51:53.824501,189.266574,"T1.Q1, T1.Q3, T1.Q9, T1.Q10",0,1,0,0,0,0,0,0,0,0,0,0,0,0,0,0,0,1,,,0,0,0,0,0,0,0,0,0,,,5: Middling difficulty,7
ReasoningSpecialist2019_03_04,501f2b86c18b3970d0e83874a03abea681d6aaa7ede113aac6b53ba770481a3b,29629fff-e61c-49ad-abe7-098bedc67da7,https://pe.goodlylabs.org/project/Sp19_reasoning/task/1599,11,3,SSSPETest2,1728,1728SSSArticle.txt,b3ab388528c6115f1d85529f203b533fb84143f467acfc31d289bdc58c08d49d,7b121513-bdfb-4941-9994-4a5d52546542,7b50486e-3d5e-474f-a40a-09c738f19bda,2019-03-06 07:19:49.181432,2019-03-06 07:29:40.272148,591.090716,"T1.Q1, T1.Q9, T1.Q10",0,0,0,1,0,0,0,0,0,0,0,0,0,0,0,0,0,0,,,0,0,0,0,0,0,0,0,0,,,4,6
ReasoningSpecialist2019_03_04,501f2b86c18b3970d0e83874a03abea681d6aaa7ede113aac6b53ba770481a3b,29629fff-e61c-49ad-abe7-098bedc67da7,https://pe.goodlylabs.org/project/Sp19_reasoning/task/1599,11,3,SSSPETest2,1728,1728SSSArticle.txt,b3ab388528c6115f1d85529f203b533fb84143f467acfc31d289bdc58c08d49d,d0a87e26-4c4d-437a-a7fb-21f1f1484bf3,f18207d6-37cb-4349-a31e-a4ff2adcf299,2019-03-07 03:58:10.954625,2019-03-07 03:59:44.731529,93.776904,"T1.Q1, T1.Q3, T1.Q9, T1.Q10",0,1,0,0,0,0,0,0,0,0,0,0,0,0,0,0,0,1,,,0,0,0,0,0,0,0,0,0,,,4,6
ReasoningSpecialist2019_03_04,501f2b86c18b3970d0e83874a03abea681d6aaa7ede113aac6b53ba770481a3b,29629fff-e61c-49ad-abe7-098bedc67da7,https://pe.goodlylabs.org/project/Sp19_reasoning/task/1599,11,3,SSSPETest2,1728,1728SSSArticle.txt,b3ab388528c6115f1d85529f203b533fb84143f467acfc31d289bdc58c08d49d,4b7b0e1e-309d-4aa9-9d0a-14ca1f826c55,bcf4ec10-b869-4e0f-89a7-133f825c910d,2019-03-10 04:24:18.044655,2019-03-10 04:25:09.930159,51.885504,"T1.Q1, T1.Q3, T1.Q9, T1.Q10",0,1,0,0,0,0,0,0,0,0,0,0,0,0,0,0,0,1,,,0,0,0,0,0,0,0,0,0,,,5: Middling difficulty,5: 50-50 that I had it on any given item
ReasoningSpecialist2019_03_04,501f2b86c18b3970d0e83874a03abea681d6aaa7ede113aac6b53ba770481a3b,29629fff-e61c-49ad-abe7-098bedc67da7,https://pe.goodlylabs.org/project/Sp19_reasoning/task/1599,11,3,SSSPETest2,1728,1728SSSArticle.txt,b3ab388528c6115f1d85529f203b533fb84143f467acfc31d289bdc58c08d49d,1a9f0e1f-4f4e-4a32-97f1-2c9e4ad65809,3a6b0929-a821-4616-8599-9b860526d09d,2019-03-11 21:02:46.468030,2019-03-11 21:06:32.393173,225.925143,"T1.Q1, T1.Q9, T1.Q10",0,0,0,1,0,0,0,0,0,0,0,0,0,0,0,0,0,0,,,0,0,0,0,0,0,0,0,0,,,5: Middling difficulty,5: 50-50 that I had it on any given item
ReasoningSpecialist2019_03_04,501f2b86c18b3970d0e83874a03abea681d6aaa7ede113aac6b53ba770481a3b,29629fff-e61c-49ad-abe7-098bedc67da7,https://pe.goodlylabs.org/project/Sp19_reasoning/task/1599,11,3,SSSPETest2,1728,1728SSSArticle.txt,b3ab388528c6115f1d85529f203b533fb84143f467acfc31d289bdc58c08d49d,1e2885c8-4d44-423c-b43f-3919871dafec,93b5d16a-4388-49d6-9217-d6607167f6c2,2019-03-12 05:45:47.657059,2019-03-12 05:47:57.208036,129.550977,"T1.Q1, T1.Q9, T1.Q10",0,0,0,1,0,0,0,0,0,0,0,0,0,0,0,0,0,0,,,0,0,0,0,0,0,0,0,0,,,2,9
ReasoningSpecialist2019_03_04,501f2b86c18b3970d0e83874a03abea681d6aaa7ede113aac6b53ba770481a3b,29629fff-e61c-49ad-abe7-098bedc67da7,https://pe.goodlylabs.org/project/Sp19_reasoning/task/1599,11,3,SSSPETest2,1728,1728SSSArticle.txt,b3ab388528c6115f1d85529f203b533fb84143f467acfc31d289bdc58c08d49d,709ada82-8a88-41a4-a12c-2a840beaea1f,a2f9116f-94e4-448c-b513-8a7ab93d3d2f,2019-03-12 06:00:36.291127,2019-03-12 06:12:40.188594,723.897467,"T1.Q1, T1.Q9, T1.Q10",0,0,0,1,0,0,0,0,0,0,0,0,0,0,0,0,0,0,,,0,0,0,0,0,0,0,0,0,,,2,7
ReasoningSpecialist2019_03_04,501f2b86c18b3970d0e83874a03abea681d6aaa7ede113aac6b53ba770481a3b,29629fff-e61c-49ad-abe7-098bedc67da7,https://pe.goodlylabs.org/project/Sp19_reasoning/task/1599,11,3,SSSPETest2,1728,1728SSSArticle.txt,b3ab388528c6115f1d85529f203b533fb84143f467acfc31d289bdc58c08d49d,ba25e03b-1e27-4420-867d-8170582a144f,fb0bfdce-316c-46b8-a7f3-097457d92afb,2019-03-12 13:52:19.881133,2019-03-12 13:53:37.989968,78.108835,"T1.Q1, T1.Q3, T1.Q9, T1.Q10",0,1,0,0,0,0,0,0,0,0,0,0,0,0,0,0,0,1,,,0,0,0,0,0,0,0,0,0,,,9,9
ReasoningSpecialist2019_03_04,501f2b86c18b3970d0e83874a03abea681d6aaa7ede113aac6b53ba770481a3b,29629fff-e61c-49ad-abe7-098bedc67da7,https://pe.goodlylabs.org/project/Sp19_reasoning/task/1599,11,3,SSSPETest2,1728,1728SSSArticle.txt,b3ab388528c6115f1d85529f203b533fb84143f467acfc31d289bdc58c08d49d,abd70434-80ad-408b-a362-eb8942bdd801,7ae543c3-9854-4453-962d-01eb3b9805a5,2019-03-12 19:07:11.261714,2019-03-12 19:15:08.224448,476.962734,"T1.Q1, T1.Q9, T1.Q10",0,0,0,0,1,0,0,0,0,0,0,0,0,0,0,0,0,0,,,0,0,0,0,0,0,0,0,0,,,5: Middling difficulty,5: 50-50 that I had it on any given item
ReasoningSpecialist2019_03_04,501f2b86c18b3970d0e83874a03abea681d6aaa7ede113aac6b53ba770481a3b,29629fff-e61c-49ad-abe7-098bedc67da7,https://pe.goodlylabs.org/project/Sp19_reasoning/task/1599,11,3,SSSPETest2,1728,1728SSSArticle.txt,b3ab388528c6115f1d85529f203b533fb84143f467acfc31d289bdc58c08d49d,e9594161-c8d4-42ae-8f2e-a3080907e07f,b359f9af-81af-4246-96d3-ee2c770022bb,2019-03-12 19:51:47.746718,2019-03-12 19:52:42.720371,54.973653,"T1.Q1, T1.Q3, T1.Q9, T1.Q10",0,1,0,0,0,0,0,0,0,0,0,0,0,0,0,0,0,1,,,0,0,0,0,0,0,0,0,0,,,9,2
ReasoningSpecialist2019_03_04,501f2b86c18b3970d0e83874a03abea681d6aaa7ede113aac6b53ba770481a3b,29629fff-e61c-49ad-abe7-098bedc67da7,https://pe.goodlylabs.org/project/Sp19_reasoning/task/1599,11,3,SSSPETest2,1728,1728SSSArticle.txt,b3ab388528c6115f1d85529f203b533fb84143f467acfc31d289bdc58c08d49d,81689f36-6141-4be6-b138-3e66552db9e6,a2c02f27-95a3-4b31-9f31-bd024c0c0517,2019-03-12 21:31:12.947591,2019-03-12 21:32:37.032650,84.085059,"T1.Q1, T1.Q3, T1.Q7, T1.Q8, T1.Q9, T1.Q10",0,1,0,0,0,0,0,0,0,0,0,0,0,0,0,0,1,0,,,0,0,0,0,0,0,0,0,0,Slightly,Limitations of study undermine outcomes,5: Middling difficulty,7
