schema_namespace,schema_sha256,quiz_task_uuid,task_url,taskrun_count,redundancy,article_batch_name,article_number,article_filename,article_sha256,quiz_taskrun_uuid,contributor_uuid,created,finish_time,elapsed_seconds,final_queue,T1.Q1.A1,T1.Q1.A2,T1.Q1.A3,T1.Q1.A4,T1.Q1.A5,T1.Q1.A6,T1.Q1.A7,T1.Q1.A8,T1.Q1.A9,T1.Q2.A1,T1.Q2.A2,T1.Q3.A1,T1.Q3.A2,T1.Q3.A3,T1.Q3.A4,T1.Q3.A5,T1.Q3.A6,T1.Q4,T1.Q5,T1.Q6
SourceSpecialist2019_04_16,2587460972e332ef575e93b72bcb2c4c291683e0f7e41694d6942fcb6d614945,345b12b2-0537-4487-9867-e46f9cd6fd3e,https://pe.goodlylabs.org/project/sp19_urap_source/task/1865,8,18,Demo2,1712,1712SSSArticle12.txt,38428e24cdfa0392f3f5e1efda3253ffab6d7ed3051b1dee9f209f871ca91e2c,45553fae-79da-4754-8b09-a9ebeba97255,f18207d6-37cb-4349-a31e-a4ff2adcf299,2019-04-19 09:00:25.078262,2019-04-19 09:01:09.757155,44.678893,"T1.Q1, T1.Q2, T1.Q3, T1.Q4, T1.Q5, T1.Q6",0,0,0,0,0,0,0,0,1,1,0,0,0,0,0,0,1,Provide important support to central claim of article.,4,9
SourceSpecialist2019_04_16,2587460972e332ef575e93b72bcb2c4c291683e0f7e41694d6942fcb6d614945,345b12b2-0537-4487-9867-e46f9cd6fd3e,https://pe.goodlylabs.org/project/sp19_urap_source/task/1865,8,18,Demo2,1712,1712SSSArticle12.txt,38428e24cdfa0392f3f5e1efda3253ffab6d7ed3051b1dee9f209f871ca91e2c,504f5832-6e70-451d-984f-30ef3075a131,bcf4ec10-b869-4e0f-89a7-133f825c910d,2019-04-22 03:24:45.988484,2019-04-22 03:43:07.087601,1101.099117,"T1.Q1, T1.Q2, T1.Q3, T1.Q4, T1.Q5, T1.Q6",0,0,0,0,0,0,0,0,1,1,0,0,0,0,0,0,1,Provide important support to central claim of article.,5: Middling difficulty,8
SourceSpecialist2019_04_16,2587460972e332ef575e93b72bcb2c4c291683e0f7e41694d6942fcb6d614945,345b12b2-0537-4487-9867-e46f9cd6fd3e,https://pe.goodlylabs.org/project/sp19_urap_source/task/1865,8,18,Demo2,1712,1712SSSArticle12.txt,38428e24cdfa0392f3f5e1efda3253ffab6d7ed3051b1dee9f209f871ca91e2c,c99118d8-3be0-4fd3-a4fe-30877babf614,a2f9116f-94e4-448c-b513-8a7ab93d3d2f,2019-04-23 07:21:31.477115,2019-04-23 07:23:01.702414,90.225299,"T1.Q1, T1.Q2, T1.Q3, T1.Q4, T1.Q5, T1.Q6",0,0,0,0,0,0,0,0,1,1,0,0,0,0,1,0,0,Provide important support to central claim of article.,2,8
SourceSpecialist2019_04_16,2587460972e332ef575e93b72bcb2c4c291683e0f7e41694d6942fcb6d614945,345b12b2-0537-4487-9867-e46f9cd6fd3e,https://pe.goodlylabs.org/project/sp19_urap_source/task/1865,8,18,Demo2,1712,1712SSSArticle12.txt,38428e24cdfa0392f3f5e1efda3253ffab6d7ed3051b1dee9f209f871ca91e2c,94b684ff-a13b-4781-908a-43e06c368364,a2c02f27-95a3-4b31-9f31-bd024c0c0517,2019-04-23 06:53:48.283961,2019-04-23 09:15:39.475981,8511.19202,"T1.Q1, T1.Q2, T1.Q3, T1.Q4, T1.Q5, T1.Q6",0,0,0,0,0,0,0,0,1,1,0,0,0,0,0,0,1,Provide important support to central claim of article.,4,9
SourceSpecialist2019_04_16,2587460972e332ef575e93b72bcb2c4c291683e0f7e41694d6942fcb6d614945,345b12b2-0537-4487-9867-e46f9cd6fd3e,https://pe.goodlylabs.org/project/sp19_urap_source/task/1865,8,18,Demo2,1712,1712SSSArticle12.txt,38428e24cdfa0392f3f5e1efda3253ffab6d7ed3051b1dee9f209f871ca91e2c,f80153cb-ee5e-45bb-b96b-d5a4ca65f790,d970aaa4-3cde-4e75-937b-ea73fb0ca0f1,2019-04-23 17:34:40.634891,2019-04-23 17:45:55.176435,674.541544,"T1.Q1, T1.Q2, T1.Q3, T1.Q4, T1.Q5, T1.Q6",0,0,0,0,0,0,0,0,1,1,0,0,0,0,0,0,1,Provide important support to central claim of article.,6,7
SourceSpecialist2019_04_16,2587460972e332ef575e93b72bcb2c4c291683e0f7e41694d6942fcb6d614945,345b12b2-0537-4487-9867-e46f9cd6fd3e,https://pe.goodlylabs.org/project/sp19_urap_source/task/1865,8,18,Demo2,1712,1712SSSArticle12.txt,38428e24cdfa0392f3f5e1efda3253ffab6d7ed3051b1dee9f209f871ca91e2c,8624d75a-2f87-466a-b5b0-262ef77effa7,b359f9af-81af-4246-96d3-ee2c770022bb,2019-04-23 22:00:13.703936,2019-04-23 22:00:55.508842,41.804906,"T1.Q1, T1.Q2, T1.Q3, T1.Q4, T1.Q5, T1.Q6",0,0,0,0,0,1,0,0,0,1,0,0,0,0,0,0,1,Central idea/s of article.,7,5: 50-50
SourceSpecialist2019_04_16,2587460972e332ef575e93b72bcb2c4c291683e0f7e41694d6942fcb6d614945,345b12b2-0537-4487-9867-e46f9cd6fd3e,https://pe.goodlylabs.org/project/sp19_urap_source/task/1865,8,18,Demo2,1712,1712SSSArticle12.txt,38428e24cdfa0392f3f5e1efda3253ffab6d7ed3051b1dee9f209f871ca91e2c,dd5c22f5-b60a-4a4c-b546-cc7af87f37ac,3a6b0929-a821-4616-8599-9b860526d09d,2019-04-23 22:02:32.519400,2019-04-23 22:05:50.776399,198.256999,"T1.Q1, T1.Q2, T1.Q3, T1.Q4, T1.Q5, T1.Q6",0,0,0,0,0,0,0,0,1,1,0,0,0,0,1,0,0,Central idea/s of article.,5: Middling difficulty,8
SourceSpecialist2019_04_16,2587460972e332ef575e93b72bcb2c4c291683e0f7e41694d6942fcb6d614945,345b12b2-0537-4487-9867-e46f9cd6fd3e,https://pe.goodlylabs.org/project/sp19_urap_source/task/1865,8,18,Demo2,1712,1712SSSArticle12.txt,38428e24cdfa0392f3f5e1efda3253ffab6d7ed3051b1dee9f209f871ca91e2c,af640579-6574-456c-b513-93b1ef1b57df,7b50486e-3d5e-474f-a40a-09c738f19bda,2019-04-23 23:46:09.215660,2019-04-23 23:47:05.958086,56.742426,"T1.Q1, T1.Q2, T1.Q3, T1.Q4, T1.Q5, T1.Q6",0,0,0,0,0,0,0,0,1,1,0,0,0,0,0,0,1,Provide important support to central claim of article.,6,9
SourceSpecialist2019_04_16,2587460972e332ef575e93b72bcb2c4c291683e0f7e41694d6942fcb6d614945,96573005-9530-4310-ae43-85e70cdb5da3,https://pe.goodlylabs.org/project/sp19_urap_source/task/1866,8,18,Demo2,1712,1712SSSArticle12.txt,38428e24cdfa0392f3f5e1efda3253ffab6d7ed3051b1dee9f209f871ca91e2c,7dd795b5-ec61-490a-a4cf-3648a61db689,f18207d6-37cb-4349-a31e-a4ff2adcf299,2019-04-19 09:00:25.169761,2019-04-19 09:04:38.818060,253.648299,"T1.Q1, T1.Q2, T1.Q3, T1.Q4, T1.Q5, T1.Q6",0,1,1,0,1,1,1,0,0,1,0,0,0,0,0,0,1,Central idea/s of article.,5: Middling difficulty,7
SourceSpecialist2019_04_16,2587460972e332ef575e93b72bcb2c4c291683e0f7e41694d6942fcb6d614945,96573005-9530-4310-ae43-85e70cdb5da3,https://pe.goodlylabs.org/project/sp19_urap_source/task/1866,8,18,Demo2,1712,1712SSSArticle12.txt,38428e24cdfa0392f3f5e1efda3253ffab6d7ed3051b1dee9f209f871ca91e2c,f17e4f81-a97b-4ab3-8ad2-c6fe2a2357fa,bcf4ec10-b869-4e0f-89a7-133f825c910d,2019-04-22 03:24:46.105961,2019-04-22 03:54:53.881005,1807.775044,"T1.Q1, T1.Q2, T1.Q3, T1.Q4, T1.Q5, T1.Q6",0,1,1,0,1,0,1,0,0,1,0,0,0,0,1,0,0,Provide important support to central claim of article.,5: Middling difficulty,8
SourceSpecialist2019_04_16,2587460972e332ef575e93b72bcb2c4c291683e0f7e41694d6942fcb6d614945,96573005-9530-4310-ae43-85e70cdb5da3,https://pe.goodlylabs.org/project/sp19_urap_source/task/1866,8,18,Demo2,1712,1712SSSArticle12.txt,38428e24cdfa0392f3f5e1efda3253ffab6d7ed3051b1dee9f209f871ca91e2c,93648931-7db2-47a4-8823-cab44ca5d8be,a2f9116f-94e4-448c-b513-8a7ab93d3d2f,2019-04-23 07:21:31.567022,2019-04-23 07:28:23.978642,412.41162,"T1.Q1, T1.Q2, T1.Q3, T1.Q4, T1.Q5, T1.Q6",0,1,1,0,1,0,1,0,1,1,0,1,0,0,0,0,0,Provide important support to central claim of article.,3,8
SourceSpecialist2019_04_16,2587460972e332ef575e93b72bcb2c4c291683e0f7e41694d6942fcb6d614945,96573005-9530-4310-ae43-85e70cdb5da3,https://pe.goodlylabs.org/project/sp19_urap_source/task/1866,8,18,Demo2,1712,1712SSSArticle12.txt,38428e24cdfa0392f3f5e1efda3253ffab6d7ed3051b1dee9f209f871ca91e2c,8f8c5645-8fac-45c0-b8fd-e0dd653db9b4,d970aaa4-3cde-4e75-937b-ea73fb0ca0f1,2019-04-23 17:34:40.746645,2019-04-23 17:53:38.898248,1138.151603,"T1.Q1, T1.Q2, T1.Q3, T1.Q4, T1.Q5, T1.Q6",0,1,0,0,0,0,0,1,0,1,0,0,0,0,0,0,1,Central idea/s of article.,5: Middling difficulty,6
SourceSpecialist2019_04_16,2587460972e332ef575e93b72bcb2c4c291683e0f7e41694d6942fcb6d614945,96573005-9530-4310-ae43-85e70cdb5da3,https://pe.goodlylabs.org/project/sp19_urap_source/task/1866,8,18,Demo2,1712,1712SSSArticle12.txt,38428e24cdfa0392f3f5e1efda3253ffab6d7ed3051b1dee9f209f871ca91e2c,2a52d940-95ab-43d9-838a-b71598513641,a2c02f27-95a3-4b31-9f31-bd024c0c0517,2019-04-23 06:53:48.463483,2019-04-23 19:13:27.285603,44378.82212,"T1.Q1, T1.Q2, T1.Q3, T1.Q4, T1.Q5, T1.Q6",0,1,1,0,1,0,0,0,0,1,0,0,0,0,0,0,1,Central idea/s of article.,4,9
SourceSpecialist2019_04_16,2587460972e332ef575e93b72bcb2c4c291683e0f7e41694d6942fcb6d614945,96573005-9530-4310-ae43-85e70cdb5da3,https://pe.goodlylabs.org/project/sp19_urap_source/task/1866,8,18,Demo2,1712,1712SSSArticle12.txt,38428e24cdfa0392f3f5e1efda3253ffab6d7ed3051b1dee9f209f871ca91e2c,af73b22d-f266-455f-bf32-167510158851,b359f9af-81af-4246-96d3-ee2c770022bb,2019-04-23 22:00:13.798711,2019-04-23 22:01:37.619922,83.821211,"T1.Q1, T1.Q2, T1.Q3, T1.Q4, T1.Q5, T1.Q6",0,0,0,0,0,1,0,0,0,1,0,0,0,0,0,0,1,Provide important support to central claim of article.,6,3
SourceSpecialist2019_04_16,2587460972e332ef575e93b72bcb2c4c291683e0f7e41694d6942fcb6d614945,96573005-9530-4310-ae43-85e70cdb5da3,https://pe.goodlylabs.org/project/sp19_urap_source/task/1866,8,18,Demo2,1712,1712SSSArticle12.txt,38428e24cdfa0392f3f5e1efda3253ffab6d7ed3051b1dee9f209f871ca91e2c,22cf0462-baf8-470c-856d-624aadf7b82f,3a6b0929-a821-4616-8599-9b860526d09d,2019-04-23 22:02:32.670706,2019-04-23 22:06:53.100248,260.429542,"T1.Q1, T1.Q2, T1.Q3, T1.Q4, T1.Q5, T1.Q6",0,1,1,0,1,0,1,0,0,1,0,0,0,0,0,1,0,Central idea/s of article.,5: Middling difficulty,5: 50-50
SourceSpecialist2019_04_16,2587460972e332ef575e93b72bcb2c4c291683e0f7e41694d6942fcb6d614945,96573005-9530-4310-ae43-85e70cdb5da3,https://pe.goodlylabs.org/project/sp19_urap_source/task/1866,8,18,Demo2,1712,1712SSSArticle12.txt,38428e24cdfa0392f3f5e1efda3253ffab6d7ed3051b1dee9f209f871ca91e2c,3171cf9c-31e7-45e5-9ef8-66f022b50023,7b50486e-3d5e-474f-a40a-09c738f19bda,2019-04-23 23:46:09.363497,2019-04-23 23:48:06.711031,117.347534,"T1.Q1, T1.Q2, T1.Q3, T1.Q4, T1.Q5, T1.Q6",0,1,1,0,1,0,0,0,0,1,0,0,0,0,0,0,1,Provide important support to central claim of article.,5: Middling difficulty,7
SourceSpecialist2019_04_16,2587460972e332ef575e93b72bcb2c4c291683e0f7e41694d6942fcb6d614945,7015008c-0f64-47e1-89db-be84a0a53d36,https://pe.goodlylabs.org/project/sp19_urap_source/task/1867,8,18,Demo2,1712,1712SSSArticle12.txt,38428e24cdfa0392f3f5e1efda3253ffab6d7ed3051b1dee9f209f871ca91e2c,9faaab59-4bf1-4984-b284-09cf51b8f3b5,f18207d6-37cb-4349-a31e-a4ff2adcf299,2019-04-19 09:01:09.919848,2019-04-19 09:05:50.358142,280.438294,"T1.Q1, T1.Q2, T1.Q3, T1.Q4, T1.Q5, T1.Q6",0,1,1,0,1,1,1,0,0,1,1,0,0,0,0,0,1,Provide important support to central claim of article.,4,7
SourceSpecialist2019_04_16,2587460972e332ef575e93b72bcb2c4c291683e0f7e41694d6942fcb6d614945,7015008c-0f64-47e1-89db-be84a0a53d36,https://pe.goodlylabs.org/project/sp19_urap_source/task/1867,8,18,Demo2,1712,1712SSSArticle12.txt,38428e24cdfa0392f3f5e1efda3253ffab6d7ed3051b1dee9f209f871ca91e2c,aba34d8b-ae3f-4404-a8ae-5d283be22478,bcf4ec10-b869-4e0f-89a7-133f825c910d,2019-04-22 03:43:07.262104,2019-04-22 03:58:27.547571,920.285467,"T1.Q1, T1.Q2, T1.Q3, T1.Q4, T1.Q5, T1.Q6",0,1,1,0,1,0,1,0,0,1,1,0,0,0,0,0,1,Provide important support to central claim of article.,5: Middling difficulty,8
SourceSpecialist2019_04_16,2587460972e332ef575e93b72bcb2c4c291683e0f7e41694d6942fcb6d614945,7015008c-0f64-47e1-89db-be84a0a53d36,https://pe.goodlylabs.org/project/sp19_urap_source/task/1867,8,18,Demo2,1712,1712SSSArticle12.txt,38428e24cdfa0392f3f5e1efda3253ffab6d7ed3051b1dee9f209f871ca91e2c,0d9f5674-8a40-4961-a2cc-5eea13acb8c2,a2f9116f-94e4-448c-b513-8a7ab93d3d2f,2019-04-23 07:23:01.898524,2019-04-23 07:30:13.474518,431.575994,"T1.Q1, T1.Q2, T1.Q3, T1.Q4, T1.Q5, T1.Q6",0,1,1,0,1,1,1,0,0,1,1,0,0,0,0,0,1,Provide non-essential context for article.,3,7
SourceSpecialist2019_04_16,2587460972e332ef575e93b72bcb2c4c291683e0f7e41694d6942fcb6d614945,7015008c-0f64-47e1-89db-be84a0a53d36,https://pe.goodlylabs.org/project/sp19_urap_source/task/1867,8,18,Demo2,1712,1712SSSArticle12.txt,38428e24cdfa0392f3f5e1efda3253ffab6d7ed3051b1dee9f209f871ca91e2c,526555f5-ea27-4092-a4ef-d2e89b33b6b1,d970aaa4-3cde-4e75-937b-ea73fb0ca0f1,2019-04-23 17:45:55.356606,2019-04-23 17:55:40.905245,585.548639,"T1.Q1, T1.Q2, T1.Q3, T1.Q4, T1.Q5, T1.Q6",0,0,0,0,1,1,1,0,1,1,1,0,0,0,0,0,1,Central idea/s of article.,6,6
SourceSpecialist2019_04_16,2587460972e332ef575e93b72bcb2c4c291683e0f7e41694d6942fcb6d614945,7015008c-0f64-47e1-89db-be84a0a53d36,https://pe.goodlylabs.org/project/sp19_urap_source/task/1867,8,18,Demo2,1712,1712SSSArticle12.txt,38428e24cdfa0392f3f5e1efda3253ffab6d7ed3051b1dee9f209f871ca91e2c,2306f0c7-910b-4598-803e-e6881b82c35f,a2c02f27-95a3-4b31-9f31-bd024c0c0517,2019-04-23 09:15:39.692661,2019-04-23 19:14:31.072255,35931.379594,"T1.Q1, T1.Q2, T1.Q3, T1.Q4, T1.Q5, T1.Q6",0,1,1,0,1,0,0,0,0,1,1,0,0,0,0,0,1,Provide important support to central claim of article.,5: Middling difficulty,8
SourceSpecialist2019_04_16,2587460972e332ef575e93b72bcb2c4c291683e0f7e41694d6942fcb6d614945,7015008c-0f64-47e1-89db-be84a0a53d36,https://pe.goodlylabs.org/project/sp19_urap_source/task/1867,8,18,Demo2,1712,1712SSSArticle12.txt,38428e24cdfa0392f3f5e1efda3253ffab6d7ed3051b1dee9f209f871ca91e2c,9a5f2479-bbbb-45fc-aa1c-097d407769df,b359f9af-81af-4246-96d3-ee2c770022bb,2019-04-23 22:00:55.681580,2019-04-23 22:02:19.834549,84.152969,"T1.Q1, T1.Q2, T1.Q3, T1.Q4, T1.Q5, T1.Q6",0,0,0,0,0,0,0,1,0,0,1,0,0,0,0,0,1,Provide important support to central claim of article.,7,3
SourceSpecialist2019_04_16,2587460972e332ef575e93b72bcb2c4c291683e0f7e41694d6942fcb6d614945,7015008c-0f64-47e1-89db-be84a0a53d36,https://pe.goodlylabs.org/project/sp19_urap_source/task/1867,8,18,Demo2,1712,1712SSSArticle12.txt,38428e24cdfa0392f3f5e1efda3253ffab6d7ed3051b1dee9f209f871ca91e2c,95e6de71-5212-47c1-b7db-13e7cd741c88,3a6b0929-a821-4616-8599-9b860526d09d,2019-04-23 22:05:50.953612,2019-04-23 22:07:46.483933,115.530321,"T1.Q1, T1.Q2, T1.Q3, T1.Q4, T1.Q5, T1.Q6",0,0,1,0,1,1,1,0,0,1,1,0,0,0,0,0,1,Central idea/s of article.,5: Middling difficulty,5: 50-50
SourceSpecialist2019_04_16,2587460972e332ef575e93b72bcb2c4c291683e0f7e41694d6942fcb6d614945,7015008c-0f64-47e1-89db-be84a0a53d36,https://pe.goodlylabs.org/project/sp19_urap_source/task/1867,8,18,Demo2,1712,1712SSSArticle12.txt,38428e24cdfa0392f3f5e1efda3253ffab6d7ed3051b1dee9f209f871ca91e2c,4e6cc6d5-28f4-4104-9022-320ef2fc2a27,7b50486e-3d5e-474f-a40a-09c738f19bda,2019-04-23 23:47:06.122055,2019-04-23 23:49:02.711905,116.58985,"T1.Q1, T1.Q2, T1.Q3, T1.Q4, T1.Q5, T1.Q6",0,1,1,0,1,0,0,0,0,1,1,0,0,0,0,0,1,Provide important support to central claim of article.,6,8
SourceSpecialist2019_04_16,2587460972e332ef575e93b72bcb2c4c291683e0f7e41694d6942fcb6d614945,44494af9-87b0-4e6f-a127-8ee58fa8228e,https://pe.goodlylabs.org/project/sp19_urap_source/task/1868,8,18,Demo2,100000,healtharticle1.txt,ba27710859a59ea47ecc9f7223addd3ed9332a340cb6a21f820c86208c1445bf,8cf9d183-9370-48d4-ae29-6125ca757b45,f18207d6-37cb-4349-a31e-a4ff2adcf299,2019-04-19 09:04:39.022318,2019-04-19 09:07:19.624438,160.60212,"T1.Q1, T1.Q2, T1.Q3, T1.Q4, T1.Q5, T1.Q6",0,1,1,0,1,1,1,0,1,1,1,0,0,0,0,0,1,Central idea/s of article.,5: Middling difficulty,9
SourceSpecialist2019_04_16,2587460972e332ef575e93b72bcb2c4c291683e0f7e41694d6942fcb6d614945,44494af9-87b0-4e6f-a127-8ee58fa8228e,https://pe.goodlylabs.org/project/sp19_urap_source/task/1868,8,18,Demo2,100000,healtharticle1.txt,ba27710859a59ea47ecc9f7223addd3ed9332a340cb6a21f820c86208c1445bf,2ec25a38-abc6-4b8b-b1da-2a3b9b4165bf,bcf4ec10-b869-4e0f-89a7-133f825c910d,2019-04-22 03:54:54.077399,2019-04-22 04:03:26.217105,512.139706,"T1.Q1, T1.Q2, T1.Q3, T1.Q4, T1.Q5, T1.Q6",0,1,1,0,1,0,1,0,1,1,0,0,0,0,1,0,0,Central idea/s of article.,4,8
SourceSpecialist2019_04_16,2587460972e332ef575e93b72bcb2c4c291683e0f7e41694d6942fcb6d614945,44494af9-87b0-4e6f-a127-8ee58fa8228e,https://pe.goodlylabs.org/project/sp19_urap_source/task/1868,8,18,Demo2,100000,healtharticle1.txt,ba27710859a59ea47ecc9f7223addd3ed9332a340cb6a21f820c86208c1445bf,c6f2b11f-a08d-4f8e-98e9-7bfa7001a4e5,a2f9116f-94e4-448c-b513-8a7ab93d3d2f,2019-04-23 07:28:24.160071,2019-04-23 07:33:37.120736,312.960665,"T1.Q1, T1.Q2, T1.Q3, T1.Q4, T1.Q5, T1.Q6",0,1,1,0,1,1,1,0,1,1,1,0,0,0,1,0,1,Central idea/s of article.,3,7
SourceSpecialist2019_04_16,2587460972e332ef575e93b72bcb2c4c291683e0f7e41694d6942fcb6d614945,44494af9-87b0-4e6f-a127-8ee58fa8228e,https://pe.goodlylabs.org/project/sp19_urap_source/task/1868,8,18,Demo2,100000,healtharticle1.txt,ba27710859a59ea47ecc9f7223addd3ed9332a340cb6a21f820c86208c1445bf,8faec643-48d6-4039-a099-4d2ac709e1ce,d970aaa4-3cde-4e75-937b-ea73fb0ca0f1,2019-04-23 17:53:39.078831,2019-04-23 18:02:15.214684,516.135853,"T1.Q1, T1.Q2, T1.Q3, T1.Q4, T1.Q5, T1.Q6",0,0,0,0,0,0,0,0,1,1,1,0,0,0,0,0,1,Provide important support to central claim of article.,6,7
SourceSpecialist2019_04_16,2587460972e332ef575e93b72bcb2c4c291683e0f7e41694d6942fcb6d614945,44494af9-87b0-4e6f-a127-8ee58fa8228e,https://pe.goodlylabs.org/project/sp19_urap_source/task/1868,8,18,Demo2,100000,healtharticle1.txt,ba27710859a59ea47ecc9f7223addd3ed9332a340cb6a21f820c86208c1445bf,45eb86a6-63bd-4a75-957c-1e09bd10fa50,a2c02f27-95a3-4b31-9f31-bd024c0c0517,2019-04-23 19:13:27.496996,2019-04-23 19:16:18.307249,170.810253,"T1.Q1, T1.Q2, T1.Q3, T1.Q4, T1.Q5, T1.Q6",0,1,1,0,1,0,0,0,1,1,1,0,0,0,0,0,1,Central idea/s of article.,4,8
SourceSpecialist2019_04_16,2587460972e332ef575e93b72bcb2c4c291683e0f7e41694d6942fcb6d614945,44494af9-87b0-4e6f-a127-8ee58fa8228e,https://pe.goodlylabs.org/project/sp19_urap_source/task/1868,8,18,Demo2,100000,healtharticle1.txt,ba27710859a59ea47ecc9f7223addd3ed9332a340cb6a21f820c86208c1445bf,dce4e1e3-b53b-484c-9fab-2fa01a795665,b359f9af-81af-4246-96d3-ee2c770022bb,2019-04-23 22:01:37.780781,2019-04-23 22:03:59.538978,141.758197,"T1.Q1, T1.Q2, T1.Q3, T1.Q4, T1.Q5, T1.Q6",0,0,0,0,0,1,0,0,0,1,0,0,0,0,0,0,1,Provide non-essential context for article.,7,3
SourceSpecialist2019_04_16,2587460972e332ef575e93b72bcb2c4c291683e0f7e41694d6942fcb6d614945,44494af9-87b0-4e6f-a127-8ee58fa8228e,https://pe.goodlylabs.org/project/sp19_urap_source/task/1868,8,18,Demo2,100000,healtharticle1.txt,ba27710859a59ea47ecc9f7223addd3ed9332a340cb6a21f820c86208c1445bf,7e857479-088e-48f9-9696-2f8e616f536e,3a6b0929-a821-4616-8599-9b860526d09d,2019-04-23 22:06:53.284319,2019-04-23 22:09:47.770357,174.486038,"T1.Q1, T1.Q2, T1.Q3, T1.Q4, T1.Q5, T1.Q6",0,1,1,0,1,0,1,0,1,1,1,0,0,0,0,0,1,Central idea/s of article.,5: Middling difficulty,6
SourceSpecialist2019_04_16,2587460972e332ef575e93b72bcb2c4c291683e0f7e41694d6942fcb6d614945,44494af9-87b0-4e6f-a127-8ee58fa8228e,https://pe.goodlylabs.org/project/sp19_urap_source/task/1868,8,18,Demo2,100000,healtharticle1.txt,ba27710859a59ea47ecc9f7223addd3ed9332a340cb6a21f820c86208c1445bf,2a8d617d-59a8-4c97-806a-12906e78337e,7b50486e-3d5e-474f-a40a-09c738f19bda,2019-04-23 23:48:06.866007,2019-04-23 23:50:20.297607,133.4316,"T1.Q1, T1.Q2, T1.Q3, T1.Q4, T1.Q5, T1.Q6",0,1,1,0,1,0,0,0,1,1,0,0,0,0,0,0,1,Provide important support to central claim of article.,6,6
SourceSpecialist2019_04_16,2587460972e332ef575e93b72bcb2c4c291683e0f7e41694d6942fcb6d614945,9c7f097c-777f-4544-99cc-284a20438822,https://pe.goodlylabs.org/project/sp19_urap_source/task/1869,9,18,Demo2,100000,healtharticle1.txt,ba27710859a59ea47ecc9f7223addd3ed9332a340cb6a21f820c86208c1445bf,aa5a01d4-cf13-4393-a477-7136e161a8fa,f18207d6-37cb-4349-a31e-a4ff2adcf299,2019-04-19 09:05:50.541678,2019-04-19 09:09:19.568323,209.026645,"T1.Q1, T1.Q2, T1.Q3, T1.Q4, T1.Q5, T1.Q6",0,1,1,0,1,0,1,0,0,1,1,0,0,0,0,0,1,Central idea/s of article.,3,9
SourceSpecialist2019_04_16,2587460972e332ef575e93b72bcb2c4c291683e0f7e41694d6942fcb6d614945,9c7f097c-777f-4544-99cc-284a20438822,https://pe.goodlylabs.org/project/sp19_urap_source/task/1869,9,18,Demo2,100000,healtharticle1.txt,ba27710859a59ea47ecc9f7223addd3ed9332a340cb6a21f820c86208c1445bf,796dd778-79b6-4b18-8a69-62dc386dd093,bcf4ec10-b869-4e0f-89a7-133f825c910d,2019-04-22 03:58:27.731463,2019-04-22 04:11:57.686445,809.954982,"T1.Q1, T1.Q2, T1.Q3, T1.Q4, T1.Q5, T1.Q6",0,0,1,0,1,1,1,0,0,1,1,0,0,0,0,0,1,Provide important support to central claim of article.,4,8
SourceSpecialist2019_04_16,2587460972e332ef575e93b72bcb2c4c291683e0f7e41694d6942fcb6d614945,9c7f097c-777f-4544-99cc-284a20438822,https://pe.goodlylabs.org/project/sp19_urap_source/task/1869,9,18,Demo2,100000,healtharticle1.txt,ba27710859a59ea47ecc9f7223addd3ed9332a340cb6a21f820c86208c1445bf,4924b988-9d52-4b34-8934-ed508df00d9f,a2f9116f-94e4-448c-b513-8a7ab93d3d2f,2019-04-23 07:30:13.640171,2019-04-23 07:36:19.477699,365.837528,"T1.Q1, T1.Q2, T1.Q3, T1.Q4, T1.Q5, T1.Q6",0,1,1,0,1,0,1,0,0,1,1,0,0,0,0,0,1,Irrelevant to central claim,2,8
SourceSpecialist2019_04_16,2587460972e332ef575e93b72bcb2c4c291683e0f7e41694d6942fcb6d614945,9c7f097c-777f-4544-99cc-284a20438822,https://pe.goodlylabs.org/project/sp19_urap_source/task/1869,9,18,Demo2,100000,healtharticle1.txt,ba27710859a59ea47ecc9f7223addd3ed9332a340cb6a21f820c86208c1445bf,7dfe500a-3e02-4612-a988-d18d49213220,d970aaa4-3cde-4e75-937b-ea73fb0ca0f1,2019-04-23 17:55:41.266436,2019-04-23 18:05:53.879172,612.612736,"T1.Q1, T1.Q2, T1.Q3, T1.Q4, T1.Q5, T1.Q6",0,1,1,0,1,0,1,0,0,1,1,0,0,0,0,0,1,Central idea/s of article.,6,6
SourceSpecialist2019_04_16,2587460972e332ef575e93b72bcb2c4c291683e0f7e41694d6942fcb6d614945,9c7f097c-777f-4544-99cc-284a20438822,https://pe.goodlylabs.org/project/sp19_urap_source/task/1869,9,18,Demo2,100000,healtharticle1.txt,ba27710859a59ea47ecc9f7223addd3ed9332a340cb6a21f820c86208c1445bf,0d1180a3-14fd-4bdd-a79f-0b833f1f9d0e,a2c02f27-95a3-4b31-9f31-bd024c0c0517,2019-04-23 19:14:31.677243,2019-04-23 19:19:41.909409,310.232166,"T1.Q1, T1.Q2, T1.Q3, T1.Q4, T1.Q5, T1.Q6",0,1,1,0,1,0,0,0,0,1,1,0,0,0,0,0,1,Provide important support to central claim of article.,6,8
SourceSpecialist2019_04_16,2587460972e332ef575e93b72bcb2c4c291683e0f7e41694d6942fcb6d614945,9c7f097c-777f-4544-99cc-284a20438822,https://pe.goodlylabs.org/project/sp19_urap_source/task/1869,9,18,Demo2,100000,healtharticle1.txt,ba27710859a59ea47ecc9f7223addd3ed9332a340cb6a21f820c86208c1445bf,280fea08-9793-4f7a-9cf4-491fd116dae3,b359f9af-81af-4246-96d3-ee2c770022bb,2019-04-23 22:02:20.020078,2019-04-23 22:04:32.299547,132.279469,"T1.Q1, T1.Q2, T1.Q3, T1.Q4, T1.Q5, T1.Q6",0,0,1,0,1,0,0,0,0,0,1,0,0,0,0,0,1,Central idea/s of article.,5: Middling difficulty,5: 50-50
SourceSpecialist2019_04_16,2587460972e332ef575e93b72bcb2c4c291683e0f7e41694d6942fcb6d614945,9c7f097c-777f-4544-99cc-284a20438822,https://pe.goodlylabs.org/project/sp19_urap_source/task/1869,9,18,Demo2,100000,healtharticle1.txt,ba27710859a59ea47ecc9f7223addd3ed9332a340cb6a21f820c86208c1445bf,ad457c86-99ae-4dd4-aa0e-86e24b2f580b,3a6b0929-a821-4616-8599-9b860526d09d,2019-04-23 22:07:46.662983,2019-04-23 22:11:22.437207,215.774224,"T1.Q1, T1.Q2, T1.Q3, T1.Q4, T1.Q5, T1.Q6",0,1,1,0,1,0,1,0,0,1,1,0,0,0,0,0,1,Central idea/s of article.,6,6
SourceSpecialist2019_04_16,2587460972e332ef575e93b72bcb2c4c291683e0f7e41694d6942fcb6d614945,9c7f097c-777f-4544-99cc-284a20438822,https://pe.goodlylabs.org/project/sp19_urap_source/task/1869,9,18,Demo2,100000,healtharticle1.txt,ba27710859a59ea47ecc9f7223addd3ed9332a340cb6a21f820c86208c1445bf,7f5fe8ad-6d23-4469-977e-5cd2110f3c79,e1ae8875-a398-4dde-8f4e-4b21109784e3,2019-04-23 22:37:56.406951,2019-04-23 22:52:17.663247,861.256296,"T1.Q1, T1.Q2, T1.Q3, T1.Q4, T1.Q5, T1.Q6",0,1,1,0,1,0,1,0,0,1,1,0,0,0,0,0,1,Provide important support to central claim of article.,4,10: 100% certain about all my answers
SourceSpecialist2019_04_16,2587460972e332ef575e93b72bcb2c4c291683e0f7e41694d6942fcb6d614945,9c7f097c-777f-4544-99cc-284a20438822,https://pe.goodlylabs.org/project/sp19_urap_source/task/1869,9,18,Demo2,100000,healtharticle1.txt,ba27710859a59ea47ecc9f7223addd3ed9332a340cb6a21f820c86208c1445bf,8f70a052-8841-47cb-a713-604b610ddecd,7b50486e-3d5e-474f-a40a-09c738f19bda,2019-04-23 23:49:02.891469,2019-04-23 23:51:42.711105,159.819636,"T1.Q1, T1.Q2, T1.Q3, T1.Q4, T1.Q5, T1.Q6",0,1,1,0,1,0,0,0,0,1,1,0,0,0,0,0,1,Provide important support to central claim of article.,8,8
SourceSpecialist2019_04_16,2587460972e332ef575e93b72bcb2c4c291683e0f7e41694d6942fcb6d614945,3e361737-80d4-40d0-866d-77804c6452e5,https://pe.goodlylabs.org/project/sp19_urap_source/task/1870,7,18,Demo2,100000,healtharticle1.txt,ba27710859a59ea47ecc9f7223addd3ed9332a340cb6a21f820c86208c1445bf,011974cf-84ae-4347-9f8e-3cdfee2c089d,f18207d6-37cb-4349-a31e-a4ff2adcf299,2019-04-19 09:07:19.793628,2019-04-19 09:12:15.631989,295.838361,"T1.Q1, T1.Q2, T1.Q3, T1.Q4, T1.Q5, T1.Q6",0,1,1,0,1,1,1,0,0,0,1,0,0,0,0,0,1,Provide non-essential context for article.,7,6
SourceSpecialist2019_04_16,2587460972e332ef575e93b72bcb2c4c291683e0f7e41694d6942fcb6d614945,3e361737-80d4-40d0-866d-77804c6452e5,https://pe.goodlylabs.org/project/sp19_urap_source/task/1870,7,18,Demo2,100000,healtharticle1.txt,ba27710859a59ea47ecc9f7223addd3ed9332a340cb6a21f820c86208c1445bf,bd3dea60-8ff7-485a-9cf6-a70ac1474ce0,bcf4ec10-b869-4e0f-89a7-133f825c910d,2019-04-22 04:03:26.398919,2019-04-22 04:14:56.454907,690.055988,"T1.Q1, T1.Q2, T1.Q3, T1.Q4, T1.Q5, T1.Q6",0,0,0,0,1,0,0,0,0,0,1,0,0,0,0,0,1,Irrelevant to central claim,4,8
SourceSpecialist2019_04_16,2587460972e332ef575e93b72bcb2c4c291683e0f7e41694d6942fcb6d614945,3e361737-80d4-40d0-866d-77804c6452e5,https://pe.goodlylabs.org/project/sp19_urap_source/task/1870,7,18,Demo2,100000,healtharticle1.txt,ba27710859a59ea47ecc9f7223addd3ed9332a340cb6a21f820c86208c1445bf,b60f6b56-0b56-42ea-a579-aa548393bb45,a2f9116f-94e4-448c-b513-8a7ab93d3d2f,2019-04-23 07:33:37.273166,2019-04-23 07:37:11.986873,214.713707,"T1.Q1, T1.Q2, T1.Q3, T1.Q4, T1.Q5, T1.Q6",0,0,0,0,1,0,0,0,0,0,1,0,0,0,0,0,1,"Conflicts strongly with claims/arguments of author, & not refuted.",3,7
SourceSpecialist2019_04_16,2587460972e332ef575e93b72bcb2c4c291683e0f7e41694d6942fcb6d614945,3e361737-80d4-40d0-866d-77804c6452e5,https://pe.goodlylabs.org/project/sp19_urap_source/task/1870,7,18,Demo2,100000,healtharticle1.txt,ba27710859a59ea47ecc9f7223addd3ed9332a340cb6a21f820c86208c1445bf,7fe6a4ff-1779-4aba-98df-b66ba2d79020,d970aaa4-3cde-4e75-937b-ea73fb0ca0f1,2019-04-23 18:02:15.403561,2019-04-23 18:06:56.184469,280.780908,"T1.Q1, T1.Q2, T1.Q3, T1.Q4, T1.Q5, T1.Q6",0,0,1,0,0,0,0,0,0,0,1,0,0,0,0,0,1,Provide important support to central claim of article.,6,6
SourceSpecialist2019_04_16,2587460972e332ef575e93b72bcb2c4c291683e0f7e41694d6942fcb6d614945,3e361737-80d4-40d0-866d-77804c6452e5,https://pe.goodlylabs.org/project/sp19_urap_source/task/1870,7,18,Demo2,100000,healtharticle1.txt,ba27710859a59ea47ecc9f7223addd3ed9332a340cb6a21f820c86208c1445bf,04d9f7cf-bb17-4aa7-a845-df0ba78250de,a2c02f27-95a3-4b31-9f31-bd024c0c0517,2019-04-23 19:16:18.476731,2019-04-23 19:20:47.730899,269.254168,"T1.Q1, T1.Q2, T1.Q3, T1.Q4, T1.Q5, T1.Q6",0,0,0,0,1,0,0,0,0,0,1,0,0,0,0,0,1,Provide important support to central claim of article.,4,8
SourceSpecialist2019_04_16,2587460972e332ef575e93b72bcb2c4c291683e0f7e41694d6942fcb6d614945,3e361737-80d4-40d0-866d-77804c6452e5,https://pe.goodlylabs.org/project/sp19_urap_source/task/1870,7,18,Demo2,100000,healtharticle1.txt,ba27710859a59ea47ecc9f7223addd3ed9332a340cb6a21f820c86208c1445bf,1ef07ae5-3d2d-4f95-9976-68e132f42360,3a6b0929-a821-4616-8599-9b860526d09d,2019-04-23 22:09:47.984390,2019-04-23 22:12:06.488517,138.504127,"T1.Q1, T1.Q2, T1.Q3, T1.Q4, T1.Q5, T1.Q6",0,0,0,0,1,0,0,0,0,0,1,0,0,0,0,0,1,Provide important support to central claim of article.,5: Middling difficulty,5: 50-50
SourceSpecialist2019_04_16,2587460972e332ef575e93b72bcb2c4c291683e0f7e41694d6942fcb6d614945,3e361737-80d4-40d0-866d-77804c6452e5,https://pe.goodlylabs.org/project/sp19_urap_source/task/1870,7,18,Demo2,100000,healtharticle1.txt,ba27710859a59ea47ecc9f7223addd3ed9332a340cb6a21f820c86208c1445bf,3fd1ba8b-cd96-4926-92d4-f57568eac5a6,7b50486e-3d5e-474f-a40a-09c738f19bda,2019-04-23 23:50:20.473730,2019-04-23 23:52:29.128095,128.654365,"T1.Q1, T1.Q2, T1.Q3, T1.Q4, T1.Q5, T1.Q6",0,0,0,0,1,0,0,0,0,0,1,0,0,0,0,0,1,"Conflicts somewhat with claims/arguments of author, but refuted.",6,7
SourceSpecialist2019_04_16,2587460972e332ef575e93b72bcb2c4c291683e0f7e41694d6942fcb6d614945,74d0532b-262c-491e-ac6d-303dd41b91f9,https://pe.goodlylabs.org/project/sp19_urap_source/task/1871,7,18,Demo2,100001,politicalarticle3.txt,d75045768087d2dc0161022e64d3dd2f2387947560e95781fd23e75780833972,aee7a885-d191-4ebc-8bd2-779dbfb045cc,f18207d6-37cb-4349-a31e-a4ff2adcf299,2019-04-19 09:09:19.735139,2019-04-19 09:14:06.826548,287.091409,"T1.Q1, T1.Q2, T1.Q3, T1.Q4, T1.Q5, T1.Q6",0,1,1,0,1,0,0,0,0,1,1,0,0,1,0,0,0,Central idea/s of article.,4,8
SourceSpecialist2019_04_16,2587460972e332ef575e93b72bcb2c4c291683e0f7e41694d6942fcb6d614945,74d0532b-262c-491e-ac6d-303dd41b91f9,https://pe.goodlylabs.org/project/sp19_urap_source/task/1871,7,18,Demo2,100001,politicalarticle3.txt,d75045768087d2dc0161022e64d3dd2f2387947560e95781fd23e75780833972,b873632f-e387-4e6d-9620-a7a94dd0a991,bcf4ec10-b869-4e0f-89a7-133f825c910d,2019-04-22 04:11:57.869670,2019-04-22 04:16:58.428011,300.558341,"T1.Q1, T1.Q2, T1.Q3, T1.Q4, T1.Q5, T1.Q6",0,0,1,0,1,1,1,0,0,1,1,1,0,0,0,0,0,Provide important support to central claim of article.,4,8
SourceSpecialist2019_04_16,2587460972e332ef575e93b72bcb2c4c291683e0f7e41694d6942fcb6d614945,74d0532b-262c-491e-ac6d-303dd41b91f9,https://pe.goodlylabs.org/project/sp19_urap_source/task/1871,7,18,Demo2,100001,politicalarticle3.txt,d75045768087d2dc0161022e64d3dd2f2387947560e95781fd23e75780833972,f0b3cc2f-2939-4adb-a705-17f1abe36926,a2f9116f-94e4-448c-b513-8a7ab93d3d2f,2019-04-23 07:36:19.644596,2019-04-23 07:43:45.074697,445.430101,"T1.Q1, T1.Q2, T1.Q3, T1.Q4, T1.Q5, T1.Q6",0,1,1,0,1,1,0,0,0,1,1,0,0,0,0,0,1,Provide important support to central claim of article.,3,6
SourceSpecialist2019_04_16,2587460972e332ef575e93b72bcb2c4c291683e0f7e41694d6942fcb6d614945,74d0532b-262c-491e-ac6d-303dd41b91f9,https://pe.goodlylabs.org/project/sp19_urap_source/task/1871,7,18,Demo2,100001,politicalarticle3.txt,d75045768087d2dc0161022e64d3dd2f2387947560e95781fd23e75780833972,71a9726f-8ef0-4d89-bcfb-8447e7ec5a7b,d970aaa4-3cde-4e75-937b-ea73fb0ca0f1,2019-04-23 18:05:54.052919,2019-04-23 18:09:18.807898,204.754979,"T1.Q1, T1.Q2, T1.Q3, T1.Q4, T1.Q5, T1.Q6",0,0,1,0,1,0,0,0,0,1,0,0,0,0,0,0,1,Central idea/s of article.,6,6
SourceSpecialist2019_04_16,2587460972e332ef575e93b72bcb2c4c291683e0f7e41694d6942fcb6d614945,74d0532b-262c-491e-ac6d-303dd41b91f9,https://pe.goodlylabs.org/project/sp19_urap_source/task/1871,7,18,Demo2,100001,politicalarticle3.txt,d75045768087d2dc0161022e64d3dd2f2387947560e95781fd23e75780833972,dbe49c68-2aa3-4965-bf02-64b06e3a0fc8,a2c02f27-95a3-4b31-9f31-bd024c0c0517,2019-04-23 19:19:42.096552,2019-04-23 19:22:37.120684,175.024132,"T1.Q1, T1.Q2, T1.Q3, T1.Q4, T1.Q5, T1.Q6",0,1,1,0,1,0,0,0,0,1,1,0,0,0,0,0,1,Provide important support to central claim of article.,6,7
SourceSpecialist2019_04_16,2587460972e332ef575e93b72bcb2c4c291683e0f7e41694d6942fcb6d614945,74d0532b-262c-491e-ac6d-303dd41b91f9,https://pe.goodlylabs.org/project/sp19_urap_source/task/1871,7,18,Demo2,100001,politicalarticle3.txt,d75045768087d2dc0161022e64d3dd2f2387947560e95781fd23e75780833972,eb0213b1-7b71-4a50-8504-492a0996449c,3a6b0929-a821-4616-8599-9b860526d09d,2019-04-23 22:11:22.639609,2019-04-23 22:13:10.519067,107.879458,"T1.Q1, T1.Q2, T1.Q3, T1.Q4, T1.Q5, T1.Q6",0,1,1,0,1,0,1,0,0,1,0,0,1,0,0,0,0,Central idea/s of article.,5: Middling difficulty,7
SourceSpecialist2019_04_16,2587460972e332ef575e93b72bcb2c4c291683e0f7e41694d6942fcb6d614945,74d0532b-262c-491e-ac6d-303dd41b91f9,https://pe.goodlylabs.org/project/sp19_urap_source/task/1871,7,18,Demo2,100001,politicalarticle3.txt,d75045768087d2dc0161022e64d3dd2f2387947560e95781fd23e75780833972,9a98e292-f855-45ad-a1f2-ff30c89732ff,7b50486e-3d5e-474f-a40a-09c738f19bda,2019-04-23 23:51:42.883663,2019-04-23 23:53:54.959615,132.075952,"T1.Q1, T1.Q2, T1.Q3, T1.Q4, T1.Q5, T1.Q6",0,1,1,0,1,0,0,0,0,1,1,0,0,0,0,0,1,Provide important support to central claim of article.,7,7
SourceSpecialist2019_04_16,2587460972e332ef575e93b72bcb2c4c291683e0f7e41694d6942fcb6d614945,2f10f86a-5fe1-4d50-9af0-c51059bb92a2,https://pe.goodlylabs.org/project/sp19_urap_source/task/1872,7,18,Demo2,100001,politicalarticle3.txt,d75045768087d2dc0161022e64d3dd2f2387947560e95781fd23e75780833972,b9361c28-ce5a-45b2-9c46-efe5e6d42d5a,f18207d6-37cb-4349-a31e-a4ff2adcf299,2019-04-19 09:12:15.796253,2019-04-19 09:15:07.823766,172.027513,"T1.Q1, T1.Q2, T1.Q3, T1.Q4, T1.Q5, T1.Q6",0,0,0,0,0,0,1,1,0,0,1,0,0,0,1,0,0,Conflicts with claims/arguments of other sources in article.,3,9
SourceSpecialist2019_04_16,2587460972e332ef575e93b72bcb2c4c291683e0f7e41694d6942fcb6d614945,2f10f86a-5fe1-4d50-9af0-c51059bb92a2,https://pe.goodlylabs.org/project/sp19_urap_source/task/1872,7,18,Demo2,100001,politicalarticle3.txt,d75045768087d2dc0161022e64d3dd2f2387947560e95781fd23e75780833972,62973838-9c66-4efb-b919-a85228c1368f,bcf4ec10-b869-4e0f-89a7-133f825c910d,2019-04-22 04:14:56.648228,2019-04-22 04:17:57.647956,180.999728,"T1.Q1, T1.Q2, T1.Q3, T1.Q4, T1.Q5, T1.Q6",0,0,0,0,0,0,1,1,0,1,1,0,0,0,0,0,1,Provide non-essential context for article.,4,8
SourceSpecialist2019_04_16,2587460972e332ef575e93b72bcb2c4c291683e0f7e41694d6942fcb6d614945,2f10f86a-5fe1-4d50-9af0-c51059bb92a2,https://pe.goodlylabs.org/project/sp19_urap_source/task/1872,7,18,Demo2,100001,politicalarticle3.txt,d75045768087d2dc0161022e64d3dd2f2387947560e95781fd23e75780833972,742cdb91-8c87-480e-8737-9e47dccd612b,a2f9116f-94e4-448c-b513-8a7ab93d3d2f,2019-04-23 07:37:12.145955,2019-04-23 07:48:34.817623,682.671668,"T1.Q1, T1.Q2, T1.Q3, T1.Q4, T1.Q5, T1.Q6",0,0,0,0,0,0,0,1,0,1,1,0,0,0,1,0,0,Provide important support to central claim of article.,2,9
SourceSpecialist2019_04_16,2587460972e332ef575e93b72bcb2c4c291683e0f7e41694d6942fcb6d614945,2f10f86a-5fe1-4d50-9af0-c51059bb92a2,https://pe.goodlylabs.org/project/sp19_urap_source/task/1872,7,18,Demo2,100001,politicalarticle3.txt,d75045768087d2dc0161022e64d3dd2f2387947560e95781fd23e75780833972,1bcf8a44-3d27-4c1d-9a09-4bf4450ab3a5,d970aaa4-3cde-4e75-937b-ea73fb0ca0f1,2019-04-23 18:06:56.347732,2019-04-23 18:13:01.506454,365.158722,"T1.Q1, T1.Q2, T1.Q3, T1.Q4, T1.Q5, T1.Q6",0,0,0,0,0,1,1,0,0,0,1,0,0,0,1,0,0,Provide important support to central claim of article.,5: Middling difficulty,6
SourceSpecialist2019_04_16,2587460972e332ef575e93b72bcb2c4c291683e0f7e41694d6942fcb6d614945,2f10f86a-5fe1-4d50-9af0-c51059bb92a2,https://pe.goodlylabs.org/project/sp19_urap_source/task/1872,7,18,Demo2,100001,politicalarticle3.txt,d75045768087d2dc0161022e64d3dd2f2387947560e95781fd23e75780833972,f5bcb3a8-a03c-4a80-b980-5822325a14ca,a2c02f27-95a3-4b31-9f31-bd024c0c0517,2019-04-23 19:20:47.927355,2019-04-23 19:23:35.068558,167.141203,"T1.Q1, T1.Q2, T1.Q3, T1.Q4, T1.Q5, T1.Q6",0,0,0,0,0,0,1,1,0,1,1,0,0,0,0,0,1,Provide important support to central claim of article.,3,9
SourceSpecialist2019_04_16,2587460972e332ef575e93b72bcb2c4c291683e0f7e41694d6942fcb6d614945,2f10f86a-5fe1-4d50-9af0-c51059bb92a2,https://pe.goodlylabs.org/project/sp19_urap_source/task/1872,7,18,Demo2,100001,politicalarticle3.txt,d75045768087d2dc0161022e64d3dd2f2387947560e95781fd23e75780833972,c709a0b3-14df-4976-bf90-7aa48a267788,3a6b0929-a821-4616-8599-9b860526d09d,2019-04-23 22:12:06.667663,2019-04-23 22:13:59.415662,112.747999,"T1.Q1, T1.Q2, T1.Q3, T1.Q4, T1.Q5, T1.Q6",0,0,0,0,0,0,1,1,0,1,0,0,0,0,1,0,0,Provide non-essential context for article.,4,5: 50-50
SourceSpecialist2019_04_16,2587460972e332ef575e93b72bcb2c4c291683e0f7e41694d6942fcb6d614945,2f10f86a-5fe1-4d50-9af0-c51059bb92a2,https://pe.goodlylabs.org/project/sp19_urap_source/task/1872,7,18,Demo2,100001,politicalarticle3.txt,d75045768087d2dc0161022e64d3dd2f2387947560e95781fd23e75780833972,5a51f7f8-e7fb-4e7d-9a4b-04cf30b269f7,7b50486e-3d5e-474f-a40a-09c738f19bda,2019-04-23 23:52:29.352256,2019-04-23 23:54:34.770702,125.418446,"T1.Q1, T1.Q2, T1.Q3, T1.Q4, T1.Q5, T1.Q6",0,0,0,0,0,0,1,0,0,1,0,0,0,0,1,0,0,Provide important support to central claim of article.,8,8
SourceSpecialist2019_04_16,2587460972e332ef575e93b72bcb2c4c291683e0f7e41694d6942fcb6d614945,42a3a001-f78a-44bd-b7bd-fb81563b3c97,https://pe.goodlylabs.org/project/sp19_urap_source/task/1873,7,18,Demo2,100001,politicalarticle3.txt,d75045768087d2dc0161022e64d3dd2f2387947560e95781fd23e75780833972,f9b5f677-3b5b-4478-9275-a059f67f4def,f18207d6-37cb-4349-a31e-a4ff2adcf299,2019-04-19 09:14:07.017161,2019-04-19 09:15:47.575108,100.557947,"T1.Q1, T1.Q2, T1.Q3, T1.Q4, T1.Q5, T1.Q6",0,0,0,0,0,0,1,0,0,0,1,0,0,0,1,0,0,Conflicts with claims/arguments of other sources in article.,5: Middling difficulty,7
SourceSpecialist2019_04_16,2587460972e332ef575e93b72bcb2c4c291683e0f7e41694d6942fcb6d614945,42a3a001-f78a-44bd-b7bd-fb81563b3c97,https://pe.goodlylabs.org/project/sp19_urap_source/task/1873,7,18,Demo2,100001,politicalarticle3.txt,d75045768087d2dc0161022e64d3dd2f2387947560e95781fd23e75780833972,a7e0e869-6af2-45f7-a260-f0c6b566fea6,bcf4ec10-b869-4e0f-89a7-133f825c910d,2019-04-22 04:16:58.622051,2019-04-22 04:18:45.354907,106.732856,"T1.Q1, T1.Q2, T1.Q3, T1.Q4, T1.Q5, T1.Q6",0,0,0,0,0,0,1,0,0,0,1,0,0,0,1,0,0,Provide non-essential context for article.,5: Middling difficulty,7
SourceSpecialist2019_04_16,2587460972e332ef575e93b72bcb2c4c291683e0f7e41694d6942fcb6d614945,42a3a001-f78a-44bd-b7bd-fb81563b3c97,https://pe.goodlylabs.org/project/sp19_urap_source/task/1873,7,18,Demo2,100001,politicalarticle3.txt,d75045768087d2dc0161022e64d3dd2f2387947560e95781fd23e75780833972,0a4b8297-d7a1-48f1-8697-1cc959d431f4,a2f9116f-94e4-448c-b513-8a7ab93d3d2f,2019-04-23 07:43:45.229555,2019-04-23 07:49:29.483898,344.254343,"T1.Q1, T1.Q2, T1.Q3, T1.Q4, T1.Q5, T1.Q6",0,0,0,0,0,0,0,1,0,0,1,0,0,0,1,0,0,Provide important support to central claim of article.,2,8
SourceSpecialist2019_04_16,2587460972e332ef575e93b72bcb2c4c291683e0f7e41694d6942fcb6d614945,42a3a001-f78a-44bd-b7bd-fb81563b3c97,https://pe.goodlylabs.org/project/sp19_urap_source/task/1873,7,18,Demo2,100001,politicalarticle3.txt,d75045768087d2dc0161022e64d3dd2f2387947560e95781fd23e75780833972,31e1e1f2-113f-47f9-961c-064a2beddebe,d970aaa4-3cde-4e75-937b-ea73fb0ca0f1,2019-04-23 18:09:18.978007,2019-04-23 18:15:07.602050,348.624043,"T1.Q1, T1.Q2, T1.Q3, T1.Q4, T1.Q5, T1.Q6",0,0,0,0,0,1,0,0,0,0,1,0,0,0,1,0,0,Provide non-essential context for article.,5: Middling difficulty,6
SourceSpecialist2019_04_16,2587460972e332ef575e93b72bcb2c4c291683e0f7e41694d6942fcb6d614945,42a3a001-f78a-44bd-b7bd-fb81563b3c97,https://pe.goodlylabs.org/project/sp19_urap_source/task/1873,7,18,Demo2,100001,politicalarticle3.txt,d75045768087d2dc0161022e64d3dd2f2387947560e95781fd23e75780833972,e42b6534-f390-4b33-aa4b-30ef498257de,a2c02f27-95a3-4b31-9f31-bd024c0c0517,2019-04-23 19:22:37.306387,2019-04-23 19:24:31.675715,114.369328,"T1.Q1, T1.Q2, T1.Q3, T1.Q4, T1.Q5, T1.Q6",0,0,0,0,0,0,1,0,0,0,1,0,0,0,1,0,1,Provide non-essential context for article.,5: Middling difficulty,7
SourceSpecialist2019_04_16,2587460972e332ef575e93b72bcb2c4c291683e0f7e41694d6942fcb6d614945,42a3a001-f78a-44bd-b7bd-fb81563b3c97,https://pe.goodlylabs.org/project/sp19_urap_source/task/1873,7,18,Demo2,100001,politicalarticle3.txt,d75045768087d2dc0161022e64d3dd2f2387947560e95781fd23e75780833972,6180565f-e02b-45c0-b7b3-9e19991374ec,3a6b0929-a821-4616-8599-9b860526d09d,2019-04-23 22:13:10.784688,2019-04-23 22:14:27.085886,76.301198,"T1.Q1, T1.Q2, T1.Q3, T1.Q4, T1.Q5, T1.Q6",0,0,0,0,0,0,1,0,0,0,1,0,0,0,0,0,1,Provide important support to central claim of article.,5: Middling difficulty,5: 50-50
SourceSpecialist2019_04_16,2587460972e332ef575e93b72bcb2c4c291683e0f7e41694d6942fcb6d614945,42a3a001-f78a-44bd-b7bd-fb81563b3c97,https://pe.goodlylabs.org/project/sp19_urap_source/task/1873,7,18,Demo2,100001,politicalarticle3.txt,d75045768087d2dc0161022e64d3dd2f2387947560e95781fd23e75780833972,63b7b90d-94fa-43fe-bbb9-487e91e6cce5,7b50486e-3d5e-474f-a40a-09c738f19bda,2019-04-23 23:53:55.126050,2019-04-23 23:55:04.578950,69.4529,"T1.Q1, T1.Q2, T1.Q3, T1.Q4, T1.Q5, T1.Q6",0,0,0,0,0,0,1,0,0,0,1,0,0,0,0,0,1,Provide important support to central claim of article.,7,9
SourceSpecialist2019_04_16,2587460972e332ef575e93b72bcb2c4c291683e0f7e41694d6942fcb6d614945,adf019a0-8b0f-4325-bb78-68db986628a3,https://pe.goodlylabs.org/project/sp19_urap_source/task/1874,7,18,Demo2,100002,politicalarticle2.txt,1f487e5476e54e1c555e124ff5f6067bfb24ddfac1ee96a4bafaf0a6b43921fd,adc7907b-805f-45da-a90c-6127e571772c,f18207d6-37cb-4349-a31e-a4ff2adcf299,2019-04-19 09:15:08.013054,2019-04-19 09:18:00.799453,172.786399,"T1.Q1, T1.Q2, T1.Q3, T1.Q4, T1.Q5, T1.Q6",0,1,1,0,1,1,0,0,0,1,1,0,0,0,0,0,1,Central idea/s of article.,4,8
SourceSpecialist2019_04_16,2587460972e332ef575e93b72bcb2c4c291683e0f7e41694d6942fcb6d614945,adf019a0-8b0f-4325-bb78-68db986628a3,https://pe.goodlylabs.org/project/sp19_urap_source/task/1874,7,18,Demo2,100002,politicalarticle2.txt,1f487e5476e54e1c555e124ff5f6067bfb24ddfac1ee96a4bafaf0a6b43921fd,48c874e9-7ca6-4e77-9990-6f8b104ffaaa,bcf4ec10-b869-4e0f-89a7-133f825c910d,2019-04-22 04:17:57.834343,2019-04-22 04:20:40.613852,162.779509,"T1.Q1, T1.Q2, T1.Q3, T1.Q4, T1.Q5, T1.Q6",0,0,1,0,1,1,0,0,0,1,1,1,0,1,0,0,0,Provide important support to central claim of article.,4,8
SourceSpecialist2019_04_16,2587460972e332ef575e93b72bcb2c4c291683e0f7e41694d6942fcb6d614945,adf019a0-8b0f-4325-bb78-68db986628a3,https://pe.goodlylabs.org/project/sp19_urap_source/task/1874,7,18,Demo2,100002,politicalarticle2.txt,1f487e5476e54e1c555e124ff5f6067bfb24ddfac1ee96a4bafaf0a6b43921fd,f5743ec8-0f8b-4b29-865e-0bd23108c1ee,a2f9116f-94e4-448c-b513-8a7ab93d3d2f,2019-04-23 07:48:34.990104,2019-04-23 07:53:15.581923,280.591819,"T1.Q1, T1.Q2, T1.Q3, T1.Q4, T1.Q5, T1.Q6",0,1,1,0,1,1,0,0,0,1,1,0,0,0,0,0,1,Central idea/s of article.,3,7
SourceSpecialist2019_04_16,2587460972e332ef575e93b72bcb2c4c291683e0f7e41694d6942fcb6d614945,adf019a0-8b0f-4325-bb78-68db986628a3,https://pe.goodlylabs.org/project/sp19_urap_source/task/1874,7,18,Demo2,100002,politicalarticle2.txt,1f487e5476e54e1c555e124ff5f6067bfb24ddfac1ee96a4bafaf0a6b43921fd,82d56178-6206-465a-9f3a-6c87cd157328,d970aaa4-3cde-4e75-937b-ea73fb0ca0f1,2019-04-23 18:13:01.676183,2019-04-23 18:16:26.163663,204.48748,"T1.Q1, T1.Q2, T1.Q3, T1.Q4, T1.Q5, T1.Q6",0,1,1,0,1,1,0,0,0,1,1,0,0,0,0,0,1,Central idea/s of article.,6,7
SourceSpecialist2019_04_16,2587460972e332ef575e93b72bcb2c4c291683e0f7e41694d6942fcb6d614945,adf019a0-8b0f-4325-bb78-68db986628a3,https://pe.goodlylabs.org/project/sp19_urap_source/task/1874,7,18,Demo2,100002,politicalarticle2.txt,1f487e5476e54e1c555e124ff5f6067bfb24ddfac1ee96a4bafaf0a6b43921fd,6d94948a-461b-476e-804d-23314995939e,a2c02f27-95a3-4b31-9f31-bd024c0c0517,2019-04-23 19:23:35.252889,2019-04-23 19:27:08.045551,212.792662,"T1.Q1, T1.Q2, T1.Q3, T1.Q4, T1.Q5, T1.Q6",0,1,1,0,1,1,0,0,0,1,1,0,0,0,0,0,1,Central idea/s of article.,5: Middling difficulty,8
SourceSpecialist2019_04_16,2587460972e332ef575e93b72bcb2c4c291683e0f7e41694d6942fcb6d614945,adf019a0-8b0f-4325-bb78-68db986628a3,https://pe.goodlylabs.org/project/sp19_urap_source/task/1874,7,18,Demo2,100002,politicalarticle2.txt,1f487e5476e54e1c555e124ff5f6067bfb24ddfac1ee96a4bafaf0a6b43921fd,5239303a-b063-4c14-8184-4b5d8924ef0c,3a6b0929-a821-4616-8599-9b860526d09d,2019-04-23 22:13:59.586741,2019-04-23 22:16:02.606210,123.019469,"T1.Q1, T1.Q2, T1.Q3, T1.Q4, T1.Q5, T1.Q6",0,1,1,0,1,0,0,0,0,1,1,0,0,0,0,0,1,Central idea/s of article.,6,6
SourceSpecialist2019_04_16,2587460972e332ef575e93b72bcb2c4c291683e0f7e41694d6942fcb6d614945,adf019a0-8b0f-4325-bb78-68db986628a3,https://pe.goodlylabs.org/project/sp19_urap_source/task/1874,7,18,Demo2,100002,politicalarticle2.txt,1f487e5476e54e1c555e124ff5f6067bfb24ddfac1ee96a4bafaf0a6b43921fd,6d1b621a-fca3-4a29-b2c2-9bb2109f9739,7b50486e-3d5e-474f-a40a-09c738f19bda,2019-04-23 23:54:34.968945,2019-04-23 23:56:22.136701,107.167756,"T1.Q1, T1.Q2, T1.Q3, T1.Q4, T1.Q5, T1.Q6",0,1,1,0,1,0,0,0,0,1,1,0,0,0,0,0,1,Provide important support to central claim of article.,7,8
