,article_num,article_sha256,task_uuid,Question_Number,Answer_Number,highlighted_indices,Point_Recommendation,Points,Label,schema
8,1712.0,38428e24cdfa0392f3f5e1efda3253ffab6d7ed3051b1dee9f209f871ca91e2c,0b99412a-f09e-4153-9a36-74674e987a79,5.0,2.0,"[1258, 1259, 1260, 1261, 1262, 1263, 1264, 1265, 1266, 1267, 1268, 1269, 1270, 1271, 1272, 1273, 1274, 1275, 1276, 1277, 1278, 1279, 1280, 1281, 1282, 1283, 1284, 1285, 1286, 1287, 1288, 1289, 1290, 1291, 1292, 1293, 1294, 1295, 1296, 1297, 1298, 1299, 1300, 1301, 1302, 1303, 1304, 1305, 1306, 1307, 1308, 1309, 1310, 1311, 1312, 1313, 1314, 1315, 1316, 1317, 1318, 1319, 1320, 1321, 1322, 1323, 1324, 1325, 1326, 1327, 1328, 1329, 1330, 1331, 1332, 1333, 1334, 1335, 1336, 1337, 1338, 1339, 1340, 1341, 1342, 1343, 1344, 1345, 1346, 1347, 1348, 1349, 1350, 1351, 1352, 1353, 1354, 1355, 1356, 1357, 1358, 1359, 1360, 1361, 1362, 1363, 1364, 1365, 1366, 1367, 1368, 1369, 1370, 1371, 1372, 1373, 1374, 1375, 1376, 1377, 1378, 1379, 1380, 1381, 1382, 1383, 1384, 1385, 1386, 1387, 1388, 1389, 1390, 1391, 1392, 1393, 1394, 1395, 1396, 1397, 1398, 1399, 1400, 1401, 1402, 1403, 1404, 1405, 1406, 1407, 1408, 1409, 1410, 1411, 1412, 1413, 1414, 1415, 1416, 1417, 1418, 1419, 1420, 1421, 1422, 1423, 1424, 1425, 1426, 1427, 1428, 1429, 1430, 1431, 1432, 1433, 1434, 1435, 1436, 1437, 1438, 1439, 1440, 1441, 1442, 1443, 1444, 1445, 1446, 1447, 1448, 1449, 1450, 1451, 1452, 1453, 1454, 1455, 1456, 1457, 1458, 1459, 1460, 1461, 1462, 1463, 1464, 1465, 1466, 1467, 1468, 1469, 1470, 1471, 1472, 1473, 1474, 1475, 1476, 1477, 1478, 1479, 1480, 1481, 1482, 1483, 1484, 1485, 1486, 1487, 1488, 1489, 1490, 1491, 1492, 1493, 1494, 1495, 1496, 1497, 1498, 1499, 1500, 1501, 1502, 1503, 1504, 1505, 1506, 1507, 1508, 1509, 1510, 1511, 1512, 1513, 1514, 1515, 1516, 1517, 1518, 1519, 1520, 1521, 1522, 1523, 1524, 1525, 1526, 1527, 1528, 1529, 1530, 1531, 1532, 1533, 1534, 1535, 1536, 1537, 1538, 1539, 1540, 1541, 1542, 1543, 1544, 1545, 1546, 1547, 1548, 1549, 1550, 1551, 1552, 1553, 1554, 1555, 1556, 1557, 1558, 1559, 1560, 1561, 1562, 1563, 1564, 1565, 1566, 1567, 1568, 1569, 1570, 1571, 1572, 1573, 1574, 1575, 1579, 1580, 1581, 1582, 1583, 1584, 1585, 1586, 1587, 1588, 1589, 1590, 1591, 1592, 1593, 1594, 1595, 1596, 1597, 1598, 1599, 1600, 1601, 1602, 1603, 1604, 1605, 1606, 1607, 1608, 1609, 1610, 1611, 1612, 1613, 1614, 1615, 1616, 1617, 1618, 1619, 1620, 1621, 1622, 1623, 1624, 1625, 1626, 1627, 1628, 1629, 1630, 1631, 1632, 1633, 1634, 1635, 1636, 1637, 1638, 1639, 1640, 1641, 1642, 1643, 1644, 1645, 1646, 1647, 1648, 1649, 1650, 1651, 1652, 1653, 1654, 1655, 1656, 1657, 1658, 1659, 1660, 1661, 1662, 1663, 1664, 1665, 1666, 1667, 1668, 1669, 1670, 1671, 1672, 1673, 1674, 1675, 1676, 1677, 1678, 1679, 1680, 1681, 1682, 1683, 1684, 1685, 1686, 1687, 1688, 1689, 1690, 1691, 1692, 1693, 1694, 1695, 1696, 1697, 1698, 1699, 1700, 1701, 1702, 1703, 1704, 1705, 1706, 1707, 1708, 1709, 1710, 1711, 1712, 1713, 1714, 1715, 1716, 1717, 1718, 1719, 1720, 1721, 1722, 1723, 1724, 1725, 1726, 1727, 1728, 1729, 1730, 1731, 1732, 1733, 1734, 1735, 1736, 1737, 1738, 1739, 1740, 1741, 1742, 1743, 1744, 1745, 1746, 1747, 1748, 1749, 1750, 1751, 1752, 1753, 1754, 1755, 1756, 1757, 1758, 1759, 1760, 1761, 1762, 1763, 1764, 1765, 1766, 1767, 1768, 1769, 1770, 1771, 1772, 1773, 1774, 1775, 1776, 1777, 1778, 1779, 1780, 1781, 1782, 1783, 1784, 1785, 1786, 1787, 1788, 1789, 1790, 1791, 1792, 1793, 1794, 1795, 1796, 1797, 1798, 1799, 1800, 1801, 1802, 1803, 1804, 1805, 1806, 1807, 1808, 1809, 1810, 1811, 1812, 1813, 1814, 1815, 1816, 1817, 1818, 1819, 1820, 1821, 1822, 1823, 1824, 1825, 1826, 1827, 1828, 1829, 1830, 1831, 1832, 1833, 1834, 1835, 1836, 1837, 1838, 1839, 1840, 1841, 1842, 1843, 1844, 1845, 1846, 1847, 1848, 1849, 1850, 1851, 1852, 1853, 1854, 1855, 1856, 1857, 1858, 1859, 1860, 1861, 1862, 1863, 1864, 1865, 1866, 1867, 1868, 1869, 1870, 1871, 1872, 1873, 1874, 1875, 1876, 1877, 1878, 1879, 1880, 1881, 1882, 1883, 1884, 1885, 1886, 1887, 1888, 1889, 1890, 1891, 1892, 1893, 1894, 1895, 1896, 1897, 1898, 1899, 1900, 1901, 1902, 1903, 1904, 1905, 1906, 1907, 1908, 1909, 1910, 1911, 1912, 1913, 1914, 1915, 1916, 1917, 1918, 1919, 1920, 1921, 1922, 1923, 1924, 1925, 1926, 1927, 1928, 1929, 1930, 1931, 1932, 1933, 1934, 1935, 1936, 1937, 1938, 1939, 1940, 1941, 1942, 1943, 1944, 1945, 1946, 1947, 1948, 1949, 1950, 1951, 1952, 1953, 1954, 1955, 1956, 1957, 1958, 1959, 1960, 1961, 1962, 1963, 1964, 1965, 1966, 1967, 1968, 1969, 1970, 1971, 1972, 1973, 1974, 1975, 1976, 1977, 1978, 1979, 1980, 1981, 1982, 1983, 1984, 1985, 1986, 1987, 1988]",-0.4,-0.39041763407081453,Sample representativeness,Evidence
9,1712.0,38428e24cdfa0392f3f5e1efda3253ffab6d7ed3051b1dee9f209f871ca91e2c,99968e91-36d0-4be9-a40f-858fdc0451d0,5.0,3.0,"[1364, 1365, 1366, ..., 3261, 3262, 3263]",-1.0,-0.9181576020495892,Sample representativeness,Evidence
10,1721.0,dbbab7ece1d8402b23783838539eb009f3064910120403ced379ee8185421ec9,d2de0341-c711-40d0-9790-176e94e84c67,5.0,3.0,"[, 947, , 948, , 949, , 950, , 951, , 952, , 953, , 954, , 955, , 956, , 957, , 958, , 959, , 960, , 961, , 962, , 963, , 964, , 965, , 966, , 967, , 968, , 969, , 970, , 971, , 972, , 973, , 974, , 975, , 976, , 977, , 978, , 979, , 980, , 981, , 982, , 983, , 984, , 985, , 986, , 987, , 988, , 989, , 990, , 991, , 992, , 993, , 994, , 995, , 996, , 997, , 998, , 999, 1000, 1001, 1002, 1003, 1004, 1005, 1006, 1007, 1008, 1009, 1010, 1011, 1012, 1013, 1014, 1015, 1016, 1017, 1018, 1019, 1020, 1021, 1022, 1023, 1024, 1025, 1026, 1027, 1028, 1029, 1030, 1031, 1032, 1033, 1034, 1035, 1036, 1037, 1038, 1039, 1040, 1041, 1042, 1043, 1044, 1045, 1046, 1047, 1048, 1049, 1050, 1051, 1052, 1053, 1054, 1055, 1056, 1057, 1058, 1059, 1060, 1061, 1062, 1063, 1064, 1065, 1066, 1067, 1068, 1069, 1070, 1071, 1072, 1073, 1074, 1075, 1076, 1077, 1078, 1079, 1080, 1081, 1082, 1083, 1084, 1085, 1086, 1087, 1088, 1089, 1090, 1091, 1092, 1093, 1094, 1095, 1096, 1097, 1098, 1099, 1100, 1101, 1102, 1103, 1104, 1105, 1106, 1107, 1108, 1109, 1110, 1111, 1112, 1113, 1114, 1115, 1116, 1117, 1118, 1119, 1120, 1121, 1122, 1123, 1124, 1125, 1126, 1127, 1128, 1129, 1130, 1131, 1132, 1133, 1134, 1135, 1136, 1137, 1138, 1139, 1140, 1141, 1142, 1143, 1144, 1145, 1146, 1147, 1148, 1149, 1150, 1151, 1152, 1153, 1154, 1155, 1156, 1157, 1158, 1159, 1160, 1161, 1162, 1163, 1164, 1165, 1166, 1167, 1168, 1169, 1170, 1171, 1172, 1173, 1174, 1175, 1176, 1177, 1178, 1179, 1180, 1181, 1182, 1183, 1184, 1185, 1186, 1187, 1188, 1189, 1190, 1191, 1192, 1193, 1194, 1195, 1196, 1197, 1198, 1199, 1622, 1623, 1624, 1625, 1626, 1627, 1628, 1629, 1630, 1631, 1632, 1633, 1634, 1635, 1636, 1637, 1638, 1639, 1640, 1641, 1642, 1643, 1644, 1645, 1646, 1647, 1648, 1649, 1650, 1651, 1652, 1653, 1654, 1655, 1656, 1657, 1658, 1659, 1660, 1661, 1662, 1663, 1664, 1665, 1666, 1667, 1668, 1669, 1670, 1671, 1672, 1673, 1674, 1675, 1676, 1677, 1678, 1679, 1680, 1681, 1682, 1683, 1684, 1685, 1686, 1687, 1688, 1689, 1690, 1691, 1692, 1693, 1694, 1695, 1696, 1697, 1698, 1699, 1700, 1701, 1702, 1703, 1704, 1705, 1706, 1707, 1708, 1709, 1710, 1711, 1712, 1713, 1714, 1715, 1716, 1717, 1718, 1719, 1720, 1721, 1722, 1723, 1724, 1725, 1726, 1727, 1728, 1729, 1730, 1731, 1732, 1733, 1734, 1735, 1736, 1737, 1738, 1739, 1740, 1741, 1742, 1743, 1744, 1745, 1746, 1747, 1748, 1749, 1750, 1751, 1752, 1753, 1754, 1755, 1756, 1757, 1758, 1759, 1760, 1761, 1762, 1763, 1764, 1765, 1766, 1767, 1768, 1769, 1770, 1771, 1772, 1773, 1774, 1775, 1776, 1777, 1778, 1779, 3296, 3297, 3298, 3299, 3300, 3301, 3302, 3303, 3304, 3305, 3306, 3307, 3308, 3309, 3310, 3311, 3312, 3313, 3314, 3315, 3316, 3317, 3318, 3319, 3320, 3321, 3322, 3323, 3324, 3325, 3326, 3327, 3328, 3329, 3330, 3331, 3332, 3333, 3334, 3335, 3336, 3337, 3338, 3339, 3340, 3341, 3342, 3343, 3344, 3345, 3346, 3347, 3348, 3349, 3350, 3351, 3352, 3353, 3354, 3355, 3356, 3357, 3358, 3359, 3360, 3361, 3362, 3363, 3364, 3365, 3366, 3367, 3368, 3369, 3370, 3371, 3372, 3373, 3374, 3375, 3376, 3377, 3378, 3379, 3380, 3381, 3382, 3383, 3384, 3385, 3386, 3387, 3388, 3389, 3390, 3391, 3392, 3393, 3394, 3395, 3396, 3397, 3398, 3399, 3400, 3401, 3402, 3403, 3404, 3405, 3406, 3407, 3408, 3409, 3410, 3411, 3412, 3413, 3414, 3415, 3416, 3417, 3418, 3419, 3420, 3421, 3422, 3423, 3424, 3425, 3426, 3427, 3428, 3429, 3430, 3431, 3432, 3433, 3434, 3435, 3436, 3437, 3438, 3439, 3440, 3441, 3442, 3443, 3444, 3445, 3446, 3447, 3448, 3449, 3450, 3451, 3452, 3453, 3454, 3455, 3456, 3457, 3458, 3459, 3460, 3461, 3462, 3463, 3464, 3465, 3466, 3467, 3468, 3469, 3470, 3471, 3472, 3473, 3474, 3475, 3476, 3477, 3478, 3479, 3480, 3481, 3482, 3483, 3484, 3485, 3486, 3487, 3488, 3489, 3490, 3491, 3492, 3493, 3494, 3495, 3496, 3497, 3498, 3499, 3500, 3501, 3502, 3503, 3504, 3505, 3506, 3507, 3508, 3509, 3510, 3511, 3512, 3513, 3514, 3515, 3516, 3517, 3518, 3519, 3520, 3521, 3522, 3523, 3524, 3525, 3526, 3527, 3528, 3529, 3530, 3531, 3532, 3533, 3534, 3535, 3536, 3537, 3538, 3539, 3540, 3541, 3542, 3543, 3544, 3545, 3546, 3547, 3548, 3549, 3550, 3551, 3552, 3553, 3554, 3555, 3556, 3557, 3558, 3559, 3560, 3561, 3562, 3563, 3564, 3565, 3566, 3567, 3568, 3569, 3570, 3571, 3572, 3573, 3574, 3575, 3576, 3577, 3578, 3579, 3580, 3581, 3582, 3583, 3584, 3585, 3586, 3587, 3588, 3589, 3590, 3591, 3592, 3593, 3594, 3595, 3596, 3597, 3598, 3599, 3600, 3601, 3602, 3603, 3604, 3605, 3606, 3607, 3608, 3609, 3610, 3611, 3612, 3613, 3614, 3615, 3616, 3617, 3618, 3619, 3620, 3621, 3622, 3623, 3624, 3625, 3626, 3627, 3628, 3629, 3630, 3631, 3632, 3633, 3634, 3635, 3636, 3637, 3638, 3639, 3640, 3641, 3642, 3643, 3644, 3645, 3646, 3647, 3648, 3649, 3650, 3651, 3652, 3653, 3654, 3655, 3656]",-1.0,-0.9751160816122716,Sample representativeness,Evidence
11,1712.0,38428e24cdfa0392f3f5e1efda3253ffab6d7ed3051b1dee9f209f871ca91e2c,f676179d-3cf0-4ab1-9bb3-5126cd117f2f,5.0,6.0,"[3267, 3268, 3269, 3270, 3271, 3272, 3273, 3274, 3275, 3276, 3277, 3278, 3279, 3280, 3281, 3282, 3283, 3284, 3285, 3286, 3287, 3288, 3289, 3290, 3291, 3292, 3293, 3294, 3295, 3296, 3297, 3298, 3299, 3300, 3301, 3302, 3303, 3304, 3305, 3306, 3307, 3308, 3309, 3310, 3311, 3312, 3313, 3314, 3315, 3316, 3317, 3318, 3319, 3320, 3321, 3322, 3323, 3324, 3325, 3326, 3327, 3328, 3329, 3330, 3331, 3332, 3333, 3334, 3335, 3336, 3337, 3338, 3339, 3340, 3341, 3342, 3343, 3344, 3345, 3346, 3347, 3348, 3349, 3350, 3351, 3352, 3353, 3354, 3355, 3356, 3357, 3358, 3359, 3360, 3361, 3362, 3363, 3364, 3365, 3366, 3367, 3368, 3369, 3370, 3371, 3372, 3373, 3374, 3375, 3376, 3377, 3378, 3379, 3380, 3381, 3382, 3383, 3384, 3385, 3386, 3387, 3388, 3389, 3390, 3391, 3392, 3393, 3394, 3395, 3396, 3397, 3398, 3399, 3400, 3401, 3402, 3403, 3404, 3405, 3406, 3407, 3408, 3409, 3410, 3411, 3412, 3413, 3414, 3415, 3416, 3417, 3418, 3419, 3420, 3421, 3422, 3423, 3424, 3425, 3426, 3427, 3428, 3429, 3430, 3431, 3432, 3433, 3434, 3435, 3436, 3437, 3438, 3439, 3440, 3441, 3442, 3443, 3444, 3445, 3446, 3447, 3448, 3449, 3450, 3451, 3452, 3453, 3454, 3455, 3456, 3457, 3458, 3459, 3460, 3461, 3462, 3463, 3464, 3465, 3466, 3467, 3468, 3469, 3470, 3471, 3472, 3473, 3474, 3475, 3476, 3477, 3478, 3479, 3480, 3481, 3482, 3483, 3484, 3485, 3486, 3487, 3488, 3489, 3490, 3491, 3492, 3493, 3494, 3495, 3496, 3497, 3498, 3499, 3500, 3501, 3502, 3503, 3504, 3505, 3506, 3507, 3508, 3509, 3510, 3511, 3512, 3513, 3514, 3515, 3516, 3517, 3518, 3519, 3520, 3521, 3522, 3523, 3524, 3525, 3526, 3527, 3528, 3529, 3530, 3531, 3532, 3533, 3534, 3535, 3536, 3537, 3538, 3539, 3540, 3541, 3542, 3543, 3544, 3545, 3546, 3547, 3548, 3549, 3550, 3551, 3552, 3553, 3554, 3555, 3556, 3557, 3558, 3559, 3560, 3561, 3562, 3563, 3564, 3565, 3566, 3567, 3568, 3569, 3570, 3571, 3572, 3573, 3574, 3575, 3576, 3577, 3578, 3579, 3580, 3581, 3582, 3583, 3584, 3585, 3586, 3587, 3588, 3589, 3590, 3591, 3592, 3593, 3594, 3595, 3596, 3597, 3598, 3599, 3600, 3601, 3602, 3603, 3604, 3605, 3606, 3607, 3608, 3609, 3610, 3611, 3612, 3613]",-2.0,-1.9115074083444183,Sample representativeness,Evidence
12,1712.0,38428e24cdfa0392f3f5e1efda3253ffab6d7ed3051b1dee9f209f871ca91e2c,0b99412a-f09e-4153-9a36-74674e987a79,6.0,5.0,"[641.0, 642.0, 643.0, 3014.0, 3015.0, 3016.0]",-3.0,-1.3262047608988905,Control condition,Evidence
13,1712.0,38428e24cdfa0392f3f5e1efda3253ffab6d7ed3051b1dee9f209f871ca91e2c,f676179d-3cf0-4ab1-9bb3-5126cd117f2f,6.0,5.0,"[3267.0, 3268.0, 3269.0, 3270.0, 3271.0, 3272.0, 3273.0, 3274.0, 3275.0, 3276.0, 3277.0, 3278.0, 3279.0, 3280.0, 3281.0, 3282.0, 3283.0, 3284.0, 3285.0, 3286.0, 3287.0, 3288.0, 3289.0, 3290.0, 3291.0, 3292.0, 3293.0, 3294.0, 3295.0, 3296.0, 3297.0, 3298.0, 3299.0, 3300.0, 3301.0, 3302.0, 3303.0, 3304.0, 3305.0, 3306.0, 3307.0, 3308.0, 3309.0, 3310.0, 3311.0, 3312.0, 3313.0, 3314.0, 3315.0, 3316.0, 3317.0, 3318.0, 3319.0, 3320.0, 3321.0, 3322.0, 3323.0, 3324.0, 3325.0, 3326.0, 3327.0, 3328.0, 3329.0, 3330.0, 3331.0, 3332.0, 3333.0, 3334.0, 3335.0, 3336.0, 3337.0, 3338.0, 3339.0, 3340.0, 3341.0, 3342.0, 3343.0, 3344.0, 3345.0, 3346.0, 3347.0, 3348.0, 3349.0, 3350.0, 3351.0, 3352.0, 3353.0, 3354.0, 3355.0, 3356.0, 3357.0, 3358.0, 3359.0, 3360.0, 3361.0, 3362.0, 3363.0, 3364.0, 3365.0, 3366.0, 3367.0, 3368.0, 3369.0, 3370.0, 3371.0, 3372.0, 3373.0, 3374.0, 3375.0, 3376.0, 3377.0, 3378.0, 3379.0, 3380.0, 3381.0, 3382.0, 3383.0, 3384.0, 3385.0, 3386.0, 3387.0, 3388.0, 3389.0, 3390.0, 3391.0, 3392.0, 3393.0, 3394.0, 3395.0, 3396.0, 3397.0, 3398.0, 3399.0, 3400.0, 3401.0, 3402.0, 3403.0, 3404.0, 3405.0, 3406.0, 3407.0, 3408.0, 3409.0, 3410.0, 3411.0, 3412.0, 3413.0, 3414.0, 3415.0, 3416.0, 3417.0, 3418.0, 3419.0, 3420.0, 3421.0, 3422.0, 3423.0, 3424.0, 3425.0, 3426.0, 3427.0, 3428.0, 3429.0, 3430.0, 3431.0, 3432.0, 3433.0, 3434.0, 3435.0, 3436.0, 3437.0, 3438.0, 3439.0, 3440.0, 3441.0, 3442.0, 3443.0, 3444.0, 3445.0, 3446.0, 3447.0, 3448.0, 3449.0, 3450.0, 3451.0, 3452.0, 3453.0, 3454.0, 3455.0, 3456.0, 3457.0, 3458.0, 3459.0, 3460.0, 3461.0, 3462.0, 3463.0, 3464.0, 3465.0, 3466.0, 3467.0, 3468.0, 3469.0, 3470.0, 3471.0, 3472.0, 3473.0, 3474.0, 3475.0, 3476.0, 3477.0, 3478.0, 3479.0, 3480.0, 3481.0, 3482.0, 3483.0, 3484.0, 3485.0, 3486.0, 3487.0, 3488.0, 3489.0, 3490.0, 3491.0]",-3.0,-3.0,Control condition,Evidence
14,1712.0,38428e24cdfa0392f3f5e1efda3253ffab6d7ed3051b1dee9f209f871ca91e2c,99968e91-36d0-4be9-a40f-858fdc0451d0,9.0,3.0,[],-2.0,-1.8334518037287049,Alternative explanation,Evidence
15,1721.0,dbbab7ece1d8402b23783838539eb009f3064910120403ced379ee8185421ec9,d2de0341-c711-40d0-9790-176e94e84c67,9.0,4.0,[],-1.0,-0.9601857305796342,Alternative explanation,Evidence
16,1712.0,38428e24cdfa0392f3f5e1efda3253ffab6d7ed3051b1dee9f209f871ca91e2c,f676179d-3cf0-4ab1-9bb3-5126cd117f2f,9.0,4.0,[],-1.0,-0.9565229009958894,Alternative explanation,Evidence
21,1721.0,dbbab7ece1d8402b23783838539eb009f3064910120403ced379ee8185421ec9,025a8515-ff9b-4ce9-b56a-ab8bdf2ca8c1,11.0,1.0,L,-3.0,-1.3780821443052882,Statistical uncertainty,Evidence
22,1712.0,38428e24cdfa0392f3f5e1efda3253ffab6d7ed3051b1dee9f209f871ca91e2c,0b99412a-f09e-4153-9a36-74674e987a79,11.0,1.0,L,-3.0,-1.3672611125166279,Statistical uncertainty,Evidence
23,1737.0,c35844f62ee12d09c0450281624c89e2533bbb621f23dd1b7062a6ee26ae2b97,5257406f-8cb8-42b8-b4dd-799e0a22931f,11.0,1.0,"[, 863, , 864, , 865, , 866, , 867, , 868, , 869, , 870, , 871, , 872, , 873, , 874, , 875, , 876, , 877, , 878, , 879, , 880, , 881, , 882, , 883, , 884, , 885, , 886, , 887, , 888, , 889, , 890, , 891, , 892, , 893, , 894, , 895, , 896, , 897, , 898, , 899, , 900, , 901, , 902, , 903, , 904, , 905, , 906, , 907, , 908, , 909, , 910, , 911, , 912, , 913, , 914, , 915, , 916, , 917, , 918, , 919, , 920, , 921, , 922, , 923, , 924, , 925, , 926, , 927, , 928, , 929, , 930, , 931, , 932, , 933, , 934, , 935, , 936, , 937, , 938, , 939, , 940, , 941, , 942, , 943, , 944, , 945, , 946, , 947, , 948, , 949, , 950, , 951, , 952, , 953, , 954, , 955, , 956, , 957, , 958, , 959, , 960, , 961, , 962, , 963, , 964, , 965, , 966, , 967, , 968, , 969, , 970, , 971, , 972, , 973, , 974, , 975, , 976, , 977, , 978, , 979, , 980, , 981, , 982, , 983, , 984, , 985, , 986, , 987, , 988, , 989, , 990, , 991, , 992, , 993, , 994, , 995, , 996, , 997, , 998, , 999, 1000, 1001, 1002, 1003, 1004, 1005, 1006, 1007, 1008, 1009, 1010, 1011, 1012, 1013, 1014, 1015, 1016, 1017, 1018, 1019, 1020, 1021, 1022, 1023, 1024, 1025, 1026, 1027, 1028, 1029, 1030, 1031, 1032, 1033, 1252, 1253, 1254, 1255, 1256, 1257, 1258, 1259, 1260, 1261, 1262, 1263, 1264, 1265, 1266, 1267, 1268, 1269, 1270, 1271, 1272, 1273, 1274, 1275, 1276, 1277, 1278, 1279, 1280, 1281, 1282, 1283, 1284, 1285, 1286, 1287, 1288, 1289, 1290, 1291, 1292, 1293, 1294, 1295, 1296, 1297, 1298, 1299, 1300, 1301, 1302, 1303, 1304, 1305, 1306, 1307, 1308, 1309, 1310, 1311, 1312, 1313, 1314, 1315, 1316, 1317, 1318, 1319, 1320, 1321, 1322, 1323, 1324, 1325, 1326, 1327, 1328, 1329, 1330, 1331, 1332, 1333, 1334, 1335, 1336, 1337, 1338, 1339, 1340, 1341, 1342, 1343, 1344, 1345, 1346, 1347, 1348, 1349, 1350, 1351, 1352, 1353, 1354, 1355, 1356, 1357, 1358, 1359, 1360, 1361, 1362, 1363, 1364, 1365, 1366, 1367, 1368, 1369, 1370, 1371, 1372, 1373, 1374, 1375, 1376, 1377, 1378, 1379, 1598, 1599, 1600, 1601, 1602, 1603, 1604, 1605, 1606, 1607, 1608, 1609, 1610, 1611, 1612, 1613, 1614, 1615, 1616, 1617, 1618, 1619, 1620, 1621, 1622, 1623, 1624, 1625, 1626, 1627, 1628, 1629, 1630, 1631, 1632, 1633, 1634, 1635, 1636, 1637, 1638, 1639, 1640, 1641, 1642, 1643, 1644, 1645, 1646, 1647, 1648, 1649, 1650, 1651, 1652, 1653, 1654, 1655, 1656, 1657, 1658, 1659, 1660, 1661, 1662, 1663, 1664, 1665, 1666, 1667, 1668, 1669, 1670, 1671, 1672, 1673, 1674, 1675, 1676, 1677, 1678, 1679, 1680, 1681, 1682, 1683, 1684, 1685, 1686, 1687, 1688, 1709, 1710, 1711, 1712, 1713, 1714, 1715, 1716, 1717, 1718, 1719, 1720, 1721, 1722, 1723, 1724, 1725, 1726, 1727, 1728, 1729, 1730, 1731, 1732, 1733, 1734, 1735, 1736, 1737, 1738, 1739, 1740, 1741, 1742, 1743, 1744, 1745, 1746, 1747, 1748, 1749, 1750, 1751, 1752, 1753, 1754, 1755, 1756, 1757, 1758, 1759, 1760, 1761, 1762, 1763, 1764, 1765, 1766, 1767, 1768, 1769, 1770, 1771, 1772, 1773, 1774, 1775, 1776, 1777, 1778, 1779, 1780, 1781, 1782, 1783, 1784, 1785, 1786, 1787, 1788, 1789, 1790, 1791, 1792, 1793, 1794, 1795, 1796, 1797, 1798, 1799, 1800, 1801, 1802, 1803, 1804, 1805, 1806, 1807, 1808, 1809, 1810, 1811, 1812, 1813, 1814, 1815, 1816, 1817, 1818, 1819, 1820, 1821, 1822, 1823, 1824, 1825, 1826, 1827, 1828, 1829, 1830, 1831, 1832, 1833, 1834, 1835, 1836, 1837, 1838, 1839, 1840, 1841, 1842, 1843, 1844, 1845, 1846, 1847, 1848, 1849, 1850, 1851, 1852, 1853, 1854, 1855, 1856, 1857, 1858, 1859, 1860, 1861, 1862, 1863, 1864, 1865, 1866, 1867, 1868, 1869, 1870, 1871, 1872, 1873, 1874, 1875, 1876]",-3.0,-2.904388192049531,Statistical uncertainty,Evidence
24,1737.0,c35844f62ee12d09c0450281624c89e2533bbb621f23dd1b7062a6ee26ae2b97,719108fa-1be3-40a7-8a4a-1c8a0312ecf6,11.0,1.0,"[, 644, , 645, , 646, , 647, , 648, , 649, , 650, , 651, , 652, , 653, , 654, , 655, , 656, , 657, , 658, , 659, , 660, , 661, , 662, , 663, , 664, , 665, , 666, , 667, , 668, , 669, , 670, , 671, , 672, , 673, , 674, , 675, , 676, , 677, , 678, , 679, , 680, , 681, , 682, , 683, , 684, , 685, , 686, , 687, , 688, , 689, , 690, , 691, , 692, , 693, , 694, , 695, , 696, , 697, , 698, , 699, , 700, , 701, , 702, , 703, , 704, , 705, , 706, , 707, , 708, , 709, , 710, , 711, , 712, , 713, , 714, , 715, , 716, , 717, , 718, , 845, , 846, , 847, , 848, , 849, , 850, , 851, , 852, , 853, , 854, , 855, , 856, , 857, , 858, , 859, , 860, , 861, , 862, , 863, , 864, , 865, , 866, , 867, , 868, , 869, , 870, , 871, , 872, , 873, , 874, , 875, , 876, , 877, , 878, , 879, , 880, , 881, , 882, , 883, , 884, , 885, , 886, , 887, , 888, , 889, , 890, , 891, , 892, , 893, , 894, , 895, , 896, , 897, , 898, , 899, , 900, , 901, , 902, , 903, , 904, , 905, , 906, , 907, , 908, , 909, , 910, , 911, , 912, , 913, , 914, , 915, , 916, , 917, , 918, , 919, , 920, , 921, , 922, , 923, , 924, , 925, , 926, , 927, , 928, , 929, , 930, , 931, , 932, , 933, , 934, , 935, , 936, , 937, , 938, , 939, , 940, , 941, , 942, , 943, , 944, , 945, , 946, , 947, , 948, , 949, , 950, , 951, , 952, , 953, , 954, , 955, , 956, , 957, , 958, , 959, , 960, , 961, , 962, , 963, , 964, , 965, , 966, , 967, , 968, , 969, , 970, , 971, , 972, , 973, , 974, , 975, , 976, , 977, , 978, , 979, , 980, , 981, , 982, , 983, , 984, , 985, , 986, , 987, , 988, , 989, , 990, , 991, , 992, , 993, , 994, , 995, , 996, , 997, , 998, , 999, 1000, 1001, 1002, 1003, 1004, 1005, 1006, 1007, 1008, 1009, 1010, 1011, 1012, 1013, 1014, 1015, 1016, 1017, 1018, 1019, 1020, 1021, 1022, 1023, 1024, 1025, 1026, 1027, 1028, 1029, 1030, 1031, 1032, 1033]",-3.0,-2.904388192049531,Statistical uncertainty,Evidence
25,1712.0,38428e24cdfa0392f3f5e1efda3253ffab6d7ed3051b1dee9f209f871ca91e2c,99968e91-36d0-4be9-a40f-858fdc0451d0,11.0,1.0,"[2175, 2176, 2177, 2178, 2179, 2180, 2181, 2182, 2183, 2184, 2185, 2186, 2187, 2188, 2189, 2190, 2191, 2192, 2193, 2194, 2195, 2196, 2197, 2198, 2199, 2200, 2201, 2202, 2203, 2204, 2205, 2206, 2207, 2208, 2209, 2210, 2211, 2212, 2213, 2214, 2215, 2216, 2217, 2218, 2219, 2220, 2221, 2222, 2223, 2224, 2225, 2226, 2227, 2228, 2229, 2230, 2231, 2232, 2233, 2234, 2235, 2236, 2237, 2238, 2239, 2240, 2241, 2242, 2243, 2244, 2245, 2246, 2247, 2248, 2249, 2250, 2251, 2252, 2253, 2254, 2255, 2256, 2257, 2258, 2259, 2260, 2261, 2262, 2263, 2264, 2265, 2266, 2267, 2268, 2269, 2270, 2271, 2272, 2273, 2274, 2275, 2276, 2277, 2278, 2279, 2280, 2281, 2282, 2283, 2284, 2285, 2286, 2287, 2288, 2289, 2290, 2291, 2292, 2293, 2294, 2295, 2296, 2297, 2298, 2299, 2300, 2301, 2302, 2303, 2304, 2305, 2306, 2307, 2308, 2309, 2310, 2311, 2312, 2313, 2314, 2315, 2316, 2317, 2318, 2319, 2320, 2321, 2322, 2323, 2324, 2325, 2326, 2327, 2328, 2329, 2330, 2331, 2332, 2333, 2334, 2335, 2336, 2337, 2338, 2339, 2340, 2341, 2342, 2343, 2344, 2345, 2346, 2347, 2348, 2349, 2350, 2351, 2352, 2353, 2354, 2355, 2356, 2357, 2358, 2359, 2360, 2361, 2362, 2363, 2364, 2365, 2366, 2367, 2368, 2369, 2370, 2371, 2372, 2373, 2374, 2375, 2376, 2377, 2378, 2379, 2380, 2381, 2382, 2383, 2384, 2387, 2388, 2389, 2390, 2391, 2392, 2393, 2394, 2395, 2396, 2397, 2398, 2399, 2400, 2401, 2402, 2403, 2404, 2405, 2406, 2407, 2408, 2409, 2410, 2411, 2412, 2413, 2414, 2415, 2416, 2417, 2418, 2419, 2420, 2421, 2422, 2423, 2424, 2425, 2426, 2427, 2428, 2429, 2430, 2431, 2432, 2433, 2434, 2435, 2436, 2437, 2438, 2439, 2440, 2441, 2442, 2443, 2444, 2445, 2446, 2447, 2448, 2449, 2450, 2451, 2452, 2453, 2454, 2455, 2456, 2457, 2458, 2459, 2460, 2461, 2462, 2463, 2464, 2465, 2466, 2467, 2468, 2469, 2470, 2471, 2472, 2473, 2474, 2475, 2476, 2477, 2478, 2479, 2480, 2481, 2482, 2483, 2484, 2485, 2486, 2487, 2488, 2489, 2490, 2491, 2492, 2493, 2494, 2495, 2496, 2497, 2498, 2499, 2500, 2501, 2502, 2503, 2504, 2505, 2506, 2507, 2508, 2509, 2510, 2511, 2512, 2513, 2514, 2515, 2516, 2517, 2518, 2519, 2520, 2521, 2522, 2523, 2524, 2525, 2526, 2527, 2528, 2529, 2530, 2531, 2532, 2533, 2534, 2535, 2536, 2537, 2538, 2539, 2540, 2541, 2542, 2543, 2544, 2545, 2546, 2547, 2548, 2549, 2550, 2551, 2552, 2553, 2554, 2555, 2556, 2557, 2558, 2559, 2560, 2561, 2562, 2563, 2564, 2565, 2566, 2567, 2568, 2569, 2570, 2571, 2572, 2573, 2574, 2575, 2576, 2577, 2578, 2579, 2580, 2581, 2582, 2583, 2584, 2585, 2586, 2587, 2588, 2589, 2590, 2591, 2592, 2593, 2594, 2595, 2596, 2597, 2598, 2599, 2600, 2601, 2602, 2603, 2604, 2605, 2606, 2607, 2608, 2609, 2610, 2611, 2612, 2613, 2614, 2615, 2616, 2617, 2618, 2619, 2620, 2621, 2622, 2623, 2624, 2625, 2626, 2627, 2628, 2629, 2630, 2631, 2853, 2854, 2855, 2856, 2857, 2858, 2859, 2860, 2861, 2862, 2863, 2864, 2865, 2866, 2867, 2868, 2869, 2870, 2871, 2872, 2873, 2874, 2875, 2876, 2877, 2878, 2879, 2880, 2881, 2882, 2883, 2884, 2885, 2886, 2887, 2888, 2889, 2890, 2891, 2892, 2893, 2894, 2895, 2896, 2897, 2898, 2899, 2900, 2901, 2902, 2903, 2904, 2905, 2906, 2907, 2908, 2909, 2910, 2911, 2912, 2913, 2914, 2915, 2916, 2917, 2918, 2919, 2920, 2921, 2922, 2923, 2924, 2925, 2926, 2927, 2928, 2929, 2930, 2931, 2932, 2933, 2934, 2935, 2936, 2937, 2938, 2939, 2940, 2941, 2942, 2943, 2944, 2945, 2946, 2947, 2948, 2949, 2950, 2951, 2952, 2953, 2954, 2955, 2956, 2957, 2958, 2959, 2960, 2961, 2962, 2963, 2964, 2965, 2966, 2967, 2968, 2969, 2970, 2971, 2972, 2973, 2974, 2975, 2976, 2977, 2978, 2979, 2980, 2981, 2982, 2983, 2984, 2985, 2986, 2987, 2988, 2989, 2990, 2991, 2992, 2993, 2994, 2995, 2996, 2997, 2998, 2999, 3000, 3001, 3002, 3003, 3004, 3005, 3006, 3007, 3008, 3009, 3010, 3011, 3012, 3013, 3014, 3015, 3016, 3017, 3018, 3019, 3020, 3021, 3022, 3023, 3024, 3025, 3026, 3027, 3028, 3029, 3030, 3031, 3032, 3033, 3034, 3035, 3036, 3037, 3038, 3039, 3040, 3041, 3042, 3043, 3044, 3045, 3046, 3047, 3048, 3049, 3050, 3051, 3052, 3053, 3054, 3055, 3056, 3057, 3058, 3059, 3060, 3061, 3062, 3063, 3064, 3065, 3066, 3067, 3068, 3069, 3070, 3071, 3072, 3073, 3074, 3075, 3076, 3077, 3078, 3079, 3080, 3081, 3082, 3083, 3084, 3085, 3086, 3087, 3088, 3089, 3090, 3091, 3092, 3093, 3094, 3095, 3096, 3097, 3098, 3099, 3100, 3101, 3102, 3103, 3104, 3105, 3106, 3107, 3108, 3109, 3110, 3111, 3112, 3113, 3114, 3115, 3116, 3117, 3118, 3119, 3120, 3121, 3122, 3123, 3124, 3125, 3126, 3127, 3128, 3129, 3130, 3131, 3132, 3133, 3134, 3135]",-3.0,-3.0,Statistical uncertainty,Evidence
26,1721.0,dbbab7ece1d8402b23783838539eb009f3064910120403ced379ee8185421ec9,d2de0341-c711-40d0-9790-176e94e84c67,11.0,1.0,"[, 565, , 566, , 567, ..., 4444, 4445, 4446]",-3.0,-2.904388192049531,Statistical uncertainty,Evidence
27,1712.0,38428e24cdfa0392f3f5e1efda3253ffab6d7ed3051b1dee9f209f871ca91e2c,f676179d-3cf0-4ab1-9bb3-5126cd117f2f,11.0,1.0,L,-3.0,-1.3672611125166279,Statistical uncertainty,
28,1721.0,dbbab7ece1d8402b23783838539eb009f3064910120403ced379ee8185421ec9,0a3bcbba-d029-4e0e-a5e3-88f2781f5772,11.0,3.0,[],-1.0,-1.0,Statistical uncertainty,
29,1712.0,38428e24cdfa0392f3f5e1efda3253ffab6d7ed3051b1dee9f209f871ca91e2c,983244f8-22a2-4674-8c34-b2c83e3c755e,11.0,3.0,L,-1.0,-0.4585722103412754,Statistical uncertainty,
30,1721.0,dbbab7ece1d8402b23783838539eb009f3064910120403ced379ee8185421ec9,025a8515-ff9b-4ce9-b56a-ab8bdf2ca8c1,12.0,2.0,[],-2.0,-1.8058405086654368,Systematic uncertainty,
31,1712.0,38428e24cdfa0392f3f5e1efda3253ffab6d7ed3051b1dee9f209f871ca91e2c,99968e91-36d0-4be9-a40f-858fdc0451d0,12.0,3.0,"[2175.0, 2176.0, 2177.0, 2178.0, 2179.0, 2180.0, 2181.0, 2182.0, 2183.0, 2184.0, 2185.0, 2186.0, 2187.0, 2188.0, 2189.0, 2190.0, 2191.0, 2192.0, 2193.0, 2194.0, 2195.0, 2196.0, 2197.0, 2198.0, 2199.0, 2200.0, 2201.0, 2202.0, 2203.0, 2204.0, 2205.0, 2206.0, 2207.0, 2208.0, 2209.0, 2210.0, 2211.0, 2212.0, 2213.0, 2214.0, 2215.0, 2216.0, 2217.0, 2218.0, 2219.0, 2220.0, 2221.0, 2222.0, 2223.0, 2224.0, 2225.0, 2226.0, 2227.0, 2228.0, 2229.0, 2230.0, 2231.0, 2232.0, 2233.0, 2234.0, 2235.0, 2236.0, 2237.0, 2238.0, 2239.0, 2240.0, 2241.0, 2242.0, 2243.0, 2244.0, 2245.0, 2246.0, 2247.0, 2248.0, 2249.0, 2250.0, 2251.0, 2252.0, 2253.0, 2254.0, 2255.0, 2256.0, 2257.0, 2258.0, 2259.0, 2260.0, 2261.0, 2262.0, 2263.0, 2264.0, 2265.0, 2266.0, 2267.0, 2268.0, 2269.0, 2270.0, 2271.0, 2272.0, 2273.0, 2274.0, 2275.0, 2276.0, 2277.0, 2278.0, 2279.0, 2280.0, 2281.0, 2282.0, 2283.0, 2284.0, 2285.0, 2286.0, 2287.0, 2288.0, 2289.0, 2290.0, 2291.0, 2292.0, 2293.0, 2294.0, 2295.0, 2296.0, 2297.0, 2298.0, 2299.0, 2300.0, 2301.0, 2302.0, 2303.0, 2304.0, 2305.0, 2306.0, 2307.0, 2308.0, 2309.0, 2310.0, 2311.0, 2312.0, 2313.0, 2314.0, 2315.0, 2316.0, 2317.0, 2318.0, 2319.0, 2320.0, 2321.0, 2322.0, 2323.0, 2324.0, 2325.0, 2326.0, 2327.0, 2328.0, 2329.0, 2330.0, 2331.0, 2332.0, 2333.0, 2334.0, 2335.0, 2336.0, 2337.0, 2338.0, 2339.0, 2340.0, 2341.0, 2342.0, 2343.0, 2344.0, 2345.0, 2346.0, 2347.0, 2348.0, 2349.0, 2350.0, 2351.0, 2352.0, 2353.0, 2354.0, 2355.0, 2356.0, 2357.0, 2358.0, 2359.0, 2360.0, 2361.0, 2362.0, 2363.0, 2364.0, 2365.0, 2366.0, 2367.0, 2368.0, 2369.0, 2370.0, 2371.0, 2372.0, 2373.0, 2374.0, 2375.0, 2376.0, 2377.0, 2378.0, 2379.0, 2380.0, 2381.0, 2382.0, 2383.0, 2384.0, 2387.0, 2388.0, 2389.0, 2390.0, 2391.0, 2392.0, 2393.0, 2394.0, 2395.0, 2396.0, 2397.0, 2398.0, 2399.0, 2400.0, 2401.0, 2402.0, 2403.0, 2404.0, 2405.0, 2406.0, 2407.0, 2408.0, 2409.0, 2410.0, 2411.0, 2412.0, 2413.0, 2414.0, 2415.0, 2416.0, 2417.0, 2418.0, 2419.0, 2420.0, 2421.0, 2422.0, 2423.0, 2424.0, 2425.0, 2426.0, 2427.0, 2428.0, 2429.0, 2430.0, 2431.0, 2432.0, 2433.0, 2434.0, 2435.0, 2436.0, 2437.0, 2438.0, 2439.0, 2440.0, 2441.0, 2442.0, 2443.0, 2444.0, 2445.0, 2446.0, 2447.0, 2448.0, 2449.0, 2450.0, 2451.0, 2452.0, 2453.0, 2454.0, 2455.0, 2456.0, 2457.0, 2458.0, 2459.0, 2460.0, 2461.0, 2462.0, 2463.0, 2464.0, 2465.0, 2466.0, 2467.0, 2468.0, 2469.0, 2470.0, 2471.0, 2472.0, 2473.0, 2474.0, 2475.0, 2476.0, 2477.0, 2478.0, 2479.0, 2480.0, 2481.0, 2482.0, 2483.0, 2484.0, 2485.0, 2486.0, 2487.0, 2488.0, 2489.0, 2490.0, 2491.0, 2492.0, 2493.0, 2494.0, 2495.0, 2496.0, 2497.0, 2498.0, 2499.0, 2500.0, 2501.0, 2502.0, 2503.0, 2504.0, 2505.0, 2506.0, 2507.0, 2508.0, 2509.0, 2510.0, 2511.0, 2512.0, 2513.0, 2514.0, 2515.0, 2516.0, 2517.0, 2518.0, 2519.0, 2520.0, 2521.0, 2522.0, 2523.0, 2524.0, 2525.0, 2526.0, 2527.0, 2528.0, 2529.0, 2530.0, 2531.0, 2532.0, 2533.0, 2534.0, 2535.0, 2536.0, 2537.0, 2538.0, 2539.0, 2540.0, 2541.0, 2542.0, 2543.0, 2544.0, 2545.0, 2546.0, 2547.0, 2548.0, 2549.0, 2550.0, 2551.0, 2552.0, 2553.0, 2554.0, 2555.0, 2556.0, 2557.0, 2558.0, 2559.0, 2560.0, 2561.0, 2562.0, 2563.0, 2564.0, 2565.0, 2566.0, 2567.0, 2568.0, 2569.0, 2570.0, 2571.0, 2572.0, 2573.0, 2574.0, 2575.0, 2576.0, 2577.0, 2578.0, 2579.0, 2580.0, 2581.0, 2582.0, 2583.0, 2584.0, 2585.0, 2586.0, 2587.0, 2588.0, 2589.0, 2590.0, 2591.0, 2592.0, 2593.0, 2594.0, 2595.0, 2596.0, 2597.0, 2598.0, 2599.0, 2600.0, 2601.0, 2602.0, 2603.0, 2604.0, 2605.0, 2606.0, 2607.0, 2608.0, 2609.0, 2610.0, 2611.0, 2612.0, 2613.0, 2614.0, 2615.0, 2616.0, 2617.0, 2618.0, 2619.0, 2620.0, 2621.0, 2622.0, 2623.0, 2624.0, 2625.0, 2626.0, 2627.0, 2628.0, 2629.0, 2630.0, 2631.0, 2853.0, 2854.0, 2855.0, 2856.0, 2857.0, 2858.0, 2859.0, 2860.0, 2861.0, 2862.0, 2863.0, 2864.0, 2865.0, 2866.0, 2867.0, 2868.0, 2869.0, 2870.0, 2871.0, 2872.0, 2873.0, 2874.0, 2875.0, 2876.0, 2877.0, 2878.0, 2879.0, 2880.0, 2881.0, 2882.0, 2883.0, 2884.0, 2885.0, 2886.0, 2887.0, 2888.0, 2889.0, 2890.0, 2891.0, 2892.0, 2893.0, 2894.0, 2895.0, 2896.0, 2897.0, 2898.0, 2899.0, 2900.0, 2901.0, 2902.0, 2903.0, 2904.0, 2905.0, 2906.0, 2907.0, 2908.0, 2909.0, 2910.0, 2911.0, 2912.0, 2913.0, 2914.0, 2915.0, 2916.0, 2917.0, 2918.0, 2919.0, 2920.0, 2921.0, 2922.0, 2923.0, 2924.0, 2925.0, 2926.0, 2927.0, 2928.0, 2929.0, 2930.0, 2931.0, 2932.0, 2933.0, 2934.0, 2935.0, 2936.0, 2937.0, 2938.0, 2939.0, 2940.0, 2941.0, 2942.0, 2943.0, 2944.0, 2945.0, 2946.0, 2947.0, 2948.0, 2949.0, 2950.0, 2951.0, 2952.0, 2953.0, 2954.0, 2955.0, 2956.0, 2957.0, 2958.0, 2959.0, 2960.0, 2961.0, 2962.0, 2963.0, 2964.0, 2965.0, 2966.0, 2967.0, 2968.0, 2969.0, 2970.0, 2971.0, 2972.0, 2973.0, 2974.0, 2975.0, 2976.0, 2977.0, 2978.0, 2979.0, 2980.0, 2981.0, 2982.0, 2983.0, 2984.0, 2985.0, 2986.0, 2987.0, 2988.0, 2989.0, 2990.0, 2991.0, 2992.0, 2993.0, 2994.0, 2995.0, 2996.0, 2997.0, 2998.0, 2999.0, 3000.0, 3001.0, 3002.0, 3003.0, 3004.0, 3005.0, 3006.0, 3007.0, 3008.0, 3009.0, 3010.0, 3011.0, 3012.0, 3013.0, 3014.0, 3015.0, 3016.0, 3017.0, 3018.0, 3019.0, 3020.0, 3021.0, 3022.0, 3023.0, 3024.0, 3025.0, 3026.0, 3027.0, 3028.0, 3029.0, 3030.0, 3031.0, 3032.0, 3033.0, 3034.0, 3035.0, 3036.0, 3037.0, 3038.0, 3039.0, 3040.0, 3041.0, 3042.0, 3043.0, 3044.0, 3045.0, 3046.0, 3047.0, 3048.0, 3049.0, 3050.0, 3051.0, 3052.0, 3053.0, 3054.0, 3055.0, 3056.0, 3057.0, 3058.0, 3059.0, 3060.0, 3061.0, 3062.0, 3063.0, 3064.0, 3065.0, 3066.0, 3067.0, 3068.0, 3069.0, 3070.0, 3071.0, 3072.0, 3073.0, 3074.0, 3075.0, 3076.0, 3077.0, 3078.0, 3079.0, 3080.0, 3081.0, 3082.0, 3083.0, 3084.0, 3085.0, 3086.0, 3087.0, 3088.0, 3089.0, 3090.0, 3091.0, 3092.0, 3093.0, 3094.0, 3095.0, 3096.0, 3097.0, 3098.0, 3099.0, 3100.0, 3101.0, 3102.0, 3103.0, 3104.0, 3105.0, 3106.0, 3107.0, 3108.0, 3109.0, 3110.0, 3111.0, 3112.0, 3113.0, 3114.0, 3115.0, 3116.0, 3117.0, 3118.0, 3119.0, 3120.0, 3121.0, 3122.0, 3123.0, 3124.0, 3125.0, 3126.0, 3127.0, 3128.0, 3129.0, 3130.0, 3131.0, 3132.0, 3133.0, 3134.0, 3135.0]",-1.0,-0.8996457756978291,Systematic uncertainty,
32,1737.0,c35844f62ee12d09c0450281624c89e2533bbb621f23dd1b7062a6ee26ae2b97,719108fa-1be3-40a7-8a4a-1c8a0312ecf6,12.0,4.0,"[644.0, 645.0, 646.0, 647.0, 648.0, 649.0, 650.0, 651.0, 652.0, 653.0, 654.0, 655.0, 656.0, 657.0, 658.0, 659.0, 660.0, 661.0, 662.0, 663.0, 664.0, 665.0, 666.0, 667.0, 668.0, 669.0, 670.0, 671.0, 672.0, 673.0, 674.0, 675.0, 676.0, 677.0, 678.0, 679.0, 680.0, 681.0, 682.0, 683.0, 684.0, 685.0, 686.0, 687.0, 688.0, 689.0, 690.0, 691.0, 692.0, 693.0, 694.0, 695.0, 696.0, 697.0, 698.0, 699.0, 700.0, 701.0, 702.0, 703.0, 704.0, 705.0, 706.0, 707.0, 708.0, 709.0, 710.0, 711.0, 712.0, 713.0, 714.0, 715.0, 716.0, 717.0, 718.0, 845.0, 846.0, 847.0, 848.0, 849.0, 850.0, 851.0, 852.0, 853.0, 854.0, 855.0, 856.0, 857.0, 858.0, 859.0, 860.0, 861.0, 862.0, 863.0, 864.0, 865.0, 866.0, 867.0, 868.0, 869.0, 870.0, 871.0, 872.0, 873.0, 874.0, 875.0, 876.0, 877.0, 878.0, 879.0, 880.0, 881.0, 882.0, 883.0, 884.0, 885.0, 886.0, 887.0, 888.0, 889.0, 890.0, 891.0, 892.0, 893.0, 894.0, 895.0, 896.0, 897.0, 898.0, 899.0, 900.0, 901.0, 902.0, 903.0, 904.0, 905.0, 906.0, 907.0, 908.0, 909.0, 910.0, 911.0, 912.0, 913.0, 914.0, 915.0, 916.0, 917.0, 918.0, 919.0, 920.0, 921.0, 922.0, 923.0, 924.0, 925.0, 926.0, 927.0, 928.0, 929.0, 930.0, 931.0, 932.0, 933.0, 934.0, 935.0, 936.0, 937.0, 938.0, 939.0, 940.0, 941.0, 942.0, 943.0, 944.0, 945.0, 946.0, 947.0, 948.0, 949.0, 950.0, 951.0, 952.0, 953.0, 954.0, 955.0, 956.0, 957.0, 958.0, 959.0, 960.0, 961.0, 962.0, 963.0, 964.0, 965.0, 966.0, 967.0, 968.0, 969.0, 970.0, 971.0, 972.0, 973.0, 974.0, 975.0, 976.0, 977.0, 978.0, 979.0, 980.0, 981.0, 982.0, 983.0, 984.0, 985.0, 986.0, 987.0, 988.0, 989.0, 990.0, 991.0, 992.0, 993.0, 994.0, 995.0, 996.0, 997.0, 998.0, 999.0, 1000.0, 1001.0, 1002.0, 1003.0, 1004.0, 1005.0, 1006.0, 1007.0, 1008.0, 1009.0, 1010.0, 1011.0, 1012.0, 1013.0, 1014.0, 1015.0, 1016.0, 1017.0, 1018.0, 1019.0, 1020.0, 1021.0, 1022.0, 1023.0, 1024.0, 1025.0, 1026.0, 1027.0, 1028.0, 1029.0, 1030.0, 1031.0, 1032.0, 1033.0]",-0.5,-0.4755451997595268,Systematic uncertainty,
33,1721.0,dbbab7ece1d8402b23783838539eb009f3064910120403ced379ee8185421ec9,d2de0341-c711-40d0-9790-176e94e84c67,12.0,4.0,"[565.0, 566.0, 567.0, 4444.0, 4445.0, 4446.0]",-0.5,-0.4562444039429241,Systematic uncertainty,
36,1712.0,38428e24cdfa0392f3f5e1efda3253ffab6d7ed3051b1dee9f209f871ca91e2c,0b99412a-f09e-4153-9a36-74674e987a79,13.0,2.0,[],-0.5,-0.4438920715256198,Open to evidence,
37,1712.0,38428e24cdfa0392f3f5e1efda3253ffab6d7ed3051b1dee9f209f871ca91e2c,99968e91-36d0-4be9-a40f-858fdc0451d0,13.0,2.0,"[2175.0, 2176.0, 2177.0, 2178.0, 2179.0, 2180.0, 2181.0, 2182.0, 2183.0, 2184.0, 2185.0, 2186.0, 2187.0, 2188.0, 2189.0, 2190.0, 2191.0, 2192.0, 2193.0, 2194.0, 2195.0, 2196.0, 2197.0, 2198.0, 2199.0, 2200.0, 2201.0, 2202.0, 2203.0, 2204.0, 2205.0, 2206.0, 2207.0, 2208.0, 2209.0, 2210.0, 2211.0, 2212.0, 2213.0, 2214.0, 2215.0, 2216.0, 2217.0, 2218.0, 2219.0, 2220.0, 2221.0, 2222.0, 2223.0, 2224.0, 2225.0, 2226.0, 2227.0, 2228.0, 2229.0, 2230.0, 2231.0, 2232.0, 2233.0, 2234.0, 2235.0, 2236.0, 2237.0, 2238.0, 2239.0, 2240.0, 2241.0, 2242.0, 2243.0, 2244.0, 2245.0, 2246.0, 2247.0, 2248.0, 2249.0, 2250.0, 2251.0, 2252.0, 2253.0, 2254.0, 2255.0, 2256.0, 2257.0, 2258.0, 2259.0, 2260.0, 2261.0, 2262.0, 2263.0, 2264.0, 2265.0, 2266.0, 2267.0, 2268.0, 2269.0, 2270.0, 2271.0, 2272.0, 2273.0, 2274.0, 2275.0, 2276.0, 2277.0, 2278.0, 2279.0, 2280.0, 2281.0, 2282.0, 2283.0, 2284.0, 2285.0, 2286.0, 2287.0, 2288.0, 2289.0, 2290.0, 2291.0, 2292.0, 2293.0, 2294.0, 2295.0, 2296.0, 2297.0, 2298.0, 2299.0, 2300.0, 2301.0, 2302.0, 2303.0, 2304.0, 2305.0, 2306.0, 2307.0, 2308.0, 2309.0, 2310.0, 2311.0, 2312.0, 2313.0, 2314.0, 2315.0, 2316.0, 2317.0, 2318.0, 2319.0, 2320.0, 2321.0, 2322.0, 2323.0, 2324.0, 2325.0, 2326.0, 2327.0, 2328.0, 2329.0, 2330.0, 2331.0, 2332.0, 2333.0, 2334.0, 2335.0, 2336.0, 2337.0, 2338.0, 2339.0, 2340.0, 2341.0, 2342.0, 2343.0, 2344.0, 2345.0, 2346.0, 2347.0, 2348.0, 2349.0, 2350.0, 2351.0, 2352.0, 2353.0, 2354.0, 2355.0, 2356.0, 2357.0, 2358.0, 2359.0, 2360.0, 2361.0, 2362.0, 2363.0, 2364.0, 2365.0, 2366.0, 2367.0, 2368.0, 2369.0, 2370.0, 2371.0, 2372.0, 2373.0, 2374.0, 2375.0, 2376.0, 2377.0, 2378.0, 2379.0, 2380.0, 2381.0, 2382.0, 2383.0, 2384.0, 2387.0, 2388.0, 2389.0, 2390.0, 2391.0, 2392.0, 2393.0, 2394.0, 2395.0, 2396.0, 2397.0, 2398.0, 2399.0, 2400.0, 2401.0, 2402.0, 2403.0, 2404.0, 2405.0, 2406.0, 2407.0, 2408.0, 2409.0, 2410.0, 2411.0, 2412.0, 2413.0, 2414.0, 2415.0, 2416.0, 2417.0, 2418.0, 2419.0, 2420.0, 2421.0, 2422.0, 2423.0, 2424.0, 2425.0, 2426.0, 2427.0, 2428.0, 2429.0, 2430.0, 2431.0, 2432.0, 2433.0, 2434.0, 2435.0, 2436.0, 2437.0, 2438.0, 2439.0, 2440.0, 2441.0, 2442.0, 2443.0, 2444.0, 2445.0, 2446.0, 2447.0, 2448.0, 2449.0, 2450.0, 2451.0, 2452.0, 2453.0, 2454.0, 2455.0, 2456.0, 2457.0, 2458.0, 2459.0, 2460.0, 2461.0, 2462.0, 2463.0, 2464.0, 2465.0, 2466.0, 2467.0, 2468.0, 2469.0, 2470.0, 2471.0, 2472.0, 2473.0, 2474.0, 2475.0, 2476.0, 2477.0, 2478.0, 2479.0, 2480.0, 2481.0, 2482.0, 2483.0, 2484.0, 2485.0, 2486.0, 2487.0, 2488.0, 2489.0, 2490.0, 2491.0, 2492.0, 2493.0, 2494.0, 2495.0, 2496.0, 2497.0, 2498.0, 2499.0, 2500.0, 2501.0, 2502.0, 2503.0, 2504.0, 2505.0, 2506.0, 2507.0, 2508.0, 2509.0, 2510.0, 2511.0, 2512.0, 2513.0, 2514.0, 2515.0, 2516.0, 2517.0, 2518.0, 2519.0, 2520.0, 2521.0, 2522.0, 2523.0, 2524.0, 2525.0, 2526.0, 2527.0, 2528.0, 2529.0, 2530.0, 2531.0, 2532.0, 2533.0, 2534.0, 2535.0, 2536.0, 2537.0, 2538.0, 2539.0, 2540.0, 2541.0, 2542.0, 2543.0, 2544.0, 2545.0, 2546.0, 2547.0, 2548.0, 2549.0, 2550.0, 2551.0, 2552.0, 2553.0, 2554.0, 2555.0, 2556.0, 2557.0, 2558.0, 2559.0, 2560.0, 2561.0, 2562.0, 2563.0, 2564.0, 2565.0, 2566.0, 2567.0, 2568.0, 2569.0, 2570.0, 2571.0, 2572.0, 2573.0, 2574.0, 2575.0, 2576.0, 2577.0, 2578.0, 2579.0, 2580.0, 2581.0, 2582.0, 2583.0, 2584.0, 2585.0, 2586.0, 2587.0, 2588.0, 2589.0, 2590.0, 2591.0, 2592.0, 2593.0, 2594.0, 2595.0, 2596.0, 2597.0, 2598.0, 2599.0, 2600.0, 2601.0, 2602.0, 2603.0, 2604.0, 2605.0, 2606.0, 2607.0, 2608.0, 2609.0, 2610.0, 2611.0, 2612.0, 2613.0, 2614.0, 2615.0, 2616.0, 2617.0, 2618.0, 2619.0, 2620.0, 2621.0, 2622.0, 2623.0, 2624.0, 2625.0, 2626.0, 2627.0, 2628.0, 2629.0, 2630.0, 2631.0, 2853.0, 2854.0, 2855.0, 2856.0, 2857.0, 2858.0, 2859.0, 2860.0, 2861.0, 2862.0, 2863.0, 2864.0, 2865.0, 2866.0, 2867.0, 2868.0, 2869.0, 2870.0, 2871.0, 2872.0, 2873.0, 2874.0, 2875.0, 2876.0, 2877.0, 2878.0, 2879.0, 2880.0, 2881.0, 2882.0, 2883.0, 2884.0, 2885.0, 2886.0, 2887.0, 2888.0, 2889.0, 2890.0, 2891.0, 2892.0, 2893.0, 2894.0, 2895.0, 2896.0, 2897.0, 2898.0, 2899.0, 2900.0, 2901.0, 2902.0, 2903.0, 2904.0, 2905.0, 2906.0, 2907.0, 2908.0, 2909.0, 2910.0, 2911.0, 2912.0, 2913.0, 2914.0, 2915.0, 2916.0, 2917.0, 2918.0, 2919.0, 2920.0, 2921.0, 2922.0, 2923.0, 2924.0, 2925.0, 2926.0, 2927.0, 2928.0, 2929.0, 2930.0, 2931.0, 2932.0, 2933.0, 2934.0, 2935.0, 2936.0, 2937.0, 2938.0, 2939.0, 2940.0, 2941.0, 2942.0, 2943.0, 2944.0, 2945.0, 2946.0, 2947.0, 2948.0, 2949.0, 2950.0, 2951.0, 2952.0, 2953.0, 2954.0, 2955.0, 2956.0, 2957.0, 2958.0, 2959.0, 2960.0, 2961.0, 2962.0, 2963.0, 2964.0, 2965.0, 2966.0, 2967.0, 2968.0, 2969.0, 2970.0, 2971.0, 2972.0, 2973.0, 2974.0, 2975.0, 2976.0, 2977.0, 2978.0, 2979.0, 2980.0, 2981.0, 2982.0, 2983.0, 2984.0, 2985.0, 2986.0, 2987.0, 2988.0, 2989.0, 2990.0, 2991.0, 2992.0, 2993.0, 2994.0, 2995.0, 2996.0, 2997.0, 2998.0, 2999.0, 3000.0, 3001.0, 3002.0, 3003.0, 3004.0, 3005.0, 3006.0, 3007.0, 3008.0, 3009.0, 3010.0, 3011.0, 3012.0, 3013.0, 3014.0, 3015.0, 3016.0, 3017.0, 3018.0, 3019.0, 3020.0, 3021.0, 3022.0, 3023.0, 3024.0, 3025.0, 3026.0, 3027.0, 3028.0, 3029.0, 3030.0, 3031.0, 3032.0, 3033.0, 3034.0, 3035.0, 3036.0, 3037.0, 3038.0, 3039.0, 3040.0, 3041.0, 3042.0, 3043.0, 3044.0, 3045.0, 3046.0, 3047.0, 3048.0, 3049.0, 3050.0, 3051.0, 3052.0, 3053.0, 3054.0, 3055.0, 3056.0, 3057.0, 3058.0, 3059.0, 3060.0, 3061.0, 3062.0, 3063.0, 3064.0, 3065.0, 3066.0, 3067.0, 3068.0, 3069.0, 3070.0, 3071.0, 3072.0, 3073.0, 3074.0, 3075.0, 3076.0, 3077.0, 3078.0, 3079.0, 3080.0, 3081.0, 3082.0, 3083.0, 3084.0, 3085.0, 3086.0, 3087.0, 3088.0, 3089.0, 3090.0, 3091.0, 3092.0, 3093.0, 3094.0, 3095.0, 3096.0, 3097.0, 3098.0, 3099.0, 3100.0, 3101.0, 3102.0, 3103.0, 3104.0, 3105.0, 3106.0, 3107.0, 3108.0, 3109.0, 3110.0, 3111.0, 3112.0, 3113.0, 3114.0, 3115.0, 3116.0, 3117.0, 3118.0, 3119.0, 3120.0, 3121.0, 3122.0, 3123.0, 3124.0, 3125.0, 3126.0, 3127.0, 3128.0, 3129.0, 3130.0, 3131.0, 3132.0, 3133.0, 3134.0, 3135.0]",-0.5,-0.4585722103412754,Open to evidence,
38,1737.0,c35844f62ee12d09c0450281624c89e2533bbb621f23dd1b7062a6ee26ae2b97,719108fa-1be3-40a7-8a4a-1c8a0312ecf6,13.0,4.0,"[644.0, 645.0, 646.0, 647.0, 648.0, 649.0, 650.0, 651.0, 652.0, 653.0, 654.0, 655.0, 656.0, 657.0, 658.0, 659.0, 660.0, 661.0, 662.0, 663.0, 664.0, 665.0, 666.0, 667.0, 668.0, 669.0, 670.0, 671.0, 672.0, 673.0, 674.0, 675.0, 676.0, 677.0, 678.0, 679.0, 680.0, 681.0, 682.0, 683.0, 684.0, 685.0, 686.0, 687.0, 688.0, 689.0, 690.0, 691.0, 692.0, 693.0, 694.0, 695.0, 696.0, 697.0, 698.0, 699.0, 700.0, 701.0, 702.0, 703.0, 704.0, 705.0, 706.0, 707.0, 708.0, 709.0, 710.0, 711.0, 712.0, 713.0, 714.0, 715.0, 716.0, 717.0, 718.0, 845.0, 846.0, 847.0, 848.0, 849.0, 850.0, 851.0, 852.0, 853.0, 854.0, 855.0, 856.0, 857.0, 858.0, 859.0, 860.0, 861.0, 862.0, 863.0, 864.0, 865.0, 866.0, 867.0, 868.0, 869.0, 870.0, 871.0, 872.0, 873.0, 874.0, 875.0, 876.0, 877.0, 878.0, 879.0, 880.0, 881.0, 882.0, 883.0, 884.0, 885.0, 886.0, 887.0, 888.0, 889.0, 890.0, 891.0, 892.0, 893.0, 894.0, 895.0, 896.0, 897.0, 898.0, 899.0, 900.0, 901.0, 902.0, 903.0, 904.0, 905.0, 906.0, 907.0, 908.0, 909.0, 910.0, 911.0, 912.0, 913.0, 914.0, 915.0, 916.0, 917.0, 918.0, 919.0, 920.0, 921.0, 922.0, 923.0, 924.0, 925.0, 926.0, 927.0, 928.0, 929.0, 930.0, 931.0, 932.0, 933.0, 934.0, 935.0, 936.0, 937.0, 938.0, 939.0, 940.0, 941.0, 942.0, 943.0, 944.0, 945.0, 946.0, 947.0, 948.0, 949.0, 950.0, 951.0, 952.0, 953.0, 954.0, 955.0, 956.0, 957.0, 958.0, 959.0, 960.0, 961.0, 962.0, 963.0, 964.0, 965.0, 966.0, 967.0, 968.0, 969.0, 970.0, 971.0, 972.0, 973.0, 974.0, 975.0, 976.0, 977.0, 978.0, 979.0, 980.0, 981.0, 982.0, 983.0, 984.0, 985.0, 986.0, 987.0, 988.0, 989.0, 990.0, 991.0, 992.0, 993.0, 994.0, 995.0, 996.0, 997.0, 998.0, 999.0, 1000.0, 1001.0, 1002.0, 1003.0, 1004.0, 1005.0, 1006.0, 1007.0, 1008.0, 1009.0, 1010.0, 1011.0, 1012.0, 1013.0, 1014.0, 1015.0, 1016.0, 1017.0, 1018.0, 1019.0, 1020.0, 1021.0, 1022.0, 1023.0, 1024.0, 1025.0, 1026.0, 1027.0, 1028.0, 1029.0, 1030.0, 1031.0, 1032.0, 1033.0]",-2.0,-1.9004643264490857,Open to evidence,
39,1721.0,dbbab7ece1d8402b23783838539eb009f3064910120403ced379ee8185421ec9,d2de0341-c711-40d0-9790-176e94e84c67,13.0,4.0,"[565.0, 566.0, 567.0, 4444.0, 4445.0, 4446.0]",-2.0,-1.9004643264490857,Open to evidence,
Quality of evidence,,,,,,,,4.0,,
