,article_num,article_sha256,quiz_task_uuid,tua_uuid,schema_namespace,schema_sha256,question_Number,answer_uuid,question_type,agreed_Answer,coding_perc_agreement,one_two_diff,highlighted_indices,alpha_unitizing_score,alpha_unitizing_score_inclusive,agreement_score,num_users,num_answer_choices,target_text,question_text,answer_content,prereq_passed
113,100033,86d0e1839d825b8b56f2c7430efa716f4777e45dd001dd29ff68a3d232069e4c,4f3bca38-79d9-4a37-aebd-db9a33657fe8,896b08c1-6d02-4bd5-886d-5e6045370fc3,Reasoning Specialist V4,eace698d45562a4832f0753fc291ea8199df836c5c98517a897c6d112e9f1545,1,0,checklist,L,0.2,0.8,L,L,L,0.1,5,6,L,Does the passage contain... (check all that apply):,L,True
126,100033,86d0e1839d825b8b56f2c7430efa716f4777e45dd001dd29ff68a3d232069e4c,4f3bca38-79d9-4a37-aebd-db9a33657fe8,896b08c1-6d02-4bd5-886d-5e6045370fc3,Reasoning Specialist V4,eace698d45562a4832f0753fc291ea8199df836c5c98517a897c6d112e9f1545,10,eb339ff2-62c0-4a21-9ff6-c0007cbfdc55,ordinal,6,0.8353309837788275,0.8353309837788275,[],,,0.8353309837788275,5,10,,"How confident are you about your answers, on the whole?",6,True
115,100033,86d0e1839d825b8b56f2c7430efa716f4777e45dd001dd29ff68a3d232069e4c,4f3bca38-79d9-4a37-aebd-db9a33657fe8,896b08c1-6d02-4bd5-886d-5e6045370fc3,Reasoning Specialist V4,eace698d45562a4832f0753fc291ea8199df836c5c98517a897c6d112e9f1545,1,0,checklist,L,0.0,1.0,L,L,L,0.0,5,6,L,Does the passage contain... (check all that apply):,L,True
116,100033,86d0e1839d825b8b56f2c7430efa716f4777e45dd001dd29ff68a3d232069e4c,4f3bca38-79d9-4a37-aebd-db9a33657fe8,896b08c1-6d02-4bd5-886d-5e6045370fc3,Reasoning Specialist V4,eace698d45562a4832f0753fc291ea8199df836c5c98517a897c6d112e9f1545,1,0,checklist,M,0.4,0.6,M,M,M,0.2,5,6,M,Does the passage contain... (check all that apply):,M,True
117,100033,86d0e1839d825b8b56f2c7430efa716f4777e45dd001dd29ff68a3d232069e4c,4f3bca38-79d9-4a37-aebd-db9a33657fe8,896b08c1-6d02-4bd5-886d-5e6045370fc3,Reasoning Specialist V4,eace698d45562a4832f0753fc291ea8199df836c5c98517a897c6d112e9f1545,1,0,checklist,M,0.4,0.6,M,M,M,0.2,5,6,M,Does the passage contain... (check all that apply):,M,True
125,100033,86d0e1839d825b8b56f2c7430efa716f4777e45dd001dd29ff68a3d232069e4c,4f3bca38-79d9-4a37-aebd-db9a33657fe8,896b08c1-6d02-4bd5-886d-5e6045370fc3,Reasoning Specialist V4,eace698d45562a4832f0753fc291ea8199df836c5c98517a897c6d112e9f1545,9,0,ordinal,M,0.7283289216801851,0.7283289216801851,M,M,M,0.3641644608400926,5,10,M,"How difficult was this task for you, on the whole?",M,True
118,100033,86d0e1839d825b8b56f2c7430efa716f4777e45dd001dd29ff68a3d232069e4c,4f3bca38-79d9-4a37-aebd-db9a33657fe8,896b08c1-6d02-4bd5-886d-5e6045370fc3,Reasoning Specialist V4,eace698d45562a4832f0753fc291ea8199df836c5c98517a897c6d112e9f1545,1,0,checklist,L,0.2,0.8,L,L,L,0.1,5,6,L,Does the passage contain... (check all that apply):,L,True
114,100033,86d0e1839d825b8b56f2c7430efa716f4777e45dd001dd29ff68a3d232069e4c,4f3bca38-79d9-4a37-aebd-db9a33657fe8,896b08c1-6d02-4bd5-886d-5e6045370fc3,Reasoning Specialist V4,eace698d45562a4832f0753fc291ea8199df836c5c98517a897c6d112e9f1545,1,0,checklist,L,0.0,1.0,L,L,L,0.0,5,6,L,Does the passage contain... (check all that apply):,L,True
315,100034,3b9c291d9345c8221a497206a766483bf78df474550f0c50c58df9ad4c20ff75,ff62dc00-85e0-4d67-acf4-13bc60ac04a4,157ece74-6d01-4de4-8280-c5e9c4768e25,Reasoning Specialist V4,eace698d45562a4832f0753fc291ea8199df836c5c98517a897c6d112e9f1545,1,0,checklist,L,0.2,0.8,L,L,L,0.1,5,6,L,Does the passage contain... (check all that apply):,L,True
316,100034,3b9c291d9345c8221a497206a766483bf78df474550f0c50c58df9ad4c20ff75,ff62dc00-85e0-4d67-acf4-13bc60ac04a4,157ece74-6d01-4de4-8280-c5e9c4768e25,Reasoning Specialist V4,eace698d45562a4832f0753fc291ea8199df836c5c98517a897c6d112e9f1545,1,0,checklist,L,0.2,0.8,L,L,L,0.1,5,6,L,Does the passage contain... (check all that apply):,L,True
317,100034,3b9c291d9345c8221a497206a766483bf78df474550f0c50c58df9ad4c20ff75,ff62dc00-85e0-4d67-acf4-13bc60ac04a4,157ece74-6d01-4de4-8280-c5e9c4768e25,Reasoning Specialist V4,eace698d45562a4832f0753fc291ea8199df836c5c98517a897c6d112e9f1545,1,0,checklist,L,0.0,1.0,L,L,L,0.0,5,6,L,Does the passage contain... (check all that apply):,L,True
318,100034,3b9c291d9345c8221a497206a766483bf78df474550f0c50c58df9ad4c20ff75,ff62dc00-85e0-4d67-acf4-13bc60ac04a4,157ece74-6d01-4de4-8280-c5e9c4768e25,Reasoning Specialist V4,eace698d45562a4832f0753fc291ea8199df836c5c98517a897c6d112e9f1545,1,0,checklist,L,0.0,1.0,L,L,L,0.0,5,6,L,Does the passage contain... (check all that apply):,L,True
256,100034,3b9c291d9345c8221a497206a766483bf78df474550f0c50c58df9ad4c20ff75,c3be92ee-3e6f-48d4-b097-a3801a1d99e4,aa4b5aaf-adef-427e-b1d5-a2bd43bb4047,Reasoning Specialist V4,eace698d45562a4832f0753fc291ea8199df836c5c98517a897c6d112e9f1545,1,0,checklist,L,0.0,1.0,L,L,L,0.0,5,6,L,Does the passage contain... (check all that apply):,L,True
254,100034,3b9c291d9345c8221a497206a766483bf78df474550f0c50c58df9ad4c20ff75,c3be92ee-3e6f-48d4-b097-a3801a1d99e4,aa4b5aaf-adef-427e-b1d5-a2bd43bb4047,Reasoning Specialist V4,eace698d45562a4832f0753fc291ea8199df836c5c98517a897c6d112e9f1545,1,0,checklist,L,0.0,1.0,L,L,L,0.0,5,6,L,Does the passage contain... (check all that apply):,L,True
255,100034,3b9c291d9345c8221a497206a766483bf78df474550f0c50c58df9ad4c20ff75,c3be92ee-3e6f-48d4-b097-a3801a1d99e4,aa4b5aaf-adef-427e-b1d5-a2bd43bb4047,Reasoning Specialist V4,eace698d45562a4832f0753fc291ea8199df836c5c98517a897c6d112e9f1545,1,0,checklist,L,0.0,1.0,L,L,L,0.0,5,6,L,Does the passage contain... (check all that apply):,L,True
257,100034,3b9c291d9345c8221a497206a766483bf78df474550f0c50c58df9ad4c20ff75,c3be92ee-3e6f-48d4-b097-a3801a1d99e4,aa4b5aaf-adef-427e-b1d5-a2bd43bb4047,Reasoning Specialist V4,eace698d45562a4832f0753fc291ea8199df836c5c98517a897c6d112e9f1545,1,0,checklist,M,0.4,0.6,M,M,M,0.2,5,6,M,Does the passage contain... (check all that apply):,M,True
258,100034,3b9c291d9345c8221a497206a766483bf78df474550f0c50c58df9ad4c20ff75,c3be92ee-3e6f-48d4-b097-a3801a1d99e4,aa4b5aaf-adef-427e-b1d5-a2bd43bb4047,Reasoning Specialist V4,eace698d45562a4832f0753fc291ea8199df836c5c98517a897c6d112e9f1545,1,0,checklist,L,0.2,0.8,L,L,L,0.1,5,6,L,Does the passage contain... (check all that apply):,L,True
259,100034,3b9c291d9345c8221a497206a766483bf78df474550f0c50c58df9ad4c20ff75,c3be92ee-3e6f-48d4-b097-a3801a1d99e4,aa4b5aaf-adef-427e-b1d5-a2bd43bb4047,Reasoning Specialist V4,eace698d45562a4832f0753fc291ea8199df836c5c98517a897c6d112e9f1545,1,0,checklist,M,0.4,0.6,M,M,M,0.2,5,6,M,Does the passage contain... (check all that apply):,M,True
260,100034,3b9c291d9345c8221a497206a766483bf78df474550f0c50c58df9ad4c20ff75,c3be92ee-3e6f-48d4-b097-a3801a1d99e4,aa4b5aaf-adef-427e-b1d5-a2bd43bb4047,Reasoning Specialist V4,eace698d45562a4832f0753fc291ea8199df836c5c98517a897c6d112e9f1545,9,cf96f03f-a18b-448e-81f2-67015c432b63,ordinal,3,0.8748131436445076,0.8748131436445076,[],,,0.8748131436445076,5,10,,"How difficult was this task for you, on the whole?",3,True
334,100034,3b9c291d9345c8221a497206a766483bf78df474550f0c50c58df9ad4c20ff75,ff62dc00-85e0-4d67-acf4-13bc60ac04a4,157ece74-6d01-4de4-8280-c5e9c4768e25,Reasoning Specialist V4,eace698d45562a4832f0753fc291ea8199df836c5c98517a897c6d112e9f1545,9,45abdcc4-00d7-44f0-affe-03cfaec271fa,ordinal,6,0.7925227566637723,0.7925227566637723,[],,,0.7925227566637723,5,10,,"How difficult was this task for you, on the whole?",6,True
261,100034,3b9c291d9345c8221a497206a766483bf78df474550f0c50c58df9ad4c20ff75,c3be92ee-3e6f-48d4-b097-a3801a1d99e4,aa4b5aaf-adef-427e-b1d5-a2bd43bb4047,Reasoning Specialist V4,eace698d45562a4832f0753fc291ea8199df836c5c98517a897c6d112e9f1545,10,eb339ff2-62c0-4a21-9ff6-c0007cbfdc55,ordinal,6,0.9033388540216232,0.9033388540216232,[],,,0.9033388540216232,5,10,,"How confident are you about your answers, on the whole?",6,True
319,100034,3b9c291d9345c8221a497206a766483bf78df474550f0c50c58df9ad4c20ff75,ff62dc00-85e0-4d67-acf4-13bc60ac04a4,157ece74-6d01-4de4-8280-c5e9c4768e25,Reasoning Specialist V4,eace698d45562a4832f0753fc291ea8199df836c5c98517a897c6d112e9f1545,1,0,checklist,L,0.0,1.0,L,L,L,0.0,5,6,L,Does the passage contain... (check all that apply):,L,True
320,100034,3b9c291d9345c8221a497206a766483bf78df474550f0c50c58df9ad4c20ff75,ff62dc00-85e0-4d67-acf4-13bc60ac04a4,157ece74-6d01-4de4-8280-c5e9c4768e25,Reasoning Specialist V4,eace698d45562a4832f0753fc291ea8199df836c5c98517a897c6d112e9f1545,1,0,checklist,M,0.6,0.4,M,M,M,0.3,5,6,M,Does the passage contain... (check all that apply):,M,True
335,100034,3b9c291d9345c8221a497206a766483bf78df474550f0c50c58df9ad4c20ff75,ff62dc00-85e0-4d67-acf4-13bc60ac04a4,157ece74-6d01-4de4-8280-c5e9c4768e25,Reasoning Specialist V4,eace698d45562a4832f0753fc291ea8199df836c5c98517a897c6d112e9f1545,10,0,ordinal,M,0.7089324849140702,0.7089324849140702,M,M,M,0.3544662424570351,5,10,M,"How confident are you about your answers, on the whole?",M,True
194,100036,95e59347e8dd79fe6656dad63f1a495731158f5d629350decb9d78a7739e19cd,977c2de2-a710-43f5-876b-7fd7c33c398f,45f75957-fef2-4f64-9046-d9026941e82a,Reasoning Specialist V4,eace698d45562a4832f0753fc291ea8199df836c5c98517a897c6d112e9f1545,1,0,checklist,L,0.0,1.0,L,L,L,0.0,3,6,L,Does the passage contain... (check all that apply):,L,True
81,100036,95e59347e8dd79fe6656dad63f1a495731158f5d629350decb9d78a7739e19cd,40e0026d-15d3-4ba8-a9e5-f9062a67952a,95ec8a96-be0a-4969-8fcc-c7b4168cac7a,Reasoning Specialist V4,eace698d45562a4832f0753fc291ea8199df836c5c98517a897c6d112e9f1545,1,0,checklist,M,0.6666666666666666,0.33333333333333337,M,M,M,0.3333333333333333,3,6,M,Does the passage contain... (check all that apply):,M,True
80,100036,95e59347e8dd79fe6656dad63f1a495731158f5d629350decb9d78a7739e19cd,40e0026d-15d3-4ba8-a9e5-f9062a67952a,95ec8a96-be0a-4969-8fcc-c7b4168cac7a,Reasoning Specialist V4,eace698d45562a4832f0753fc291ea8199df836c5c98517a897c6d112e9f1545,1,0,checklist,L,0.0,1.0,L,L,L,0.0,3,6,L,Does the passage contain... (check all that apply):,L,True
294,100036,95e59347e8dd79fe6656dad63f1a495731158f5d629350decb9d78a7739e19cd,e3a609e0-3aba-4eb2-9438-365a750d6a93,9859501b-85f5-4107-9e35-0b7a74d0724c,Reasoning Specialist V4,eace698d45562a4832f0753fc291ea8199df836c5c98517a897c6d112e9f1545,1,0,checklist,L,0.3333333333333333,0.6666666666666667,L,L,L,0.16666666666666666,3,6,L,Does the passage contain... (check all that apply):,L,True
197,100036,95e59347e8dd79fe6656dad63f1a495731158f5d629350decb9d78a7739e19cd,977c2de2-a710-43f5-876b-7fd7c33c398f,45f75957-fef2-4f64-9046-d9026941e82a,Reasoning Specialist V4,eace698d45562a4832f0753fc291ea8199df836c5c98517a897c6d112e9f1545,10,1817f20e-d46c-4cce-8503-7a51e2d0f39b,ordinal,9,1.0,1.0,[],,,1.0,3,10,,"How confident are you about your answers, on the whole?",9,True
82,100036,95e59347e8dd79fe6656dad63f1a495731158f5d629350decb9d78a7739e19cd,40e0026d-15d3-4ba8-a9e5-f9062a67952a,95ec8a96-be0a-4969-8fcc-c7b4168cac7a,Reasoning Specialist V4,eace698d45562a4832f0753fc291ea8199df836c5c98517a897c6d112e9f1545,1,0,checklist,L,0.0,1.0,L,L,L,0.0,3,6,L,Does the passage contain... (check all that apply):,L,True
314,100036,95e59347e8dd79fe6656dad63f1a495731158f5d629350decb9d78a7739e19cd,e3a609e0-3aba-4eb2-9438-365a750d6a93,9859501b-85f5-4107-9e35-0b7a74d0724c,Reasoning Specialist V4,eace698d45562a4832f0753fc291ea8199df836c5c98517a897c6d112e9f1545,10,eb339ff2-62c0-4a21-9ff6-c0007cbfdc55,ordinal,6,0.8986646043699666,0.8986646043699666,[],,,0.8986646043699666,3,10,,"How confident are you about your answers, on the whole?",6,True
96,100036,95e59347e8dd79fe6656dad63f1a495731158f5d629350decb9d78a7739e19cd,40e0026d-15d3-4ba8-a9e5-f9062a67952a,95ec8a96-be0a-4969-8fcc-c7b4168cac7a,Reasoning Specialist V4,eace698d45562a4832f0753fc291ea8199df836c5c98517a897c6d112e9f1545,10,0,ordinal,M,0.7913552394075126,0.7913552394075126,M,M,M,0.3956776197037563,3,10,M,"How confident are you about your answers, on the whole?",M,True
295,100036,95e59347e8dd79fe6656dad63f1a495731158f5d629350decb9d78a7739e19cd,e3a609e0-3aba-4eb2-9438-365a750d6a93,9859501b-85f5-4107-9e35-0b7a74d0724c,Reasoning Specialist V4,eace698d45562a4832f0753fc291ea8199df836c5c98517a897c6d112e9f1545,1,0,checklist,L,0.0,1.0,L,L,L,0.0,3,6,L,Does the passage contain... (check all that apply):,L,True
296,100036,95e59347e8dd79fe6656dad63f1a495731158f5d629350decb9d78a7739e19cd,e3a609e0-3aba-4eb2-9438-365a750d6a93,9859501b-85f5-4107-9e35-0b7a74d0724c,Reasoning Specialist V4,eace698d45562a4832f0753fc291ea8199df836c5c98517a897c6d112e9f1545,1,0,checklist,L,0.0,1.0,L,L,L,0.0,3,6,L,Does the passage contain... (check all that apply):,L,True
297,100036,95e59347e8dd79fe6656dad63f1a495731158f5d629350decb9d78a7739e19cd,e3a609e0-3aba-4eb2-9438-365a750d6a93,9859501b-85f5-4107-9e35-0b7a74d0724c,Reasoning Specialist V4,eace698d45562a4832f0753fc291ea8199df836c5c98517a897c6d112e9f1545,1,0,checklist,L,0.0,1.0,L,L,L,0.0,3,6,L,Does the passage contain... (check all that apply):,L,True
298,100036,95e59347e8dd79fe6656dad63f1a495731158f5d629350decb9d78a7739e19cd,e3a609e0-3aba-4eb2-9438-365a750d6a93,9859501b-85f5-4107-9e35-0b7a74d0724c,Reasoning Specialist V4,eace698d45562a4832f0753fc291ea8199df836c5c98517a897c6d112e9f1545,1,0,checklist,L,0.0,1.0,L,L,L,0.0,3,6,L,Does the passage contain... (check all that apply):,L,True
195,100036,95e59347e8dd79fe6656dad63f1a495731158f5d629350decb9d78a7739e19cd,977c2de2-a710-43f5-876b-7fd7c33c398f,45f75957-fef2-4f64-9046-d9026941e82a,Reasoning Specialist V4,eace698d45562a4832f0753fc291ea8199df836c5c98517a897c6d112e9f1545,1,0,checklist,L,0.3333333333333333,0.6666666666666667,L,L,L,0.16666666666666666,3,6,L,Does the passage contain... (check all that apply):,L,True
293,100036,95e59347e8dd79fe6656dad63f1a495731158f5d629350decb9d78a7739e19cd,e3a609e0-3aba-4eb2-9438-365a750d6a93,9859501b-85f5-4107-9e35-0b7a74d0724c,Reasoning Specialist V4,eace698d45562a4832f0753fc291ea8199df836c5c98517a897c6d112e9f1545,1,0,checklist,M,0.6666666666666666,0.33333333333333337,M,M,M,0.3333333333333333,3,6,M,Does the passage contain... (check all that apply):,M,True
84,100036,95e59347e8dd79fe6656dad63f1a495731158f5d629350decb9d78a7739e19cd,40e0026d-15d3-4ba8-a9e5-f9062a67952a,95ec8a96-be0a-4969-8fcc-c7b4168cac7a,Reasoning Specialist V4,eace698d45562a4832f0753fc291ea8199df836c5c98517a897c6d112e9f1545,1,0,checklist,L,0.0,1.0,L,L,L,0.0,3,6,L,Does the passage contain... (check all that apply):,L,True
85,100036,95e59347e8dd79fe6656dad63f1a495731158f5d629350decb9d78a7739e19cd,40e0026d-15d3-4ba8-a9e5-f9062a67952a,95ec8a96-be0a-4969-8fcc-c7b4168cac7a,Reasoning Specialist V4,eace698d45562a4832f0753fc291ea8199df836c5c98517a897c6d112e9f1545,1,0,checklist,L,0.3333333333333333,0.6666666666666667,L,L,L,0.16666666666666666,3,6,L,Does the passage contain... (check all that apply):,L,True
313,100036,95e59347e8dd79fe6656dad63f1a495731158f5d629350decb9d78a7739e19cd,e3a609e0-3aba-4eb2-9438-365a750d6a93,9859501b-85f5-4107-9e35-0b7a74d0724c,Reasoning Specialist V4,eace698d45562a4832f0753fc291ea8199df836c5c98517a897c6d112e9f1545,9,0,ordinal,M,0.8272017054059445,0.8272017054059445,M,M,M,0.41360085270297225,3,10,M,"How difficult was this task for you, on the whole?",M,True
196,100036,95e59347e8dd79fe6656dad63f1a495731158f5d629350decb9d78a7739e19cd,977c2de2-a710-43f5-876b-7fd7c33c398f,45f75957-fef2-4f64-9046-d9026941e82a,Reasoning Specialist V4,eace698d45562a4832f0753fc291ea8199df836c5c98517a897c6d112e9f1545,9,669c039c-500b-4046-a096-e5bab0f17827,ordinal,2,0.8648259251435817,0.8648259251435817,[],,,0.8648259251435817,3,10,,"How difficult was this task for you, on the whole?",2,True
193,100036,95e59347e8dd79fe6656dad63f1a495731158f5d629350decb9d78a7739e19cd,977c2de2-a710-43f5-876b-7fd7c33c398f,45f75957-fef2-4f64-9046-d9026941e82a,Reasoning Specialist V4,eace698d45562a4832f0753fc291ea8199df836c5c98517a897c6d112e9f1545,1,0,checklist,M,0.6666666666666666,0.33333333333333337,M,M,M,0.3333333333333333,3,6,M,Does the passage contain... (check all that apply):,M,True
192,100036,95e59347e8dd79fe6656dad63f1a495731158f5d629350decb9d78a7739e19cd,977c2de2-a710-43f5-876b-7fd7c33c398f,45f75957-fef2-4f64-9046-d9026941e82a,Reasoning Specialist V4,eace698d45562a4832f0753fc291ea8199df836c5c98517a897c6d112e9f1545,1,0,checklist,L,0.0,1.0,L,L,L,0.0,3,6,L,Does the passage contain... (check all that apply):,L,True
191,100036,95e59347e8dd79fe6656dad63f1a495731158f5d629350decb9d78a7739e19cd,977c2de2-a710-43f5-876b-7fd7c33c398f,45f75957-fef2-4f64-9046-d9026941e82a,Reasoning Specialist V4,eace698d45562a4832f0753fc291ea8199df836c5c98517a897c6d112e9f1545,1,0,checklist,L,0.0,1.0,L,L,L,0.0,3,6,L,Does the passage contain... (check all that apply):,L,True
190,100036,95e59347e8dd79fe6656dad63f1a495731158f5d629350decb9d78a7739e19cd,977c2de2-a710-43f5-876b-7fd7c33c398f,45f75957-fef2-4f64-9046-d9026941e82a,Reasoning Specialist V4,eace698d45562a4832f0753fc291ea8199df836c5c98517a897c6d112e9f1545,1,0,checklist,L,0.0,1.0,L,L,L,0.0,3,6,L,Does the passage contain... (check all that apply):,L,True
95,100036,95e59347e8dd79fe6656dad63f1a495731158f5d629350decb9d78a7739e19cd,40e0026d-15d3-4ba8-a9e5-f9062a67952a,95ec8a96-be0a-4969-8fcc-c7b4168cac7a,Reasoning Specialist V4,eace698d45562a4832f0753fc291ea8199df836c5c98517a897c6d112e9f1545,9,0,ordinal,M,0.7913552394075126,0.7913552394075126,M,M,M,0.3956776197037563,3,10,M,"How difficult was this task for you, on the whole?",M,True
83,100036,95e59347e8dd79fe6656dad63f1a495731158f5d629350decb9d78a7739e19cd,40e0026d-15d3-4ba8-a9e5-f9062a67952a,95ec8a96-be0a-4969-8fcc-c7b4168cac7a,Reasoning Specialist V4,eace698d45562a4832f0753fc291ea8199df836c5c98517a897c6d112e9f1545,1,0,checklist,L,0.0,1.0,L,L,L,0.0,3,6,L,Does the passage contain... (check all that apply):,L,True
183,100037,dffe5d7618e02096848897a44be4304eeef2fc09af7e33852dd71113a6c61bf2,79cba18d-9fba-4492-9986-fc65f566ad5c,0,Reasoning Specialist V4,eace698d45562a4832f0753fc291ea8199df836c5c98517a897c6d112e9f1545,1,0,checklist,L,0.0,1.0,L,L,L,0.0,3,6,L,Does the passage contain... (check all that apply):,L,True
184,100037,dffe5d7618e02096848897a44be4304eeef2fc09af7e33852dd71113a6c61bf2,79cba18d-9fba-4492-9986-fc65f566ad5c,0,Reasoning Specialist V4,eace698d45562a4832f0753fc291ea8199df836c5c98517a897c6d112e9f1545,1,0,checklist,L,0.0,1.0,L,L,L,0.0,3,6,L,Does the passage contain... (check all that apply):,L,True
185,100037,dffe5d7618e02096848897a44be4304eeef2fc09af7e33852dd71113a6c61bf2,79cba18d-9fba-4492-9986-fc65f566ad5c,0,Reasoning Specialist V4,eace698d45562a4832f0753fc291ea8199df836c5c98517a897c6d112e9f1545,1,0,checklist,L,0.0,1.0,L,L,L,0.0,3,6,L,Does the passage contain... (check all that apply):,L,True
186,100037,dffe5d7618e02096848897a44be4304eeef2fc09af7e33852dd71113a6c61bf2,79cba18d-9fba-4492-9986-fc65f566ad5c,0,Reasoning Specialist V4,eace698d45562a4832f0753fc291ea8199df836c5c98517a897c6d112e9f1545,1,0,checklist,L,0.0,1.0,L,L,L,0.0,3,6,L,Does the passage contain... (check all that apply):,L,True
189,100037,dffe5d7618e02096848897a44be4304eeef2fc09af7e33852dd71113a6c61bf2,79cba18d-9fba-4492-9986-fc65f566ad5c,0,Reasoning Specialist V4,eace698d45562a4832f0753fc291ea8199df836c5c98517a897c6d112e9f1545,10,1817f20e-d46c-4cce-8503-7a51e2d0f39b,ordinal,9,0.9342150418290642,0.9342150418290642,[],,,0.9342150418290642,3,10,,"How confident are you about your answers, on the whole?",9,True
187,100037,dffe5d7618e02096848897a44be4304eeef2fc09af7e33852dd71113a6c61bf2,79cba18d-9fba-4492-9986-fc65f566ad5c,0,Reasoning Specialist V4,eace698d45562a4832f0753fc291ea8199df836c5c98517a897c6d112e9f1545,1,dbc1959f-22a2-4a14-afe9-7b470563fc14,checklist,6,1.0,0.0,[],,,1.0,3,6,,Does the passage contain... (check all that apply):,None of the above,True
188,100037,dffe5d7618e02096848897a44be4304eeef2fc09af7e33852dd71113a6c61bf2,79cba18d-9fba-4492-9986-fc65f566ad5c,0,Reasoning Specialist V4,eace698d45562a4832f0753fc291ea8199df836c5c98517a897c6d112e9f1545,9,669c039c-500b-4046-a096-e5bab0f17827,ordinal,2,0.8648259251435817,0.8648259251435817,[],,,0.8648259251435817,3,10,,"How difficult was this task for you, on the whole?",2,True
182,100037,dffe5d7618e02096848897a44be4304eeef2fc09af7e33852dd71113a6c61bf2,79cba18d-9fba-4492-9986-fc65f566ad5c,0,Reasoning Specialist V4,eace698d45562a4832f0753fc291ea8199df836c5c98517a897c6d112e9f1545,1,0,checklist,L,0.0,1.0,L,L,L,0.0,3,6,L,Does the passage contain... (check all that apply):,L,True
208,100038,68c644ee4676eeca87052755ec73bde24a957e12dc1d1fcba93795f08063520d,ae749cb2-0ccb-4efb-895c-2da67224449d,b51a9436-6508-4d56-aee9-f24c017f7189,Reasoning Specialist V4,eace698d45562a4832f0753fc291ea8199df836c5c98517a897c6d112e9f1545,1,0,checklist,L,0.0,1.0,L,L,L,0.0,3,6,L,Does the passage contain... (check all that apply):,L,True
207,100038,68c644ee4676eeca87052755ec73bde24a957e12dc1d1fcba93795f08063520d,ae749cb2-0ccb-4efb-895c-2da67224449d,b51a9436-6508-4d56-aee9-f24c017f7189,Reasoning Specialist V4,eace698d45562a4832f0753fc291ea8199df836c5c98517a897c6d112e9f1545,1,0,checklist,L,0.3333333333333333,0.6666666666666667,L,L,L,0.16666666666666666,3,6,L,Does the passage contain... (check all that apply):,L,True
206,100038,68c644ee4676eeca87052755ec73bde24a957e12dc1d1fcba93795f08063520d,ae749cb2-0ccb-4efb-895c-2da67224449d,b51a9436-6508-4d56-aee9-f24c017f7189,Reasoning Specialist V4,eace698d45562a4832f0753fc291ea8199df836c5c98517a897c6d112e9f1545,1,0,checklist,L,0.0,1.0,L,L,L,0.0,3,6,L,Does the passage contain... (check all that apply):,L,True
162,100038,68c644ee4676eeca87052755ec73bde24a957e12dc1d1fcba93795f08063520d,58be75d1-f6d2-4319-b654-c947a387cf5b,26a83086-9b92-4f7e-9dd7-d07f391e8bff,Reasoning Specialist V4,eace698d45562a4832f0753fc291ea8199df836c5c98517a897c6d112e9f1545,9,be3ef7ad-280a-4448-8d04-289a57a967ec,ordinal,4,0.8648259251435817,0.8648259251435817,[],,,0.8648259251435817,3,10,,"How difficult was this task for you, on the whole?",4,True
148,100038,68c644ee4676eeca87052755ec73bde24a957e12dc1d1fcba93795f08063520d,58be75d1-f6d2-4319-b654-c947a387cf5b,26a83086-9b92-4f7e-9dd7-d07f391e8bff,Reasoning Specialist V4,eace698d45562a4832f0753fc291ea8199df836c5c98517a897c6d112e9f1545,1,0,checklist,L,0.3333333333333333,0.6666666666666667,L,L,L,0.16666666666666666,3,6,L,Does the passage contain... (check all that apply):,L,True
149,100038,68c644ee4676eeca87052755ec73bde24a957e12dc1d1fcba93795f08063520d,58be75d1-f6d2-4319-b654-c947a387cf5b,26a83086-9b92-4f7e-9dd7-d07f391e8bff,Reasoning Specialist V4,eace698d45562a4832f0753fc291ea8199df836c5c98517a897c6d112e9f1545,1,0,checklist,L,0.0,1.0,L,L,L,0.0,3,6,L,Does the passage contain... (check all that apply):,L,True
211,100038,68c644ee4676eeca87052755ec73bde24a957e12dc1d1fcba93795f08063520d,ae749cb2-0ccb-4efb-895c-2da67224449d,b51a9436-6508-4d56-aee9-f24c017f7189,Reasoning Specialist V4,eace698d45562a4832f0753fc291ea8199df836c5c98517a897c6d112e9f1545,1,0,checklist,L,0.0,1.0,L,L,L,0.0,3,6,L,Does the passage contain... (check all that apply):,L,True
150,100038,68c644ee4676eeca87052755ec73bde24a957e12dc1d1fcba93795f08063520d,58be75d1-f6d2-4319-b654-c947a387cf5b,26a83086-9b92-4f7e-9dd7-d07f391e8bff,Reasoning Specialist V4,eace698d45562a4832f0753fc291ea8199df836c5c98517a897c6d112e9f1545,1,0,checklist,L,0.0,1.0,L,L,L,0.0,3,6,L,Does the passage contain... (check all that apply):,L,True
220,100038,68c644ee4676eeca87052755ec73bde24a957e12dc1d1fcba93795f08063520d,ae749cb2-0ccb-4efb-895c-2da67224449d,b51a9436-6508-4d56-aee9-f24c017f7189,Reasoning Specialist V4,eace698d45562a4832f0753fc291ea8199df836c5c98517a897c6d112e9f1545,10,1817f20e-d46c-4cce-8503-7a51e2d0f39b,ordinal,9,0.9342150418290642,0.9342150418290642,[],,,0.9342150418290642,3,10,,"How confident are you about your answers, on the whole?",9,True
219,100038,68c644ee4676eeca87052755ec73bde24a957e12dc1d1fcba93795f08063520d,ae749cb2-0ccb-4efb-895c-2da67224449d,b51a9436-6508-4d56-aee9-f24c017f7189,Reasoning Specialist V4,eace698d45562a4832f0753fc291ea8199df836c5c98517a897c6d112e9f1545,9,669c039c-500b-4046-a096-e5bab0f17827,ordinal,2,0.8986646043699666,0.8986646043699666,[],,,0.8986646043699666,3,10,,"How difficult was this task for you, on the whole?",2,True
163,100038,68c644ee4676eeca87052755ec73bde24a957e12dc1d1fcba93795f08063520d,58be75d1-f6d2-4319-b654-c947a387cf5b,26a83086-9b92-4f7e-9dd7-d07f391e8bff,Reasoning Specialist V4,eace698d45562a4832f0753fc291ea8199df836c5c98517a897c6d112e9f1545,10,b52a8b58-54e4-4362-9272-e4fe92559ae4,ordinal,7,0.8986646043699666,0.8986646043699666,[],,,0.8986646043699666,3,10,,"How confident are you about your answers, on the whole?",7,True
145,100038,68c644ee4676eeca87052755ec73bde24a957e12dc1d1fcba93795f08063520d,58be75d1-f6d2-4319-b654-c947a387cf5b,26a83086-9b92-4f7e-9dd7-d07f391e8bff,Reasoning Specialist V4,eace698d45562a4832f0753fc291ea8199df836c5c98517a897c6d112e9f1545,1,0,checklist,L,0.0,1.0,L,L,L,0.0,3,6,L,Does the passage contain... (check all that apply):,L,True
146,100038,68c644ee4676eeca87052755ec73bde24a957e12dc1d1fcba93795f08063520d,58be75d1-f6d2-4319-b654-c947a387cf5b,26a83086-9b92-4f7e-9dd7-d07f391e8bff,Reasoning Specialist V4,eace698d45562a4832f0753fc291ea8199df836c5c98517a897c6d112e9f1545,1,0,checklist,L,0.0,1.0,L,L,L,0.0,3,6,L,Does the passage contain... (check all that apply):,L,True
147,100038,68c644ee4676eeca87052755ec73bde24a957e12dc1d1fcba93795f08063520d,58be75d1-f6d2-4319-b654-c947a387cf5b,26a83086-9b92-4f7e-9dd7-d07f391e8bff,Reasoning Specialist V4,eace698d45562a4832f0753fc291ea8199df836c5c98517a897c6d112e9f1545,1,0,checklist,M,0.6666666666666666,0.33333333333333337,M,M,M,0.3333333333333333,3,6,M,Does the passage contain... (check all that apply):,M,True
209,100038,68c644ee4676eeca87052755ec73bde24a957e12dc1d1fcba93795f08063520d,ae749cb2-0ccb-4efb-895c-2da67224449d,b51a9436-6508-4d56-aee9-f24c017f7189,Reasoning Specialist V4,eace698d45562a4832f0753fc291ea8199df836c5c98517a897c6d112e9f1545,1,0,checklist,L,0.3333333333333333,0.6666666666666667,L,L,L,0.16666666666666666,3,6,L,Does the passage contain... (check all that apply):,L,True
210,100038,68c644ee4676eeca87052755ec73bde24a957e12dc1d1fcba93795f08063520d,ae749cb2-0ccb-4efb-895c-2da67224449d,b51a9436-6508-4d56-aee9-f24c017f7189,Reasoning Specialist V4,eace698d45562a4832f0753fc291ea8199df836c5c98517a897c6d112e9f1545,1,0,checklist,L,0.3333333333333333,0.6666666666666667,L,L,L,0.16666666666666666,3,6,L,Does the passage contain... (check all that apply):,L,True
112,100039,ea908e535280e57805f9f5f093d5694d37623279c3cd90ee46dff92144237ad7,452fba65-fe45-44b4-b0ba-dffc96e444bc,d3fd7f90-91c4-457c-9ea7-4acb487b8e2e,Reasoning Specialist V4,eace698d45562a4832f0753fc291ea8199df836c5c98517a897c6d112e9f1545,10,0,ordinal,M,0.7913552394075126,0.7913552394075126,M,M,M,0.3956776197037563,3,10,M,"How confident are you about your answers, on the whole?",M,True
291,100039,ea908e535280e57805f9f5f093d5694d37623279c3cd90ee46dff92144237ad7,e0cfe341-aebf-4441-b4fd-16ea4263bfc1,2612573c-9f1d-4b7a-9a58-6e93d4aff432,Reasoning Specialist V4,eace698d45562a4832f0753fc291ea8199df836c5c98517a897c6d112e9f1545,9,0,ordinal,M,0.7513670936879286,0.7513670936879286,M,M,M,0.3756835468439643,3,10,M,"How difficult was this task for you, on the whole?",M,True
262,100039,ea908e535280e57805f9f5f093d5694d37623279c3cd90ee46dff92144237ad7,e0c63650-45fb-40be-9e5d-386a5b2b56c0,0ac84987-34f1-466e-b354-f2c864f977c8,Reasoning Specialist V4,eace698d45562a4832f0753fc291ea8199df836c5c98517a897c6d112e9f1545,1,0,checklist,L,0.3333333333333333,0.6666666666666667,L,L,L,0.16666666666666666,3,6,L,Does the passage contain... (check all that apply):,L,True
111,100039,ea908e535280e57805f9f5f093d5694d37623279c3cd90ee46dff92144237ad7,452fba65-fe45-44b4-b0ba-dffc96e444bc,d3fd7f90-91c4-457c-9ea7-4acb487b8e2e,Reasoning Specialist V4,eace698d45562a4832f0753fc291ea8199df836c5c98517a897c6d112e9f1545,9,0,ordinal,M,0.7067675943321089,0.7067675943321089,M,M,M,0.35338379716605445,3,10,M,"How difficult was this task for you, on the whole?",M,True
99,100039,ea908e535280e57805f9f5f093d5694d37623279c3cd90ee46dff92144237ad7,452fba65-fe45-44b4-b0ba-dffc96e444bc,d3fd7f90-91c4-457c-9ea7-4acb487b8e2e,Reasoning Specialist V4,eace698d45562a4832f0753fc291ea8199df836c5c98517a897c6d112e9f1545,1,0,checklist,L,0.0,1.0,L,L,L,0.0,3,6,L,Does the passage contain... (check all that apply):,L,True
264,100039,ea908e535280e57805f9f5f093d5694d37623279c3cd90ee46dff92144237ad7,e0c63650-45fb-40be-9e5d-386a5b2b56c0,0ac84987-34f1-466e-b354-f2c864f977c8,Reasoning Specialist V4,eace698d45562a4832f0753fc291ea8199df836c5c98517a897c6d112e9f1545,1,0,checklist,L,0.0,1.0,L,L,L,0.0,3,6,L,Does the passage contain... (check all that apply):,L,True
97,100039,ea908e535280e57805f9f5f093d5694d37623279c3cd90ee46dff92144237ad7,452fba65-fe45-44b4-b0ba-dffc96e444bc,d3fd7f90-91c4-457c-9ea7-4acb487b8e2e,Reasoning Specialist V4,eace698d45562a4832f0753fc291ea8199df836c5c98517a897c6d112e9f1545,1,0,checklist,L,0.0,1.0,L,L,L,0.0,3,6,L,Does the passage contain... (check all that apply):,L,True
100,100039,ea908e535280e57805f9f5f093d5694d37623279c3cd90ee46dff92144237ad7,452fba65-fe45-44b4-b0ba-dffc96e444bc,d3fd7f90-91c4-457c-9ea7-4acb487b8e2e,Reasoning Specialist V4,eace698d45562a4832f0753fc291ea8199df836c5c98517a897c6d112e9f1545,1,0,checklist,L,0.0,1.0,L,L,L,0.0,3,6,L,Does the passage contain... (check all that apply):,L,True
276,100039,ea908e535280e57805f9f5f093d5694d37623279c3cd90ee46dff92144237ad7,e0c63650-45fb-40be-9e5d-386a5b2b56c0,0ac84987-34f1-466e-b354-f2c864f977c8,Reasoning Specialist V4,eace698d45562a4832f0753fc291ea8199df836c5c98517a897c6d112e9f1545,9,0,ordinal,M,0.7513670936879286,0.7513670936879286,M,M,M,0.3756835468439643,3,10,M,"How difficult was this task for you, on the whole?",M,True
267,100039,ea908e535280e57805f9f5f093d5694d37623279c3cd90ee46dff92144237ad7,e0c63650-45fb-40be-9e5d-386a5b2b56c0,0ac84987-34f1-466e-b354-f2c864f977c8,Reasoning Specialist V4,eace698d45562a4832f0753fc291ea8199df836c5c98517a897c6d112e9f1545,1,0,checklist,M,0.6666666666666666,0.33333333333333337,M,M,M,0.3333333333333333,3,6,M,Does the passage contain... (check all that apply):,M,True
278,100039,ea908e535280e57805f9f5f093d5694d37623279c3cd90ee46dff92144237ad7,e0cfe341-aebf-4441-b4fd-16ea4263bfc1,2612573c-9f1d-4b7a-9a58-6e93d4aff432,Reasoning Specialist V4,eace698d45562a4832f0753fc291ea8199df836c5c98517a897c6d112e9f1545,1,0,checklist,L,0.0,1.0,L,L,L,0.0,3,6,L,Does the passage contain... (check all that apply):,L,True
279,100039,ea908e535280e57805f9f5f093d5694d37623279c3cd90ee46dff92144237ad7,e0cfe341-aebf-4441-b4fd-16ea4263bfc1,2612573c-9f1d-4b7a-9a58-6e93d4aff432,Reasoning Specialist V4,eace698d45562a4832f0753fc291ea8199df836c5c98517a897c6d112e9f1545,1,0,checklist,L,0.3333333333333333,0.6666666666666667,L,L,L,0.16666666666666666,3,6,L,Does the passage contain... (check all that apply):,L,True
280,100039,ea908e535280e57805f9f5f093d5694d37623279c3cd90ee46dff92144237ad7,e0cfe341-aebf-4441-b4fd-16ea4263bfc1,2612573c-9f1d-4b7a-9a58-6e93d4aff432,Reasoning Specialist V4,eace698d45562a4832f0753fc291ea8199df836c5c98517a897c6d112e9f1545,1,0,checklist,L,0.0,1.0,L,L,L,0.0,3,6,L,Does the passage contain... (check all that apply):,L,True
281,100039,ea908e535280e57805f9f5f093d5694d37623279c3cd90ee46dff92144237ad7,e0cfe341-aebf-4441-b4fd-16ea4263bfc1,2612573c-9f1d-4b7a-9a58-6e93d4aff432,Reasoning Specialist V4,eace698d45562a4832f0753fc291ea8199df836c5c98517a897c6d112e9f1545,1,0,checklist,L,0.3333333333333333,0.6666666666666667,L,L,L,0.16666666666666666,3,6,L,Does the passage contain... (check all that apply):,L,True
282,100039,ea908e535280e57805f9f5f093d5694d37623279c3cd90ee46dff92144237ad7,e0cfe341-aebf-4441-b4fd-16ea4263bfc1,2612573c-9f1d-4b7a-9a58-6e93d4aff432,Reasoning Specialist V4,eace698d45562a4832f0753fc291ea8199df836c5c98517a897c6d112e9f1545,1,0,checklist,M,0.6666666666666666,0.33333333333333337,M,M,M,0.3333333333333333,3,6,M,Does the passage contain... (check all that apply):,M,True
283,100039,ea908e535280e57805f9f5f093d5694d37623279c3cd90ee46dff92144237ad7,e0cfe341-aebf-4441-b4fd-16ea4263bfc1,2612573c-9f1d-4b7a-9a58-6e93d4aff432,Reasoning Specialist V4,eace698d45562a4832f0753fc291ea8199df836c5c98517a897c6d112e9f1545,1,0,checklist,L,0.0,1.0,L,L,L,0.0,3,6,L,Does the passage contain... (check all that apply):,L,True
277,100039,ea908e535280e57805f9f5f093d5694d37623279c3cd90ee46dff92144237ad7,e0c63650-45fb-40be-9e5d-386a5b2b56c0,0ac84987-34f1-466e-b354-f2c864f977c8,Reasoning Specialist V4,eace698d45562a4832f0753fc291ea8199df836c5c98517a897c6d112e9f1545,10,0,ordinal,M,0.7913552394075126,0.7913552394075126,M,M,M,0.3956776197037563,3,10,M,"How confident are you about your answers, on the whole?",M,True
98,100039,ea908e535280e57805f9f5f093d5694d37623279c3cd90ee46dff92144237ad7,452fba65-fe45-44b4-b0ba-dffc96e444bc,d3fd7f90-91c4-457c-9ea7-4acb487b8e2e,Reasoning Specialist V4,eace698d45562a4832f0753fc291ea8199df836c5c98517a897c6d112e9f1545,1,0,checklist,M,0.6666666666666666,0.33333333333333337,M,M,M,0.3333333333333333,3,6,M,Does the passage contain... (check all that apply):,M,True
265,100039,ea908e535280e57805f9f5f093d5694d37623279c3cd90ee46dff92144237ad7,e0c63650-45fb-40be-9e5d-386a5b2b56c0,0ac84987-34f1-466e-b354-f2c864f977c8,Reasoning Specialist V4,eace698d45562a4832f0753fc291ea8199df836c5c98517a897c6d112e9f1545,1,0,checklist,L,0.0,1.0,L,L,L,0.0,3,6,L,Does the passage contain... (check all that apply):,L,True
263,100039,ea908e535280e57805f9f5f093d5694d37623279c3cd90ee46dff92144237ad7,e0c63650-45fb-40be-9e5d-386a5b2b56c0,0ac84987-34f1-466e-b354-f2c864f977c8,Reasoning Specialist V4,eace698d45562a4832f0753fc291ea8199df836c5c98517a897c6d112e9f1545,1,0,checklist,L,0.0,1.0,L,L,L,0.0,3,6,L,Does the passage contain... (check all that apply):,L,True
102,100039,ea908e535280e57805f9f5f093d5694d37623279c3cd90ee46dff92144237ad7,452fba65-fe45-44b4-b0ba-dffc96e444bc,d3fd7f90-91c4-457c-9ea7-4acb487b8e2e,Reasoning Specialist V4,eace698d45562a4832f0753fc291ea8199df836c5c98517a897c6d112e9f1545,1,0,checklist,L,0.0,1.0,L,L,L,0.0,3,6,L,Does the passage contain... (check all that apply):,L,True
101,100039,ea908e535280e57805f9f5f093d5694d37623279c3cd90ee46dff92144237ad7,452fba65-fe45-44b4-b0ba-dffc96e444bc,d3fd7f90-91c4-457c-9ea7-4acb487b8e2e,Reasoning Specialist V4,eace698d45562a4832f0753fc291ea8199df836c5c98517a897c6d112e9f1545,1,0,checklist,L,0.3333333333333333,0.6666666666666667,L,L,L,0.16666666666666666,3,6,L,Does the passage contain... (check all that apply):,L,True
292,100039,ea908e535280e57805f9f5f093d5694d37623279c3cd90ee46dff92144237ad7,e0cfe341-aebf-4441-b4fd-16ea4263bfc1,2612573c-9f1d-4b7a-9a58-6e93d4aff432,Reasoning Specialist V4,eace698d45562a4832f0753fc291ea8199df836c5c98517a897c6d112e9f1545,10,0,ordinal,M,0.7913552394075126,0.7913552394075126,M,M,M,0.3956776197037563,3,10,M,"How confident are you about your answers, on the whole?",M,True
266,100039,ea908e535280e57805f9f5f093d5694d37623279c3cd90ee46dff92144237ad7,e0c63650-45fb-40be-9e5d-386a5b2b56c0,0ac84987-34f1-466e-b354-f2c864f977c8,Reasoning Specialist V4,eace698d45562a4832f0753fc291ea8199df836c5c98517a897c6d112e9f1545,1,0,checklist,L,0.0,1.0,L,L,L,0.0,3,6,L,Does the passage contain... (check all that apply):,L,True
34,100040,ec47eb7633cadab64fdca9e163f61b889cb53dcb7c68eeac286b8167155268ed,109e972d-08ac-4a74-9622-c684d4be6c61,0bb3090c-2225-48e2-8f25-c4c66bff4602,Reasoning Specialist V4,eace698d45562a4832f0753fc291ea8199df836c5c98517a897c6d112e9f1545,3,0,checklist,L,0.0,1.0,L,L,L,0.0,3,7,L,Does the argument contain any of the following misleading forms of reasoning? Check all that apply.,L,True
26,100040,ec47eb7633cadab64fdca9e163f61b889cb53dcb7c68eeac286b8167155268ed,109e972d-08ac-4a74-9622-c684d4be6c61,0bb3090c-2225-48e2-8f25-c4c66bff4602,Reasoning Specialist V4,eace698d45562a4832f0753fc291ea8199df836c5c98517a897c6d112e9f1545,1,0,checklist,L,0.3333333333333333,0.6666666666666667,L,L,L,0.16666666666666666,3,6,L,Does the passage contain... (check all that apply):,L,True
35,100040,ec47eb7633cadab64fdca9e163f61b889cb53dcb7c68eeac286b8167155268ed,109e972d-08ac-4a74-9622-c684d4be6c61,0bb3090c-2225-48e2-8f25-c4c66bff4602,Reasoning Specialist V4,eace698d45562a4832f0753fc291ea8199df836c5c98517a897c6d112e9f1545,3,0,checklist,L,0.3333333333333333,0.6666666666666667,L,L,L,0.16666666666666666,3,7,L,Does the argument contain any of the following misleading forms of reasoning? Check all that apply.,L,True
31,100040,ec47eb7633cadab64fdca9e163f61b889cb53dcb7c68eeac286b8167155268ed,109e972d-08ac-4a74-9622-c684d4be6c61,0bb3090c-2225-48e2-8f25-c4c66bff4602,Reasoning Specialist V4,eace698d45562a4832f0753fc291ea8199df836c5c98517a897c6d112e9f1545,3,0,checklist,M,0.6666666666666666,0.33333333333333337,M,M,M,0.3333333333333333,3,7,M,Does the argument contain any of the following misleading forms of reasoning? Check all that apply.,M,True
38,100040,ec47eb7633cadab64fdca9e163f61b889cb53dcb7c68eeac286b8167155268ed,109e972d-08ac-4a74-9622-c684d4be6c61,0bb3090c-2225-48e2-8f25-c4c66bff4602,Reasoning Specialist V4,eace698d45562a4832f0753fc291ea8199df836c5c98517a897c6d112e9f1545,10,0,ordinal,M,0.7513670936879286,0.7513670936879286,M,M,M,0.3756835468439643,3,10,M,"How confident are you about your answers, on the whole?",M,True
30,100040,ec47eb7633cadab64fdca9e163f61b889cb53dcb7c68eeac286b8167155268ed,109e972d-08ac-4a74-9622-c684d4be6c61,0bb3090c-2225-48e2-8f25-c4c66bff4602,Reasoning Specialist V4,eace698d45562a4832f0753fc291ea8199df836c5c98517a897c6d112e9f1545,3,0,checklist,L,0.0,1.0,L,L,L,0.0,3,7,L,Does the argument contain any of the following misleading forms of reasoning? Check all that apply.,L,True
29,100040,ec47eb7633cadab64fdca9e163f61b889cb53dcb7c68eeac286b8167155268ed,109e972d-08ac-4a74-9622-c684d4be6c61,0bb3090c-2225-48e2-8f25-c4c66bff4602,Reasoning Specialist V4,eace698d45562a4832f0753fc291ea8199df836c5c98517a897c6d112e9f1545,3,0,checklist,L,0.3333333333333333,0.6666666666666667,L,L,L,0.16666666666666666,3,7,L,Does the argument contain any of the following misleading forms of reasoning? Check all that apply.,L,True
27,100040,ec47eb7633cadab64fdca9e163f61b889cb53dcb7c68eeac286b8167155268ed,109e972d-08ac-4a74-9622-c684d4be6c61,0bb3090c-2225-48e2-8f25-c4c66bff4602,Reasoning Specialist V4,eace698d45562a4832f0753fc291ea8199df836c5c98517a897c6d112e9f1545,1,0,checklist,L,0.0,1.0,L,L,L,0.0,3,6,L,Does the passage contain... (check all that apply):,L,True
32,100040,ec47eb7633cadab64fdca9e163f61b889cb53dcb7c68eeac286b8167155268ed,109e972d-08ac-4a74-9622-c684d4be6c61,0bb3090c-2225-48e2-8f25-c4c66bff4602,Reasoning Specialist V4,eace698d45562a4832f0753fc291ea8199df836c5c98517a897c6d112e9f1545,3,0,checklist,L,0.0,1.0,L,L,L,0.0,3,7,L,Does the argument contain any of the following misleading forms of reasoning? Check all that apply.,L,True
37,100040,ec47eb7633cadab64fdca9e163f61b889cb53dcb7c68eeac286b8167155268ed,109e972d-08ac-4a74-9622-c684d4be6c61,0bb3090c-2225-48e2-8f25-c4c66bff4602,Reasoning Specialist V4,eace698d45562a4832f0753fc291ea8199df836c5c98517a897c6d112e9f1545,9,0,ordinal,M,0.7513670936879286,0.7513670936879286,M,M,M,0.3756835468439643,3,10,M,"How difficult was this task for you, on the whole?",M,True
33,100040,ec47eb7633cadab64fdca9e163f61b889cb53dcb7c68eeac286b8167155268ed,109e972d-08ac-4a74-9622-c684d4be6c61,0bb3090c-2225-48e2-8f25-c4c66bff4602,Reasoning Specialist V4,eace698d45562a4832f0753fc291ea8199df836c5c98517a897c6d112e9f1545,3,0,checklist,L,0.0,1.0,L,L,L,0.0,3,7,L,Does the argument contain any of the following misleading forms of reasoning? Check all that apply.,L,True
25,100040,ec47eb7633cadab64fdca9e163f61b889cb53dcb7c68eeac286b8167155268ed,109e972d-08ac-4a74-9622-c684d4be6c61,0bb3090c-2225-48e2-8f25-c4c66bff4602,Reasoning Specialist V4,eace698d45562a4832f0753fc291ea8199df836c5c98517a897c6d112e9f1545,1,0,checklist,L,0.0,1.0,L,L,L,0.0,3,6,L,Does the passage contain... (check all that apply):,L,True
24,100040,ec47eb7633cadab64fdca9e163f61b889cb53dcb7c68eeac286b8167155268ed,109e972d-08ac-4a74-9622-c684d4be6c61,0bb3090c-2225-48e2-8f25-c4c66bff4602,Reasoning Specialist V4,eace698d45562a4832f0753fc291ea8199df836c5c98517a897c6d112e9f1545,1,a3d7ad1c-1637-4cf8-904a-541a3dd4ed24,checklist,2,1.0,0.0,"[3057, 3058, 3059, 3060, 3061, 3062, 3063, 3064, 3065, 3066, 3067, 3068, 3069, 3070, 3071, 3072, 3073, 3074, 3075, 3076, 3077, 3078, 3079, 3080, 3081, 3082, 3083, 3084, 3085, 3086, 3087, 3088, 3089, 3090, 3091, 3092, 3093, 3094, 3095, 3096, 3097, 3098, 3099, 3100, 3101, 3102, 3103, 3104, 3105, 3106]",0.927743081213797,0.927743081213797,0.9638715406068984,3,6,"We agree. However, this is the nature of the state",Does the passage contain... (check all that apply):,An evaluative judgment (claims about something being good or bad),True
23,100040,ec47eb7633cadab64fdca9e163f61b889cb53dcb7c68eeac286b8167155268ed,109e972d-08ac-4a74-9622-c684d4be6c61,0bb3090c-2225-48e2-8f25-c4c66bff4602,Reasoning Specialist V4,eace698d45562a4832f0753fc291ea8199df836c5c98517a897c6d112e9f1545,1,0,checklist,L,0.0,1.0,L,L,L,0.0,3,6,L,Does the passage contain... (check all that apply):,L,True
28,100040,ec47eb7633cadab64fdca9e163f61b889cb53dcb7c68eeac286b8167155268ed,109e972d-08ac-4a74-9622-c684d4be6c61,0bb3090c-2225-48e2-8f25-c4c66bff4602,Reasoning Specialist V4,eace698d45562a4832f0753fc291ea8199df836c5c98517a897c6d112e9f1545,1,0,checklist,L,0.0,1.0,L,L,L,0.0,3,6,L,Does the passage contain... (check all that apply):,L,True
204,100041,a2cbd2793021682ba8c9d0dc90f901373791b6653b8de686a304de0f07fbdcd0,ad7c6408-4379-4abf-abfb-4c0ca9773ebd,42c71cca-7dbd-4e87-92e3-fe32e5dd5f23,Reasoning Specialist V4,eace698d45562a4832f0753fc291ea8199df836c5c98517a897c6d112e9f1545,9,0,ordinal,M,0.7513670936879286,0.7513670936879286,M,M,M,0.3756835468439643,3,10,M,"How difficult was this task for you, on the whole?",M,True
165,100041,a2cbd2793021682ba8c9d0dc90f901373791b6653b8de686a304de0f07fbdcd0,6158d5b8-1313-452e-b7e3-1297c1efe34d,da4d5a14-147d-449d-9326-3bc30f1451b4,Reasoning Specialist V4,eace698d45562a4832f0753fc291ea8199df836c5c98517a897c6d112e9f1545,1,0,checklist,L,0.0,1.0,L,L,L,0.0,3,6,L,Does the passage contain... (check all that apply):,L,True
169,100041,a2cbd2793021682ba8c9d0dc90f901373791b6653b8de686a304de0f07fbdcd0,6158d5b8-1313-452e-b7e3-1297c1efe34d,da4d5a14-147d-449d-9326-3bc30f1451b4,Reasoning Specialist V4,eace698d45562a4832f0753fc291ea8199df836c5c98517a897c6d112e9f1545,1,0,checklist,L,0.3333333333333333,0.6666666666666667,L,L,L,0.16666666666666666,3,6,L,Does the passage contain... (check all that apply):,L,True
79,100041,a2cbd2793021682ba8c9d0dc90f901373791b6653b8de686a304de0f07fbdcd0,3f2120fb-4b2f-4bf1-b0a6-7ce1bcbe5fda,0,Reasoning Specialist V4,eace698d45562a4832f0753fc291ea8199df836c5c98517a897c6d112e9f1545,10,0,ordinal,M,0.713213089364642,0.713213089364642,M,M,M,0.356606544682321,3,10,M,"How confident are you about your answers, on the whole?",M,True
198,100041,a2cbd2793021682ba8c9d0dc90f901373791b6653b8de686a304de0f07fbdcd0,ad7c6408-4379-4abf-abfb-4c0ca9773ebd,42c71cca-7dbd-4e87-92e3-fe32e5dd5f23,Reasoning Specialist V4,eace698d45562a4832f0753fc291ea8199df836c5c98517a897c6d112e9f1545,1,0,checklist,L,0.0,1.0,L,L,L,0.0,3,6,L,Does the passage contain... (check all that apply):,L,True
199,100041,a2cbd2793021682ba8c9d0dc90f901373791b6653b8de686a304de0f07fbdcd0,ad7c6408-4379-4abf-abfb-4c0ca9773ebd,42c71cca-7dbd-4e87-92e3-fe32e5dd5f23,Reasoning Specialist V4,eace698d45562a4832f0753fc291ea8199df836c5c98517a897c6d112e9f1545,1,0,checklist,L,0.0,1.0,L,L,L,0.0,3,6,L,Does the passage contain... (check all that apply):,L,True
180,100041,a2cbd2793021682ba8c9d0dc90f901373791b6653b8de686a304de0f07fbdcd0,6158d5b8-1313-452e-b7e3-1297c1efe34d,da4d5a14-147d-449d-9326-3bc30f1451b4,Reasoning Specialist V4,eace698d45562a4832f0753fc291ea8199df836c5c98517a897c6d112e9f1545,9,0,ordinal,M,0.8272017054059444,0.8272017054059444,M,M,M,0.4136008527029722,3,10,M,"How difficult was this task for you, on the whole?",M,True
78,100041,a2cbd2793021682ba8c9d0dc90f901373791b6653b8de686a304de0f07fbdcd0,3f2120fb-4b2f-4bf1-b0a6-7ce1bcbe5fda,0,Reasoning Specialist V4,eace698d45562a4832f0753fc291ea8199df836c5c98517a897c6d112e9f1545,9,0,ordinal,M,0.6704985462792765,0.6704985462792765,M,M,M,0.33524927313963826,3,10,M,"How difficult was this task for you, on the whole?",M,True
203,100041,a2cbd2793021682ba8c9d0dc90f901373791b6653b8de686a304de0f07fbdcd0,ad7c6408-4379-4abf-abfb-4c0ca9773ebd,42c71cca-7dbd-4e87-92e3-fe32e5dd5f23,Reasoning Specialist V4,eace698d45562a4832f0753fc291ea8199df836c5c98517a897c6d112e9f1545,1,0,checklist,M,0.6666666666666666,0.33333333333333337,M,M,M,0.3333333333333333,3,6,M,Does the passage contain... (check all that apply):,M,True
168,100041,a2cbd2793021682ba8c9d0dc90f901373791b6653b8de686a304de0f07fbdcd0,6158d5b8-1313-452e-b7e3-1297c1efe34d,da4d5a14-147d-449d-9326-3bc30f1451b4,Reasoning Specialist V4,eace698d45562a4832f0753fc291ea8199df836c5c98517a897c6d112e9f1545,1,0,checklist,L,0.0,1.0,L,L,L,0.0,3,6,L,Does the passage contain... (check all that apply):,L,True
166,100041,a2cbd2793021682ba8c9d0dc90f901373791b6653b8de686a304de0f07fbdcd0,6158d5b8-1313-452e-b7e3-1297c1efe34d,da4d5a14-147d-449d-9326-3bc30f1451b4,Reasoning Specialist V4,eace698d45562a4832f0753fc291ea8199df836c5c98517a897c6d112e9f1545,1,0,checklist,L,0.3333333333333333,0.6666666666666667,L,L,L,0.16666666666666666,3,6,L,Does the passage contain... (check all that apply):,L,True
164,100041,a2cbd2793021682ba8c9d0dc90f901373791b6653b8de686a304de0f07fbdcd0,6158d5b8-1313-452e-b7e3-1297c1efe34d,da4d5a14-147d-449d-9326-3bc30f1451b4,Reasoning Specialist V4,eace698d45562a4832f0753fc291ea8199df836c5c98517a897c6d112e9f1545,1,0,checklist,L,0.0,1.0,L,L,L,0.0,3,6,L,Does the passage contain... (check all that apply):,L,True
167,100041,a2cbd2793021682ba8c9d0dc90f901373791b6653b8de686a304de0f07fbdcd0,6158d5b8-1313-452e-b7e3-1297c1efe34d,da4d5a14-147d-449d-9326-3bc30f1451b4,Reasoning Specialist V4,eace698d45562a4832f0753fc291ea8199df836c5c98517a897c6d112e9f1545,1,0,checklist,L,0.3333333333333333,0.6666666666666667,L,L,L,0.16666666666666666,3,6,L,Does the passage contain... (check all that apply):,L,True
77,100041,a2cbd2793021682ba8c9d0dc90f901373791b6653b8de686a304de0f07fbdcd0,3f2120fb-4b2f-4bf1-b0a6-7ce1bcbe5fda,0,Reasoning Specialist V4,eace698d45562a4832f0753fc291ea8199df836c5c98517a897c6d112e9f1545,1,dbc1959f-22a2-4a14-afe9-7b470563fc14,checklist,6,1.0,0.0,[],,,1.0,3,6,,Does the passage contain... (check all that apply):,None of the above,True
76,100041,a2cbd2793021682ba8c9d0dc90f901373791b6653b8de686a304de0f07fbdcd0,3f2120fb-4b2f-4bf1-b0a6-7ce1bcbe5fda,0,Reasoning Specialist V4,eace698d45562a4832f0753fc291ea8199df836c5c98517a897c6d112e9f1545,1,0,checklist,L,0.0,1.0,L,L,L,0.0,3,6,L,Does the passage contain... (check all that apply):,L,True
75,100041,a2cbd2793021682ba8c9d0dc90f901373791b6653b8de686a304de0f07fbdcd0,3f2120fb-4b2f-4bf1-b0a6-7ce1bcbe5fda,0,Reasoning Specialist V4,eace698d45562a4832f0753fc291ea8199df836c5c98517a897c6d112e9f1545,1,0,checklist,L,0.0,1.0,L,L,L,0.0,3,6,L,Does the passage contain... (check all that apply):,L,True
74,100041,a2cbd2793021682ba8c9d0dc90f901373791b6653b8de686a304de0f07fbdcd0,3f2120fb-4b2f-4bf1-b0a6-7ce1bcbe5fda,0,Reasoning Specialist V4,eace698d45562a4832f0753fc291ea8199df836c5c98517a897c6d112e9f1545,1,0,checklist,L,0.0,1.0,L,L,L,0.0,3,6,L,Does the passage contain... (check all that apply):,L,True
73,100041,a2cbd2793021682ba8c9d0dc90f901373791b6653b8de686a304de0f07fbdcd0,3f2120fb-4b2f-4bf1-b0a6-7ce1bcbe5fda,0,Reasoning Specialist V4,eace698d45562a4832f0753fc291ea8199df836c5c98517a897c6d112e9f1545,1,0,checklist,L,0.0,1.0,L,L,L,0.0,3,6,L,Does the passage contain... (check all that apply):,L,True
205,100041,a2cbd2793021682ba8c9d0dc90f901373791b6653b8de686a304de0f07fbdcd0,ad7c6408-4379-4abf-abfb-4c0ca9773ebd,42c71cca-7dbd-4e87-92e3-fe32e5dd5f23,Reasoning Specialist V4,eace698d45562a4832f0753fc291ea8199df836c5c98517a897c6d112e9f1545,10,0,ordinal,M,0.7513670936879286,0.7513670936879286,M,M,M,0.3756835468439643,3,10,M,"How confident are you about your answers, on the whole?",M,True
181,100041,a2cbd2793021682ba8c9d0dc90f901373791b6653b8de686a304de0f07fbdcd0,6158d5b8-1313-452e-b7e3-1297c1efe34d,da4d5a14-147d-449d-9326-3bc30f1451b4,Reasoning Specialist V4,eace698d45562a4832f0753fc291ea8199df836c5c98517a897c6d112e9f1545,10,0,ordinal,M,0.7913552394075126,0.7913552394075126,M,M,M,0.3956776197037563,3,10,M,"How confident are you about your answers, on the whole?",M,True
202,100041,a2cbd2793021682ba8c9d0dc90f901373791b6653b8de686a304de0f07fbdcd0,ad7c6408-4379-4abf-abfb-4c0ca9773ebd,42c71cca-7dbd-4e87-92e3-fe32e5dd5f23,Reasoning Specialist V4,eace698d45562a4832f0753fc291ea8199df836c5c98517a897c6d112e9f1545,1,0,checklist,L,0.3333333333333333,0.6666666666666667,L,L,L,0.16666666666666666,3,6,L,Does the passage contain... (check all that apply):,L,True
201,100041,a2cbd2793021682ba8c9d0dc90f901373791b6653b8de686a304de0f07fbdcd0,ad7c6408-4379-4abf-abfb-4c0ca9773ebd,42c71cca-7dbd-4e87-92e3-fe32e5dd5f23,Reasoning Specialist V4,eace698d45562a4832f0753fc291ea8199df836c5c98517a897c6d112e9f1545,1,0,checklist,L,0.0,1.0,L,L,L,0.0,3,6,L,Does the passage contain... (check all that apply):,L,True
200,100041,a2cbd2793021682ba8c9d0dc90f901373791b6653b8de686a304de0f07fbdcd0,ad7c6408-4379-4abf-abfb-4c0ca9773ebd,42c71cca-7dbd-4e87-92e3-fe32e5dd5f23,Reasoning Specialist V4,eace698d45562a4832f0753fc291ea8199df836c5c98517a897c6d112e9f1545,1,0,checklist,L,0.0,1.0,L,L,L,0.0,3,6,L,Does the passage contain... (check all that apply):,L,True
72,100041,a2cbd2793021682ba8c9d0dc90f901373791b6653b8de686a304de0f07fbdcd0,3f2120fb-4b2f-4bf1-b0a6-7ce1bcbe5fda,0,Reasoning Specialist V4,eace698d45562a4832f0753fc291ea8199df836c5c98517a897c6d112e9f1545,1,0,checklist,L,0.0,1.0,L,L,L,0.0,3,6,L,Does the passage contain... (check all that apply):,L,True
143,100042,c87020bba7064b93bf74559d8ba394ef83b1b4d84f1308fc4f77ba3b1099a140,5418caf1-03af-4ccb-92d1-dfb117bd172c,e80b0856-b7b8-4d55-9d25-4864b109a332,Reasoning Specialist V4,eace698d45562a4832f0753fc291ea8199df836c5c98517a897c6d112e9f1545,9,0,ordinal,M,0.7913552394075126,0.7913552394075126,M,M,M,0.3956776197037563,3,10,M,"How difficult was this task for you, on the whole?",M,True
22,100042,c87020bba7064b93bf74559d8ba394ef83b1b4d84f1308fc4f77ba3b1099a140,0be4e9ac-125b-45fd-bda3-b8343d59ed8d,36bad2a6-3b32-4296-8f2b-092e25494416,Reasoning Specialist V4,eace698d45562a4832f0753fc291ea8199df836c5c98517a897c6d112e9f1545,10,0,ordinal,M,0.6704985462792765,0.6704985462792765,M,M,M,0.33524927313963826,3,10,M,"How confident are you about your answers, on the whole?",M,True
21,100042,c87020bba7064b93bf74559d8ba394ef83b1b4d84f1308fc4f77ba3b1099a140,0be4e9ac-125b-45fd-bda3-b8343d59ed8d,36bad2a6-3b32-4296-8f2b-092e25494416,Reasoning Specialist V4,eace698d45562a4832f0753fc291ea8199df836c5c98517a897c6d112e9f1545,9,0,ordinal,M,0.8272017054059444,0.8272017054059444,M,M,M,0.4136008527029722,3,10,M,"How difficult was this task for you, on the whole?",M,True
144,100042,c87020bba7064b93bf74559d8ba394ef83b1b4d84f1308fc4f77ba3b1099a140,5418caf1-03af-4ccb-92d1-dfb117bd172c,e80b0856-b7b8-4d55-9d25-4864b109a332,Reasoning Specialist V4,eace698d45562a4832f0753fc291ea8199df836c5c98517a897c6d112e9f1545,10,0,ordinal,M,0.8272017054059444,0.8272017054059444,M,M,M,0.4136008527029722,3,10,M,"How confident are you about your answers, on the whole?",M,True
253,100042,c87020bba7064b93bf74559d8ba394ef83b1b4d84f1308fc4f77ba3b1099a140,bd838e8a-31a0-4a2f-8f1f-bb2819f4adbf,09de9f4e-1f06-4545-9560-cb3830dc1030,Reasoning Specialist V4,eace698d45562a4832f0753fc291ea8199df836c5c98517a897c6d112e9f1545,10,0,ordinal,M,0.8272017054059444,0.8272017054059444,M,M,M,0.4136008527029722,3,10,M,"How confident are you about your answers, on the whole?",M,True
0,100042,c87020bba7064b93bf74559d8ba394ef83b1b4d84f1308fc4f77ba3b1099a140,0be4e9ac-125b-45fd-bda3-b8343d59ed8d,36bad2a6-3b32-4296-8f2b-092e25494416,Reasoning Specialist V4,eace698d45562a4832f0753fc291ea8199df836c5c98517a897c6d112e9f1545,1,0,checklist,L,0.3333333333333333,0.6666666666666667,L,L,L,0.16666666666666666,3,6,L,Does the passage contain... (check all that apply):,L,True
225,100042,c87020bba7064b93bf74559d8ba394ef83b1b4d84f1308fc4f77ba3b1099a140,bd838e8a-31a0-4a2f-8f1f-bb2819f4adbf,09de9f4e-1f06-4545-9560-cb3830dc1030,Reasoning Specialist V4,eace698d45562a4832f0753fc291ea8199df836c5c98517a897c6d112e9f1545,1,0,checklist,L,0.0,1.0,L,L,L,0.0,3,6,L,Does the passage contain... (check all that apply):,L,True
221,100042,c87020bba7064b93bf74559d8ba394ef83b1b4d84f1308fc4f77ba3b1099a140,bd838e8a-31a0-4a2f-8f1f-bb2819f4adbf,09de9f4e-1f06-4545-9560-cb3830dc1030,Reasoning Specialist V4,eace698d45562a4832f0753fc291ea8199df836c5c98517a897c6d112e9f1545,1,0,checklist,M,0.6666666666666666,0.33333333333333337,M,M,M,0.3333333333333333,3,6,M,Does the passage contain... (check all that apply):,M,True
222,100042,c87020bba7064b93bf74559d8ba394ef83b1b4d84f1308fc4f77ba3b1099a140,bd838e8a-31a0-4a2f-8f1f-bb2819f4adbf,09de9f4e-1f06-4545-9560-cb3830dc1030,Reasoning Specialist V4,eace698d45562a4832f0753fc291ea8199df836c5c98517a897c6d112e9f1545,1,0,checklist,L,0.3333333333333333,0.6666666666666667,L,L,L,0.16666666666666666,3,6,L,Does the passage contain... (check all that apply):,L,True
223,100042,c87020bba7064b93bf74559d8ba394ef83b1b4d84f1308fc4f77ba3b1099a140,bd838e8a-31a0-4a2f-8f1f-bb2819f4adbf,09de9f4e-1f06-4545-9560-cb3830dc1030,Reasoning Specialist V4,eace698d45562a4832f0753fc291ea8199df836c5c98517a897c6d112e9f1545,1,0,checklist,L,0.3333333333333333,0.6666666666666667,L,L,L,0.16666666666666666,3,6,L,Does the passage contain... (check all that apply):,L,True
224,100042,c87020bba7064b93bf74559d8ba394ef83b1b4d84f1308fc4f77ba3b1099a140,bd838e8a-31a0-4a2f-8f1f-bb2819f4adbf,09de9f4e-1f06-4545-9560-cb3830dc1030,Reasoning Specialist V4,eace698d45562a4832f0753fc291ea8199df836c5c98517a897c6d112e9f1545,1,0,checklist,L,0.0,1.0,L,L,L,0.0,3,6,L,Does the passage contain... (check all that apply):,L,True
252,100042,c87020bba7064b93bf74559d8ba394ef83b1b4d84f1308fc4f77ba3b1099a140,bd838e8a-31a0-4a2f-8f1f-bb2819f4adbf,09de9f4e-1f06-4545-9560-cb3830dc1030,Reasoning Specialist V4,eace698d45562a4832f0753fc291ea8199df836c5c98517a897c6d112e9f1545,9,0,ordinal,M,0.8272017054059444,0.8272017054059444,M,M,M,0.4136008527029722,3,10,M,"How difficult was this task for you, on the whole?",M,True
226,100042,c87020bba7064b93bf74559d8ba394ef83b1b4d84f1308fc4f77ba3b1099a140,bd838e8a-31a0-4a2f-8f1f-bb2819f4adbf,09de9f4e-1f06-4545-9560-cb3830dc1030,Reasoning Specialist V4,eace698d45562a4832f0753fc291ea8199df836c5c98517a897c6d112e9f1545,1,0,checklist,L,0.0,1.0,L,L,L,0.0,3,6,L,Does the passage contain... (check all that apply):,L,True
5,100042,c87020bba7064b93bf74559d8ba394ef83b1b4d84f1308fc4f77ba3b1099a140,0be4e9ac-125b-45fd-bda3-b8343d59ed8d,36bad2a6-3b32-4296-8f2b-092e25494416,Reasoning Specialist V4,eace698d45562a4832f0753fc291ea8199df836c5c98517a897c6d112e9f1545,1,0,checklist,L,0.0,1.0,L,L,L,0.0,3,6,L,Does the passage contain... (check all that apply):,L,True
132,100042,c87020bba7064b93bf74559d8ba394ef83b1b4d84f1308fc4f77ba3b1099a140,5418caf1-03af-4ccb-92d1-dfb117bd172c,e80b0856-b7b8-4d55-9d25-4864b109a332,Reasoning Specialist V4,eace698d45562a4832f0753fc291ea8199df836c5c98517a897c6d112e9f1545,1,0,checklist,L,0.3333333333333333,0.6666666666666667,L,L,L,0.16666666666666666,3,6,L,Does the passage contain... (check all that apply):,L,True
4,100042,c87020bba7064b93bf74559d8ba394ef83b1b4d84f1308fc4f77ba3b1099a140,0be4e9ac-125b-45fd-bda3-b8343d59ed8d,36bad2a6-3b32-4296-8f2b-092e25494416,Reasoning Specialist V4,eace698d45562a4832f0753fc291ea8199df836c5c98517a897c6d112e9f1545,1,0,checklist,L,0.3333333333333333,0.6666666666666667,L,L,L,0.16666666666666666,3,6,L,Does the passage contain... (check all that apply):,L,True
1,100042,c87020bba7064b93bf74559d8ba394ef83b1b4d84f1308fc4f77ba3b1099a140,0be4e9ac-125b-45fd-bda3-b8343d59ed8d,36bad2a6-3b32-4296-8f2b-092e25494416,Reasoning Specialist V4,eace698d45562a4832f0753fc291ea8199df836c5c98517a897c6d112e9f1545,1,0,checklist,M,0.6666666666666666,0.33333333333333337,M,M,M,0.3333333333333333,3,6,M,Does the passage contain... (check all that apply):,M,True
130,100042,c87020bba7064b93bf74559d8ba394ef83b1b4d84f1308fc4f77ba3b1099a140,5418caf1-03af-4ccb-92d1-dfb117bd172c,e80b0856-b7b8-4d55-9d25-4864b109a332,Reasoning Specialist V4,eace698d45562a4832f0753fc291ea8199df836c5c98517a897c6d112e9f1545,1,0,checklist,L,0.3333333333333333,0.6666666666666667,L,L,L,0.16666666666666666,3,6,L,Does the passage contain... (check all that apply):,L,True
129,100042,c87020bba7064b93bf74559d8ba394ef83b1b4d84f1308fc4f77ba3b1099a140,5418caf1-03af-4ccb-92d1-dfb117bd172c,e80b0856-b7b8-4d55-9d25-4864b109a332,Reasoning Specialist V4,eace698d45562a4832f0753fc291ea8199df836c5c98517a897c6d112e9f1545,1,0,checklist,L,0.3333333333333333,0.6666666666666667,L,L,L,0.16666666666666666,3,6,L,Does the passage contain... (check all that apply):,L,True
128,100042,c87020bba7064b93bf74559d8ba394ef83b1b4d84f1308fc4f77ba3b1099a140,5418caf1-03af-4ccb-92d1-dfb117bd172c,e80b0856-b7b8-4d55-9d25-4864b109a332,Reasoning Specialist V4,eace698d45562a4832f0753fc291ea8199df836c5c98517a897c6d112e9f1545,1,0,checklist,L,0.0,1.0,L,L,L,0.0,3,6,L,Does the passage contain... (check all that apply):,L,True
127,100042,c87020bba7064b93bf74559d8ba394ef83b1b4d84f1308fc4f77ba3b1099a140,5418caf1-03af-4ccb-92d1-dfb117bd172c,e80b0856-b7b8-4d55-9d25-4864b109a332,Reasoning Specialist V4,eace698d45562a4832f0753fc291ea8199df836c5c98517a897c6d112e9f1545,1,0,checklist,L,0.0,1.0,L,L,L,0.0,3,6,L,Does the passage contain... (check all that apply):,L,True
3,100042,c87020bba7064b93bf74559d8ba394ef83b1b4d84f1308fc4f77ba3b1099a140,0be4e9ac-125b-45fd-bda3-b8343d59ed8d,36bad2a6-3b32-4296-8f2b-092e25494416,Reasoning Specialist V4,eace698d45562a4832f0753fc291ea8199df836c5c98517a897c6d112e9f1545,1,0,checklist,L,0.0,1.0,L,L,L,0.0,3,6,L,Does the passage contain... (check all that apply):,L,True
2,100042,c87020bba7064b93bf74559d8ba394ef83b1b4d84f1308fc4f77ba3b1099a140,0be4e9ac-125b-45fd-bda3-b8343d59ed8d,36bad2a6-3b32-4296-8f2b-092e25494416,Reasoning Specialist V4,eace698d45562a4832f0753fc291ea8199df836c5c98517a897c6d112e9f1545,1,0,checklist,L,0.0,1.0,L,L,L,0.0,3,6,L,Does the passage contain... (check all that apply):,L,True
131,100042,c87020bba7064b93bf74559d8ba394ef83b1b4d84f1308fc4f77ba3b1099a140,5418caf1-03af-4ccb-92d1-dfb117bd172c,e80b0856-b7b8-4d55-9d25-4864b109a332,Reasoning Specialist V4,eace698d45562a4832f0753fc291ea8199df836c5c98517a897c6d112e9f1545,1,0,checklist,L,0.0,1.0,L,L,L,0.0,3,6,L,Does the passage contain... (check all that apply):,L,True
71,100044,ce9fb9b9358c71daead068bb2ab24ebfbcd68d1bb8b0611114621d290e0c0764,3e6ccf39-b5d0-4bcb-a9af-7ca6f621d71a,0f3a83bc-681f-46d4-9012-18ec2eb0d832,Reasoning Specialist V4,eace698d45562a4832f0753fc291ea8199df836c5c98517a897c6d112e9f1545,10,b52a8b58-54e4-4362-9272-e4fe92559ae4,ordinal,7,0.8986646043699666,0.8986646043699666,[],,,0.8986646043699666,3,10,,"How confident are you about your answers, on the whole?",7,True
70,100044,ce9fb9b9358c71daead068bb2ab24ebfbcd68d1bb8b0611114621d290e0c0764,3e6ccf39-b5d0-4bcb-a9af-7ca6f621d71a,0f3a83bc-681f-46d4-9012-18ec2eb0d832,Reasoning Specialist V4,eace698d45562a4832f0753fc291ea8199df836c5c98517a897c6d112e9f1545,9,0,ordinal,M,0.7913552394075126,0.7913552394075126,M,M,M,0.3956776197037563,3,10,M,"How difficult was this task for you, on the whole?",M,True
40,100044,ce9fb9b9358c71daead068bb2ab24ebfbcd68d1bb8b0611114621d290e0c0764,3e6ccf39-b5d0-4bcb-a9af-7ca6f621d71a,0f3a83bc-681f-46d4-9012-18ec2eb0d832,Reasoning Specialist V4,eace698d45562a4832f0753fc291ea8199df836c5c98517a897c6d112e9f1545,1,0,checklist,M,0.6666666666666666,0.33333333333333337,M,M,M,0.3333333333333333,3,6,M,Does the passage contain... (check all that apply):,M,True
41,100044,ce9fb9b9358c71daead068bb2ab24ebfbcd68d1bb8b0611114621d290e0c0764,3e6ccf39-b5d0-4bcb-a9af-7ca6f621d71a,0f3a83bc-681f-46d4-9012-18ec2eb0d832,Reasoning Specialist V4,eace698d45562a4832f0753fc291ea8199df836c5c98517a897c6d112e9f1545,1,0,checklist,L,0.3333333333333333,0.6666666666666667,L,L,L,0.16666666666666666,3,6,L,Does the passage contain... (check all that apply):,L,True
42,100044,ce9fb9b9358c71daead068bb2ab24ebfbcd68d1bb8b0611114621d290e0c0764,3e6ccf39-b5d0-4bcb-a9af-7ca6f621d71a,0f3a83bc-681f-46d4-9012-18ec2eb0d832,Reasoning Specialist V4,eace698d45562a4832f0753fc291ea8199df836c5c98517a897c6d112e9f1545,1,0,checklist,L,0.0,1.0,L,L,L,0.0,3,6,L,Does the passage contain... (check all that apply):,L,True
43,100044,ce9fb9b9358c71daead068bb2ab24ebfbcd68d1bb8b0611114621d290e0c0764,3e6ccf39-b5d0-4bcb-a9af-7ca6f621d71a,0f3a83bc-681f-46d4-9012-18ec2eb0d832,Reasoning Specialist V4,eace698d45562a4832f0753fc291ea8199df836c5c98517a897c6d112e9f1545,1,0,checklist,L,0.0,1.0,L,L,L,0.0,3,6,L,Does the passage contain... (check all that apply):,L,True
39,100044,ce9fb9b9358c71daead068bb2ab24ebfbcd68d1bb8b0611114621d290e0c0764,3e6ccf39-b5d0-4bcb-a9af-7ca6f621d71a,0f3a83bc-681f-46d4-9012-18ec2eb0d832,Reasoning Specialist V4,eace698d45562a4832f0753fc291ea8199df836c5c98517a897c6d112e9f1545,1,0,checklist,M,0.6666666666666666,0.33333333333333337,M,M,M,0.3333333333333333,3,6,M,Does the passage contain... (check all that apply):,M,True
44,100044,ce9fb9b9358c71daead068bb2ab24ebfbcd68d1bb8b0611114621d290e0c0764,3e6ccf39-b5d0-4bcb-a9af-7ca6f621d71a,0f3a83bc-681f-46d4-9012-18ec2eb0d832,Reasoning Specialist V4,eace698d45562a4832f0753fc291ea8199df836c5c98517a897c6d112e9f1545,1,0,checklist,L,0.0,1.0,L,L,L,0.0,3,6,L,Does the passage contain... (check all that apply):,L,True
