Article ID,Credibility Indicator ID,Credibilty Indicator Category,Credibility Indicator Name,Points,Indices of Label in Article,Start,End,target_text
dffe5d7618e02096848897a44be4304eeef2fc09af7e33852dd71113a6c61bf2,L0,Language,Inappropriate slang,-0.4324129625717909,"[2374, 2375, 2376, 2377, 2378, 2379, 2380, 2381, 2382]",2374,2383,nan
dffe5d7618e02096848897a44be4304eeef2fc09af7e33852dd71113a6c61bf2,L0,Language,Denigration,-0.25,"[2374, 2375, 2376, 2377, 2378, 2379, 2380, 2381, 2382]",2374,2383,nan
dffe5d7618e02096848897a44be4304eeef2fc09af7e33852dd71113a6c61bf2,L0,Language,Well-balanced,0.5,[],-1,-1,nan
dffe5d7618e02096848897a44be4304eeef2fc09af7e33852dd71113a6c61bf2,L0,Language,Well-balanced,0.4890792267633892,[],-1,-1,nan
dffe5d7618e02096848897a44be4304eeef2fc09af7e33852dd71113a6c61bf2,L0,Language,Inappropriate slang,-0.4324129625717909,"[2374, 2375, 2376, 2377, 2378, 2379, 2380, 2381, 2382]",2374,2383,nan
dffe5d7618e02096848897a44be4304eeef2fc09af7e33852dd71113a6c61bf2,L0,Language,Denigration,-0.25,"[2374, 2375, 2376, 2377, 2378, 2379, 2380, 2381, 2382]",2374,2383,nan
dffe5d7618e02096848897a44be4304eeef2fc09af7e33852dd71113a6c61bf2,L0,Language,Well-balanced,0.5,[],-1,-1,nan
dffe5d7618e02096848897a44be4304eeef2fc09af7e33852dd71113a6c61bf2,L0,Language,Well-balanced,0.4890792267633892,[],-1,-1,nan
,,,,,,,,
