Article ID,Credibility Indicator ID,Credibilty Indicator Category,Credibility Indicator Name,Points,Indices of Label in Article,Start,End,target_text
d1a27dc55d4704fbbb9ede3958d88ee37f118049cc6e19fc242d49f7d3d0cf5d,E0,Evidence,Alternative explanation,-2.0,[],-1,-1,nan
d1a27dc55d4704fbbb9ede3958d88ee37f118049cc6e19fc242d49f7d3d0cf5d,E0,Evidence,Open to evidence,0.0,[],-1,-1,nan
d1a27dc55d4704fbbb9ede3958d88ee37f118049cc6e19fc242d49f7d3d0cf5d,E0,Evidence,Alternative explanation,-2.0,[],-1,-1,nan
d1a27dc55d4704fbbb9ede3958d88ee37f118049cc6e19fc242d49f7d3d0cf5d,E0,Evidence,Open to evidence,0.0,[],-1,-1,nan
d1a27dc55d4704fbbb9ede3958d88ee37f118049cc6e19fc242d49f7d3d0cf5d,P0,Probability,Acknowledges uncertainty,0.8166642578407284,"[565, 566, 567, 568, 569, 570]",565,571,appears
d1a27dc55d4704fbbb9ede3958d88ee37f118049cc6e19fc242d49f7d3d0cf5d,P0,Probability,Open to evidence,0.9411063109464316,[],-1,-1,nan
d1a27dc55d4704fbbb9ede3958d88ee37f118049cc6e19fc242d49f7d3d0cf5d,P0,Probability,Acknowledges uncertainty,0.8166642578407284,"[565, 566, 567, 568, 569, 570]",565,571,appears
d1a27dc55d4704fbbb9ede3958d88ee37f118049cc6e19fc242d49f7d3d0cf5d,P0,Probability,Open to evidence,0.9411063109464316,[],-1,-1,nan
,,,,,,,,
