schema_namespace,schema_sha256,topic_uuid,topic_name,topic_options,question_uuid,question_label,question_text,question_type,question_hint_type,question_next_questions,alpha_distance,question_options,answer_count,answer_uuid,answer_label,answer_content,answer_next_questions,highlight,require_highlight,answer_options
NYU_Reasoning2,eace698d45562a4832f0753fc291ea8199df836c5c98517a897c6d112e9f1545,84271703-4e76-406d-b86f-863fa81b62aa,Reasoning Specialist V4,"{""highlight"": true, ""version"": ""4"", ""hint_type"": """"}",2dbad7c9-09dc-4c9b-b756-257c0b00a8a6,T1.Q1,Does the passage contain... (check all that apply):,CHECKBOX,,,nominal,"{""version"": ""4"", ""alpha_distance"": ""nominal"", ""require_one_or_more"": true, ""hint_type"": """"}",6,948febb2-cd76-41ea-8197-1a864bc5715e,T1.Q1.A1,"Estimates of the likelihood/probability or frequency of an event (past, present, or future)",T1.Q2,1,1,"{""case_numbers"": true, ""highlight"": true, ""version"": ""4"", ""require_highlight"": true}"
NYU_Reasoning2,eace698d45562a4832f0753fc291ea8199df836c5c98517a897c6d112e9f1545,84271703-4e76-406d-b86f-863fa81b62aa,Reasoning Specialist V4,"{""highlight"": true, ""version"": ""4"", ""hint_type"": """"}",2dbad7c9-09dc-4c9b-b756-257c0b00a8a6,T1.Q1,Does the passage contain... (check all that apply):,CHECKBOX,,,nominal,"{""version"": ""4"", ""alpha_distance"": ""nominal"", ""require_one_or_more"": true, ""hint_type"": """"}",6,a3d7ad1c-1637-4cf8-904a-541a3dd4ed24,T1.Q1.A2,An evaluative judgment (claims about something being good or bad),T1.Q3,1,1,"{""case_numbers"": true, ""highlight"": true, ""version"": ""4"", ""require_highlight"": true}"
NYU_Reasoning2,eace698d45562a4832f0753fc291ea8199df836c5c98517a897c6d112e9f1545,84271703-4e76-406d-b86f-863fa81b62aa,Reasoning Specialist V4,"{""highlight"": true, ""version"": ""4"", ""hint_type"": """"}",2dbad7c9-09dc-4c9b-b756-257c0b00a8a6,T1.Q1,Does the passage contain... (check all that apply):,CHECKBOX,,,nominal,"{""version"": ""4"", ""alpha_distance"": ""nominal"", ""require_one_or_more"": true, ""hint_type"": """"}",6,62f60259-575b-464c-abc2-2d86d1b04d01,T1.Q1.A3,Misleading reasoning,T1.Q6,1,1,"{""case_numbers"": true, ""highlight"": true, ""version"": ""4"", ""require_highlight"": true}"
NYU_Reasoning2,eace698d45562a4832f0753fc291ea8199df836c5c98517a897c6d112e9f1545,84271703-4e76-406d-b86f-863fa81b62aa,Reasoning Specialist V4,"{""highlight"": true, ""version"": ""4"", ""hint_type"": """"}",2dbad7c9-09dc-4c9b-b756-257c0b00a8a6,T1.Q1,Does the passage contain... (check all that apply):,CHECKBOX,,,nominal,"{""version"": ""4"", ""alpha_distance"": ""nominal"", ""require_one_or_more"": true, ""hint_type"": """"}",6,6074f1ef-1ae6-4398-93c2-b6c2243ccf7c,T1.Q1.A4,An effective critique of a reasoning error made by someone else,,1,1,"{""case_numbers"": true, ""highlight"": true, ""version"": ""4"", ""require_highlight"": true}"
NYU_Reasoning2,eace698d45562a4832f0753fc291ea8199df836c5c98517a897c6d112e9f1545,84271703-4e76-406d-b86f-863fa81b62aa,Reasoning Specialist V4,"{""highlight"": true, ""version"": ""4"", ""hint_type"": """"}",2dbad7c9-09dc-4c9b-b756-257c0b00a8a6,T1.Q1,Does the passage contain... (check all that apply):,CHECKBOX,,,nominal,"{""version"": ""4"", ""alpha_distance"": ""nominal"", ""require_one_or_more"": true, ""hint_type"": """"}",6,70b43066-c1d4-4b85-935e-62ba5be15578,T1.Q1.A5,Arguments or quotes from both sides,,1,1,"{""case_numbers"": true, ""highlight"": true, ""version"": ""4"", ""require_highlight"": true}"
NYU_Reasoning2,eace698d45562a4832f0753fc291ea8199df836c5c98517a897c6d112e9f1545,84271703-4e76-406d-b86f-863fa81b62aa,Reasoning Specialist V4,"{""highlight"": true, ""version"": ""4"", ""hint_type"": """"}",2dbad7c9-09dc-4c9b-b756-257c0b00a8a6,T1.Q1,Does the passage contain... (check all that apply):,CHECKBOX,,,nominal,"{""version"": ""4"", ""alpha_distance"": ""nominal"", ""require_one_or_more"": true, ""hint_type"": """"}",6,dbc1959f-22a2-4a14-afe9-7b470563fc14,T1.Q1.A6,None of the above,,0,1,"{""case_numbers"": true, ""highlight"": false, ""version"": ""4"", ""require_highlight"": true}"
NYU_Reasoning2,eace698d45562a4832f0753fc291ea8199df836c5c98517a897c6d112e9f1545,84271703-4e76-406d-b86f-863fa81b62aa,Reasoning Specialist V4,"{""highlight"": true, ""version"": ""4"", ""hint_type"": """"}",190af471-d0a8-4944-80d3-aa274a7770d1,T1.Q2,Does the argument contain any of the following misleading forms of reasoning? Check all that apply.,CHECKBOX,,,nominal,"{""version"": ""4"", ""alpha_distance"": ""nominal"", ""require_one_or_more"": true, ""hint_type"": """"}",6,f2d12dc7-de38-4359-908e-ed55164b14b5,T1.Q2.A1,Availability Heuristic,T1.Q7,1,1,"{""case_numbers"": true, ""highlight"": true, ""version"": ""4"", ""require_highlight"": true}"
NYU_Reasoning2,eace698d45562a4832f0753fc291ea8199df836c5c98517a897c6d112e9f1545,84271703-4e76-406d-b86f-863fa81b62aa,Reasoning Specialist V4,"{""highlight"": true, ""version"": ""4"", ""hint_type"": """"}",190af471-d0a8-4944-80d3-aa274a7770d1,T1.Q2,Does the argument contain any of the following misleading forms of reasoning? Check all that apply.,CHECKBOX,,,nominal,"{""version"": ""4"", ""alpha_distance"": ""nominal"", ""require_one_or_more"": true, ""hint_type"": """"}",6,3e53c1b8-c273-4455-8322-1f58b90b9137,T1.Q2.A2,Stereotyping,T1.Q7,1,1,"{""case_numbers"": true, ""highlight"": true, ""version"": ""4"", ""require_highlight"": true}"
NYU_Reasoning2,eace698d45562a4832f0753fc291ea8199df836c5c98517a897c6d112e9f1545,84271703-4e76-406d-b86f-863fa81b62aa,Reasoning Specialist V4,"{""highlight"": true, ""version"": ""4"", ""hint_type"": """"}",190af471-d0a8-4944-80d3-aa274a7770d1,T1.Q2,Does the argument contain any of the following misleading forms of reasoning? Check all that apply.,CHECKBOX,,,nominal,"{""version"": ""4"", ""alpha_distance"": ""nominal"", ""require_one_or_more"": true, ""hint_type"": """"}",6,a7b68d4f-e59d-4a7d-95ec-d028b0759e3b,T1.Q2.A3,Hindsight Bias,T1.Q7,1,1,"{""case_numbers"": true, ""highlight"": true, ""version"": ""4"", ""require_highlight"": true}"
NYU_Reasoning2,eace698d45562a4832f0753fc291ea8199df836c5c98517a897c6d112e9f1545,84271703-4e76-406d-b86f-863fa81b62aa,Reasoning Specialist V4,"{""highlight"": true, ""version"": ""4"", ""hint_type"": """"}",190af471-d0a8-4944-80d3-aa274a7770d1,T1.Q2,Does the argument contain any of the following misleading forms of reasoning? Check all that apply.,CHECKBOX,,,nominal,"{""version"": ""4"", ""alpha_distance"": ""nominal"", ""require_one_or_more"": true, ""hint_type"": """"}",6,f9bfd24b-3d6d-47b7-977c-f0853aabc7ba,T1.Q2.A4,Gambler's Fallacy,T1.Q7,1,1,"{""case_numbers"": true, ""highlight"": true, ""version"": ""4"", ""require_highlight"": true}"
NYU_Reasoning2,eace698d45562a4832f0753fc291ea8199df836c5c98517a897c6d112e9f1545,84271703-4e76-406d-b86f-863fa81b62aa,Reasoning Specialist V4,"{""highlight"": true, ""version"": ""4"", ""hint_type"": """"}",190af471-d0a8-4944-80d3-aa274a7770d1,T1.Q2,Does the argument contain any of the following misleading forms of reasoning? Check all that apply.,CHECKBOX,,,nominal,"{""version"": ""4"", ""alpha_distance"": ""nominal"", ""require_one_or_more"": true, ""hint_type"": """"}",6,ac3d69d5-f3a3-477c-99ba-f24caec03c3a,T1.Q2.A5,Other misleading reasoning about probability or frequency,"T1.Q7, T1.Q8",1,1,"{""case_numbers"": true, ""highlight"": true, ""version"": ""4"", ""require_highlight"": true}"
NYU_Reasoning2,eace698d45562a4832f0753fc291ea8199df836c5c98517a897c6d112e9f1545,84271703-4e76-406d-b86f-863fa81b62aa,Reasoning Specialist V4,"{""highlight"": true, ""version"": ""4"", ""hint_type"": """"}",190af471-d0a8-4944-80d3-aa274a7770d1,T1.Q2,Does the argument contain any of the following misleading forms of reasoning? Check all that apply.,CHECKBOX,,,nominal,"{""version"": ""4"", ""alpha_distance"": ""nominal"", ""require_one_or_more"": true, ""hint_type"": """"}",6,e9bf2dfb-f55a-46c6-bee1-6ea6db1d0f23,T1.Q2.A6,No misleading reasoning about probability or frequency,,0,1,"{""case_numbers"": true, ""highlight"": false, ""version"": ""4"", ""require_highlight"": true}"
NYU_Reasoning2,eace698d45562a4832f0753fc291ea8199df836c5c98517a897c6d112e9f1545,84271703-4e76-406d-b86f-863fa81b62aa,Reasoning Specialist V4,"{""highlight"": true, ""version"": ""4"", ""hint_type"": """"}",2cb6c1b7-f5d0-4a71-9b78-7ddb5cc85515,T1.Q3,Does the argument contain any of the following misleading forms of reasoning? Check all that apply.,CHECKBOX,,,nominal,"{""version"": ""4"", ""alpha_distance"": ""nominal"", ""require_one_or_more"": true, ""hint_type"": """"}",7,ad5a27f0-91f7-4641-a250-24d98f3a95c6,T1.Q3.A1,Just World Fallacy,T1.Q7,1,1,"{""case_numbers"": true, ""highlight"": true, ""version"": ""4"", ""require_highlight"": true}"
NYU_Reasoning2,eace698d45562a4832f0753fc291ea8199df836c5c98517a897c6d112e9f1545,84271703-4e76-406d-b86f-863fa81b62aa,Reasoning Specialist V4,"{""highlight"": true, ""version"": ""4"", ""hint_type"": """"}",2cb6c1b7-f5d0-4a71-9b78-7ddb5cc85515,T1.Q3,Does the argument contain any of the following misleading forms of reasoning? Check all that apply.,CHECKBOX,,,nominal,"{""version"": ""4"", ""alpha_distance"": ""nominal"", ""require_one_or_more"": true, ""hint_type"": """"}",7,1c7eda98-60f4-4e69-b697-180775f3c23c,T1.Q3.A2,Good Old Days Fallacy,T1.Q7,1,1,"{""case_numbers"": true, ""highlight"": true, ""version"": ""4"", ""require_highlight"": true}"
NYU_Reasoning2,eace698d45562a4832f0753fc291ea8199df836c5c98517a897c6d112e9f1545,84271703-4e76-406d-b86f-863fa81b62aa,Reasoning Specialist V4,"{""highlight"": true, ""version"": ""4"", ""hint_type"": """"}",2cb6c1b7-f5d0-4a71-9b78-7ddb5cc85515,T1.Q3,Does the argument contain any of the following misleading forms of reasoning? Check all that apply.,CHECKBOX,,,nominal,"{""version"": ""4"", ""alpha_distance"": ""nominal"", ""require_one_or_more"": true, ""hint_type"": """"}",7,9ec22861-ea56-4f2c-a16e-f17ed31d2ada,T1.Q3.A3,Naturalistic Fallacy,T1.Q7,1,1,"{""case_numbers"": true, ""highlight"": true, ""version"": ""4"", ""require_highlight"": true}"
NYU_Reasoning2,eace698d45562a4832f0753fc291ea8199df836c5c98517a897c6d112e9f1545,84271703-4e76-406d-b86f-863fa81b62aa,Reasoning Specialist V4,"{""highlight"": true, ""version"": ""4"", ""hint_type"": """"}",2cb6c1b7-f5d0-4a71-9b78-7ddb5cc85515,T1.Q3,Does the argument contain any of the following misleading forms of reasoning? Check all that apply.,CHECKBOX,,,nominal,"{""version"": ""4"", ""alpha_distance"": ""nominal"", ""require_one_or_more"": true, ""hint_type"": """"}",7,87a7e0ed-ae6b-437c-a964-22babb6e1dd7,T1.Q3.A4,Sunk Cost Fallacy,T1.Q7,1,1,"{""case_numbers"": true, ""highlight"": true, ""version"": ""4"", ""require_highlight"": true}"
NYU_Reasoning2,eace698d45562a4832f0753fc291ea8199df836c5c98517a897c6d112e9f1545,84271703-4e76-406d-b86f-863fa81b62aa,Reasoning Specialist V4,"{""highlight"": true, ""version"": ""4"", ""hint_type"": """"}",2cb6c1b7-f5d0-4a71-9b78-7ddb5cc85515,T1.Q3,Does the argument contain any of the following misleading forms of reasoning? Check all that apply.,CHECKBOX,,,nominal,"{""version"": ""4"", ""alpha_distance"": ""nominal"", ""require_one_or_more"": true, ""hint_type"": """"}",7,e2e54833-a5fe-47f0-a748-27eb0df2f76d,T1.Q3.A5,Identifiable Victim Effect,"T1.Q4, T1.Q5, T1.Q7",1,1,"{""case_numbers"": true, ""highlight"": true, ""version"": ""4"", ""require_highlight"": true}"
NYU_Reasoning2,eace698d45562a4832f0753fc291ea8199df836c5c98517a897c6d112e9f1545,84271703-4e76-406d-b86f-863fa81b62aa,Reasoning Specialist V4,"{""highlight"": true, ""version"": ""4"", ""hint_type"": """"}",2cb6c1b7-f5d0-4a71-9b78-7ddb5cc85515,T1.Q3,Does the argument contain any of the following misleading forms of reasoning? Check all that apply.,CHECKBOX,,,nominal,"{""version"": ""4"", ""alpha_distance"": ""nominal"", ""require_one_or_more"": true, ""hint_type"": """"}",7,6d362efd-4af1-42a2-a6d4-99856db5b3de,T1.Q3.A6,Other appeals to biases,"T1.Q7, T1.Q8",1,1,"{""case_numbers"": true, ""highlight"": true, ""version"": ""4"", ""require_highlight"": true}"
NYU_Reasoning2,eace698d45562a4832f0753fc291ea8199df836c5c98517a897c6d112e9f1545,84271703-4e76-406d-b86f-863fa81b62aa,Reasoning Specialist V4,"{""highlight"": true, ""version"": ""4"", ""hint_type"": """"}",2cb6c1b7-f5d0-4a71-9b78-7ddb5cc85515,T1.Q3,Does the argument contain any of the following misleading forms of reasoning? Check all that apply.,CHECKBOX,,,nominal,"{""version"": ""4"", ""alpha_distance"": ""nominal"", ""require_one_or_more"": true, ""hint_type"": """"}",7,e9fd1ec5-235c-42b6-855c-b8efd0297c42,T1.Q3.A7,No appeals to biases,,0,1,"{""case_numbers"": true, ""highlight"": false, ""version"": ""4"", ""require_highlight"": true}"
NYU_Reasoning2,eace698d45562a4832f0753fc291ea8199df836c5c98517a897c6d112e9f1545,84271703-4e76-406d-b86f-863fa81b62aa,Reasoning Specialist V4,"{""highlight"": true, ""version"": ""4"", ""hint_type"": """"}",fc72c5ea-9899-458f-bc4c-12e9fcfb68f4,T1.Q4,"You selected **Identifiable Victim Effect** in Q1. Does the author acknowledge that others suffer in similar ways? If yes or maybe, highlight the relevant section.",RADIO,,,nominal,"{""version"": ""4"", ""alpha_distance"": ""nominal"", ""require_one_or_more"": true, ""hint_type"": """"}",3,7491a41e-e6e0-4de0-b7ad-36c90c0f0dad,T1.Q4.A1,Yes,,1,1,"{""case_numbers"": true, ""highlight"": true, ""version"": ""4"", ""require_highlight"": true}"
NYU_Reasoning2,eace698d45562a4832f0753fc291ea8199df836c5c98517a897c6d112e9f1545,84271703-4e76-406d-b86f-863fa81b62aa,Reasoning Specialist V4,"{""highlight"": true, ""version"": ""4"", ""hint_type"": """"}",fc72c5ea-9899-458f-bc4c-12e9fcfb68f4,T1.Q4,"You selected **Identifiable Victim Effect** in Q1. Does the author acknowledge that others suffer in similar ways? If yes or maybe, highlight the relevant section.",RADIO,,,nominal,"{""version"": ""4"", ""alpha_distance"": ""nominal"", ""require_one_or_more"": true, ""hint_type"": """"}",3,59a0d10a-b0cc-49dd-91a4-412926992182,T1.Q4.A2,Maybe,,1,1,"{""case_numbers"": true, ""highlight"": true, ""version"": ""4"", ""require_highlight"": true}"
NYU_Reasoning2,eace698d45562a4832f0753fc291ea8199df836c5c98517a897c6d112e9f1545,84271703-4e76-406d-b86f-863fa81b62aa,Reasoning Specialist V4,"{""highlight"": true, ""version"": ""4"", ""hint_type"": """"}",fc72c5ea-9899-458f-bc4c-12e9fcfb68f4,T1.Q4,"You selected **Identifiable Victim Effect** in Q1. Does the author acknowledge that others suffer in similar ways? If yes or maybe, highlight the relevant section.",RADIO,,,nominal,"{""version"": ""4"", ""alpha_distance"": ""nominal"", ""require_one_or_more"": true, ""hint_type"": """"}",3,837e9e0b-f0f7-4707-aab4-b3d76fc0e242,T1.Q4.A3,Not at all,,0,1,"{""case_numbers"": true, ""highlight"": false, ""version"": ""4"", ""require_highlight"": true}"
NYU_Reasoning2,eace698d45562a4832f0753fc291ea8199df836c5c98517a897c6d112e9f1545,84271703-4e76-406d-b86f-863fa81b62aa,Reasoning Specialist V4,"{""highlight"": true, ""version"": ""4"", ""hint_type"": """"}",49a7fd90-fc06-4fb7-a427-c42274570711,T1.Q5,"You selected **Identifiable Victim Effect** in Q1. Does the author use individuals as representatives of a larger suffering group to call attention to their collective plight? If yes or maybe, highlight the relevant section.",RADIO,,,nominal,"{""version"": ""4"", ""alpha_distance"": ""nominal"", ""require_one_or_more"": true, ""hint_type"": """"}",3,886ea069-42c4-46f3-9d36-46a21dcd6c17,T1.Q5.A1,Yes,,1,1,"{""case_numbers"": true, ""highlight"": true, ""version"": ""4"", ""require_highlight"": true}"
NYU_Reasoning2,eace698d45562a4832f0753fc291ea8199df836c5c98517a897c6d112e9f1545,84271703-4e76-406d-b86f-863fa81b62aa,Reasoning Specialist V4,"{""highlight"": true, ""version"": ""4"", ""hint_type"": """"}",49a7fd90-fc06-4fb7-a427-c42274570711,T1.Q5,"You selected **Identifiable Victim Effect** in Q1. Does the author use individuals as representatives of a larger suffering group to call attention to their collective plight? If yes or maybe, highlight the relevant section.",RADIO,,,nominal,"{""version"": ""4"", ""alpha_distance"": ""nominal"", ""require_one_or_more"": true, ""hint_type"": """"}",3,73d7c825-1706-48b4-8ead-3d65de2dbd72,T1.Q5.A2,Maybe,,1,1,"{""case_numbers"": true, ""highlight"": true, ""version"": ""4"", ""require_highlight"": true}"
NYU_Reasoning2,eace698d45562a4832f0753fc291ea8199df836c5c98517a897c6d112e9f1545,84271703-4e76-406d-b86f-863fa81b62aa,Reasoning Specialist V4,"{""highlight"": true, ""version"": ""4"", ""hint_type"": """"}",49a7fd90-fc06-4fb7-a427-c42274570711,T1.Q5,"You selected **Identifiable Victim Effect** in Q1. Does the author use individuals as representatives of a larger suffering group to call attention to their collective plight? If yes or maybe, highlight the relevant section.",RADIO,,,nominal,"{""version"": ""4"", ""alpha_distance"": ""nominal"", ""require_one_or_more"": true, ""hint_type"": """"}",3,aaaaeae9-e8f9-4424-bc81-ccff445eafd6,T1.Q5.A3,No,,0,1,"{""case_numbers"": true, ""highlight"": false, ""version"": ""4"", ""require_highlight"": true}"
NYU_Reasoning2,eace698d45562a4832f0753fc291ea8199df836c5c98517a897c6d112e9f1545,84271703-4e76-406d-b86f-863fa81b62aa,Reasoning Specialist V4,"{""highlight"": true, ""version"": ""4"", ""hint_type"": """"}",ba0cbc12-0e24-4cc2-8d17-404001e9b630,T1.Q6,Does the argument contain any of the following misleading forms of reasoning? Check all that apply.,CHECKBOX,,,nominal,"{""version"": ""4"", ""alpha_distance"": ""nominal"", ""require_one_or_more"": true, ""hint_type"": """"}",10,42e1b55a-d3c3-4894-a7c2-5d18672a92c2,T1.Q6.A1,Begging the Question,T1.Q7,1,1,"{""case_numbers"": true, ""highlight"": true, ""version"": ""4"", ""require_highlight"": true}"
NYU_Reasoning2,eace698d45562a4832f0753fc291ea8199df836c5c98517a897c6d112e9f1545,84271703-4e76-406d-b86f-863fa81b62aa,Reasoning Specialist V4,"{""highlight"": true, ""version"": ""4"", ""hint_type"": """"}",ba0cbc12-0e24-4cc2-8d17-404001e9b630,T1.Q6,Does the argument contain any of the following misleading forms of reasoning? Check all that apply.,CHECKBOX,,,nominal,"{""version"": ""4"", ""alpha_distance"": ""nominal"", ""require_one_or_more"": true, ""hint_type"": """"}",10,089ce3a4-a31d-4f78-b7ab-b4464b168a95,T1.Q6.A2,False Dilemma,T1.Q7,1,1,"{""case_numbers"": true, ""highlight"": true, ""version"": ""4"", ""require_highlight"": true}"
NYU_Reasoning2,eace698d45562a4832f0753fc291ea8199df836c5c98517a897c6d112e9f1545,84271703-4e76-406d-b86f-863fa81b62aa,Reasoning Specialist V4,"{""highlight"": true, ""version"": ""4"", ""hint_type"": """"}",ba0cbc12-0e24-4cc2-8d17-404001e9b630,T1.Q6,Does the argument contain any of the following misleading forms of reasoning? Check all that apply.,CHECKBOX,,,nominal,"{""version"": ""4"", ""alpha_distance"": ""nominal"", ""require_one_or_more"": true, ""hint_type"": """"}",10,24dc66da-9938-4c17-b6e4-99369d3441a3,T1.Q6.A3,Straw Man Argument,T1.Q7,1,1,"{""case_numbers"": true, ""highlight"": true, ""version"": ""4"", ""require_highlight"": true}"
NYU_Reasoning2,eace698d45562a4832f0753fc291ea8199df836c5c98517a897c6d112e9f1545,84271703-4e76-406d-b86f-863fa81b62aa,Reasoning Specialist V4,"{""highlight"": true, ""version"": ""4"", ""hint_type"": """"}",ba0cbc12-0e24-4cc2-8d17-404001e9b630,T1.Q6,Does the argument contain any of the following misleading forms of reasoning? Check all that apply.,CHECKBOX,,,nominal,"{""version"": ""4"", ""alpha_distance"": ""nominal"", ""require_one_or_more"": true, ""hint_type"": """"}",10,c8b0d018-eea1-4015-baba-425d3a6ae79d,T1.Q6.A4,Red Herring,T1.Q7,1,1,"{""case_numbers"": true, ""highlight"": true, ""version"": ""4"", ""require_highlight"": true}"
NYU_Reasoning2,eace698d45562a4832f0753fc291ea8199df836c5c98517a897c6d112e9f1545,84271703-4e76-406d-b86f-863fa81b62aa,Reasoning Specialist V4,"{""highlight"": true, ""version"": ""4"", ""hint_type"": """"}",ba0cbc12-0e24-4cc2-8d17-404001e9b630,T1.Q6,Does the argument contain any of the following misleading forms of reasoning? Check all that apply.,CHECKBOX,,,nominal,"{""version"": ""4"", ""alpha_distance"": ""nominal"", ""require_one_or_more"": true, ""hint_type"": """"}",10,15487d61-dd3a-4bf4-b161-c6dc3f0de47f,T1.Q6.A5,Equivocation,T1.Q7,1,1,"{""case_numbers"": true, ""highlight"": true, ""version"": ""4"", ""require_highlight"": true}"
NYU_Reasoning2,eace698d45562a4832f0753fc291ea8199df836c5c98517a897c6d112e9f1545,84271703-4e76-406d-b86f-863fa81b62aa,Reasoning Specialist V4,"{""highlight"": true, ""version"": ""4"", ""hint_type"": """"}",ba0cbc12-0e24-4cc2-8d17-404001e9b630,T1.Q6,Does the argument contain any of the following misleading forms of reasoning? Check all that apply.,CHECKBOX,,,nominal,"{""version"": ""4"", ""alpha_distance"": ""nominal"", ""require_one_or_more"": true, ""hint_type"": """"}",10,0a4792a4-4a6f-4b24-bbb9-5512226d85cf,T1.Q6.A6,Slippery Slope Argument,T1.Q7,1,1,"{""case_numbers"": true, ""highlight"": true, ""version"": ""4"", ""require_highlight"": true}"
NYU_Reasoning2,eace698d45562a4832f0753fc291ea8199df836c5c98517a897c6d112e9f1545,84271703-4e76-406d-b86f-863fa81b62aa,Reasoning Specialist V4,"{""highlight"": true, ""version"": ""4"", ""hint_type"": """"}",ba0cbc12-0e24-4cc2-8d17-404001e9b630,T1.Q6,Does the argument contain any of the following misleading forms of reasoning? Check all that apply.,CHECKBOX,,,nominal,"{""version"": ""4"", ""alpha_distance"": ""nominal"", ""require_one_or_more"": true, ""hint_type"": """"}",10,8333e90f-b111-4831-b66e-38b2f4d99ac6,T1.Q6.A7,Appeal to Ignorance,T1.Q7,1,1,"{""case_numbers"": true, ""highlight"": true, ""version"": ""4"", ""require_highlight"": true}"
NYU_Reasoning2,eace698d45562a4832f0753fc291ea8199df836c5c98517a897c6d112e9f1545,84271703-4e76-406d-b86f-863fa81b62aa,Reasoning Specialist V4,"{""highlight"": true, ""version"": ""4"", ""hint_type"": """"}",ba0cbc12-0e24-4cc2-8d17-404001e9b630,T1.Q6,Does the argument contain any of the following misleading forms of reasoning? Check all that apply.,CHECKBOX,,,nominal,"{""version"": ""4"", ""alpha_distance"": ""nominal"", ""require_one_or_more"": true, ""hint_type"": """"}",10,f446b7d5-7909-4788-84d0-143fb64feb02,T1.Q6.A8,Before therefore because (Post hoc ergo propter hoc),"T1.Q7, T1.Q8",1,1,"{""case_numbers"": true, ""highlight"": true, ""version"": ""4"", ""require_highlight"": true}"
NYU_Reasoning2,eace698d45562a4832f0753fc291ea8199df836c5c98517a897c6d112e9f1545,84271703-4e76-406d-b86f-863fa81b62aa,Reasoning Specialist V4,"{""highlight"": true, ""version"": ""4"", ""hint_type"": """"}",ba0cbc12-0e24-4cc2-8d17-404001e9b630,T1.Q6,Does the argument contain any of the following misleading forms of reasoning? Check all that apply.,CHECKBOX,,,nominal,"{""version"": ""4"", ""alpha_distance"": ""nominal"", ""require_one_or_more"": true, ""hint_type"": """"}",10,b5586e43-ee49-444b-a704-c107f3ca84e5,T1.Q6.A9,Other logical fallacy,,0,1,"{""case_numbers"": true, ""highlight"": false, ""version"": ""4"", ""require_highlight"": true}"
NYU_Reasoning2,eace698d45562a4832f0753fc291ea8199df836c5c98517a897c6d112e9f1545,84271703-4e76-406d-b86f-863fa81b62aa,Reasoning Specialist V4,"{""highlight"": true, ""version"": ""4"", ""hint_type"": """"}",ba0cbc12-0e24-4cc2-8d17-404001e9b630,T1.Q6,Does the argument contain any of the following misleading forms of reasoning? Check all that apply.,CHECKBOX,,,nominal,"{""version"": ""4"", ""alpha_distance"": ""nominal"", ""require_one_or_more"": true, ""hint_type"": """"}",10,dd584f1e-6798-40aa-84bf-9c842c787b1c,T1.Q6.A10,No logical fallacies,,1,1,"{""case_numbers"": true, ""highlight"": true, ""version"": ""4"", ""require_highlight"": true}"
NYU_Reasoning2,eace698d45562a4832f0753fc291ea8199df836c5c98517a897c6d112e9f1545,84271703-4e76-406d-b86f-863fa81b62aa,Reasoning Specialist V4,"{""highlight"": true, ""version"": ""4"", ""hint_type"": """"}",263834b1-1a79-4086-a7a5-16aa10177e34,T1.Q7,How misleading is the argument?,RADIO,,,nominal,"{""version"": ""4"", ""alpha_distance"": ""nominal"", ""require_one_or_more"": true, ""hint_type"": """"}",5,6db7e056-75d0-4ed4-8293-01fa482ccc55,T1.Q7.A1,Extremely,,0,1,"{""case_numbers"": true, ""highlight"": false, ""version"": ""4"", ""require_highlight"": true}"
NYU_Reasoning2,eace698d45562a4832f0753fc291ea8199df836c5c98517a897c6d112e9f1545,84271703-4e76-406d-b86f-863fa81b62aa,Reasoning Specialist V4,"{""highlight"": true, ""version"": ""4"", ""hint_type"": """"}",263834b1-1a79-4086-a7a5-16aa10177e34,T1.Q7,How misleading is the argument?,RADIO,,,nominal,"{""version"": ""4"", ""alpha_distance"": ""nominal"", ""require_one_or_more"": true, ""hint_type"": """"}",5,8024a317-97e3-43e5-8293-a58cd8713bbb,T1.Q7.A2,Very,,0,1,"{""case_numbers"": true, ""highlight"": false, ""version"": ""4"", ""require_highlight"": true}"
NYU_Reasoning2,eace698d45562a4832f0753fc291ea8199df836c5c98517a897c6d112e9f1545,84271703-4e76-406d-b86f-863fa81b62aa,Reasoning Specialist V4,"{""highlight"": true, ""version"": ""4"", ""hint_type"": """"}",263834b1-1a79-4086-a7a5-16aa10177e34,T1.Q7,How misleading is the argument?,RADIO,,,nominal,"{""version"": ""4"", ""alpha_distance"": ""nominal"", ""require_one_or_more"": true, ""hint_type"": """"}",5,2a13318b-c549-490d-bfbb-be4cb75c2b25,T1.Q7.A3,Somewhat,,0,1,"{""case_numbers"": true, ""highlight"": false, ""version"": ""4"", ""require_highlight"": true}"
NYU_Reasoning2,eace698d45562a4832f0753fc291ea8199df836c5c98517a897c6d112e9f1545,84271703-4e76-406d-b86f-863fa81b62aa,Reasoning Specialist V4,"{""highlight"": true, ""version"": ""4"", ""hint_type"": """"}",263834b1-1a79-4086-a7a5-16aa10177e34,T1.Q7,How misleading is the argument?,RADIO,,,nominal,"{""version"": ""4"", ""alpha_distance"": ""nominal"", ""require_one_or_more"": true, ""hint_type"": """"}",5,2e2aa6ed-1095-49a4-96c4-f6b99c944f87,T1.Q7.A4,Slightly,,0,1,"{""case_numbers"": true, ""highlight"": false, ""version"": ""4"", ""require_highlight"": true}"
NYU_Reasoning2,eace698d45562a4832f0753fc291ea8199df836c5c98517a897c6d112e9f1545,84271703-4e76-406d-b86f-863fa81b62aa,Reasoning Specialist V4,"{""highlight"": true, ""version"": ""4"", ""hint_type"": """"}",263834b1-1a79-4086-a7a5-16aa10177e34,T1.Q7,How misleading is the argument?,RADIO,,,nominal,"{""version"": ""4"", ""alpha_distance"": ""nominal"", ""require_one_or_more"": true, ""hint_type"": """"}",5,b215ddda-55dc-45ad-ad16-57a6b226e6ba,T1.Q7.A5,Not at all,,0,1,"{""case_numbers"": true, ""highlight"": false, ""version"": ""4"", ""require_highlight"": true}"
NYU_Reasoning2,eace698d45562a4832f0753fc291ea8199df836c5c98517a897c6d112e9f1545,84271703-4e76-406d-b86f-863fa81b62aa,Reasoning Specialist V4,"{""highlight"": true, ""version"": ""4"", ""hint_type"": """"}",2eb0c091-64ff-4491-9834-524113a507b5,T1.Q8,"You said that there was an ""Other"" form of misleading reasoning. Briefly describe what is wrong with it.",TEXT,,,nominal,"{""version"": ""4"", ""alpha_distance"": ""nominal"", ""require_one_or_more"": true, ""hint_type"": """"}",1,3a786a4e-2b05-4076-87bc-d8dbceb789ee,T1.Q8.A1,placeholder answer for TEXT,,0,1,"{""case_numbers"": true, ""highlight"": false, ""version"": ""4"", ""require_highlight"": true}"
NYU_Reasoning2,eace698d45562a4832f0753fc291ea8199df836c5c98517a897c6d112e9f1545,84271703-4e76-406d-b86f-863fa81b62aa,Reasoning Specialist V4,"{""highlight"": true, ""version"": ""4"", ""hint_type"": """"}",1209d700-6b88-4627-a63c-a58895313283,T1.Q9,"How difficult was this task for you, on the whole?",RADIO,,,nominal,"{""version"": ""4"", ""alpha_distance"": ""nominal"", ""require_one_or_more"": true, ""hint_type"": """"}",10,8c6c4642-3f13-4343-900c-3b8fa25b0a5f,T1.Q9.A1,1: Easier than anything I've ever done in a classroom setting,,0,1,"{""case_numbers"": true, ""highlight"": false, ""version"": ""4"", ""require_highlight"": true}"
NYU_Reasoning2,eace698d45562a4832f0753fc291ea8199df836c5c98517a897c6d112e9f1545,84271703-4e76-406d-b86f-863fa81b62aa,Reasoning Specialist V4,"{""highlight"": true, ""version"": ""4"", ""hint_type"": """"}",1209d700-6b88-4627-a63c-a58895313283,T1.Q9,"How difficult was this task for you, on the whole?",RADIO,,,nominal,"{""version"": ""4"", ""alpha_distance"": ""nominal"", ""require_one_or_more"": true, ""hint_type"": """"}",10,669c039c-500b-4046-a096-e5bab0f17827,T1.Q9.A2,2,,0,1,"{""case_numbers"": true, ""highlight"": false, ""version"": ""4"", ""require_highlight"": true}"
NYU_Reasoning2,eace698d45562a4832f0753fc291ea8199df836c5c98517a897c6d112e9f1545,84271703-4e76-406d-b86f-863fa81b62aa,Reasoning Specialist V4,"{""highlight"": true, ""version"": ""4"", ""hint_type"": """"}",1209d700-6b88-4627-a63c-a58895313283,T1.Q9,"How difficult was this task for you, on the whole?",RADIO,,,nominal,"{""version"": ""4"", ""alpha_distance"": ""nominal"", ""require_one_or_more"": true, ""hint_type"": """"}",10,cf96f03f-a18b-448e-81f2-67015c432b63,T1.Q9.A3,3,,0,1,"{""case_numbers"": true, ""highlight"": false, ""version"": ""4"", ""require_highlight"": true}"
NYU_Reasoning2,eace698d45562a4832f0753fc291ea8199df836c5c98517a897c6d112e9f1545,84271703-4e76-406d-b86f-863fa81b62aa,Reasoning Specialist V4,"{""highlight"": true, ""version"": ""4"", ""hint_type"": """"}",1209d700-6b88-4627-a63c-a58895313283,T1.Q9,"How difficult was this task for you, on the whole?",RADIO,,,nominal,"{""version"": ""4"", ""alpha_distance"": ""nominal"", ""require_one_or_more"": true, ""hint_type"": """"}",10,be3ef7ad-280a-4448-8d04-289a57a967ec,T1.Q9.A4,4,,0,1,"{""case_numbers"": true, ""highlight"": false, ""version"": ""4"", ""require_highlight"": true}"
NYU_Reasoning2,eace698d45562a4832f0753fc291ea8199df836c5c98517a897c6d112e9f1545,84271703-4e76-406d-b86f-863fa81b62aa,Reasoning Specialist V4,"{""highlight"": true, ""version"": ""4"", ""hint_type"": """"}",1209d700-6b88-4627-a63c-a58895313283,T1.Q9,"How difficult was this task for you, on the whole?",RADIO,,,nominal,"{""version"": ""4"", ""alpha_distance"": ""nominal"", ""require_one_or_more"": true, ""hint_type"": """"}",10,fd776d70-0485-4ac8-9be1-d8f09708b92e,T1.Q9.A5,5: Middling difficulty,,0,1,"{""case_numbers"": true, ""highlight"": false, ""version"": ""4"", ""require_highlight"": true}"
NYU_Reasoning2,eace698d45562a4832f0753fc291ea8199df836c5c98517a897c6d112e9f1545,84271703-4e76-406d-b86f-863fa81b62aa,Reasoning Specialist V4,"{""highlight"": true, ""version"": ""4"", ""hint_type"": """"}",1209d700-6b88-4627-a63c-a58895313283,T1.Q9,"How difficult was this task for you, on the whole?",RADIO,,,nominal,"{""version"": ""4"", ""alpha_distance"": ""nominal"", ""require_one_or_more"": true, ""hint_type"": """"}",10,45abdcc4-00d7-44f0-affe-03cfaec271fa,T1.Q9.A6,6,,0,1,"{""case_numbers"": true, ""highlight"": false, ""version"": ""4"", ""require_highlight"": true}"
NYU_Reasoning2,eace698d45562a4832f0753fc291ea8199df836c5c98517a897c6d112e9f1545,84271703-4e76-406d-b86f-863fa81b62aa,Reasoning Specialist V4,"{""highlight"": true, ""version"": ""4"", ""hint_type"": """"}",1209d700-6b88-4627-a63c-a58895313283,T1.Q9,"How difficult was this task for you, on the whole?",RADIO,,,nominal,"{""version"": ""4"", ""alpha_distance"": ""nominal"", ""require_one_or_more"": true, ""hint_type"": """"}",10,8b43ede7-0599-4fc5-a0f3-ad02edbc2125,T1.Q9.A7,7,,0,1,"{""case_numbers"": true, ""highlight"": false, ""version"": ""4"", ""require_highlight"": true}"
NYU_Reasoning2,eace698d45562a4832f0753fc291ea8199df836c5c98517a897c6d112e9f1545,84271703-4e76-406d-b86f-863fa81b62aa,Reasoning Specialist V4,"{""highlight"": true, ""version"": ""4"", ""hint_type"": """"}",1209d700-6b88-4627-a63c-a58895313283,T1.Q9,"How difficult was this task for you, on the whole?",RADIO,,,nominal,"{""version"": ""4"", ""alpha_distance"": ""nominal"", ""require_one_or_more"": true, ""hint_type"": """"}",10,924c13d1-62da-487b-aefe-11be8748d742,T1.Q9.A8,8,,0,1,"{""case_numbers"": true, ""highlight"": false, ""version"": ""4"", ""require_highlight"": true}"
NYU_Reasoning2,eace698d45562a4832f0753fc291ea8199df836c5c98517a897c6d112e9f1545,84271703-4e76-406d-b86f-863fa81b62aa,Reasoning Specialist V4,"{""highlight"": true, ""version"": ""4"", ""hint_type"": """"}",1209d700-6b88-4627-a63c-a58895313283,T1.Q9,"How difficult was this task for you, on the whole?",RADIO,,,nominal,"{""version"": ""4"", ""alpha_distance"": ""nominal"", ""require_one_or_more"": true, ""hint_type"": """"}",10,750fed5b-fc16-4313-bf63-7011ac6dcc64,T1.Q9.A9,9,,0,1,"{""case_numbers"": true, ""highlight"": false, ""version"": ""4"", ""require_highlight"": true}"
NYU_Reasoning2,eace698d45562a4832f0753fc291ea8199df836c5c98517a897c6d112e9f1545,84271703-4e76-406d-b86f-863fa81b62aa,Reasoning Specialist V4,"{""highlight"": true, ""version"": ""4"", ""hint_type"": """"}",1209d700-6b88-4627-a63c-a58895313283,T1.Q9,"How difficult was this task for you, on the whole?",RADIO,,,nominal,"{""version"": ""4"", ""alpha_distance"": ""nominal"", ""require_one_or_more"": true, ""hint_type"": """"}",10,57cccddd-5d2d-45e9-8e30-48e7c85c2b52,T1.Q9.A10,10: Harder than anything I've ever done in a classroom setting,,0,1,"{""case_numbers"": true, ""highlight"": false, ""version"": ""4"", ""require_highlight"": true}"
NYU_Reasoning2,eace698d45562a4832f0753fc291ea8199df836c5c98517a897c6d112e9f1545,84271703-4e76-406d-b86f-863fa81b62aa,Reasoning Specialist V4,"{""highlight"": true, ""version"": ""4"", ""hint_type"": """"}",a0d22161-6bd9-4624-8cc2-452a317f41cc,T1.Q10,"How confident are you about your answers, on the whole?",RADIO,,,nominal,"{""version"": ""4"", ""alpha_distance"": ""nominal"", ""require_one_or_more"": true, ""hint_type"": """"}",10,2c1844ce-6f4c-4c32-b9ae-aee4dccb98c6,T1.Q10.A1,1: I was guessing randomly for everything,,0,1,"{""case_numbers"": true, ""highlight"": false, ""version"": ""4"", ""require_highlight"": true}"
NYU_Reasoning2,eace698d45562a4832f0753fc291ea8199df836c5c98517a897c6d112e9f1545,84271703-4e76-406d-b86f-863fa81b62aa,Reasoning Specialist V4,"{""highlight"": true, ""version"": ""4"", ""hint_type"": """"}",a0d22161-6bd9-4624-8cc2-452a317f41cc,T1.Q10,"How confident are you about your answers, on the whole?",RADIO,,,nominal,"{""version"": ""4"", ""alpha_distance"": ""nominal"", ""require_one_or_more"": true, ""hint_type"": """"}",10,d7b53b03-a34e-48e5-aa11-8f93a36ee33a,T1.Q10.A2,2,,0,1,"{""case_numbers"": true, ""highlight"": false, ""version"": ""4"", ""require_highlight"": true}"
NYU_Reasoning2,eace698d45562a4832f0753fc291ea8199df836c5c98517a897c6d112e9f1545,84271703-4e76-406d-b86f-863fa81b62aa,Reasoning Specialist V4,"{""highlight"": true, ""version"": ""4"", ""hint_type"": """"}",a0d22161-6bd9-4624-8cc2-452a317f41cc,T1.Q10,"How confident are you about your answers, on the whole?",RADIO,,,nominal,"{""version"": ""4"", ""alpha_distance"": ""nominal"", ""require_one_or_more"": true, ""hint_type"": """"}",10,bb4e07b4-9fa3-4f3c-8269-a18c14fd16e1,T1.Q10.A3,3,,0,1,"{""case_numbers"": true, ""highlight"": false, ""version"": ""4"", ""require_highlight"": true}"
NYU_Reasoning2,eace698d45562a4832f0753fc291ea8199df836c5c98517a897c6d112e9f1545,84271703-4e76-406d-b86f-863fa81b62aa,Reasoning Specialist V4,"{""highlight"": true, ""version"": ""4"", ""hint_type"": """"}",a0d22161-6bd9-4624-8cc2-452a317f41cc,T1.Q10,"How confident are you about your answers, on the whole?",RADIO,,,nominal,"{""version"": ""4"", ""alpha_distance"": ""nominal"", ""require_one_or_more"": true, ""hint_type"": """"}",10,57601e0c-61ed-423a-b115-ad3180b7bb1d,T1.Q10.A4,4,,0,1,"{""case_numbers"": true, ""highlight"": false, ""version"": ""4"", ""require_highlight"": true}"
NYU_Reasoning2,eace698d45562a4832f0753fc291ea8199df836c5c98517a897c6d112e9f1545,84271703-4e76-406d-b86f-863fa81b62aa,Reasoning Specialist V4,"{""highlight"": true, ""version"": ""4"", ""hint_type"": """"}",a0d22161-6bd9-4624-8cc2-452a317f41cc,T1.Q10,"How confident are you about your answers, on the whole?",RADIO,,,nominal,"{""version"": ""4"", ""alpha_distance"": ""nominal"", ""require_one_or_more"": true, ""hint_type"": """"}",10,b904ec22-270f-486a-9752-ece7acb7ddf2,T1.Q10.A5,5: 50-50 that I had it on any given item,,0,1,"{""case_numbers"": true, ""highlight"": false, ""version"": ""4"", ""require_highlight"": true}"
NYU_Reasoning2,eace698d45562a4832f0753fc291ea8199df836c5c98517a897c6d112e9f1545,84271703-4e76-406d-b86f-863fa81b62aa,Reasoning Specialist V4,"{""highlight"": true, ""version"": ""4"", ""hint_type"": """"}",a0d22161-6bd9-4624-8cc2-452a317f41cc,T1.Q10,"How confident are you about your answers, on the whole?",RADIO,,,nominal,"{""version"": ""4"", ""alpha_distance"": ""nominal"", ""require_one_or_more"": true, ""hint_type"": """"}",10,eb339ff2-62c0-4a21-9ff6-c0007cbfdc55,T1.Q10.A6,6,,0,1,"{""case_numbers"": true, ""highlight"": false, ""version"": ""4"", ""require_highlight"": true}"
NYU_Reasoning2,eace698d45562a4832f0753fc291ea8199df836c5c98517a897c6d112e9f1545,84271703-4e76-406d-b86f-863fa81b62aa,Reasoning Specialist V4,"{""highlight"": true, ""version"": ""4"", ""hint_type"": """"}",a0d22161-6bd9-4624-8cc2-452a317f41cc,T1.Q10,"How confident are you about your answers, on the whole?",RADIO,,,nominal,"{""version"": ""4"", ""alpha_distance"": ""nominal"", ""require_one_or_more"": true, ""hint_type"": """"}",10,b52a8b58-54e4-4362-9272-e4fe92559ae4,T1.Q10.A7,7,,0,1,"{""case_numbers"": true, ""highlight"": false, ""version"": ""4"", ""require_highlight"": true}"
NYU_Reasoning2,eace698d45562a4832f0753fc291ea8199df836c5c98517a897c6d112e9f1545,84271703-4e76-406d-b86f-863fa81b62aa,Reasoning Specialist V4,"{""highlight"": true, ""version"": ""4"", ""hint_type"": """"}",a0d22161-6bd9-4624-8cc2-452a317f41cc,T1.Q10,"How confident are you about your answers, on the whole?",RADIO,,,nominal,"{""version"": ""4"", ""alpha_distance"": ""nominal"", ""require_one_or_more"": true, ""hint_type"": """"}",10,2db75b7e-f2c2-4ea7-a88e-db0caa1dc7f4,T1.Q10.A8,8,,0,1,"{""case_numbers"": true, ""highlight"": false, ""version"": ""4"", ""require_highlight"": true}"
NYU_Reasoning2,eace698d45562a4832f0753fc291ea8199df836c5c98517a897c6d112e9f1545,84271703-4e76-406d-b86f-863fa81b62aa,Reasoning Specialist V4,"{""highlight"": true, ""version"": ""4"", ""hint_type"": """"}",a0d22161-6bd9-4624-8cc2-452a317f41cc,T1.Q10,"How confident are you about your answers, on the whole?",RADIO,,,nominal,"{""version"": ""4"", ""alpha_distance"": ""nominal"", ""require_one_or_more"": true, ""hint_type"": """"}",10,1817f20e-d46c-4cce-8503-7a51e2d0f39b,T1.Q10.A9,9,,0,1,"{""case_numbers"": true, ""highlight"": false, ""version"": ""4"", ""require_highlight"": true}"
NYU_Reasoning2,eace698d45562a4832f0753fc291ea8199df836c5c98517a897c6d112e9f1545,84271703-4e76-406d-b86f-863fa81b62aa,Reasoning Specialist V4,"{""highlight"": true, ""version"": ""4"", ""hint_type"": """"}",a0d22161-6bd9-4624-8cc2-452a317f41cc,T1.Q10,"How confident are you about your answers, on the whole?",RADIO,,,nominal,"{""version"": ""4"", ""alpha_distance"": ""nominal"", ""require_one_or_more"": true, ""hint_type"": """"}",10,83e20c9a-a13c-423a-9de0-7c1bf5784ce5,T1.Q10.A10,10: 100% certain about all my answers,,0,1,"{""case_numbers"": true, ""highlight"": false, ""version"": ""4"", ""require_highlight"": true}"
