schema_namespace,schema_sha256,topic_uuid,topic_name,topic_options,question_uuid,question_label,question_text,question_type,question_hint_type,question_next_questions,alpha_distance,question_options,answer_count,answer_uuid,answer_label,answer_content,answer_next_questions,highlight,require_highlight,answer_options
EvidenceSpecialist_2019_08_04,c0214f290c8f381a5f02b9fcb221ff897c903c4646af9fa73577f092c303926f,51e29e9a-345d-47e6-bd1a-80594d107daf,Evidence Specialist,"{""highlight"": true, ""version"": ""4"", ""hint_type"": """"}",9bb7d011-70ac-4028-81ab-9a49ed6508f3,T1.Q1,Is a general or singular causal claim made? Highlight the section(s) that supports your answer.,CHECKBOX,,,nominal,"{""version"": ""4"", ""alpha_distance"": ""nominal"", ""require_one_or_more"": true, ""hint_type"": """"}",3,1001814f-3d89-4e1f-8c1e-e712a4999c51,T1.Q1.A1,"General Causation (In general, X causes Y.)",T1.Q2,1,1,"{""case_numbers"": true, ""highlight"": true, ""version"": ""4"", ""require_highlight"": true}"
EvidenceSpecialist_2019_08_04,c0214f290c8f381a5f02b9fcb221ff897c903c4646af9fa73577f092c303926f,51e29e9a-345d-47e6-bd1a-80594d107daf,Evidence Specialist,"{""highlight"": true, ""version"": ""4"", ""hint_type"": """"}",9bb7d011-70ac-4028-81ab-9a49ed6508f3,T1.Q1,Is a general or singular causal claim made? Highlight the section(s) that supports your answer.,CHECKBOX,,,nominal,"{""version"": ""4"", ""alpha_distance"": ""nominal"", ""require_one_or_more"": true, ""hint_type"": """"}",3,291df628-7c03-473d-a625-d189a6c4367a,T1.Q1.A2,"Singular Causation (In this case, A caused/is causing B)",T1.Q2,1,1,"{""case_numbers"": true, ""highlight"": true, ""version"": ""4"", ""require_highlight"": true}"
EvidenceSpecialist_2019_08_04,c0214f290c8f381a5f02b9fcb221ff897c903c4646af9fa73577f092c303926f,51e29e9a-345d-47e6-bd1a-80594d107daf,Evidence Specialist,"{""highlight"": true, ""version"": ""4"", ""hint_type"": """"}",9bb7d011-70ac-4028-81ab-9a49ed6508f3,T1.Q1,Is a general or singular causal claim made? Highlight the section(s) that supports your answer.,CHECKBOX,,,nominal,"{""version"": ""4"", ""alpha_distance"": ""nominal"", ""require_one_or_more"": true, ""hint_type"": """"}",3,43deba4a-8963-4910-8ab0-e2a76b258c70,T1.Q1.A3,No causal claim made,,1,1,"{""case_numbers"": true, ""highlight"": true, ""version"": ""4"", ""require_highlight"": true}"
EvidenceSpecialist_2019_08_04,c0214f290c8f381a5f02b9fcb221ff897c903c4646af9fa73577f092c303926f,51e29e9a-345d-47e6-bd1a-80594d107daf,Evidence Specialist,"{""highlight"": true, ""version"": ""4"", ""hint_type"": """"}",d5d52599-0ece-4d4c-a25c-d0455826e9f8,T1.Q2,What evidence is given for the primary causal claim? Select all that apply.,CHECKBOX,,"T1.Q7, T1.Q8",nominal,"{""version"": ""4"", ""alpha_distance"": ""nominal"", ""require_one_or_more"": true, ""hint_type"": """"}",9,fe69a36d-789e-4234-9a13-a68e0d4c5c06,T1.Q2.A1,Correlation,T1.Q4,1,1,"{""case_numbers"": true, ""highlight"": true, ""version"": ""4"", ""require_highlight"": true}"
EvidenceSpecialist_2019_08_04,c0214f290c8f381a5f02b9fcb221ff897c903c4646af9fa73577f092c303926f,51e29e9a-345d-47e6-bd1a-80594d107daf,Evidence Specialist,"{""highlight"": true, ""version"": ""4"", ""hint_type"": """"}",d5d52599-0ece-4d4c-a25c-d0455826e9f8,T1.Q2,What evidence is given for the primary causal claim? Select all that apply.,CHECKBOX,,"T1.Q7, T1.Q8",nominal,"{""version"": ""4"", ""alpha_distance"": ""nominal"", ""require_one_or_more"": true, ""hint_type"": """"}",9,96439f50-d33f-496d-af59-ed759875ad94,T1.Q2.A2,Cause precedes effect,,1,1,"{""case_numbers"": true, ""highlight"": true, ""version"": ""4"", ""require_highlight"": true}"
EvidenceSpecialist_2019_08_04,c0214f290c8f381a5f02b9fcb221ff897c903c4646af9fa73577f092c303926f,51e29e9a-345d-47e6-bd1a-80594d107daf,Evidence Specialist,"{""highlight"": true, ""version"": ""4"", ""hint_type"": """"}",d5d52599-0ece-4d4c-a25c-d0455826e9f8,T1.Q2,What evidence is given for the primary causal claim? Select all that apply.,CHECKBOX,,"T1.Q7, T1.Q8",nominal,"{""version"": ""4"", ""alpha_distance"": ""nominal"", ""require_one_or_more"": true, ""hint_type"": """"}",9,374f9785-c5dd-448d-a66a-ad9a5016f6d9,T1.Q2.A3,The correlation appears across multiple independent contexts,,0,1,"{""case_numbers"": true, ""highlight"": false, ""version"": ""4"", ""require_highlight"": true}"
EvidenceSpecialist_2019_08_04,c0214f290c8f381a5f02b9fcb221ff897c903c4646af9fa73577f092c303926f,51e29e9a-345d-47e6-bd1a-80594d107daf,Evidence Specialist,"{""highlight"": true, ""version"": ""4"", ""hint_type"": """"}",d5d52599-0ece-4d4c-a25c-d0455826e9f8,T1.Q2,What evidence is given for the primary causal claim? Select all that apply.,CHECKBOX,,"T1.Q7, T1.Q8",nominal,"{""version"": ""4"", ""alpha_distance"": ""nominal"", ""require_one_or_more"": true, ""hint_type"": """"}",9,1dc630d6-b642-4b88-a197-90212cf5bd64,T1.Q2.A4,A plausible mechanism is proposed,,1,1,"{""case_numbers"": true, ""highlight"": true, ""version"": ""4"", ""require_highlight"": true}"
EvidenceSpecialist_2019_08_04,c0214f290c8f381a5f02b9fcb221ff897c903c4646af9fa73577f092c303926f,51e29e9a-345d-47e6-bd1a-80594d107daf,Evidence Specialist,"{""highlight"": true, ""version"": ""4"", ""hint_type"": """"}",d5d52599-0ece-4d4c-a25c-d0455826e9f8,T1.Q2,What evidence is given for the primary causal claim? Select all that apply.,CHECKBOX,,"T1.Q7, T1.Q8",nominal,"{""version"": ""4"", ""alpha_distance"": ""nominal"", ""require_one_or_more"": true, ""hint_type"": """"}",9,8fa9b6f4-caae-48e3-a756-21a692e911f2,T1.Q2.A5,An experimental study was conducted (natural experiments OK),"T1.Q4, T1.Q5",1,1,"{""case_numbers"": true, ""highlight"": true, ""version"": ""4"", ""require_highlight"": true}"
EvidenceSpecialist_2019_08_04,c0214f290c8f381a5f02b9fcb221ff897c903c4646af9fa73577f092c303926f,51e29e9a-345d-47e6-bd1a-80594d107daf,Evidence Specialist,"{""highlight"": true, ""version"": ""4"", ""hint_type"": """"}",d5d52599-0ece-4d4c-a25c-d0455826e9f8,T1.Q2,What evidence is given for the primary causal claim? Select all that apply.,CHECKBOX,,"T1.Q7, T1.Q8",nominal,"{""version"": ""4"", ""alpha_distance"": ""nominal"", ""require_one_or_more"": true, ""hint_type"": """"}",9,2d59c2ac-a5c0-4ff7-968b-925cba1ba702,T1.Q2.A6,There is a clear dose-response curve,,1,1,"{""case_numbers"": true, ""highlight"": true, ""version"": ""4"", ""require_highlight"": true}"
EvidenceSpecialist_2019_08_04,c0214f290c8f381a5f02b9fcb221ff897c903c4646af9fa73577f092c303926f,51e29e9a-345d-47e6-bd1a-80594d107daf,Evidence Specialist,"{""highlight"": true, ""version"": ""4"", ""hint_type"": """"}",d5d52599-0ece-4d4c-a25c-d0455826e9f8,T1.Q2,What evidence is given for the primary causal claim? Select all that apply.,CHECKBOX,,"T1.Q7, T1.Q8",nominal,"{""version"": ""4"", ""alpha_distance"": ""nominal"", ""require_one_or_more"": true, ""hint_type"": """"}",9,e9bfd507-ec14-44f9-9c07-08e90523203a,T1.Q2.A7,Experts are cited,,1,1,"{""case_numbers"": true, ""highlight"": true, ""version"": ""4"", ""require_highlight"": true}"
EvidenceSpecialist_2019_08_04,c0214f290c8f381a5f02b9fcb221ff897c903c4646af9fa73577f092c303926f,51e29e9a-345d-47e6-bd1a-80594d107daf,Evidence Specialist,"{""highlight"": true, ""version"": ""4"", ""hint_type"": """"}",d5d52599-0ece-4d4c-a25c-d0455826e9f8,T1.Q2,What evidence is given for the primary causal claim? Select all that apply.,CHECKBOX,,"T1.Q7, T1.Q8",nominal,"{""version"": ""4"", ""alpha_distance"": ""nominal"", ""require_one_or_more"": true, ""hint_type"": """"}",9,c3fa2526-c371-409c-b379-c499e3608b4e,T1.Q2.A8,Other evidence,T1.Q3,1,1,"{""case_numbers"": true, ""highlight"": true, ""version"": ""4"", ""require_highlight"": true}"
EvidenceSpecialist_2019_08_04,c0214f290c8f381a5f02b9fcb221ff897c903c4646af9fa73577f092c303926f,51e29e9a-345d-47e6-bd1a-80594d107daf,Evidence Specialist,"{""highlight"": true, ""version"": ""4"", ""hint_type"": """"}",d5d52599-0ece-4d4c-a25c-d0455826e9f8,T1.Q2,What evidence is given for the primary causal claim? Select all that apply.,CHECKBOX,,"T1.Q7, T1.Q8",nominal,"{""version"": ""4"", ""alpha_distance"": ""nominal"", ""require_one_or_more"": true, ""hint_type"": """"}",9,0f78ed22-6ccd-4a4e-936d-27c817d1c890,T1.Q2.A9,No evidence given,,0,1,"{""case_numbers"": true, ""highlight"": false, ""version"": ""4"", ""require_highlight"": true}"
EvidenceSpecialist_2019_08_04,c0214f290c8f381a5f02b9fcb221ff897c903c4646af9fa73577f092c303926f,51e29e9a-345d-47e6-bd1a-80594d107daf,Evidence Specialist,"{""highlight"": true, ""version"": ""4"", ""hint_type"": """"}",e6fb434b-2823-4cdc-bdef-4cbe1e6021e9,T1.Q3,What other evidence is given?,TEXT,,,nominal,"{""version"": ""4"", ""alpha_distance"": ""nominal"", ""require_one_or_more"": true, ""hint_type"": """"}",1,09b3c4f8-d2bf-4552-a16f-7cd1c807cde3,T1.Q3.A1,placeholder answer for TEXT,,0,1,"{""case_numbers"": true, ""highlight"": false, ""version"": ""4"", ""require_highlight"": true}"
EvidenceSpecialist_2019_08_04,c0214f290c8f381a5f02b9fcb221ff897c903c4646af9fa73577f092c303926f,51e29e9a-345d-47e6-bd1a-80594d107daf,Evidence Specialist,"{""highlight"": true, ""version"": ""4"", ""hint_type"": """"}",3310391a-ca9c-4295-b650-a8294fc7d887,T1.Q4,How representative is the sample of the population that the claim is made about?,RADIO,,,nominal,"{""version"": ""4"", ""alpha_distance"": ""nominal"", ""require_one_or_more"": true, ""hint_type"": """"}",6,787c1818-7a91-4a83-a089-39b9cb31fb9e,T1.Q4.A1,Very representative (Also choose this if entire population is examined),,0,1,"{""case_numbers"": true, ""highlight"": false, ""version"": ""4"", ""require_highlight"": true}"
EvidenceSpecialist_2019_08_04,c0214f290c8f381a5f02b9fcb221ff897c903c4646af9fa73577f092c303926f,51e29e9a-345d-47e6-bd1a-80594d107daf,Evidence Specialist,"{""highlight"": true, ""version"": ""4"", ""hint_type"": """"}",3310391a-ca9c-4295-b650-a8294fc7d887,T1.Q4,How representative is the sample of the population that the claim is made about?,RADIO,,,nominal,"{""version"": ""4"", ""alpha_distance"": ""nominal"", ""require_one_or_more"": true, ""hint_type"": """"}",6,21704777-4bf6-41be-865d-f7413626e450,T1.Q4.A2,Fairly representative,,0,1,"{""case_numbers"": true, ""highlight"": false, ""version"": ""4"", ""require_highlight"": true}"
EvidenceSpecialist_2019_08_04,c0214f290c8f381a5f02b9fcb221ff897c903c4646af9fa73577f092c303926f,51e29e9a-345d-47e6-bd1a-80594d107daf,Evidence Specialist,"{""highlight"": true, ""version"": ""4"", ""hint_type"": """"}",3310391a-ca9c-4295-b650-a8294fc7d887,T1.Q4,How representative is the sample of the population that the claim is made about?,RADIO,,,nominal,"{""version"": ""4"", ""alpha_distance"": ""nominal"", ""require_one_or_more"": true, ""hint_type"": """"}",6,fbab56ce-cf4c-40f5-b0ca-9363769c7a00,T1.Q4.A3,Somewhat representative,,0,1,"{""case_numbers"": true, ""highlight"": false, ""version"": ""4"", ""require_highlight"": true}"
EvidenceSpecialist_2019_08_04,c0214f290c8f381a5f02b9fcb221ff897c903c4646af9fa73577f092c303926f,51e29e9a-345d-47e6-bd1a-80594d107daf,Evidence Specialist,"{""highlight"": true, ""version"": ""4"", ""hint_type"": """"}",3310391a-ca9c-4295-b650-a8294fc7d887,T1.Q4,How representative is the sample of the population that the claim is made about?,RADIO,,,nominal,"{""version"": ""4"", ""alpha_distance"": ""nominal"", ""require_one_or_more"": true, ""hint_type"": """"}",6,c0e1b1af-fe21-4440-9034-9826aecf8d2e,T1.Q4.A4,Slightly representative,,0,1,"{""case_numbers"": true, ""highlight"": false, ""version"": ""4"", ""require_highlight"": true}"
EvidenceSpecialist_2019_08_04,c0214f290c8f381a5f02b9fcb221ff897c903c4646af9fa73577f092c303926f,51e29e9a-345d-47e6-bd1a-80594d107daf,Evidence Specialist,"{""highlight"": true, ""version"": ""4"", ""hint_type"": """"}",3310391a-ca9c-4295-b650-a8294fc7d887,T1.Q4,How representative is the sample of the population that the claim is made about?,RADIO,,,nominal,"{""version"": ""4"", ""alpha_distance"": ""nominal"", ""require_one_or_more"": true, ""hint_type"": """"}",6,d9add30b-19da-4561-9968-425b02060146,T1.Q4.A5,Not at all representative,,0,1,"{""case_numbers"": true, ""highlight"": false, ""version"": ""4"", ""require_highlight"": true}"
EvidenceSpecialist_2019_08_04,c0214f290c8f381a5f02b9fcb221ff897c903c4646af9fa73577f092c303926f,51e29e9a-345d-47e6-bd1a-80594d107daf,Evidence Specialist,"{""highlight"": true, ""version"": ""4"", ""hint_type"": """"}",3310391a-ca9c-4295-b650-a8294fc7d887,T1.Q4,How representative is the sample of the population that the claim is made about?,RADIO,,,nominal,"{""version"": ""4"", ""alpha_distance"": ""nominal"", ""require_one_or_more"": true, ""hint_type"": """"}",6,fa69cad1-1bf7-45b1-8c58-420f1595bb48,T1.Q4.A6,Can't tell; not enough info,,0,1,"{""case_numbers"": true, ""highlight"": false, ""version"": ""4"", ""require_highlight"": true}"
EvidenceSpecialist_2019_08_04,c0214f290c8f381a5f02b9fcb221ff897c903c4646af9fa73577f092c303926f,51e29e9a-345d-47e6-bd1a-80594d107daf,Evidence Specialist,"{""highlight"": true, ""version"": ""4"", ""hint_type"": """"}",ce9ac07c-ab06-4df0-89e8-5299e32fb081,T1.Q5,"Was there an adequate control? If so, highlight section.",RADIO,,,nominal,"{""version"": ""4"", ""alpha_distance"": ""nominal"", ""require_one_or_more"": true, ""hint_type"": """"}",5,6bd8202f-c51a-48ee-b706-185d3b5ee170,T1.Q5.A1,Appropriate control,T1.Q6,1,1,"{""case_numbers"": true, ""highlight"": true, ""version"": ""4"", ""require_highlight"": true}"
EvidenceSpecialist_2019_08_04,c0214f290c8f381a5f02b9fcb221ff897c903c4646af9fa73577f092c303926f,51e29e9a-345d-47e6-bd1a-80594d107daf,Evidence Specialist,"{""highlight"": true, ""version"": ""4"", ""hint_type"": """"}",ce9ac07c-ab06-4df0-89e8-5299e32fb081,T1.Q5,"Was there an adequate control? If so, highlight section.",RADIO,,,nominal,"{""version"": ""4"", ""alpha_distance"": ""nominal"", ""require_one_or_more"": true, ""hint_type"": """"}",5,6c9471ca-5373-4ad6-b83e-070252febb36,T1.Q5.A2,Questionably appropriate control,T1.Q6,1,1,"{""case_numbers"": true, ""highlight"": true, ""version"": ""4"", ""require_highlight"": true}"
EvidenceSpecialist_2019_08_04,c0214f290c8f381a5f02b9fcb221ff897c903c4646af9fa73577f092c303926f,51e29e9a-345d-47e6-bd1a-80594d107daf,Evidence Specialist,"{""highlight"": true, ""version"": ""4"", ""hint_type"": """"}",ce9ac07c-ab06-4df0-89e8-5299e32fb081,T1.Q5,"Was there an adequate control? If so, highlight section.",RADIO,,,nominal,"{""version"": ""4"", ""alpha_distance"": ""nominal"", ""require_one_or_more"": true, ""hint_type"": """"}",5,1a207274-e933-42bd-9456-92e097b76255,T1.Q5.A3,Inappropriate control,T1.Q6,1,1,"{""case_numbers"": true, ""highlight"": true, ""version"": ""4"", ""require_highlight"": true}"
EvidenceSpecialist_2019_08_04,c0214f290c8f381a5f02b9fcb221ff897c903c4646af9fa73577f092c303926f,51e29e9a-345d-47e6-bd1a-80594d107daf,Evidence Specialist,"{""highlight"": true, ""version"": ""4"", ""hint_type"": """"}",ce9ac07c-ab06-4df0-89e8-5299e32fb081,T1.Q5,"Was there an adequate control? If so, highlight section.",RADIO,,,nominal,"{""version"": ""4"", ""alpha_distance"": ""nominal"", ""require_one_or_more"": true, ""hint_type"": """"}",5,7dc3620c-e6f0-4ac8-adbd-336a72ea1855,T1.Q5.A4,No control,,0,1,"{""case_numbers"": true, ""highlight"": false, ""version"": ""4"", ""require_highlight"": true}"
EvidenceSpecialist_2019_08_04,c0214f290c8f381a5f02b9fcb221ff897c903c4646af9fa73577f092c303926f,51e29e9a-345d-47e6-bd1a-80594d107daf,Evidence Specialist,"{""highlight"": true, ""version"": ""4"", ""hint_type"": """"}",ce9ac07c-ab06-4df0-89e8-5299e32fb081,T1.Q5,"Was there an adequate control? If so, highlight section.",RADIO,,,nominal,"{""version"": ""4"", ""alpha_distance"": ""nominal"", ""require_one_or_more"": true, ""hint_type"": """"}",5,109d42e4-8661-4daa-ac9d-65c26332055c,T1.Q5.A5,Can't tell; not enough info,,0,1,"{""case_numbers"": true, ""highlight"": false, ""version"": ""4"", ""require_highlight"": true}"
EvidenceSpecialist_2019_08_04,c0214f290c8f381a5f02b9fcb221ff897c903c4646af9fa73577f092c303926f,51e29e9a-345d-47e6-bd1a-80594d107daf,Evidence Specialist,"{""highlight"": true, ""version"": ""4"", ""hint_type"": """"}",bff439d7-1d29-4498-8ec8-f572f8be085b,T1.Q6,Was randomized assignment used?,RADIO,,,nominal,"{""version"": ""4"", ""alpha_distance"": ""nominal"", ""require_one_or_more"": true, ""hint_type"": """"}",3,bdae4729-c26d-4cb0-85c0-52a8775427d7,T1.Q6.A1,Yes,,1,1,"{""case_numbers"": true, ""highlight"": true, ""version"": ""4"", ""require_highlight"": true}"
EvidenceSpecialist_2019_08_04,c0214f290c8f381a5f02b9fcb221ff897c903c4646af9fa73577f092c303926f,51e29e9a-345d-47e6-bd1a-80594d107daf,Evidence Specialist,"{""highlight"": true, ""version"": ""4"", ""hint_type"": """"}",bff439d7-1d29-4498-8ec8-f572f8be085b,T1.Q6,Was randomized assignment used?,RADIO,,,nominal,"{""version"": ""4"", ""alpha_distance"": ""nominal"", ""require_one_or_more"": true, ""hint_type"": """"}",3,9bf8c85b-8d96-449b-8cc7-8289ca2ee341,T1.Q6.A2,No,,0,1,"{""case_numbers"": true, ""highlight"": false, ""version"": ""4"", ""require_highlight"": true}"
EvidenceSpecialist_2019_08_04,c0214f290c8f381a5f02b9fcb221ff897c903c4646af9fa73577f092c303926f,51e29e9a-345d-47e6-bd1a-80594d107daf,Evidence Specialist,"{""highlight"": true, ""version"": ""4"", ""hint_type"": """"}",bff439d7-1d29-4498-8ec8-f572f8be085b,T1.Q6,Was randomized assignment used?,RADIO,,,nominal,"{""version"": ""4"", ""alpha_distance"": ""nominal"", ""require_one_or_more"": true, ""hint_type"": """"}",3,c0ef0048-8ede-4b15-8e7c-380f4df25c7a,T1.Q6.A3,Can't tell; not enough info,,0,1,"{""case_numbers"": true, ""highlight"": false, ""version"": ""4"", ""require_highlight"": true}"
EvidenceSpecialist_2019_08_04,c0214f290c8f381a5f02b9fcb221ff897c903c4646af9fa73577f092c303926f,51e29e9a-345d-47e6-bd1a-80594d107daf,Evidence Specialist,"{""highlight"": true, ""version"": ""4"", ""hint_type"": """"}",d313c063-d5f8-4e39-88fd-93bedc200548,T1.Q7,What is the best alternative explanation you can think of that could lead to the same set of evidence?,TEXT,,,nominal,"{""version"": ""4"", ""alpha_distance"": ""nominal"", ""require_one_or_more"": true, ""hint_type"": """"}",1,787ea332-3c27-411f-9ef8-996415a64a39,T1.Q7.A1,placeholder answer for TEXT,,0,1,"{""case_numbers"": true, ""highlight"": false, ""version"": ""4"", ""require_highlight"": true}"
EvidenceSpecialist_2019_08_04,c0214f290c8f381a5f02b9fcb221ff897c903c4646af9fa73577f092c303926f,51e29e9a-345d-47e6-bd1a-80594d107daf,Evidence Specialist,"{""highlight"": true, ""version"": ""4"", ""hint_type"": """"}",da6f3c94-04d0-41b2-b6ba-daddfe21687d,T1.Q8,"How likely is your alternative explanation for the same evidence, as compared to the author’s explanation?",RADIO,,,nominal,"{""version"": ""4"", ""alpha_distance"": ""nominal"", ""require_one_or_more"": true, ""hint_type"": """"}",5,9738ee41-a59e-4443-979e-8f76d4415b0f,T1.Q8.A1,Much more likely than author’s,,0,1,"{""case_numbers"": true, ""highlight"": false, ""version"": ""4"", ""require_highlight"": true}"
EvidenceSpecialist_2019_08_04,c0214f290c8f381a5f02b9fcb221ff897c903c4646af9fa73577f092c303926f,51e29e9a-345d-47e6-bd1a-80594d107daf,Evidence Specialist,"{""highlight"": true, ""version"": ""4"", ""hint_type"": """"}",da6f3c94-04d0-41b2-b6ba-daddfe21687d,T1.Q8,"How likely is your alternative explanation for the same evidence, as compared to the author’s explanation?",RADIO,,,nominal,"{""version"": ""4"", ""alpha_distance"": ""nominal"", ""require_one_or_more"": true, ""hint_type"": """"}",5,07a976df-b71c-4558-93b1-9f49fbb85a19,T1.Q8.A2,Somewhat more likely,,0,1,"{""case_numbers"": true, ""highlight"": false, ""version"": ""4"", ""require_highlight"": true}"
EvidenceSpecialist_2019_08_04,c0214f290c8f381a5f02b9fcb221ff897c903c4646af9fa73577f092c303926f,51e29e9a-345d-47e6-bd1a-80594d107daf,Evidence Specialist,"{""highlight"": true, ""version"": ""4"", ""hint_type"": """"}",da6f3c94-04d0-41b2-b6ba-daddfe21687d,T1.Q8,"How likely is your alternative explanation for the same evidence, as compared to the author’s explanation?",RADIO,,,nominal,"{""version"": ""4"", ""alpha_distance"": ""nominal"", ""require_one_or_more"": true, ""hint_type"": """"}",5,2652c44f-77b0-4791-a42e-0d2bf7c35e45,T1.Q8.A3,Equally likely,,0,1,"{""case_numbers"": true, ""highlight"": false, ""version"": ""4"", ""require_highlight"": true}"
EvidenceSpecialist_2019_08_04,c0214f290c8f381a5f02b9fcb221ff897c903c4646af9fa73577f092c303926f,51e29e9a-345d-47e6-bd1a-80594d107daf,Evidence Specialist,"{""highlight"": true, ""version"": ""4"", ""hint_type"": """"}",da6f3c94-04d0-41b2-b6ba-daddfe21687d,T1.Q8,"How likely is your alternative explanation for the same evidence, as compared to the author’s explanation?",RADIO,,,nominal,"{""version"": ""4"", ""alpha_distance"": ""nominal"", ""require_one_or_more"": true, ""hint_type"": """"}",5,dc70d3cd-9da0-4a77-b01c-9d705864b3fe,T1.Q8.A4,Somewhat less likely,,0,1,"{""case_numbers"": true, ""highlight"": false, ""version"": ""4"", ""require_highlight"": true}"
EvidenceSpecialist_2019_08_04,c0214f290c8f381a5f02b9fcb221ff897c903c4646af9fa73577f092c303926f,51e29e9a-345d-47e6-bd1a-80594d107daf,Evidence Specialist,"{""highlight"": true, ""version"": ""4"", ""hint_type"": """"}",da6f3c94-04d0-41b2-b6ba-daddfe21687d,T1.Q8,"How likely is your alternative explanation for the same evidence, as compared to the author’s explanation?",RADIO,,,nominal,"{""version"": ""4"", ""alpha_distance"": ""nominal"", ""require_one_or_more"": true, ""hint_type"": """"}",5,a4eb1418-a9cb-471d-8da1-68be6122b808,T1.Q8.A5,Much less likely,,0,1,"{""case_numbers"": true, ""highlight"": false, ""version"": ""4"", ""require_highlight"": true}"
EvidenceSpecialist_2019_08_04,c0214f290c8f381a5f02b9fcb221ff897c903c4646af9fa73577f092c303926f,51e29e9a-345d-47e6-bd1a-80594d107daf,Evidence Specialist,"{""highlight"": true, ""version"": ""4"", ""hint_type"": """"}",01f1588b-8f5b-418c-9caa-6fbd5034a5ea,T1.Q9,Is data presented as evidence for a pattern (e.g. A relationship between two variables)?,RADIO,,,nominal,"{""version"": ""4"", ""alpha_distance"": ""nominal"", ""require_one_or_more"": true, ""hint_type"": """"}",3,9cc94505-5998-4ed5-bde5-260b6e957497,T1.Q9.A1,Yes,"T1.Q10, T1.Q11",1,1,"{""case_numbers"": true, ""highlight"": true, ""version"": ""4"", ""require_highlight"": true}"
EvidenceSpecialist_2019_08_04,c0214f290c8f381a5f02b9fcb221ff897c903c4646af9fa73577f092c303926f,51e29e9a-345d-47e6-bd1a-80594d107daf,Evidence Specialist,"{""highlight"": true, ""version"": ""4"", ""hint_type"": """"}",01f1588b-8f5b-418c-9caa-6fbd5034a5ea,T1.Q9,Is data presented as evidence for a pattern (e.g. A relationship between two variables)?,RADIO,,,nominal,"{""version"": ""4"", ""alpha_distance"": ""nominal"", ""require_one_or_more"": true, ""hint_type"": """"}",3,d40b44d8-8cf5-446d-a07e-7f32992e9442,T1.Q9.A2,Maybe,"T1.Q10, T1.Q11",1,1,"{""case_numbers"": true, ""highlight"": true, ""version"": ""4"", ""require_highlight"": true}"
EvidenceSpecialist_2019_08_04,c0214f290c8f381a5f02b9fcb221ff897c903c4646af9fa73577f092c303926f,51e29e9a-345d-47e6-bd1a-80594d107daf,Evidence Specialist,"{""highlight"": true, ""version"": ""4"", ""hint_type"": """"}",01f1588b-8f5b-418c-9caa-6fbd5034a5ea,T1.Q9,Is data presented as evidence for a pattern (e.g. A relationship between two variables)?,RADIO,,,nominal,"{""version"": ""4"", ""alpha_distance"": ""nominal"", ""require_one_or_more"": true, ""hint_type"": """"}",3,f9e30dd9-2c13-421d-91d3-13ef6e843c72,T1.Q9.A3,No,,0,1,"{""case_numbers"": true, ""highlight"": false, ""version"": ""4"", ""require_highlight"": true}"
EvidenceSpecialist_2019_08_04,c0214f290c8f381a5f02b9fcb221ff897c903c4646af9fa73577f092c303926f,51e29e9a-345d-47e6-bd1a-80594d107daf,Evidence Specialist,"{""highlight"": true, ""version"": ""4"", ""hint_type"": """"}",31d8007d-3e72-48c9-afba-8730e2ba5f55,T1.Q10,"Given the information you have, how likely is it that the apparent pattern is a result of random statistical variation or error (noise)?",RADIO,,,nominal,"{""version"": ""4"", ""alpha_distance"": ""nominal"", ""require_one_or_more"": true, ""hint_type"": """"}",5,dd43b0a9-9d23-437a-901a-52ed290d35fa,T1.Q10.A1,Extremely Likely,,0,1,"{""case_numbers"": true, ""highlight"": false, ""version"": ""4"", ""require_highlight"": true}"
EvidenceSpecialist_2019_08_04,c0214f290c8f381a5f02b9fcb221ff897c903c4646af9fa73577f092c303926f,51e29e9a-345d-47e6-bd1a-80594d107daf,Evidence Specialist,"{""highlight"": true, ""version"": ""4"", ""hint_type"": """"}",31d8007d-3e72-48c9-afba-8730e2ba5f55,T1.Q10,"Given the information you have, how likely is it that the apparent pattern is a result of random statistical variation or error (noise)?",RADIO,,,nominal,"{""version"": ""4"", ""alpha_distance"": ""nominal"", ""require_one_or_more"": true, ""hint_type"": """"}",5,daad6869-36cf-4366-9de6-8fec4df02061,T1.Q10.A2,Somewhat Likely,,0,1,"{""case_numbers"": true, ""highlight"": false, ""version"": ""4"", ""require_highlight"": true}"
EvidenceSpecialist_2019_08_04,c0214f290c8f381a5f02b9fcb221ff897c903c4646af9fa73577f092c303926f,51e29e9a-345d-47e6-bd1a-80594d107daf,Evidence Specialist,"{""highlight"": true, ""version"": ""4"", ""hint_type"": """"}",31d8007d-3e72-48c9-afba-8730e2ba5f55,T1.Q10,"Given the information you have, how likely is it that the apparent pattern is a result of random statistical variation or error (noise)?",RADIO,,,nominal,"{""version"": ""4"", ""alpha_distance"": ""nominal"", ""require_one_or_more"": true, ""hint_type"": """"}",5,44acf4db-c19b-47ca-af99-183c30ef94ec,T1.Q10.A3,Neither Likely nor Unlikely,,0,1,"{""case_numbers"": true, ""highlight"": false, ""version"": ""4"", ""require_highlight"": true}"
EvidenceSpecialist_2019_08_04,c0214f290c8f381a5f02b9fcb221ff897c903c4646af9fa73577f092c303926f,51e29e9a-345d-47e6-bd1a-80594d107daf,Evidence Specialist,"{""highlight"": true, ""version"": ""4"", ""hint_type"": """"}",31d8007d-3e72-48c9-afba-8730e2ba5f55,T1.Q10,"Given the information you have, how likely is it that the apparent pattern is a result of random statistical variation or error (noise)?",RADIO,,,nominal,"{""version"": ""4"", ""alpha_distance"": ""nominal"", ""require_one_or_more"": true, ""hint_type"": """"}",5,f7ea2344-63a8-47d3-97ef-b494ed50d7ab,T1.Q10.A4,Somewhat Unlikely,,0,1,"{""case_numbers"": true, ""highlight"": false, ""version"": ""4"", ""require_highlight"": true}"
EvidenceSpecialist_2019_08_04,c0214f290c8f381a5f02b9fcb221ff897c903c4646af9fa73577f092c303926f,51e29e9a-345d-47e6-bd1a-80594d107daf,Evidence Specialist,"{""highlight"": true, ""version"": ""4"", ""hint_type"": """"}",31d8007d-3e72-48c9-afba-8730e2ba5f55,T1.Q10,"Given the information you have, how likely is it that the apparent pattern is a result of random statistical variation or error (noise)?",RADIO,,,nominal,"{""version"": ""4"", ""alpha_distance"": ""nominal"", ""require_one_or_more"": true, ""hint_type"": """"}",5,2a6fd546-0916-4906-b9ee-c3b1c65e034c,T1.Q10.A5,Very Unlikely,,0,1,"{""case_numbers"": true, ""highlight"": false, ""version"": ""4"", ""require_highlight"": true}"
EvidenceSpecialist_2019_08_04,c0214f290c8f381a5f02b9fcb221ff897c903c4646af9fa73577f092c303926f,51e29e9a-345d-47e6-bd1a-80594d107daf,Evidence Specialist,"{""highlight"": true, ""version"": ""4"", ""hint_type"": """"}",736d90b8-0978-4771-98e8-c171212e2d6f,T1.Q11,"Given the information you have, how likely is it that the apparent pattern is a result of some systematic error (a systematic bias in the study that could not be cancelled out by collecting more data)?",RADIO,,,nominal,"{""version"": ""4"", ""alpha_distance"": ""nominal"", ""require_one_or_more"": true, ""hint_type"": """"}",5,360c3b7b-3557-4167-8695-2e9dfb157f59,T1.Q11.A1,Extremely Likely,,0,1,"{""case_numbers"": true, ""highlight"": false, ""version"": ""4"", ""require_highlight"": true}"
EvidenceSpecialist_2019_08_04,c0214f290c8f381a5f02b9fcb221ff897c903c4646af9fa73577f092c303926f,51e29e9a-345d-47e6-bd1a-80594d107daf,Evidence Specialist,"{""highlight"": true, ""version"": ""4"", ""hint_type"": """"}",736d90b8-0978-4771-98e8-c171212e2d6f,T1.Q11,"Given the information you have, how likely is it that the apparent pattern is a result of some systematic error (a systematic bias in the study that could not be cancelled out by collecting more data)?",RADIO,,,nominal,"{""version"": ""4"", ""alpha_distance"": ""nominal"", ""require_one_or_more"": true, ""hint_type"": """"}",5,a4b46db5-be07-4257-bc5f-3dd6246fb449,T1.Q11.A2,Somewhat Likely,,0,1,"{""case_numbers"": true, ""highlight"": false, ""version"": ""4"", ""require_highlight"": true}"
EvidenceSpecialist_2019_08_04,c0214f290c8f381a5f02b9fcb221ff897c903c4646af9fa73577f092c303926f,51e29e9a-345d-47e6-bd1a-80594d107daf,Evidence Specialist,"{""highlight"": true, ""version"": ""4"", ""hint_type"": """"}",736d90b8-0978-4771-98e8-c171212e2d6f,T1.Q11,"Given the information you have, how likely is it that the apparent pattern is a result of some systematic error (a systematic bias in the study that could not be cancelled out by collecting more data)?",RADIO,,,nominal,"{""version"": ""4"", ""alpha_distance"": ""nominal"", ""require_one_or_more"": true, ""hint_type"": """"}",5,6185461f-6290-41b5-ba8b-5374115924d4,T1.Q11.A3,Not Sure,,0,1,"{""case_numbers"": true, ""highlight"": false, ""version"": ""4"", ""require_highlight"": true}"
EvidenceSpecialist_2019_08_04,c0214f290c8f381a5f02b9fcb221ff897c903c4646af9fa73577f092c303926f,51e29e9a-345d-47e6-bd1a-80594d107daf,Evidence Specialist,"{""highlight"": true, ""version"": ""4"", ""hint_type"": """"}",736d90b8-0978-4771-98e8-c171212e2d6f,T1.Q11,"Given the information you have, how likely is it that the apparent pattern is a result of some systematic error (a systematic bias in the study that could not be cancelled out by collecting more data)?",RADIO,,,nominal,"{""version"": ""4"", ""alpha_distance"": ""nominal"", ""require_one_or_more"": true, ""hint_type"": """"}",5,154f497a-0ce2-4217-98c0-d0132d110956,T1.Q11.A4,Somewhat Unlikely,,0,1,"{""case_numbers"": true, ""highlight"": false, ""version"": ""4"", ""require_highlight"": true}"
EvidenceSpecialist_2019_08_04,c0214f290c8f381a5f02b9fcb221ff897c903c4646af9fa73577f092c303926f,51e29e9a-345d-47e6-bd1a-80594d107daf,Evidence Specialist,"{""highlight"": true, ""version"": ""4"", ""hint_type"": """"}",736d90b8-0978-4771-98e8-c171212e2d6f,T1.Q11,"Given the information you have, how likely is it that the apparent pattern is a result of some systematic error (a systematic bias in the study that could not be cancelled out by collecting more data)?",RADIO,,,nominal,"{""version"": ""4"", ""alpha_distance"": ""nominal"", ""require_one_or_more"": true, ""hint_type"": """"}",5,7d0efae4-3b63-43f2-ab81-91e214c4996f,T1.Q11.A5,Very Unlikely,,0,1,"{""case_numbers"": true, ""highlight"": false, ""version"": ""4"", ""require_highlight"": true}"
EvidenceSpecialist_2019_08_04,c0214f290c8f381a5f02b9fcb221ff897c903c4646af9fa73577f092c303926f,51e29e9a-345d-47e6-bd1a-80594d107daf,Evidence Specialist,"{""highlight"": true, ""version"": ""4"", ""hint_type"": """"}",1caec89a-29a5-4fca-8cdc-24154f093266,T1.Q12,Does the author suggest in any way that further evidence might improve our understanding of the topic?,RADIO,,,nominal,"{""version"": ""4"", ""alpha_distance"": ""nominal"", ""require_one_or_more"": true, ""hint_type"": """"}",4,d1b0ea73-2a57-4b44-a60b-b2269d5435b8,T1.Q12.A1,"Yes, explicitly",,1,1,"{""case_numbers"": true, ""highlight"": true, ""version"": ""4"", ""require_highlight"": true}"
EvidenceSpecialist_2019_08_04,c0214f290c8f381a5f02b9fcb221ff897c903c4646af9fa73577f092c303926f,51e29e9a-345d-47e6-bd1a-80594d107daf,Evidence Specialist,"{""highlight"": true, ""version"": ""4"", ""hint_type"": """"}",1caec89a-29a5-4fca-8cdc-24154f093266,T1.Q12,Does the author suggest in any way that further evidence might improve our understanding of the topic?,RADIO,,,nominal,"{""version"": ""4"", ""alpha_distance"": ""nominal"", ""require_one_or_more"": true, ""hint_type"": """"}",4,cb140991-7c44-4050-a1f7-e24768baa440,T1.Q12.A2,"Yes, implicitly",,1,1,"{""case_numbers"": true, ""highlight"": true, ""version"": ""4"", ""require_highlight"": true}"
EvidenceSpecialist_2019_08_04,c0214f290c8f381a5f02b9fcb221ff897c903c4646af9fa73577f092c303926f,51e29e9a-345d-47e6-bd1a-80594d107daf,Evidence Specialist,"{""highlight"": true, ""version"": ""4"", ""hint_type"": """"}",1caec89a-29a5-4fca-8cdc-24154f093266,T1.Q12,Does the author suggest in any way that further evidence might improve our understanding of the topic?,RADIO,,,nominal,"{""version"": ""4"", ""alpha_distance"": ""nominal"", ""require_one_or_more"": true, ""hint_type"": """"}",4,82bd2026-9c63-4ee9-8d28-5811281407f2,T1.Q12.A3,I can't tell,,0,1,"{""case_numbers"": true, ""highlight"": false, ""version"": ""4"", ""require_highlight"": true}"
EvidenceSpecialist_2019_08_04,c0214f290c8f381a5f02b9fcb221ff897c903c4646af9fa73577f092c303926f,51e29e9a-345d-47e6-bd1a-80594d107daf,Evidence Specialist,"{""highlight"": true, ""version"": ""4"", ""hint_type"": """"}",1caec89a-29a5-4fca-8cdc-24154f093266,T1.Q12,Does the author suggest in any way that further evidence might improve our understanding of the topic?,RADIO,,,nominal,"{""version"": ""4"", ""alpha_distance"": ""nominal"", ""require_one_or_more"": true, ""hint_type"": """"}",4,83611ea8-cb5f-4b8f-883b-9bb5d313e9e9,T1.Q12.A4,"No, not at all",,0,1,"{""case_numbers"": true, ""highlight"": false, ""version"": ""4"", ""require_highlight"": true}"
EvidenceSpecialist_2019_08_04,c0214f290c8f381a5f02b9fcb221ff897c903c4646af9fa73577f092c303926f,51e29e9a-345d-47e6-bd1a-80594d107daf,Evidence Specialist,"{""highlight"": true, ""version"": ""4"", ""hint_type"": """"}",393260f4-c582-4fc4-81bd-ac025f003995,T1.Q13,"How difficult was this task for you, on the whole?",RADIO,,,nominal,"{""version"": ""4"", ""alpha_distance"": ""nominal"", ""require_one_or_more"": true, ""hint_type"": """"}",10,c03b3803-889c-408a-bcfe-815d00df4e0c,T1.Q13.A1,1: Easier than anything I've ever done in a classroom setting,,0,1,"{""case_numbers"": true, ""highlight"": false, ""version"": ""4"", ""require_highlight"": true}"
EvidenceSpecialist_2019_08_04,c0214f290c8f381a5f02b9fcb221ff897c903c4646af9fa73577f092c303926f,51e29e9a-345d-47e6-bd1a-80594d107daf,Evidence Specialist,"{""highlight"": true, ""version"": ""4"", ""hint_type"": """"}",393260f4-c582-4fc4-81bd-ac025f003995,T1.Q13,"How difficult was this task for you, on the whole?",RADIO,,,nominal,"{""version"": ""4"", ""alpha_distance"": ""nominal"", ""require_one_or_more"": true, ""hint_type"": """"}",10,644438b1-4f69-44a5-a42f-349ca06ee1e7,T1.Q13.A2,2,,0,1,"{""case_numbers"": true, ""highlight"": false, ""version"": ""4"", ""require_highlight"": true}"
EvidenceSpecialist_2019_08_04,c0214f290c8f381a5f02b9fcb221ff897c903c4646af9fa73577f092c303926f,51e29e9a-345d-47e6-bd1a-80594d107daf,Evidence Specialist,"{""highlight"": true, ""version"": ""4"", ""hint_type"": """"}",393260f4-c582-4fc4-81bd-ac025f003995,T1.Q13,"How difficult was this task for you, on the whole?",RADIO,,,nominal,"{""version"": ""4"", ""alpha_distance"": ""nominal"", ""require_one_or_more"": true, ""hint_type"": """"}",10,f2fb0fdd-f645-4344-8fc2-03a5482ea308,T1.Q13.A3,3,,0,1,"{""case_numbers"": true, ""highlight"": false, ""version"": ""4"", ""require_highlight"": true}"
EvidenceSpecialist_2019_08_04,c0214f290c8f381a5f02b9fcb221ff897c903c4646af9fa73577f092c303926f,51e29e9a-345d-47e6-bd1a-80594d107daf,Evidence Specialist,"{""highlight"": true, ""version"": ""4"", ""hint_type"": """"}",393260f4-c582-4fc4-81bd-ac025f003995,T1.Q13,"How difficult was this task for you, on the whole?",RADIO,,,nominal,"{""version"": ""4"", ""alpha_distance"": ""nominal"", ""require_one_or_more"": true, ""hint_type"": """"}",10,39c4f70f-9c47-4770-88b5-ca1bc6093882,T1.Q13.A4,4,,0,1,"{""case_numbers"": true, ""highlight"": false, ""version"": ""4"", ""require_highlight"": true}"
EvidenceSpecialist_2019_08_04,c0214f290c8f381a5f02b9fcb221ff897c903c4646af9fa73577f092c303926f,51e29e9a-345d-47e6-bd1a-80594d107daf,Evidence Specialist,"{""highlight"": true, ""version"": ""4"", ""hint_type"": """"}",393260f4-c582-4fc4-81bd-ac025f003995,T1.Q13,"How difficult was this task for you, on the whole?",RADIO,,,nominal,"{""version"": ""4"", ""alpha_distance"": ""nominal"", ""require_one_or_more"": true, ""hint_type"": """"}",10,9da6b1d7-d48d-4098-831d-8e1f91cd2f7a,T1.Q13.A5,5: Middling difficulty,,0,1,"{""case_numbers"": true, ""highlight"": false, ""version"": ""4"", ""require_highlight"": true}"
EvidenceSpecialist_2019_08_04,c0214f290c8f381a5f02b9fcb221ff897c903c4646af9fa73577f092c303926f,51e29e9a-345d-47e6-bd1a-80594d107daf,Evidence Specialist,"{""highlight"": true, ""version"": ""4"", ""hint_type"": """"}",393260f4-c582-4fc4-81bd-ac025f003995,T1.Q13,"How difficult was this task for you, on the whole?",RADIO,,,nominal,"{""version"": ""4"", ""alpha_distance"": ""nominal"", ""require_one_or_more"": true, ""hint_type"": """"}",10,3b3fd4be-c042-4cfe-833b-2c301b9a7cde,T1.Q13.A6,6,,0,1,"{""case_numbers"": true, ""highlight"": false, ""version"": ""4"", ""require_highlight"": true}"
EvidenceSpecialist_2019_08_04,c0214f290c8f381a5f02b9fcb221ff897c903c4646af9fa73577f092c303926f,51e29e9a-345d-47e6-bd1a-80594d107daf,Evidence Specialist,"{""highlight"": true, ""version"": ""4"", ""hint_type"": """"}",393260f4-c582-4fc4-81bd-ac025f003995,T1.Q13,"How difficult was this task for you, on the whole?",RADIO,,,nominal,"{""version"": ""4"", ""alpha_distance"": ""nominal"", ""require_one_or_more"": true, ""hint_type"": """"}",10,958955e3-e374-4633-af14-453a51962e3c,T1.Q13.A7,7,,0,1,"{""case_numbers"": true, ""highlight"": false, ""version"": ""4"", ""require_highlight"": true}"
EvidenceSpecialist_2019_08_04,c0214f290c8f381a5f02b9fcb221ff897c903c4646af9fa73577f092c303926f,51e29e9a-345d-47e6-bd1a-80594d107daf,Evidence Specialist,"{""highlight"": true, ""version"": ""4"", ""hint_type"": """"}",393260f4-c582-4fc4-81bd-ac025f003995,T1.Q13,"How difficult was this task for you, on the whole?",RADIO,,,nominal,"{""version"": ""4"", ""alpha_distance"": ""nominal"", ""require_one_or_more"": true, ""hint_type"": """"}",10,c7bd0ca9-017d-4ab2-a3a1-0dd06d64e5f3,T1.Q13.A8,8,,0,1,"{""case_numbers"": true, ""highlight"": false, ""version"": ""4"", ""require_highlight"": true}"
EvidenceSpecialist_2019_08_04,c0214f290c8f381a5f02b9fcb221ff897c903c4646af9fa73577f092c303926f,51e29e9a-345d-47e6-bd1a-80594d107daf,Evidence Specialist,"{""highlight"": true, ""version"": ""4"", ""hint_type"": """"}",393260f4-c582-4fc4-81bd-ac025f003995,T1.Q13,"How difficult was this task for you, on the whole?",RADIO,,,nominal,"{""version"": ""4"", ""alpha_distance"": ""nominal"", ""require_one_or_more"": true, ""hint_type"": """"}",10,55918c31-6a42-4a05-9d61-206fa1fa0eec,T1.Q13.A9,9,,0,1,"{""case_numbers"": true, ""highlight"": false, ""version"": ""4"", ""require_highlight"": true}"
EvidenceSpecialist_2019_08_04,c0214f290c8f381a5f02b9fcb221ff897c903c4646af9fa73577f092c303926f,51e29e9a-345d-47e6-bd1a-80594d107daf,Evidence Specialist,"{""highlight"": true, ""version"": ""4"", ""hint_type"": """"}",393260f4-c582-4fc4-81bd-ac025f003995,T1.Q13,"How difficult was this task for you, on the whole?",RADIO,,,nominal,"{""version"": ""4"", ""alpha_distance"": ""nominal"", ""require_one_or_more"": true, ""hint_type"": """"}",10,06a9f2cb-e341-49cc-9cde-f8df8012f219,T1.Q13.A10,10: Harder than anything I've ever done in a classroom setting,,0,1,"{""case_numbers"": true, ""highlight"": false, ""version"": ""4"", ""require_highlight"": true}"
EvidenceSpecialist_2019_08_04,c0214f290c8f381a5f02b9fcb221ff897c903c4646af9fa73577f092c303926f,51e29e9a-345d-47e6-bd1a-80594d107daf,Evidence Specialist,"{""highlight"": true, ""version"": ""4"", ""hint_type"": """"}",1f5c04df-1b64-41bf-b75f-6eedbf930ed1,T1.Q14,"How confident are you about your answers, on the whole?",RADIO,,,nominal,"{""version"": ""4"", ""alpha_distance"": ""nominal"", ""require_one_or_more"": true, ""hint_type"": """"}",10,efe9cbf9-8401-467f-87fd-04b5d38830d6,T1.Q14.A1,1: I was guessing randomly for everything,,0,1,"{""case_numbers"": true, ""highlight"": false, ""version"": ""4"", ""require_highlight"": true}"
EvidenceSpecialist_2019_08_04,c0214f290c8f381a5f02b9fcb221ff897c903c4646af9fa73577f092c303926f,51e29e9a-345d-47e6-bd1a-80594d107daf,Evidence Specialist,"{""highlight"": true, ""version"": ""4"", ""hint_type"": """"}",1f5c04df-1b64-41bf-b75f-6eedbf930ed1,T1.Q14,"How confident are you about your answers, on the whole?",RADIO,,,nominal,"{""version"": ""4"", ""alpha_distance"": ""nominal"", ""require_one_or_more"": true, ""hint_type"": """"}",10,c87665d6-1817-4a4b-b191-6f1e41bb756a,T1.Q14.A2,2,,0,1,"{""case_numbers"": true, ""highlight"": false, ""version"": ""4"", ""require_highlight"": true}"
EvidenceSpecialist_2019_08_04,c0214f290c8f381a5f02b9fcb221ff897c903c4646af9fa73577f092c303926f,51e29e9a-345d-47e6-bd1a-80594d107daf,Evidence Specialist,"{""highlight"": true, ""version"": ""4"", ""hint_type"": """"}",1f5c04df-1b64-41bf-b75f-6eedbf930ed1,T1.Q14,"How confident are you about your answers, on the whole?",RADIO,,,nominal,"{""version"": ""4"", ""alpha_distance"": ""nominal"", ""require_one_or_more"": true, ""hint_type"": """"}",10,5a4c14c5-0a69-4c62-ac78-ab95bd3c99ce,T1.Q14.A3,3,,0,1,"{""case_numbers"": true, ""highlight"": false, ""version"": ""4"", ""require_highlight"": true}"
EvidenceSpecialist_2019_08_04,c0214f290c8f381a5f02b9fcb221ff897c903c4646af9fa73577f092c303926f,51e29e9a-345d-47e6-bd1a-80594d107daf,Evidence Specialist,"{""highlight"": true, ""version"": ""4"", ""hint_type"": """"}",1f5c04df-1b64-41bf-b75f-6eedbf930ed1,T1.Q14,"How confident are you about your answers, on the whole?",RADIO,,,nominal,"{""version"": ""4"", ""alpha_distance"": ""nominal"", ""require_one_or_more"": true, ""hint_type"": """"}",10,c0d5e31e-b2de-445d-b50a-072a618b0e71,T1.Q14.A4,4,,0,1,"{""case_numbers"": true, ""highlight"": false, ""version"": ""4"", ""require_highlight"": true}"
EvidenceSpecialist_2019_08_04,c0214f290c8f381a5f02b9fcb221ff897c903c4646af9fa73577f092c303926f,51e29e9a-345d-47e6-bd1a-80594d107daf,Evidence Specialist,"{""highlight"": true, ""version"": ""4"", ""hint_type"": """"}",1f5c04df-1b64-41bf-b75f-6eedbf930ed1,T1.Q14,"How confident are you about your answers, on the whole?",RADIO,,,nominal,"{""version"": ""4"", ""alpha_distance"": ""nominal"", ""require_one_or_more"": true, ""hint_type"": """"}",10,94838d6b-8507-4e5c-ae73-b2b0873d6c7e,T1.Q14.A5,5: 50-50,,0,1,"{""case_numbers"": true, ""highlight"": false, ""version"": ""4"", ""require_highlight"": true}"
EvidenceSpecialist_2019_08_04,c0214f290c8f381a5f02b9fcb221ff897c903c4646af9fa73577f092c303926f,51e29e9a-345d-47e6-bd1a-80594d107daf,Evidence Specialist,"{""highlight"": true, ""version"": ""4"", ""hint_type"": """"}",1f5c04df-1b64-41bf-b75f-6eedbf930ed1,T1.Q14,"How confident are you about your answers, on the whole?",RADIO,,,nominal,"{""version"": ""4"", ""alpha_distance"": ""nominal"", ""require_one_or_more"": true, ""hint_type"": """"}",10,8a705792-d9ab-4098-a678-cab30415721b,T1.Q14.A6,6,,0,1,"{""case_numbers"": true, ""highlight"": false, ""version"": ""4"", ""require_highlight"": true}"
EvidenceSpecialist_2019_08_04,c0214f290c8f381a5f02b9fcb221ff897c903c4646af9fa73577f092c303926f,51e29e9a-345d-47e6-bd1a-80594d107daf,Evidence Specialist,"{""highlight"": true, ""version"": ""4"", ""hint_type"": """"}",1f5c04df-1b64-41bf-b75f-6eedbf930ed1,T1.Q14,"How confident are you about your answers, on the whole?",RADIO,,,nominal,"{""version"": ""4"", ""alpha_distance"": ""nominal"", ""require_one_or_more"": true, ""hint_type"": """"}",10,088039fa-3628-4476-8777-062576ce3572,T1.Q14.A7,7,,0,1,"{""case_numbers"": true, ""highlight"": false, ""version"": ""4"", ""require_highlight"": true}"
EvidenceSpecialist_2019_08_04,c0214f290c8f381a5f02b9fcb221ff897c903c4646af9fa73577f092c303926f,51e29e9a-345d-47e6-bd1a-80594d107daf,Evidence Specialist,"{""highlight"": true, ""version"": ""4"", ""hint_type"": """"}",1f5c04df-1b64-41bf-b75f-6eedbf930ed1,T1.Q14,"How confident are you about your answers, on the whole?",RADIO,,,nominal,"{""version"": ""4"", ""alpha_distance"": ""nominal"", ""require_one_or_more"": true, ""hint_type"": """"}",10,31a8de9b-8208-4738-84e9-78b80de94755,T1.Q14.A8,8,,0,1,"{""case_numbers"": true, ""highlight"": false, ""version"": ""4"", ""require_highlight"": true}"
EvidenceSpecialist_2019_08_04,c0214f290c8f381a5f02b9fcb221ff897c903c4646af9fa73577f092c303926f,51e29e9a-345d-47e6-bd1a-80594d107daf,Evidence Specialist,"{""highlight"": true, ""version"": ""4"", ""hint_type"": """"}",1f5c04df-1b64-41bf-b75f-6eedbf930ed1,T1.Q14,"How confident are you about your answers, on the whole?",RADIO,,,nominal,"{""version"": ""4"", ""alpha_distance"": ""nominal"", ""require_one_or_more"": true, ""hint_type"": """"}",10,2d2fd16b-f438-4a24-8ef9-22a1794d5553,T1.Q14.A9,9,,0,1,"{""case_numbers"": true, ""highlight"": false, ""version"": ""4"", ""require_highlight"": true}"
EvidenceSpecialist_2019_08_04,c0214f290c8f381a5f02b9fcb221ff897c903c4646af9fa73577f092c303926f,51e29e9a-345d-47e6-bd1a-80594d107daf,Evidence Specialist,"{""highlight"": true, ""version"": ""4"", ""hint_type"": """"}",1f5c04df-1b64-41bf-b75f-6eedbf930ed1,T1.Q14,"How confident are you about your answers, on the whole?",RADIO,,,nominal,"{""version"": ""4"", ""alpha_distance"": ""nominal"", ""require_one_or_more"": true, ""hint_type"": """"}",10,9d161c8d-1bf4-46c9-b1ef-fd8b6664d7c9,T1.Q14.A10,10: 100% certain about all my answers,,0,1,"{""case_numbers"": true, ""highlight"": false, ""version"": ""4"", ""require_highlight"": true}"
