schema_namespace,schema_sha256,quiz_task_uuid,task_url,taskrun_count,redundancy,article_batch_name,article_number,article_filename,article_sha256,quiz_taskrun_uuid,contributor_uuid,created,finish_time,elapsed_seconds,final_queue,T1.Q1.A1,T1.Q1.A2,T1.Q1.A3,T1.Q1.A4,T1.Q1.A5,T1.Q1.A6,T1.Q2.A1,T1.Q2.A2,T1.Q2.A3,T1.Q2.A4,T1.Q2.A5,T1.Q2.A6,T1.Q3.A1,T1.Q3.A2,T1.Q3.A3,T1.Q3.A4,T1.Q3.A5,T1.Q3.A6,T1.Q3.A7,T1.Q4,T1.Q5,T1.Q6.A1,T1.Q6.A2,T1.Q6.A3,T1.Q6.A4,T1.Q6.A5,T1.Q6.A6,T1.Q6.A7,T1.Q6.A8,T1.Q6.A9,T1.Q6.A10,T1.Q7,T1.Q8,T1.Q9,T1.Q10
NYU_Reasoning2,eace698d45562a4832f0753fc291ea8199df836c5c98517a897c6d112e9f1545,bd838e8a-31a0-4a2f-8f1f-bb2819f4adbf,https://pe.goodlylabs.org/project/NYU_Reasoning2/task/2603,3,3,NYU_Articles/Day4/SchiffNamedinWHOfficial.txt,100042,SchiffNamedinWHOfficial.txt,c87020bba7064b93bf74559d8ba394ef83b1b4d84f1308fc4f77ba3b1099a140,dedb973e-9121-4ca2-83e8-565af0b49bfa,50b97722-8671-4131-8a54-409491b48a1e,2019-11-19 22:26:38.280922,2019-11-19 22:31:17.507988,279.227066,"T1.Q1, T1.Q2, T1.Q7, T1.Q8, T1.Q9, T1.Q10",1,0,0,0,0,0,0,0,0,0,1,0,0,0,0,0,0,0,0,,,0,0,0,0,0,0,0,0,0,0,Slightly,author threw out a random conjecture and didn't justify it at all,6,6
NYU_Reasoning2,eace698d45562a4832f0753fc291ea8199df836c5c98517a897c6d112e9f1545,bd838e8a-31a0-4a2f-8f1f-bb2819f4adbf,https://pe.goodlylabs.org/project/NYU_Reasoning2/task/2603,3,3,NYU_Articles/Day4/SchiffNamedinWHOfficial.txt,100042,SchiffNamedinWHOfficial.txt,c87020bba7064b93bf74559d8ba394ef83b1b4d84f1308fc4f77ba3b1099a140,069c920e-f077-4f2b-9a5c-901515419f5d,3412be43-641f-4df9-a2d3-bc24946e4640,2019-11-19 22:18:32.813938,2019-11-19 22:21:35.186704,182.372766,"T1.Q1, T1.Q2, T1.Q9, T1.Q10",1,0,0,0,0,0,0,0,0,0,0,1,0,0,0,0,0,0,0,,,0,0,0,0,0,0,0,0,0,0,,,5: Middling difficulty,9
NYU_Reasoning2,eace698d45562a4832f0753fc291ea8199df836c5c98517a897c6d112e9f1545,bd838e8a-31a0-4a2f-8f1f-bb2819f4adbf,https://pe.goodlylabs.org/project/NYU_Reasoning2/task/2603,3,3,NYU_Articles/Day4/SchiffNamedinWHOfficial.txt,100042,SchiffNamedinWHOfficial.txt,c87020bba7064b93bf74559d8ba394ef83b1b4d84f1308fc4f77ba3b1099a140,7e453825-9ba2-4d39-94d5-fe75d4e6c550,294a6c7b-515a-495b-b8c9-2ec7df3ef46b,2019-11-19 21:46:16.097629,2019-11-19 21:51:39.859352,323.761723,"T1.Q1, T1.Q3, T1.Q6, T1.Q7, T1.Q8, T1.Q9, T1.Q10",0,1,1,0,0,0,0,0,0,0,0,0,0,0,0,0,0,1,0,,,0,0,1,0,0,0,0,0,0,0,Extremely,"sarcasm was also used, also trying to make one side look bad using sarcasm",8,8
NYU_Reasoning2,eace698d45562a4832f0753fc291ea8199df836c5c98517a897c6d112e9f1545,70d914cb-4991-4b10-87e3-f72e3166675c,https://pe.goodlylabs.org/project/NYU_Reasoning2/task/2648,3,3,NYU_Articles/Day5/NoShotsFiredCitizenwith.txt,100046,NoShotsFiredCitizenwith.txt,df6df207fbec112ddaf44daf2190f5f8dc1812eeed256738e6bf658ec8217f52,49223240-f50d-4e13-8174-523db70eab04,294a6c7b-515a-495b-b8c9-2ec7df3ef46b,2019-11-20 21:16:08.587329,2019-11-20 21:53:54.818111,2266.230782,"T1.Q1, T1.Q3, T1.Q7, T1.Q8, T1.Q9, T1.Q10",0,1,0,0,0,0,0,0,0,0,0,0,0,0,0,0,0,1,0,,,0,0,0,0,0,0,0,0,0,0,Very,,8,8
NYU_Reasoning2,eace698d45562a4832f0753fc291ea8199df836c5c98517a897c6d112e9f1545,70d914cb-4991-4b10-87e3-f72e3166675c,https://pe.goodlylabs.org/project/NYU_Reasoning2/task/2648,3,3,NYU_Articles/Day5/NoShotsFiredCitizenwith.txt,100046,NoShotsFiredCitizenwith.txt,df6df207fbec112ddaf44daf2190f5f8dc1812eeed256738e6bf658ec8217f52,f68e2424-5098-41f5-8b10-b9129a9b317b,12d9718f-030a-487e-872c-46372f945e17,2019-11-20 21:15:30.377988,2019-11-20 21:16:53.319766,82.941778,"T1.Q1, T1.Q9, T1.Q10",0,0,0,0,0,1,0,0,0,0,0,0,0,0,0,0,0,0,0,,,0,0,0,0,0,0,0,0,0,0,,,3,9
NYU_Reasoning2,eace698d45562a4832f0753fc291ea8199df836c5c98517a897c6d112e9f1545,70d914cb-4991-4b10-87e3-f72e3166675c,https://pe.goodlylabs.org/project/NYU_Reasoning2/task/2648,3,3,NYU_Articles/Day5/NoShotsFiredCitizenwith.txt,100046,NoShotsFiredCitizenwith.txt,df6df207fbec112ddaf44daf2190f5f8dc1812eeed256738e6bf658ec8217f52,ddd0d868-d7a9-47d5-9b9e-7de563f9adb3,40e8da50-18a7-4eaf-aba1-69b3ee956fc1,2019-11-20 20:56:06.242479,2019-11-20 20:58:32.269078,146.026599,"T1.Q1, T1.Q3, T1.Q7, T1.Q9, T1.Q10",0,1,0,0,0,0,0,0,0,0,0,0,1,0,0,0,0,0,0,,,0,0,0,0,0,0,0,0,0,0,Somewhat,,6,6
NYU_Reasoning2,eace698d45562a4832f0753fc291ea8199df836c5c98517a897c6d112e9f1545,452fba65-fe45-44b4-b0ba-dffc96e444bc,https://pe.goodlylabs.org/project/NYU_Reasoning2/task/2546,3,3,NYU_Articles/Day 3/DoctorTellsCNNTrump’sWalter.txt,100039,DoctorTellsCNNTrump’sWalter.txt,ea908e535280e57805f9f5f093d5694d37623279c3cd90ee46dff92144237ad7,ac80d338-c340-4c04-bc6c-71d340e27fe9,c56a533a-deab-4c1a-a516-e8994c45e84c,2019-11-18 21:50:14.172146,2019-11-18 22:05:13.697611,899.525465,"T1.Q1, T1.Q3, T1.Q7, T1.Q9, T1.Q10",0,1,0,0,0,0,0,0,0,0,0,0,1,0,0,0,0,0,0,,,0,0,0,0,0,0,0,0,0,0,Somewhat,,5: Middling difficulty,5: 50-50 that I had it on any given item
NYU_Reasoning2,eace698d45562a4832f0753fc291ea8199df836c5c98517a897c6d112e9f1545,452fba65-fe45-44b4-b0ba-dffc96e444bc,https://pe.goodlylabs.org/project/NYU_Reasoning2/task/2546,3,3,NYU_Articles/Day 3/DoctorTellsCNNTrump’sWalter.txt,100039,DoctorTellsCNNTrump’sWalter.txt,ea908e535280e57805f9f5f093d5694d37623279c3cd90ee46dff92144237ad7,8412e4ed-d488-4b36-922b-2b307d3f20b5,294a6c7b-515a-495b-b8c9-2ec7df3ef46b,2019-11-18 20:51:08.584041,2019-11-18 20:52:26.610410,78.026369,"T1.Q1, T1.Q9, T1.Q10",0,0,0,0,1,0,0,0,0,0,0,0,0,0,0,0,0,0,0,,,0,0,0,0,0,0,0,0,0,0,,,8,8
NYU_Reasoning2,eace698d45562a4832f0753fc291ea8199df836c5c98517a897c6d112e9f1545,452fba65-fe45-44b4-b0ba-dffc96e444bc,https://pe.goodlylabs.org/project/NYU_Reasoning2/task/2546,3,3,NYU_Articles/Day 3/DoctorTellsCNNTrump’sWalter.txt,100039,DoctorTellsCNNTrump’sWalter.txt,ea908e535280e57805f9f5f093d5694d37623279c3cd90ee46dff92144237ad7,2b9a85e3-247f-4fc1-9862-c745a420123e,12d9718f-030a-487e-872c-46372f945e17,2019-11-18 20:20:28.582328,2019-11-18 20:22:04.069142,95.486814,"T1.Q1, T1.Q3, T1.Q9, T1.Q10",0,1,0,0,0,0,0,0,0,0,0,0,0,0,0,0,0,0,1,,,0,0,0,0,0,0,0,0,0,0,,,3,8
NYU_Reasoning2,eace698d45562a4832f0753fc291ea8199df836c5c98517a897c6d112e9f1545,40e0026d-15d3-4ba8-a9e5-f9062a67952a,https://pe.goodlylabs.org/project/NYU_Reasoning2/task/2477,3,3,NYU_Articles/Day2/DonaldTrumpJrHumiliatedBooed.txt,100036,DonaldTrumpJrHumiliatedBooed.txt,95e59347e8dd79fe6656dad63f1a495731158f5d629350decb9d78a7739e19cd,5b12d22b-9240-4ab5-a5c9-ac23697e251e,40e8da50-18a7-4eaf-aba1-69b3ee956fc1,2019-11-15 01:23:54.680283,2019-11-15 01:43:33.933007,1179.252724,"T1.Q1, T1.Q3, T1.Q9, T1.Q10",0,1,0,0,0,0,0,0,0,0,0,0,0,0,0,0,0,0,1,,,0,0,0,0,0,0,0,0,0,0,,,2,9
NYU_Reasoning2,eace698d45562a4832f0753fc291ea8199df836c5c98517a897c6d112e9f1545,40e0026d-15d3-4ba8-a9e5-f9062a67952a,https://pe.goodlylabs.org/project/NYU_Reasoning2/task/2477,3,3,NYU_Articles/Day2/DonaldTrumpJrHumiliatedBooed.txt,100036,DonaldTrumpJrHumiliatedBooed.txt,95e59347e8dd79fe6656dad63f1a495731158f5d629350decb9d78a7739e19cd,c33060c6-fb2e-4ef2-8daf-6b6a882b330d,ad9e9ff6-b175-4aa0-a5f9-6d6df546a0da,2019-11-15 00:07:46.704702,2019-11-15 00:09:26.574302,99.8696,"T1.Q1, T1.Q9, T1.Q10",0,0,0,0,0,1,0,0,0,0,0,0,0,0,0,0,0,0,0,,,0,0,0,0,0,0,0,0,0,0,,,2,9
NYU_Reasoning2,eace698d45562a4832f0753fc291ea8199df836c5c98517a897c6d112e9f1545,40e0026d-15d3-4ba8-a9e5-f9062a67952a,https://pe.goodlylabs.org/project/NYU_Reasoning2/task/2477,3,3,NYU_Articles/Day2/DonaldTrumpJrHumiliatedBooed.txt,100036,DonaldTrumpJrHumiliatedBooed.txt,95e59347e8dd79fe6656dad63f1a495731158f5d629350decb9d78a7739e19cd,9c36e63b-4373-4619-a803-c10a53a86ced,aa6922da-994c-4d34-aa93-ae9abc41d8f7,2019-11-14 22:44:45.712568,2019-11-14 22:47:22.268842,156.556274,"T1.Q1, T1.Q3, T1.Q7, T1.Q8, T1.Q9, T1.Q10",0,1,0,0,0,0,0,0,0,0,0,0,0,0,0,0,0,1,0,,,0,0,0,0,0,0,0,0,0,0,Somewhat,"students care what their parents think, appealing to authority",5: Middling difficulty,6
NYU_Reasoning2,eace698d45562a4832f0753fc291ea8199df836c5c98517a897c6d112e9f1545,4f3bca38-79d9-4a37-aebd-db9a33657fe8,https://pe.goodlylabs.org/project/NYU_Reasoning2/task/2467,5,3,NYU_Articles/Day1/RogerStoneTrialEndsRick.txt,100033,RogerStoneTrialEndsRick.txt,86d0e1839d825b8b56f2c7430efa716f4777e45dd001dd29ff68a3d232069e4c,58213c8c-be55-477d-bf7a-a76ad2532513,6a76c935-dac8-40f8-88b1-97cf893331ad,2019-11-14 19:44:23.351153,2019-11-14 19:50:08.723694,345.372541,"T1.Q1, T1.Q9, T1.Q10",0,0,0,0,1,0,0,0,0,0,0,0,0,0,0,0,0,0,0,,,0,0,0,0,0,0,0,0,0,0,,,4,7
NYU_Reasoning2,eace698d45562a4832f0753fc291ea8199df836c5c98517a897c6d112e9f1545,4f3bca38-79d9-4a37-aebd-db9a33657fe8,https://pe.goodlylabs.org/project/NYU_Reasoning2/task/2467,5,3,NYU_Articles/Day1/RogerStoneTrialEndsRick.txt,100033,RogerStoneTrialEndsRick.txt,86d0e1839d825b8b56f2c7430efa716f4777e45dd001dd29ff68a3d232069e4c,9a42ac8a-1897-4a3b-aea5-ba58648d995c,46c713ca-b363-4ed6-aa35-6f5b24db7d5e,2019-11-13 22:45:05.475705,2019-11-13 23:18:43.656428,2018.180723,"T1.Q1, T1.Q9, T1.Q10",0,0,0,1,0,0,0,0,0,0,0,0,0,0,0,0,0,0,0,,,0,0,0,0,0,0,0,0,0,0,,,7,4
NYU_Reasoning2,eace698d45562a4832f0753fc291ea8199df836c5c98517a897c6d112e9f1545,4f3bca38-79d9-4a37-aebd-db9a33657fe8,https://pe.goodlylabs.org/project/NYU_Reasoning2/task/2467,5,3,NYU_Articles/Day1/RogerStoneTrialEndsRick.txt,100033,RogerStoneTrialEndsRick.txt,86d0e1839d825b8b56f2c7430efa716f4777e45dd001dd29ff68a3d232069e4c,346e884f-2ad0-4a48-a86a-2524cd840a88,00f548b7-6b63-4b47-828e-8e416b6ca0e2,2019-11-13 22:15:13.837208,2019-11-13 22:23:07.600356,473.763148,"T1.Q1, T1.Q2, T1.Q9, T1.Q10",1,0,0,1,0,0,0,0,0,0,0,1,0,0,0,0,0,0,0,,,0,0,0,0,0,0,0,0,0,0,,,6,6
NYU_Reasoning2,eace698d45562a4832f0753fc291ea8199df836c5c98517a897c6d112e9f1545,4f3bca38-79d9-4a37-aebd-db9a33657fe8,https://pe.goodlylabs.org/project/NYU_Reasoning2/task/2467,5,3,NYU_Articles/Day1/RogerStoneTrialEndsRick.txt,100033,RogerStoneTrialEndsRick.txt,86d0e1839d825b8b56f2c7430efa716f4777e45dd001dd29ff68a3d232069e4c,1ef11ef2-4e33-42be-91b2-ec9250fc8c00,2b2f1081-fac7-4884-b56c-28501b89abb8,2019-11-13 22:16:46.525040,2019-11-13 22:18:17.894846,91.369806,"T1.Q1, T1.Q9, T1.Q10",0,0,0,0,1,0,0,0,0,0,0,0,0,0,0,0,0,0,0,,,0,0,0,0,0,0,0,0,0,0,,,2,8
NYU_Reasoning2,eace698d45562a4832f0753fc291ea8199df836c5c98517a897c6d112e9f1545,4f3bca38-79d9-4a37-aebd-db9a33657fe8,https://pe.goodlylabs.org/project/NYU_Reasoning2/task/2467,5,3,NYU_Articles/Day1/RogerStoneTrialEndsRick.txt,100033,RogerStoneTrialEndsRick.txt,86d0e1839d825b8b56f2c7430efa716f4777e45dd001dd29ff68a3d232069e4c,ccf6b83e-7ee3-418f-8082-a83e38428abd,12d9718f-030a-487e-872c-46372f945e17,2019-11-13 21:37:34.295809,2019-11-13 21:38:54.226314,79.930505,"T1.Q1, T1.Q9, T1.Q10",0,0,0,0,0,1,0,0,0,0,0,0,0,0,0,0,0,0,0,,,0,0,0,0,0,0,0,0,0,0,,,3,6
NYU_Reasoning2,eace698d45562a4832f0753fc291ea8199df836c5c98517a897c6d112e9f1545,109e972d-08ac-4a74-9622-c684d4be6c61,https://pe.goodlylabs.org/project/NYU_Reasoning2/task/2549,3,3,NYU_Articles/Day 3/FamilyFacingJailforLiving.txt,100040,FamilyFacingJailforLiving.txt,ec47eb7633cadab64fdca9e163f61b889cb53dcb7c68eeac286b8167155268ed,7910629e-2075-4cd6-a347-2ad6eeee23e7,c56a533a-deab-4c1a-a516-e8994c45e84c,2019-11-18 22:07:55.921191,2019-11-18 22:09:50.000311,114.07912,"T1.Q1, T1.Q3, T1.Q7, T1.Q9, T1.Q10",0,1,0,0,0,0,0,0,0,0,0,0,1,0,1,0,0,0,0,,,0,0,0,0,0,0,0,0,0,0,Very,,5: Middling difficulty,5: 50-50 that I had it on any given item
NYU_Reasoning2,eace698d45562a4832f0753fc291ea8199df836c5c98517a897c6d112e9f1545,109e972d-08ac-4a74-9622-c684d4be6c61,https://pe.goodlylabs.org/project/NYU_Reasoning2/task/2549,3,3,NYU_Articles/Day 3/FamilyFacingJailforLiving.txt,100040,FamilyFacingJailforLiving.txt,ec47eb7633cadab64fdca9e163f61b889cb53dcb7c68eeac286b8167155268ed,02f8ebd6-84a2-4415-b0cb-9baa7e6825c1,294a6c7b-515a-495b-b8c9-2ec7df3ef46b,2019-11-18 20:53:10.165146,2019-11-18 20:58:24.111280,313.946134,"T1.Q1, T1.Q3, T1.Q7, T1.Q9, T1.Q10",0,1,0,1,0,0,0,0,0,0,0,0,0,0,1,0,0,0,0,,,0,0,0,0,0,0,0,0,0,0,Somewhat,,8,8
NYU_Reasoning2,eace698d45562a4832f0753fc291ea8199df836c5c98517a897c6d112e9f1545,109e972d-08ac-4a74-9622-c684d4be6c61,https://pe.goodlylabs.org/project/NYU_Reasoning2/task/2549,3,3,NYU_Articles/Day 3/FamilyFacingJailforLiving.txt,100040,FamilyFacingJailforLiving.txt,ec47eb7633cadab64fdca9e163f61b889cb53dcb7c68eeac286b8167155268ed,5be7bb70-5ee8-4005-9cfa-a5bb5fb2356c,12d9718f-030a-487e-872c-46372f945e17,2019-11-18 20:22:39.856105,2019-11-18 20:25:01.585425,141.72932,"T1.Q1, T1.Q3, T1.Q9, T1.Q10",0,1,0,0,0,0,0,0,0,0,0,0,0,0,0,0,0,0,1,,,0,0,0,0,0,0,0,0,0,0,,,4,9
NYU_Reasoning2,eace698d45562a4832f0753fc291ea8199df836c5c98517a897c6d112e9f1545,bacc9e58-9745-4273-a799-37bf5626f5e2,https://pe.goodlylabs.org/project/NYU_Reasoning2/task/2649,3,3,NYU_Articles/Day5/NoShotsFiredCitizenwith.txt,100046,NoShotsFiredCitizenwith.txt,df6df207fbec112ddaf44daf2190f5f8dc1812eeed256738e6bf658ec8217f52,0e580b8c-a892-4e5c-9750-3685e0d4b4e9,294a6c7b-515a-495b-b8c9-2ec7df3ef46b,2019-11-20 21:19:13.195601,2019-11-20 21:54:55.729931,2142.53433,"T1.Q1, T1.Q2, T1.Q3, T1.Q6, T1.Q7, T1.Q8, T1.Q9, T1.Q10",1,1,1,0,0,0,0,0,0,0,1,0,0,0,0,0,0,1,0,,,0,0,1,0,0,0,0,0,1,0,Very,sarcasm,8,8
NYU_Reasoning2,eace698d45562a4832f0753fc291ea8199df836c5c98517a897c6d112e9f1545,bacc9e58-9745-4273-a799-37bf5626f5e2,https://pe.goodlylabs.org/project/NYU_Reasoning2/task/2649,3,3,NYU_Articles/Day5/NoShotsFiredCitizenwith.txt,100046,NoShotsFiredCitizenwith.txt,df6df207fbec112ddaf44daf2190f5f8dc1812eeed256738e6bf658ec8217f52,cc74a2cb-cb0c-4e54-a287-3a76d4b0a11a,12d9718f-030a-487e-872c-46372f945e17,2019-11-20 21:16:23.424545,2019-11-20 21:17:07.692875,44.26833,"T1.Q1, T1.Q9, T1.Q10",0,0,0,0,0,1,0,0,0,0,0,0,0,0,0,0,0,0,0,,,0,0,0,0,0,0,0,0,0,0,,,8,8
NYU_Reasoning2,eace698d45562a4832f0753fc291ea8199df836c5c98517a897c6d112e9f1545,bacc9e58-9745-4273-a799-37bf5626f5e2,https://pe.goodlylabs.org/project/NYU_Reasoning2/task/2649,3,3,NYU_Articles/Day5/NoShotsFiredCitizenwith.txt,100046,NoShotsFiredCitizenwith.txt,df6df207fbec112ddaf44daf2190f5f8dc1812eeed256738e6bf658ec8217f52,89ee5b23-2f52-4149-a6ac-0ef98c8061ac,40e8da50-18a7-4eaf-aba1-69b3ee956fc1,2019-11-20 20:56:47.712721,2019-11-20 21:00:17.151786,209.439065,"T1.Q1, T1.Q2, T1.Q9, T1.Q10",1,0,0,0,0,0,0,0,0,0,0,1,0,0,0,0,0,0,0,,,0,0,0,0,0,0,0,0,0,0,,,7,3
NYU_Reasoning2,eace698d45562a4832f0753fc291ea8199df836c5c98517a897c6d112e9f1545,99d62118-423f-4839-b8a3-ff3b062e0be0,https://pe.goodlylabs.org/project/NYU_Reasoning2/task/2646,3,3,NYU_Articles/Day5/NoShotsFiredCitizenwith.txt,100046,NoShotsFiredCitizenwith.txt,df6df207fbec112ddaf44daf2190f5f8dc1812eeed256738e6bf658ec8217f52,1565b617-3d3e-4d85-a63f-19d7b769c6a3,294a6c7b-515a-495b-b8c9-2ec7df3ef46b,2019-11-20 21:11:09.871953,2019-11-20 21:16:08.318847,298.446894,"T1.Q1, T1.Q2, T1.Q6, T1.Q7, T1.Q9, T1.Q10",1,0,1,0,0,0,1,0,0,0,0,0,0,0,0,0,0,0,0,,,0,1,1,0,0,0,0,0,1,0,Extremely,,8,8
NYU_Reasoning2,eace698d45562a4832f0753fc291ea8199df836c5c98517a897c6d112e9f1545,99d62118-423f-4839-b8a3-ff3b062e0be0,https://pe.goodlylabs.org/project/NYU_Reasoning2/task/2646,3,3,NYU_Articles/Day5/NoShotsFiredCitizenwith.txt,100046,NoShotsFiredCitizenwith.txt,df6df207fbec112ddaf44daf2190f5f8dc1812eeed256738e6bf658ec8217f52,54441469-18c2-4186-8719-a7a999fc622b,12d9718f-030a-487e-872c-46372f945e17,2019-11-20 21:11:52.636513,2019-11-20 21:15:30.188246,217.551733,"T1.Q1, T1.Q9, T1.Q10",0,0,0,0,0,1,0,0,0,0,0,0,0,0,0,0,0,0,0,,,0,0,0,0,0,0,0,0,0,0,,,4,9
NYU_Reasoning2,eace698d45562a4832f0753fc291ea8199df836c5c98517a897c6d112e9f1545,99d62118-423f-4839-b8a3-ff3b062e0be0,https://pe.goodlylabs.org/project/NYU_Reasoning2/task/2646,3,3,NYU_Articles/Day5/NoShotsFiredCitizenwith.txt,100046,NoShotsFiredCitizenwith.txt,df6df207fbec112ddaf44daf2190f5f8dc1812eeed256738e6bf658ec8217f52,15f26797-6afe-4dd1-bbfd-ed15a20c5474,40e8da50-18a7-4eaf-aba1-69b3ee956fc1,2019-11-20 20:54:20.388417,2019-11-20 20:56:06.028067,105.63965,"T1.Q1, T1.Q6, T1.Q7, T1.Q9, T1.Q10",0,0,1,0,0,0,0,0,0,0,0,0,0,0,0,0,0,0,0,,,0,1,0,0,0,0,0,0,0,0,Very,,5: Middling difficulty,7
NYU_Reasoning2,eace698d45562a4832f0753fc291ea8199df836c5c98517a897c6d112e9f1545,6158d5b8-1313-452e-b7e3-1297c1efe34d,https://pe.goodlylabs.org/project/NYU_Reasoning2/task/2550,3,3,NYU_Articles/Day 3/JesusisKingSundayService.txt,100041,JesusisKingSundayService.txt,a2cbd2793021682ba8c9d0dc90f901373791b6653b8de686a304de0f07fbdcd0,a6a30385-9f33-48da-8c0b-68a0ce800c27,c56a533a-deab-4c1a-a516-e8994c45e84c,2019-11-18 22:08:50.229535,2019-11-18 22:13:34.664466,284.434931,"T1.Q1, T1.Q6, T1.Q9, T1.Q10",0,0,1,0,0,0,0,0,0,0,0,0,0,0,0,0,0,0,0,,,0,0,0,0,0,0,0,0,1,0,,,5: Middling difficulty,5: 50-50 that I had it on any given item
NYU_Reasoning2,eace698d45562a4832f0753fc291ea8199df836c5c98517a897c6d112e9f1545,6158d5b8-1313-452e-b7e3-1297c1efe34d,https://pe.goodlylabs.org/project/NYU_Reasoning2/task/2550,3,3,NYU_Articles/Day 3/JesusisKingSundayService.txt,100041,JesusisKingSundayService.txt,a2cbd2793021682ba8c9d0dc90f901373791b6653b8de686a304de0f07fbdcd0,addab516-6512-443d-b00d-dcaa5b58c505,294a6c7b-515a-495b-b8c9-2ec7df3ef46b,2019-11-18 20:53:42.917615,2019-11-18 20:59:10.702601,327.784986,"T1.Q1, T1.Q9, T1.Q10",0,0,0,1,0,0,0,0,0,0,0,0,0,0,0,0,0,0,0,,,0,0,0,0,0,0,0,0,0,0,,,8,8
NYU_Reasoning2,eace698d45562a4832f0753fc291ea8199df836c5c98517a897c6d112e9f1545,6158d5b8-1313-452e-b7e3-1297c1efe34d,https://pe.goodlylabs.org/project/NYU_Reasoning2/task/2550,3,3,NYU_Articles/Day 3/JesusisKingSundayService.txt,100041,JesusisKingSundayService.txt,a2cbd2793021682ba8c9d0dc90f901373791b6653b8de686a304de0f07fbdcd0,2e642df9-f761-4a6a-bee6-39ada958836c,12d9718f-030a-487e-872c-46372f945e17,2019-11-18 20:24:36.879113,2019-11-18 20:25:17.477595,40.598482,"T1.Q1, T1.Q9, T1.Q10",0,0,0,0,0,1,0,0,0,0,0,0,0,0,0,0,0,0,0,,,0,0,0,0,0,0,0,0,0,0,,,6,8
NYU_Reasoning2,eace698d45562a4832f0753fc291ea8199df836c5c98517a897c6d112e9f1545,4cf436d2-23c9-46f3-9ee8-f00d98d12e69,https://pe.goodlylabs.org/project/NYU_Reasoning2/task/2651,3,3,NYU_Articles/Day5/NoShotsFiredCitizenwith.txt,100046,NoShotsFiredCitizenwith.txt,df6df207fbec112ddaf44daf2190f5f8dc1812eeed256738e6bf658ec8217f52,059e5468-1f47-4d11-bcdc-bd37dc5336f0,46c713ca-b363-4ed6-aa35-6f5b24db7d5e,2019-11-20 22:51:14.452873,2019-11-20 22:52:16.921999,62.469126,"T1.Q1, T1.Q3, T1.Q9, T1.Q10",0,1,0,0,0,0,0,0,0,0,0,0,0,0,0,0,0,0,1,,,0,0,0,0,0,0,0,0,0,0,,,6,5: 50-50 that I had it on any given item
NYU_Reasoning2,eace698d45562a4832f0753fc291ea8199df836c5c98517a897c6d112e9f1545,4cf436d2-23c9-46f3-9ee8-f00d98d12e69,https://pe.goodlylabs.org/project/NYU_Reasoning2/task/2651,3,3,NYU_Articles/Day5/NoShotsFiredCitizenwith.txt,100046,NoShotsFiredCitizenwith.txt,df6df207fbec112ddaf44daf2190f5f8dc1812eeed256738e6bf658ec8217f52,d52c2f2f-b4d8-482e-acaf-c20cfb43e9b4,294a6c7b-515a-495b-b8c9-2ec7df3ef46b,2019-11-20 21:54:55.983758,2019-11-20 21:59:02.998556,247.014798,"T1.Q1, T1.Q2, T1.Q3, T1.Q6, T1.Q7, T1.Q8, T1.Q9, T1.Q10",1,1,1,0,0,0,1,0,0,0,1,0,0,1,0,0,0,1,0,,,0,0,0,0,0,0,0,0,1,0,Extremely,assuming that the gunman would have access to a gun,9,9
NYU_Reasoning2,eace698d45562a4832f0753fc291ea8199df836c5c98517a897c6d112e9f1545,4cf436d2-23c9-46f3-9ee8-f00d98d12e69,https://pe.goodlylabs.org/project/NYU_Reasoning2/task/2651,3,3,NYU_Articles/Day5/NoShotsFiredCitizenwith.txt,100046,NoShotsFiredCitizenwith.txt,df6df207fbec112ddaf44daf2190f5f8dc1812eeed256738e6bf658ec8217f52,6d8f22ee-b1c1-4e90-9dbb-3efd91e72960,40e8da50-18a7-4eaf-aba1-69b3ee956fc1,2019-11-20 21:00:17.366383,2019-11-20 21:04:16.310143,238.94376,"T1.Q1, T1.Q6, T1.Q7, T1.Q9, T1.Q10",0,0,1,0,0,0,0,0,0,0,0,0,0,0,0,0,0,0,0,,,0,1,0,0,0,0,0,0,0,0,Very,,5: Middling difficulty,8
NYU_Reasoning2,eace698d45562a4832f0753fc291ea8199df836c5c98517a897c6d112e9f1545,4ddcfaea-240f-4e38-b2a5-16e871ebf49f,https://pe.goodlylabs.org/project/NYU_Reasoning2/task/2695,3,3,NYU_Articles/Day6/IndictmentAgainstHeadOfBurisma.txt,100050,IndictmentAgainstHeadOfBurisma.txt,f2c5644fd843123eb829e81b49d5a0d1db54cb11f79d302fa6953756d5001e81,85ea7a02-68dc-4be9-abed-a3e6bf787f3f,0bfad233-85ca-4cbc-807e-5feb0ba0604b,2019-11-21 22:42:55.594556,2019-11-21 22:43:31.721952,36.127396,"T1.Q1, T1.Q9, T1.Q10",0,0,0,0,0,1,0,0,0,0,0,0,0,0,0,0,0,0,0,,,0,0,0,0,0,0,0,0,0,0,,,1: Easier than anything I've ever done in a classroom setting,10: 100% certain about all my answers
NYU_Reasoning2,eace698d45562a4832f0753fc291ea8199df836c5c98517a897c6d112e9f1545,4ddcfaea-240f-4e38-b2a5-16e871ebf49f,https://pe.goodlylabs.org/project/NYU_Reasoning2/task/2695,3,3,NYU_Articles/Day6/IndictmentAgainstHeadOfBurisma.txt,100050,IndictmentAgainstHeadOfBurisma.txt,f2c5644fd843123eb829e81b49d5a0d1db54cb11f79d302fa6953756d5001e81,1c6aee87-c641-4a42-b888-c2bded8af25d,59deb714-60fb-4368-ac51-101d628951ef,2019-11-21 22:39:55.016281,2019-11-21 22:42:15.179479,140.163198,"T1.Q1, T1.Q3, T1.Q7, T1.Q8, T1.Q9, T1.Q10",0,1,0,0,0,0,0,0,0,0,0,0,0,0,0,0,0,1,0,,,0,0,0,0,0,0,0,0,0,0,Slightly,"could be opinion, need more background",4,6
NYU_Reasoning2,eace698d45562a4832f0753fc291ea8199df836c5c98517a897c6d112e9f1545,4ddcfaea-240f-4e38-b2a5-16e871ebf49f,https://pe.goodlylabs.org/project/NYU_Reasoning2/task/2695,3,3,NYU_Articles/Day6/IndictmentAgainstHeadOfBurisma.txt,100050,IndictmentAgainstHeadOfBurisma.txt,f2c5644fd843123eb829e81b49d5a0d1db54cb11f79d302fa6953756d5001e81,457c78c2-d2fe-4fd0-ba90-e3534abf337f,12d9718f-030a-487e-872c-46372f945e17,2019-11-21 22:35:40.400191,2019-11-21 22:36:02.612162,22.211971,"T1.Q1, T1.Q9, T1.Q10",0,0,0,0,0,1,0,0,0,0,0,0,0,0,0,0,0,0,0,,,0,0,0,0,0,0,0,0,0,0,,,4,9
NYU_Reasoning2,eace698d45562a4832f0753fc291ea8199df836c5c98517a897c6d112e9f1545,ff62dc00-85e0-4d67-acf4-13bc60ac04a4,https://pe.goodlylabs.org/project/NYU_Reasoning2/task/2468,5,3,NYU_Articles/Day1/NBCABCAndCBSAppear.txt,100034,NBCABCAndCBSAppear.txt,3b9c291d9345c8221a497206a766483bf78df474550f0c50c58df9ad4c20ff75,4b44831d-05cb-4790-9e15-81e396899112,6a76c935-dac8-40f8-88b1-97cf893331ad,2019-11-14 19:44:23.718115,2019-11-14 19:51:55.199331,451.481216,"T1.Q1, T1.Q9, T1.Q10",0,0,0,0,0,1,0,0,0,0,0,0,0,0,0,0,0,0,0,,,0,0,0,0,0,0,0,0,0,0,,,6,8
NYU_Reasoning2,eace698d45562a4832f0753fc291ea8199df836c5c98517a897c6d112e9f1545,ff62dc00-85e0-4d67-acf4-13bc60ac04a4,https://pe.goodlylabs.org/project/NYU_Reasoning2/task/2468,5,3,NYU_Articles/Day1/NBCABCAndCBSAppear.txt,100034,NBCABCAndCBSAppear.txt,3b9c291d9345c8221a497206a766483bf78df474550f0c50c58df9ad4c20ff75,777f88e6-0f37-4d7d-811c-a83137be9e32,46c713ca-b363-4ed6-aa35-6f5b24db7d5e,2019-11-13 22:45:05.718862,2019-11-13 23:22:54.460851,2268.741989,"T1.Q1, T1.Q2, T1.Q9, T1.Q10",1,0,0,0,0,0,0,0,0,0,0,1,0,0,0,0,0,0,0,,,0,0,0,0,0,0,0,0,0,0,,,7,4
NYU_Reasoning2,eace698d45562a4832f0753fc291ea8199df836c5c98517a897c6d112e9f1545,ff62dc00-85e0-4d67-acf4-13bc60ac04a4,https://pe.goodlylabs.org/project/NYU_Reasoning2/task/2468,5,3,NYU_Articles/Day1/NBCABCAndCBSAppear.txt,100034,NBCABCAndCBSAppear.txt,3b9c291d9345c8221a497206a766483bf78df474550f0c50c58df9ad4c20ff75,72efef7e-1804-42d5-b1e9-87d7d88a3a32,00f548b7-6b63-4b47-828e-8e416b6ca0e2,2019-11-13 22:15:13.991107,2019-11-13 22:38:42.472525,1408.481418,"T1.Q1, T1.Q9, T1.Q10",0,0,0,0,0,1,0,0,0,0,0,0,0,0,0,0,0,0,0,,,0,0,0,0,0,0,0,0,0,0,,,6,6
NYU_Reasoning2,eace698d45562a4832f0753fc291ea8199df836c5c98517a897c6d112e9f1545,ff62dc00-85e0-4d67-acf4-13bc60ac04a4,https://pe.goodlylabs.org/project/NYU_Reasoning2/task/2468,5,3,NYU_Articles/Day1/NBCABCAndCBSAppear.txt,100034,NBCABCAndCBSAppear.txt,3b9c291d9345c8221a497206a766483bf78df474550f0c50c58df9ad4c20ff75,f57efa08-3613-4118-89cb-0c23b5b6ca34,2b2f1081-fac7-4884-b56c-28501b89abb8,2019-11-13 22:16:46.655055,2019-11-13 22:20:17.214057,210.559002,"T1.Q1, T1.Q9, T1.Q10",0,0,0,0,0,1,0,0,0,0,0,0,0,0,0,0,0,0,0,,,0,0,0,0,0,0,0,0,0,0,,,9,2
NYU_Reasoning2,eace698d45562a4832f0753fc291ea8199df836c5c98517a897c6d112e9f1545,ff62dc00-85e0-4d67-acf4-13bc60ac04a4,https://pe.goodlylabs.org/project/NYU_Reasoning2/task/2468,5,3,NYU_Articles/Day1/NBCABCAndCBSAppear.txt,100034,NBCABCAndCBSAppear.txt,3b9c291d9345c8221a497206a766483bf78df474550f0c50c58df9ad4c20ff75,bb533622-e445-40c5-8848-7310cd999719,12d9718f-030a-487e-872c-46372f945e17,2019-11-13 21:37:34.559996,2019-11-13 21:40:16.621784,162.061788,"T1.Q1, T1.Q3, T1.Q9, T1.Q10",0,1,0,0,0,0,0,0,0,0,0,0,0,0,0,0,0,0,1,,,0,0,0,0,0,0,0,0,0,0,,,4,6
NYU_Reasoning2,eace698d45562a4832f0753fc291ea8199df836c5c98517a897c6d112e9f1545,b57a41b9-5f5b-41d6-adfd-e3ec5be3ee4c,https://pe.goodlylabs.org/project/NYU_Reasoning2/task/2650,3,3,NYU_Articles/Day5/NoShotsFiredCitizenwith.txt,100046,NoShotsFiredCitizenwith.txt,df6df207fbec112ddaf44daf2190f5f8dc1812eeed256738e6bf658ec8217f52,8733261c-1909-4206-ba7e-5af9efa664da,294a6c7b-515a-495b-b8c9-2ec7df3ef46b,2019-11-20 21:53:55.066851,2019-11-20 21:57:13.662930,198.596079,"T1.Q1, T1.Q3, T1.Q4, T1.Q5, T1.Q6, T1.Q7, T1.Q8, T1.Q9, T1.Q10",0,1,1,0,0,0,0,0,0,0,0,0,0,0,0,0,1,1,0,Yes,Yes,0,0,0,0,0,0,0,0,1,0,Extremely,,8,8
NYU_Reasoning2,eace698d45562a4832f0753fc291ea8199df836c5c98517a897c6d112e9f1545,b57a41b9-5f5b-41d6-adfd-e3ec5be3ee4c,https://pe.goodlylabs.org/project/NYU_Reasoning2/task/2650,3,3,NYU_Articles/Day5/NoShotsFiredCitizenwith.txt,100046,NoShotsFiredCitizenwith.txt,df6df207fbec112ddaf44daf2190f5f8dc1812eeed256738e6bf658ec8217f52,7dbd109b-5fa3-43ab-8400-40fb558cebcb,12d9718f-030a-487e-872c-46372f945e17,2019-11-20 21:16:53.514974,2019-11-20 21:17:25.708992,32.194018,"T1.Q1, T1.Q9, T1.Q10",0,0,0,0,0,1,0,0,0,0,0,0,0,0,0,0,0,0,0,,,0,0,0,0,0,0,0,0,0,0,,,4,8
NYU_Reasoning2,eace698d45562a4832f0753fc291ea8199df836c5c98517a897c6d112e9f1545,b57a41b9-5f5b-41d6-adfd-e3ec5be3ee4c,https://pe.goodlylabs.org/project/NYU_Reasoning2/task/2650,3,3,NYU_Articles/Day5/NoShotsFiredCitizenwith.txt,100046,NoShotsFiredCitizenwith.txt,df6df207fbec112ddaf44daf2190f5f8dc1812eeed256738e6bf658ec8217f52,735badc7-9095-4a65-ac02-21b913ca0f63,40e8da50-18a7-4eaf-aba1-69b3ee956fc1,2019-11-20 20:58:32.481688,2019-11-20 21:01:34.542369,182.060681,"T1.Q1, T1.Q9, T1.Q10",0,0,0,1,0,0,0,0,0,0,0,0,0,0,0,0,0,0,0,,,0,0,0,0,0,0,0,0,0,0,,,5: Middling difficulty,6
NYU_Reasoning2,eace698d45562a4832f0753fc291ea8199df836c5c98517a897c6d112e9f1545,58be75d1-f6d2-4319-b654-c947a387cf5b,https://pe.goodlylabs.org/project/NYU_Reasoning2/task/2481,3,3,NYU_Articles/Day2/SchiffClaimsHeDoesNot.txt,100038,SchiffClaimsHeDoesNot.txt,68c644ee4676eeca87052755ec73bde24a957e12dc1d1fcba93795f08063520d,6df1796b-7641-4eec-922d-cc7a67ce2d28,40e8da50-18a7-4eaf-aba1-69b3ee956fc1,2019-11-15 01:46:54.866656,2019-11-15 01:48:36.427457,101.560801,"T1.Q1, T1.Q6, T1.Q7, T1.Q9, T1.Q10",0,0,1,0,0,0,0,0,0,0,0,0,0,0,0,0,0,0,0,,,0,1,0,0,0,0,0,0,0,0,Somewhat,,4,7
NYU_Reasoning2,eace698d45562a4832f0753fc291ea8199df836c5c98517a897c6d112e9f1545,58be75d1-f6d2-4319-b654-c947a387cf5b,https://pe.goodlylabs.org/project/NYU_Reasoning2/task/2481,3,3,NYU_Articles/Day2/SchiffClaimsHeDoesNot.txt,100038,SchiffClaimsHeDoesNot.txt,68c644ee4676eeca87052755ec73bde24a957e12dc1d1fcba93795f08063520d,db148c31-c928-4330-a471-5ff29f6e0bf0,ad9e9ff6-b175-4aa0-a5f9-6d6df546a0da,2019-11-15 00:10:19.096620,2019-11-15 00:12:07.909953,108.813333,"T1.Q1, T1.Q6, T1.Q7, T1.Q9, T1.Q10",0,0,1,0,0,0,0,0,0,0,0,0,0,0,0,0,0,0,0,,,0,1,0,0,0,0,0,0,0,0,Somewhat,,2,9
NYU_Reasoning2,eace698d45562a4832f0753fc291ea8199df836c5c98517a897c6d112e9f1545,58be75d1-f6d2-4319-b654-c947a387cf5b,https://pe.goodlylabs.org/project/NYU_Reasoning2/task/2481,3,3,NYU_Articles/Day2/SchiffClaimsHeDoesNot.txt,100038,SchiffClaimsHeDoesNot.txt,68c644ee4676eeca87052755ec73bde24a957e12dc1d1fcba93795f08063520d,b3275ae0-819d-4c62-b13b-ec92fc56d043,aa6922da-994c-4d34-aa93-ae9abc41d8f7,2019-11-14 22:48:22.216475,2019-11-14 22:50:14.930374,112.713899,"T1.Q1, T1.Q9, T1.Q10",0,0,0,1,0,0,0,0,0,0,0,0,0,0,0,0,0,0,0,,,0,0,0,0,0,0,0,0,0,0,,,4,8
NYU_Reasoning2,eace698d45562a4832f0753fc291ea8199df836c5c98517a897c6d112e9f1545,5418caf1-03af-4ccb-92d1-dfb117bd172c,https://pe.goodlylabs.org/project/NYU_Reasoning2/task/2601,3,3,NYU_Articles/Day4/SchiffNamedinWHOfficial.txt,100042,SchiffNamedinWHOfficial.txt,c87020bba7064b93bf74559d8ba394ef83b1b4d84f1308fc4f77ba3b1099a140,c44f505a-5c6d-4008-ad11-ee95b6906c94,50b97722-8671-4131-8a54-409491b48a1e,2019-11-19 22:23:09.759009,2019-11-19 22:26:37.972377,208.213368,"T1.Q1, T1.Q9, T1.Q10",0,0,0,1,0,0,0,0,0,0,0,0,0,0,0,0,0,0,0,,,0,0,0,0,0,0,0,0,0,0,,,5: Middling difficulty,6
NYU_Reasoning2,eace698d45562a4832f0753fc291ea8199df836c5c98517a897c6d112e9f1545,5418caf1-03af-4ccb-92d1-dfb117bd172c,https://pe.goodlylabs.org/project/NYU_Reasoning2/task/2601,3,3,NYU_Articles/Day4/SchiffNamedinWHOfficial.txt,100042,SchiffNamedinWHOfficial.txt,c87020bba7064b93bf74559d8ba394ef83b1b4d84f1308fc4f77ba3b1099a140,33269ee9-418d-49e7-ba9f-18ae9f9a30d7,3412be43-641f-4df9-a2d3-bc24946e4640,2019-11-19 22:17:33.170539,2019-11-19 22:18:32.608052,59.437513,"T1.Q1, T1.Q9, T1.Q10",0,0,0,0,0,1,0,0,0,0,0,0,0,0,0,0,0,0,0,,,0,0,0,0,0,0,0,0,0,0,,,5: Middling difficulty,9
NYU_Reasoning2,eace698d45562a4832f0753fc291ea8199df836c5c98517a897c6d112e9f1545,5418caf1-03af-4ccb-92d1-dfb117bd172c,https://pe.goodlylabs.org/project/NYU_Reasoning2/task/2601,3,3,NYU_Articles/Day4/SchiffNamedinWHOfficial.txt,100042,SchiffNamedinWHOfficial.txt,c87020bba7064b93bf74559d8ba394ef83b1b4d84f1308fc4f77ba3b1099a140,f5673fb7-83ed-47e4-9da1-e7fbaca146db,294a6c7b-515a-495b-b8c9-2ec7df3ef46b,2019-11-19 21:44:48.545658,2019-11-19 21:46:15.814407,87.268749,"T1.Q1, T1.Q6, T1.Q9, T1.Q10",0,0,1,0,0,0,0,0,0,0,0,0,0,0,0,0,0,0,0,,,0,0,0,0,0,0,0,0,1,0,,,8,8
NYU_Reasoning2,eace698d45562a4832f0753fc291ea8199df836c5c98517a897c6d112e9f1545,79cba18d-9fba-4492-9986-fc65f566ad5c,https://pe.goodlylabs.org/project/NYU_Reasoning2/task/2479,3,3,NYU_Articles/Day2/EricTrumpIsHostingA.txt,100037,EricTrumpIsHostingA.txt,dffe5d7618e02096848897a44be4304eeef2fc09af7e33852dd71113a6c61bf2,0fa9c535-3480-4129-b1ad-12563f040c80,40e8da50-18a7-4eaf-aba1-69b3ee956fc1,2019-11-15 01:43:34.200683,2019-11-15 01:46:54.624543,200.42386,"T1.Q1, T1.Q9, T1.Q10",0,0,0,0,0,1,0,0,0,0,0,0,0,0,0,0,0,0,0,,,0,0,0,0,0,0,0,0,0,0,,,2,9
NYU_Reasoning2,eace698d45562a4832f0753fc291ea8199df836c5c98517a897c6d112e9f1545,79cba18d-9fba-4492-9986-fc65f566ad5c,https://pe.goodlylabs.org/project/NYU_Reasoning2/task/2479,3,3,NYU_Articles/Day2/EricTrumpIsHostingA.txt,100037,EricTrumpIsHostingA.txt,dffe5d7618e02096848897a44be4304eeef2fc09af7e33852dd71113a6c61bf2,37a571e8-aa99-48f7-8e49-6578033026d7,ad9e9ff6-b175-4aa0-a5f9-6d6df546a0da,2019-11-15 00:09:26.770977,2019-11-15 00:10:18.887521,52.116544,"T1.Q1, T1.Q9, T1.Q10",0,0,0,0,0,1,0,0,0,0,0,0,0,0,0,0,0,0,0,,,0,0,0,0,0,0,0,0,0,0,,,2,9
NYU_Reasoning2,eace698d45562a4832f0753fc291ea8199df836c5c98517a897c6d112e9f1545,79cba18d-9fba-4492-9986-fc65f566ad5c,https://pe.goodlylabs.org/project/NYU_Reasoning2/task/2479,3,3,NYU_Articles/Day2/EricTrumpIsHostingA.txt,100037,EricTrumpIsHostingA.txt,dffe5d7618e02096848897a44be4304eeef2fc09af7e33852dd71113a6c61bf2,c89b7889-ba61-49e1-b104-65aa60ef10b0,aa6922da-994c-4d34-aa93-ae9abc41d8f7,2019-11-14 22:47:22.554559,2019-11-14 22:48:22.010029,59.45547,"T1.Q1, T1.Q9, T1.Q10",0,0,0,0,0,1,0,0,0,0,0,0,0,0,0,0,0,0,0,,,0,0,0,0,0,0,0,0,0,0,,,4,8
NYU_Reasoning2,eace698d45562a4832f0753fc291ea8199df836c5c98517a897c6d112e9f1545,977c2de2-a710-43f5-876b-7fd7c33c398f,https://pe.goodlylabs.org/project/NYU_Reasoning2/task/2478,3,3,NYU_Articles/Day2/DonaldTrumpJrHumiliatedBooed.txt,100036,DonaldTrumpJrHumiliatedBooed.txt,95e59347e8dd79fe6656dad63f1a495731158f5d629350decb9d78a7739e19cd,0db1ab80-8336-4ec5-a295-a95d82ec7bf3,40e8da50-18a7-4eaf-aba1-69b3ee956fc1,2019-11-15 01:42:50.491879,2019-11-15 01:46:00.960399,190.46852,"T1.Q1, T1.Q9, T1.Q10",0,0,0,1,0,0,0,0,0,0,0,0,0,0,0,0,0,0,0,,,0,0,0,0,0,0,0,0,0,0,,,2,9
NYU_Reasoning2,eace698d45562a4832f0753fc291ea8199df836c5c98517a897c6d112e9f1545,977c2de2-a710-43f5-876b-7fd7c33c398f,https://pe.goodlylabs.org/project/NYU_Reasoning2/task/2478,3,3,NYU_Articles/Day2/DonaldTrumpJrHumiliatedBooed.txt,100036,DonaldTrumpJrHumiliatedBooed.txt,95e59347e8dd79fe6656dad63f1a495731158f5d629350decb9d78a7739e19cd,7baaee5b-5961-4219-ae71-4f057d3c043d,ad9e9ff6-b175-4aa0-a5f9-6d6df546a0da,2019-11-15 00:08:54.098520,2019-11-15 00:10:01.136289,67.037769,"T1.Q1, T1.Q9, T1.Q10",0,0,0,0,0,1,0,0,0,0,0,0,0,0,0,0,0,0,0,,,0,0,0,0,0,0,0,0,0,0,,,2,9
NYU_Reasoning2,eace698d45562a4832f0753fc291ea8199df836c5c98517a897c6d112e9f1545,977c2de2-a710-43f5-876b-7fd7c33c398f,https://pe.goodlylabs.org/project/NYU_Reasoning2/task/2478,3,3,NYU_Articles/Day2/DonaldTrumpJrHumiliatedBooed.txt,100036,DonaldTrumpJrHumiliatedBooed.txt,95e59347e8dd79fe6656dad63f1a495731158f5d629350decb9d78a7739e19cd,3ff69ab9-6011-487d-beb9-3269bcbf3de2,aa6922da-994c-4d34-aa93-ae9abc41d8f7,2019-11-14 22:46:02.702771,2019-11-14 22:47:44.627594,101.924823,"T1.Q1, T1.Q9, T1.Q10",0,0,0,1,0,0,0,0,0,0,0,0,0,0,0,0,0,0,0,,,0,0,0,0,0,0,0,0,0,0,,,4,9
NYU_Reasoning2,eace698d45562a4832f0753fc291ea8199df836c5c98517a897c6d112e9f1545,fbd1d9bd-a1d9-41a1-bfe4-75a9bda17c71,https://pe.goodlylabs.org/project/NYU_Reasoning2/task/2653,3,3,NYU_Articles/Day5/PoundslostdoesntmeanFAT.txt,100047,PoundslostdoesntmeanFAT.txt,bc5e5c03288f88718cc4461277e3e5e58741dfd97b8281ae511949f4551c26f1,ee07857b-1c01-4f2a-94e6-67387379f4f3,294a6c7b-515a-495b-b8c9-2ec7df3ef46b,2019-11-20 21:59:03.291053,2019-11-20 23:34:50.170113,5746.87906,"T1.Q1, T1.Q2, T1.Q3, T1.Q7, T1.Q8, T1.Q9, T1.Q10",1,1,0,0,0,0,0,1,0,0,1,0,0,0,1,0,0,0,0,,,0,0,0,0,0,0,0,0,0,0,Very,,8,8
NYU_Reasoning2,eace698d45562a4832f0753fc291ea8199df836c5c98517a897c6d112e9f1545,fbd1d9bd-a1d9-41a1-bfe4-75a9bda17c71,https://pe.goodlylabs.org/project/NYU_Reasoning2/task/2653,3,3,NYU_Articles/Day5/PoundslostdoesntmeanFAT.txt,100047,PoundslostdoesntmeanFAT.txt,bc5e5c03288f88718cc4461277e3e5e58741dfd97b8281ae511949f4551c26f1,6f348916-4473-486f-b11e-c187bcab08e6,46c713ca-b363-4ed6-aa35-6f5b24db7d5e,2019-11-20 22:52:17.503515,2019-11-20 22:52:59.090352,41.586837,"T1.Q1, T1.Q3, T1.Q7, T1.Q9, T1.Q10",0,1,0,0,0,0,0,0,0,0,0,0,1,0,0,0,0,0,0,,,0,0,0,0,0,0,0,0,0,0,Not at all,,5: Middling difficulty,5: 50-50 that I had it on any given item
NYU_Reasoning2,eace698d45562a4832f0753fc291ea8199df836c5c98517a897c6d112e9f1545,fbd1d9bd-a1d9-41a1-bfe4-75a9bda17c71,https://pe.goodlylabs.org/project/NYU_Reasoning2/task/2653,3,3,NYU_Articles/Day5/PoundslostdoesntmeanFAT.txt,100047,PoundslostdoesntmeanFAT.txt,bc5e5c03288f88718cc4461277e3e5e58741dfd97b8281ae511949f4551c26f1,e13ca3cc-4279-42c0-9d81-54f907364941,40e8da50-18a7-4eaf-aba1-69b3ee956fc1,2019-11-20 21:04:16.552222,2019-11-20 21:06:29.151727,132.599505,"T1.Q1, T1.Q6, T1.Q7, T1.Q9, T1.Q10",0,0,1,0,0,0,0,0,0,0,0,0,0,0,0,0,0,0,0,,,0,0,0,0,0,1,0,0,0,0,Somewhat,,6,5: 50-50 that I had it on any given item
NYU_Reasoning2,eace698d45562a4832f0753fc291ea8199df836c5c98517a897c6d112e9f1545,0be4e9ac-125b-45fd-bda3-b8343d59ed8d,https://pe.goodlylabs.org/project/NYU_Reasoning2/task/2602,3,3,NYU_Articles/Day4/SchiffNamedinWHOfficial.txt,100042,SchiffNamedinWHOfficial.txt,c87020bba7064b93bf74559d8ba394ef83b1b4d84f1308fc4f77ba3b1099a140,6ba89afe-2614-4160-8ad0-6ace085e3a97,50b97722-8671-4131-8a54-409491b48a1e,2019-11-19 22:23:09.920078,2019-11-19 22:29:48.986775,399.066697,"T1.Q1, T1.Q2, T1.Q9, T1.Q10",1,0,0,0,0,0,0,0,0,0,0,1,0,0,0,0,0,0,0,,,0,0,0,0,0,0,0,0,0,0,,,7,4
NYU_Reasoning2,eace698d45562a4832f0753fc291ea8199df836c5c98517a897c6d112e9f1545,0be4e9ac-125b-45fd-bda3-b8343d59ed8d,https://pe.goodlylabs.org/project/NYU_Reasoning2/task/2602,3,3,NYU_Articles/Day4/SchiffNamedinWHOfficial.txt,100042,SchiffNamedinWHOfficial.txt,c87020bba7064b93bf74559d8ba394ef83b1b4d84f1308fc4f77ba3b1099a140,37ce0c47-cb9f-4dcf-b5f3-de97545ac4a3,3412be43-641f-4df9-a2d3-bc24946e4640,2019-11-19 22:17:33.305550,2019-11-19 22:20:05.689523,152.383973,"T1.Q1, T1.Q3, T1.Q9, T1.Q10",0,1,0,0,1,0,0,0,0,0,0,0,0,0,0,0,0,0,1,,,0,0,0,0,0,0,0,0,0,0,,,5: Middling difficulty,9
NYU_Reasoning2,eace698d45562a4832f0753fc291ea8199df836c5c98517a897c6d112e9f1545,0be4e9ac-125b-45fd-bda3-b8343d59ed8d,https://pe.goodlylabs.org/project/NYU_Reasoning2/task/2602,3,3,NYU_Articles/Day4/SchiffNamedinWHOfficial.txt,100042,SchiffNamedinWHOfficial.txt,c87020bba7064b93bf74559d8ba394ef83b1b4d84f1308fc4f77ba3b1099a140,f9f63def-0b2c-4f22-a4b8-060362821e03,294a6c7b-515a-495b-b8c9-2ec7df3ef46b,2019-11-19 21:44:48.823506,2019-11-19 21:48:58.478872,249.655366,"T1.Q1, T1.Q3, T1.Q7, T1.Q8, T1.Q9, T1.Q10",0,1,0,0,0,0,0,0,0,0,0,0,0,0,0,0,0,1,0,,,0,0,0,0,0,0,0,0,0,0,Very,stating that a person is bias without holding bases of why he is bias,8,8
NYU_Reasoning2,eace698d45562a4832f0753fc291ea8199df836c5c98517a897c6d112e9f1545,ad7c6408-4379-4abf-abfb-4c0ca9773ebd,https://pe.goodlylabs.org/project/NYU_Reasoning2/task/2551,3,3,NYU_Articles/Day 3/JesusisKingSundayService.txt,100041,JesusisKingSundayService.txt,a2cbd2793021682ba8c9d0dc90f901373791b6653b8de686a304de0f07fbdcd0,5666fe12-6e3b-4682-b330-be5667adf4d8,c56a533a-deab-4c1a-a516-e8994c45e84c,2019-11-18 22:09:50.218783,2019-11-18 22:16:08.174678,377.955895,"T1.Q1, T1.Q9, T1.Q10",0,0,0,0,1,0,0,0,0,0,0,0,0,0,0,0,0,0,0,,,0,0,0,0,0,0,0,0,0,0,,,5: Middling difficulty,5: 50-50 that I had it on any given item
NYU_Reasoning2,eace698d45562a4832f0753fc291ea8199df836c5c98517a897c6d112e9f1545,ad7c6408-4379-4abf-abfb-4c0ca9773ebd,https://pe.goodlylabs.org/project/NYU_Reasoning2/task/2551,3,3,NYU_Articles/Day 3/JesusisKingSundayService.txt,100041,JesusisKingSundayService.txt,a2cbd2793021682ba8c9d0dc90f901373791b6653b8de686a304de0f07fbdcd0,35ae8fc6-7d82-49cd-9e1b-ad393c4ec9f3,294a6c7b-515a-495b-b8c9-2ec7df3ef46b,2019-11-18 20:58:24.463825,2019-11-18 20:59:48.633087,84.169262,"T1.Q1, T1.Q9, T1.Q10",0,0,0,0,0,1,0,0,0,0,0,0,0,0,0,0,0,0,0,,,0,0,0,0,0,0,0,0,0,0,,,8,8
NYU_Reasoning2,eace698d45562a4832f0753fc291ea8199df836c5c98517a897c6d112e9f1545,ad7c6408-4379-4abf-abfb-4c0ca9773ebd,https://pe.goodlylabs.org/project/NYU_Reasoning2/task/2551,3,3,NYU_Articles/Day 3/JesusisKingSundayService.txt,100041,JesusisKingSundayService.txt,a2cbd2793021682ba8c9d0dc90f901373791b6653b8de686a304de0f07fbdcd0,4cb081c9-7c8f-4523-8362-f9532617ddff,12d9718f-030a-487e-872c-46372f945e17,2019-11-18 20:25:02.083252,2019-11-18 20:25:32.980258,30.897006,"T1.Q1, T1.Q9, T1.Q10",0,0,0,0,0,1,0,0,0,0,0,0,0,0,0,0,0,0,0,,,0,0,0,0,0,0,0,0,0,0,,,4,9
NYU_Reasoning2,eace698d45562a4832f0753fc291ea8199df836c5c98517a897c6d112e9f1545,e85aad21-7955-4b1e-a125-1261dba4f077,https://pe.goodlylabs.org/project/NYU_Reasoning2/task/2694,3,3,NYU_Articles/Day6/Sondland’stestimonydirectlyimplicatesTrump.txt,100049,Sondland’stestimonydirectlyimplicatesTrump.txt,ae31e85165a70dd348fc92519e2636f96614c884c24fa490e0c729d3dbe62867,ab206cb4-e7a0-45aa-ae04-863adeaaaedd,59deb714-60fb-4368-ac51-101d628951ef,2019-11-21 22:38:07.517064,2019-11-21 22:40:58.238809,170.721745,"T1.Q1, T1.Q3, T1.Q7, T1.Q9, T1.Q10",0,1,0,0,0,0,0,0,0,0,0,0,1,0,0,0,0,0,0,,,0,0,0,0,0,0,0,0,0,0,Not at all,,4,7
NYU_Reasoning2,eace698d45562a4832f0753fc291ea8199df836c5c98517a897c6d112e9f1545,e85aad21-7955-4b1e-a125-1261dba4f077,https://pe.goodlylabs.org/project/NYU_Reasoning2/task/2694,3,3,NYU_Articles/Day6/Sondland’stestimonydirectlyimplicatesTrump.txt,100049,Sondland’stestimonydirectlyimplicatesTrump.txt,ae31e85165a70dd348fc92519e2636f96614c884c24fa490e0c729d3dbe62867,6429959d-2e71-45b7-9a69-5311d97b3308,12d9718f-030a-487e-872c-46372f945e17,2019-11-21 22:35:05.911123,2019-11-21 22:35:52.900219,46.989096,"T1.Q1, T1.Q9, T1.Q10",0,0,0,0,0,1,0,0,0,0,0,0,0,0,0,0,0,0,0,,,0,0,0,0,0,0,0,0,0,0,,,3,9
NYU_Reasoning2,eace698d45562a4832f0753fc291ea8199df836c5c98517a897c6d112e9f1545,e85aad21-7955-4b1e-a125-1261dba4f077,https://pe.goodlylabs.org/project/NYU_Reasoning2/task/2694,3,3,NYU_Articles/Day6/Sondland’stestimonydirectlyimplicatesTrump.txt,100049,Sondland’stestimonydirectlyimplicatesTrump.txt,ae31e85165a70dd348fc92519e2636f96614c884c24fa490e0c729d3dbe62867,d562bfd4-bdce-465a-902d-9627cd626f3b,ad9e9ff6-b175-4aa0-a5f9-6d6df546a0da,2019-11-21 22:21:31.829768,2019-11-21 22:24:03.591174,151.761406,"T1.Q1, T1.Q9, T1.Q10",0,0,0,0,0,1,0,0,0,0,0,0,0,0,0,0,0,0,0,,,0,0,0,0,0,0,0,0,0,0,,,2,8
NYU_Reasoning2,eace698d45562a4832f0753fc291ea8199df836c5c98517a897c6d112e9f1545,e0c63650-45fb-40be-9e5d-386a5b2b56c0,https://pe.goodlylabs.org/project/NYU_Reasoning2/task/2547,3,3,NYU_Articles/Day 3/DoctorTellsCNNTrump’sWalter.txt,100039,DoctorTellsCNNTrump’sWalter.txt,ea908e535280e57805f9f5f093d5694d37623279c3cd90ee46dff92144237ad7,bf016df2-e4f6-4f15-955a-b3c8e08bc309,c56a533a-deab-4c1a-a516-e8994c45e84c,2019-11-18 21:50:14.278400,2019-11-18 22:07:55.708735,1061.430335,"T1.Q1, T1.Q2, T1.Q7, T1.Q8, T1.Q9, T1.Q10",1,0,0,0,0,0,0,0,0,0,1,0,0,0,0,0,0,0,0,,,0,0,0,0,0,0,0,0,0,0,Somewhat,Only generally states that the author has plenty of the records,5: Middling difficulty,5: 50-50 that I had it on any given item
NYU_Reasoning2,eace698d45562a4832f0753fc291ea8199df836c5c98517a897c6d112e9f1545,e0c63650-45fb-40be-9e5d-386a5b2b56c0,https://pe.goodlylabs.org/project/NYU_Reasoning2/task/2547,3,3,NYU_Articles/Day 3/DoctorTellsCNNTrump’sWalter.txt,100039,DoctorTellsCNNTrump’sWalter.txt,ea908e535280e57805f9f5f093d5694d37623279c3cd90ee46dff92144237ad7,91afc56d-c5cc-4919-b4af-1f870ba367a6,294a6c7b-515a-495b-b8c9-2ec7df3ef46b,2019-11-18 20:51:08.710629,2019-11-18 20:53:09.819071,121.108442,"T1.Q1, T1.Q9, T1.Q10",0,0,0,0,0,1,0,0,0,0,0,0,0,0,0,0,0,0,0,,,0,0,0,0,0,0,0,0,0,0,,,8,8
NYU_Reasoning2,eace698d45562a4832f0753fc291ea8199df836c5c98517a897c6d112e9f1545,e0c63650-45fb-40be-9e5d-386a5b2b56c0,https://pe.goodlylabs.org/project/NYU_Reasoning2/task/2547,3,3,NYU_Articles/Day 3/DoctorTellsCNNTrump’sWalter.txt,100039,DoctorTellsCNNTrump’sWalter.txt,ea908e535280e57805f9f5f093d5694d37623279c3cd90ee46dff92144237ad7,a270cb44-347e-4d62-afb5-c66da42f1b7d,12d9718f-030a-487e-872c-46372f945e17,2019-11-18 20:22:18.313991,2019-11-18 20:22:39.649305,21.335314,"T1.Q1, T1.Q9, T1.Q10",0,0,0,0,0,1,0,0,0,0,0,0,0,0,0,0,0,0,0,,,0,0,0,0,0,0,0,0,0,0,,,4,8
NYU_Reasoning2,eace698d45562a4832f0753fc291ea8199df836c5c98517a897c6d112e9f1545,00be9f2d-728f-4747-846c-f535bea6ac9d,https://pe.goodlylabs.org/project/NYU_Reasoning2/task/2693,3,3,NYU_Articles/Day6/Sondland’stestimonydirectlyimplicatesTrump.txt,100049,Sondland’stestimonydirectlyimplicatesTrump.txt,ae31e85165a70dd348fc92519e2636f96614c884c24fa490e0c729d3dbe62867,54a3eb2c-086a-4221-9bb1-ad67e6c01771,59deb714-60fb-4368-ac51-101d628951ef,2019-11-21 22:36:49.005207,2019-11-21 22:39:54.690590,185.685383,"T1.Q1, T1.Q9, T1.Q10",0,0,0,1,0,0,0,0,0,0,0,0,0,0,0,0,0,0,0,,,0,0,0,0,0,0,0,0,0,0,,,4,6
NYU_Reasoning2,eace698d45562a4832f0753fc291ea8199df836c5c98517a897c6d112e9f1545,00be9f2d-728f-4747-846c-f535bea6ac9d,https://pe.goodlylabs.org/project/NYU_Reasoning2/task/2693,3,3,NYU_Articles/Day6/Sondland’stestimonydirectlyimplicatesTrump.txt,100049,Sondland’stestimonydirectlyimplicatesTrump.txt,ae31e85165a70dd348fc92519e2636f96614c884c24fa490e0c729d3dbe62867,dffac261-2c27-46c5-8d0d-2e1be5a8c893,12d9718f-030a-487e-872c-46372f945e17,2019-11-21 22:34:46.981829,2019-11-21 22:35:40.190026,53.208197,"T1.Q1, T1.Q3, T1.Q9, T1.Q10",0,1,0,0,0,0,0,0,0,0,0,0,0,0,0,0,0,0,1,,,0,0,0,0,0,0,0,0,0,0,,,4,9
NYU_Reasoning2,eace698d45562a4832f0753fc291ea8199df836c5c98517a897c6d112e9f1545,00be9f2d-728f-4747-846c-f535bea6ac9d,https://pe.goodlylabs.org/project/NYU_Reasoning2/task/2693,3,3,NYU_Articles/Day6/Sondland’stestimonydirectlyimplicatesTrump.txt,100049,Sondland’stestimonydirectlyimplicatesTrump.txt,ae31e85165a70dd348fc92519e2636f96614c884c24fa490e0c729d3dbe62867,ac28e8f3-1909-425b-a2ad-3bf36ba1493c,ad9e9ff6-b175-4aa0-a5f9-6d6df546a0da,2019-11-21 22:20:24.102704,2019-11-21 22:22:55.546512,151.443808,"T1.Q1, T1.Q2, T1.Q3, T1.Q7, T1.Q9, T1.Q10",1,1,0,0,0,0,0,0,1,0,0,0,0,0,0,0,0,0,1,,,0,0,0,0,0,0,0,0,0,0,Slightly,,2,7
NYU_Reasoning2,eace698d45562a4832f0753fc291ea8199df836c5c98517a897c6d112e9f1545,3e6ccf39-b5d0-4bcb-a9af-7ca6f621d71a,https://pe.goodlylabs.org/project/NYU_Reasoning2/task/2604,3,3,NYU_Articles/Day4/RudyGiulianihascompletelyberserk.txt,100044,RudyGiulianihascompletelyberserk.txt,ce9fb9b9358c71daead068bb2ab24ebfbcd68d1bb8b0611114621d290e0c0764,b40c1fae-9670-4b59-9ddf-d1bd83ea664c,50b97722-8671-4131-8a54-409491b48a1e,2019-11-19 22:29:49.281741,2019-11-19 22:32:24.369242,155.087501,"T1.Q1, T1.Q2, T1.Q9, T1.Q10",1,0,0,0,0,0,0,0,0,0,0,1,0,0,0,0,0,0,0,,,0,0,0,0,0,0,0,0,0,0,,,5: Middling difficulty,7
NYU_Reasoning2,eace698d45562a4832f0753fc291ea8199df836c5c98517a897c6d112e9f1545,3e6ccf39-b5d0-4bcb-a9af-7ca6f621d71a,https://pe.goodlylabs.org/project/NYU_Reasoning2/task/2604,3,3,NYU_Articles/Day4/RudyGiulianihascompletelyberserk.txt,100044,RudyGiulianihascompletelyberserk.txt,ce9fb9b9358c71daead068bb2ab24ebfbcd68d1bb8b0611114621d290e0c0764,60b34d57-c365-43ba-b168-dd21ee8484cb,3412be43-641f-4df9-a2d3-bc24946e4640,2019-11-19 22:20:05.982967,2019-11-19 22:24:07.575187,241.59222,"T1.Q1, T1.Q2, T1.Q3, T1.Q9, T1.Q10",1,1,0,0,0,0,0,0,0,0,0,1,0,0,0,0,0,0,1,,,0,0,0,0,0,0,0,0,0,0,,,5: Middling difficulty,9
NYU_Reasoning2,eace698d45562a4832f0753fc291ea8199df836c5c98517a897c6d112e9f1545,3e6ccf39-b5d0-4bcb-a9af-7ca6f621d71a,https://pe.goodlylabs.org/project/NYU_Reasoning2/task/2604,3,3,NYU_Articles/Day4/RudyGiulianihascompletelyberserk.txt,100044,RudyGiulianihascompletelyberserk.txt,ce9fb9b9358c71daead068bb2ab24ebfbcd68d1bb8b0611114621d290e0c0764,ee1679bd-a723-45dd-958d-a0b248127fd5,294a6c7b-515a-495b-b8c9-2ec7df3ef46b,2019-11-19 22:09:29.261148,2019-11-19 22:10:28.595770,59.334622,"T1.Q1, T1.Q3, T1.Q6, T1.Q7, T1.Q8, T1.Q9, T1.Q10",0,1,1,0,0,0,0,0,0,0,0,0,0,0,0,0,0,1,0,,,0,0,1,0,0,0,0,0,0,0,Very,he's making outrages inferences to make the other side sound stupid,8,8
NYU_Reasoning2,eace698d45562a4832f0753fc291ea8199df836c5c98517a897c6d112e9f1545,e0cfe341-aebf-4441-b4fd-16ea4263bfc1,https://pe.goodlylabs.org/project/NYU_Reasoning2/task/2548,3,3,NYU_Articles/Day 3/DoctorTellsCNNTrump’sWalter.txt,100039,DoctorTellsCNNTrump’sWalter.txt,ea908e535280e57805f9f5f093d5694d37623279c3cd90ee46dff92144237ad7,2cbb2dee-04e5-48b2-b32f-7274d88527f6,c56a533a-deab-4c1a-a516-e8994c45e84c,2019-11-18 22:05:13.904679,2019-11-18 22:08:50.014720,216.110041,"T1.Q1, T1.Q9, T1.Q10",0,0,0,0,1,0,0,0,0,0,0,0,0,0,0,0,0,0,0,,,0,0,0,0,0,0,0,0,0,0,,,5: Middling difficulty,5: 50-50 that I had it on any given item
NYU_Reasoning2,eace698d45562a4832f0753fc291ea8199df836c5c98517a897c6d112e9f1545,e0cfe341-aebf-4441-b4fd-16ea4263bfc1,https://pe.goodlylabs.org/project/NYU_Reasoning2/task/2548,3,3,NYU_Articles/Day 3/DoctorTellsCNNTrump’sWalter.txt,100039,DoctorTellsCNNTrump’sWalter.txt,ea908e535280e57805f9f5f093d5694d37623279c3cd90ee46dff92144237ad7,e25a81fe-9183-4434-ab1c-4d1b20442e5d,294a6c7b-515a-495b-b8c9-2ec7df3ef46b,2019-11-18 20:52:26.961087,2019-11-18 20:53:42.660059,75.698972,"T1.Q1, T1.Q9, T1.Q10",0,0,0,1,1,0,0,0,0,0,0,0,0,0,0,0,0,0,0,,,0,0,0,0,0,0,0,0,0,0,,,8,8
NYU_Reasoning2,eace698d45562a4832f0753fc291ea8199df836c5c98517a897c6d112e9f1545,e0cfe341-aebf-4441-b4fd-16ea4263bfc1,https://pe.goodlylabs.org/project/NYU_Reasoning2/task/2548,3,3,NYU_Articles/Day 3/DoctorTellsCNNTrump’sWalter.txt,100039,DoctorTellsCNNTrump’sWalter.txt,ea908e535280e57805f9f5f093d5694d37623279c3cd90ee46dff92144237ad7,f36eb815-ce49-4880-a0d5-dcc2367146de,12d9718f-030a-487e-872c-46372f945e17,2019-11-18 20:22:18.658855,2019-11-18 20:24:36.456868,137.798013,"T1.Q1, T1.Q3, T1.Q9, T1.Q10",0,1,0,0,0,0,0,0,0,0,0,0,0,0,0,0,0,0,1,,,0,0,0,0,0,0,0,0,0,0,,,4,8
NYU_Reasoning2,eace698d45562a4832f0753fc291ea8199df836c5c98517a897c6d112e9f1545,2e460a64-ca39-49d4-b5ba-13de9cc21bdb,https://pe.goodlylabs.org/project/NYU_Reasoning2/task/2692,3,3,NYU_Articles/Day6/UkrainianMPClaims$7.4Billion.txt,100048,UkrainianMPClaims$7.4Billion.txt,451edcdfeb13e92a47319c8933da0a45dfc5c7baa616f64ed73bad2bd3b59b05,0dfb518e-ca80-4061-b5fb-3b3b3d8f41c3,59deb714-60fb-4368-ac51-101d628951ef,2019-11-21 22:34:19.606263,2019-11-21 22:38:07.285378,227.679115,"T1.Q1, T1.Q9, T1.Q10",0,0,0,0,0,1,0,0,0,0,0,0,0,0,0,0,0,0,0,,,0,0,0,0,0,0,0,0,0,0,,,4,6
NYU_Reasoning2,eace698d45562a4832f0753fc291ea8199df836c5c98517a897c6d112e9f1545,2e460a64-ca39-49d4-b5ba-13de9cc21bdb,https://pe.goodlylabs.org/project/NYU_Reasoning2/task/2692,3,3,NYU_Articles/Day6/UkrainianMPClaims$7.4Billion.txt,100048,UkrainianMPClaims$7.4Billion.txt,451edcdfeb13e92a47319c8933da0a45dfc5c7baa616f64ed73bad2bd3b59b05,c2a183d6-cdee-47fb-8386-6a6f4afa4c38,12d9718f-030a-487e-872c-46372f945e17,2019-11-21 22:33:04.935785,2019-11-21 22:35:05.655069,120.719284,"T1.Q1, T1.Q9, T1.Q10",0,0,0,0,0,1,0,0,0,0,0,0,0,0,0,0,0,0,0,,,0,0,0,0,0,0,0,0,0,0,,,3,8
NYU_Reasoning2,eace698d45562a4832f0753fc291ea8199df836c5c98517a897c6d112e9f1545,2e460a64-ca39-49d4-b5ba-13de9cc21bdb,https://pe.goodlylabs.org/project/NYU_Reasoning2/task/2692,3,3,NYU_Articles/Day6/UkrainianMPClaims$7.4Billion.txt,100048,UkrainianMPClaims$7.4Billion.txt,451edcdfeb13e92a47319c8933da0a45dfc5c7baa616f64ed73bad2bd3b59b05,c77f4bdd-c261-43ac-b62a-ae8d158385fc,ad9e9ff6-b175-4aa0-a5f9-6d6df546a0da,2019-11-21 22:17:57.880109,2019-11-21 22:21:31.636633,213.756524,"T1.Q1, T1.Q9, T1.Q10",0,0,0,0,0,1,0,0,0,0,0,0,0,0,0,0,0,0,0,,,0,0,0,0,0,0,0,0,0,0,,,2,6
NYU_Reasoning2,eace698d45562a4832f0753fc291ea8199df836c5c98517a897c6d112e9f1545,5969559a-6651-4d43-9001-8664a9f52948,https://pe.goodlylabs.org/project/NYU_Reasoning2/task/2691,3,3,NYU_Articles/Day6/UkrainianMPClaims$7.4Billion.txt,100048,UkrainianMPClaims$7.4Billion.txt,451edcdfeb13e92a47319c8933da0a45dfc5c7baa616f64ed73bad2bd3b59b05,dea8c5c7-213d-44e6-9585-bf22fadd6e30,59deb714-60fb-4368-ac51-101d628951ef,2019-11-21 22:34:19.259199,2019-11-21 22:36:48.706651,149.447452,"T1.Q1, T1.Q3, T1.Q9, T1.Q10",0,1,0,0,0,0,0,0,0,0,0,0,0,0,0,0,0,0,1,,,0,0,0,0,0,0,0,0,0,0,,,5: Middling difficulty,7
NYU_Reasoning2,eace698d45562a4832f0753fc291ea8199df836c5c98517a897c6d112e9f1545,5969559a-6651-4d43-9001-8664a9f52948,https://pe.goodlylabs.org/project/NYU_Reasoning2/task/2691,3,3,NYU_Articles/Day6/UkrainianMPClaims$7.4Billion.txt,100048,UkrainianMPClaims$7.4Billion.txt,451edcdfeb13e92a47319c8933da0a45dfc5c7baa616f64ed73bad2bd3b59b05,70b0af8e-5456-4556-9f5d-284a0eb040a7,12d9718f-030a-487e-872c-46372f945e17,2019-11-21 22:33:04.237314,2019-11-21 22:34:46.785889,102.548575,"T1.Q1, T1.Q9, T1.Q10",0,0,0,0,0,1,0,0,0,0,0,0,0,0,0,0,0,0,0,,,0,0,0,0,0,0,0,0,0,0,,,4,9
NYU_Reasoning2,eace698d45562a4832f0753fc291ea8199df836c5c98517a897c6d112e9f1545,5969559a-6651-4d43-9001-8664a9f52948,https://pe.goodlylabs.org/project/NYU_Reasoning2/task/2691,3,3,NYU_Articles/Day6/UkrainianMPClaims$7.4Billion.txt,100048,UkrainianMPClaims$7.4Billion.txt,451edcdfeb13e92a47319c8933da0a45dfc5c7baa616f64ed73bad2bd3b59b05,f4c6e39c-46a1-4dec-8407-e0d0511a9368,ad9e9ff6-b175-4aa0-a5f9-6d6df546a0da,2019-11-21 22:17:57.786385,2019-11-21 22:20:23.908292,146.121907,"T1.Q1, T1.Q3, T1.Q9, T1.Q10",0,1,0,0,0,0,0,0,0,0,0,0,0,0,0,0,0,0,1,,,0,0,0,0,0,0,0,0,0,0,,,2,9
NYU_Reasoning2,eace698d45562a4832f0753fc291ea8199df836c5c98517a897c6d112e9f1545,90f009e1-1b09-4e7b-bbea-d9116f1cd9a9,https://pe.goodlylabs.org/project/NYU_Reasoning2/task/2647,3,3,NYU_Articles/Day5/NoShotsFiredCitizenwith.txt,100046,NoShotsFiredCitizenwith.txt,df6df207fbec112ddaf44daf2190f5f8dc1812eeed256738e6bf658ec8217f52,102d8df7-432e-4b1d-92d7-dd3a332323c0,294a6c7b-515a-495b-b8c9-2ec7df3ef46b,2019-11-20 21:11:10.809258,2019-11-20 21:19:12.915477,482.106219,"T1.Q1, T1.Q2, T1.Q3, T1.Q6, T1.Q7, T1.Q8, T1.Q9, T1.Q10",1,1,1,0,0,0,0,1,0,0,0,0,0,0,0,0,0,1,0,,,0,0,0,0,0,0,0,0,1,0,Very,negative tone of voice,8,8
NYU_Reasoning2,eace698d45562a4832f0753fc291ea8199df836c5c98517a897c6d112e9f1545,90f009e1-1b09-4e7b-bbea-d9116f1cd9a9,https://pe.goodlylabs.org/project/NYU_Reasoning2/task/2647,3,3,NYU_Articles/Day5/NoShotsFiredCitizenwith.txt,100046,NoShotsFiredCitizenwith.txt,df6df207fbec112ddaf44daf2190f5f8dc1812eeed256738e6bf658ec8217f52,6ba06d23-fbd4-4e8f-b592-4541e15ce0fa,12d9718f-030a-487e-872c-46372f945e17,2019-11-20 21:11:52.804063,2019-11-20 21:16:23.224567,270.420504,"T1.Q1, T1.Q3, T1.Q9, T1.Q10",0,1,0,0,0,0,0,0,0,0,0,0,0,0,0,0,0,0,1,,,0,0,0,0,0,0,0,0,0,0,,,4,9
NYU_Reasoning2,eace698d45562a4832f0753fc291ea8199df836c5c98517a897c6d112e9f1545,90f009e1-1b09-4e7b-bbea-d9116f1cd9a9,https://pe.goodlylabs.org/project/NYU_Reasoning2/task/2647,3,3,NYU_Articles/Day5/NoShotsFiredCitizenwith.txt,100046,NoShotsFiredCitizenwith.txt,df6df207fbec112ddaf44daf2190f5f8dc1812eeed256738e6bf658ec8217f52,4faedbbf-5be9-40d9-9f20-bff096d76350,40e8da50-18a7-4eaf-aba1-69b3ee956fc1,2019-11-20 20:54:20.525312,2019-11-20 20:56:47.480666,146.955354,"T1.Q1, T1.Q9, T1.Q10",0,0,0,1,0,0,0,0,0,0,0,0,0,0,0,0,0,0,0,,,0,0,0,0,0,0,0,0,0,0,,,4,5: 50-50 that I had it on any given item
NYU_Reasoning2,eace698d45562a4832f0753fc291ea8199df836c5c98517a897c6d112e9f1545,e3a609e0-3aba-4eb2-9438-365a750d6a93,https://pe.goodlylabs.org/project/NYU_Reasoning2/task/2476,3,3,NYU_Articles/Day2/DonaldTrumpJrHumiliatedBooed.txt,100036,DonaldTrumpJrHumiliatedBooed.txt,95e59347e8dd79fe6656dad63f1a495731158f5d629350decb9d78a7739e19cd,75224983-95b2-4c12-9cce-b42cb62dbde9,40e8da50-18a7-4eaf-aba1-69b3ee956fc1,2019-11-15 01:23:54.350512,2019-11-15 01:42:50.169539,1135.819027,"T1.Q1, T1.Q3, T1.Q7, T1.Q9, T1.Q10",0,1,0,0,0,0,0,0,0,0,0,0,1,0,0,0,0,0,0,,,0,0,0,0,0,0,0,0,0,0,Very,,5: Middling difficulty,6
NYU_Reasoning2,eace698d45562a4832f0753fc291ea8199df836c5c98517a897c6d112e9f1545,e3a609e0-3aba-4eb2-9438-365a750d6a93,https://pe.goodlylabs.org/project/NYU_Reasoning2/task/2476,3,3,NYU_Articles/Day2/DonaldTrumpJrHumiliatedBooed.txt,100036,DonaldTrumpJrHumiliatedBooed.txt,95e59347e8dd79fe6656dad63f1a495731158f5d629350decb9d78a7739e19cd,2f5485e8-955d-4317-abac-407a98e87c83,ad9e9ff6-b175-4aa0-a5f9-6d6df546a0da,2019-11-15 00:07:46.607285,2019-11-15 00:08:53.907769,67.300484,"T1.Q1, T1.Q2, T1.Q9, T1.Q10",1,0,0,0,0,0,0,0,0,0,0,1,0,0,0,0,0,0,0,,,0,0,0,0,0,0,0,0,0,0,,,2,8
NYU_Reasoning2,eace698d45562a4832f0753fc291ea8199df836c5c98517a897c6d112e9f1545,e3a609e0-3aba-4eb2-9438-365a750d6a93,https://pe.goodlylabs.org/project/NYU_Reasoning2/task/2476,3,3,NYU_Articles/Day2/DonaldTrumpJrHumiliatedBooed.txt,100036,DonaldTrumpJrHumiliatedBooed.txt,95e59347e8dd79fe6656dad63f1a495731158f5d629350decb9d78a7739e19cd,9ae6ed88-fc8e-4b29-a916-2d05a3ba2437,aa6922da-994c-4d34-aa93-ae9abc41d8f7,2019-11-14 22:44:45.579003,2019-11-14 22:46:02.422613,76.84361,"T1.Q1, T1.Q2, T1.Q7, T1.Q9, T1.Q10",1,0,0,0,0,0,0,1,0,0,0,0,0,0,0,0,0,0,0,,,0,0,0,0,0,0,0,0,0,0,Very,,4,7
NYU_Reasoning2,eace698d45562a4832f0753fc291ea8199df836c5c98517a897c6d112e9f1545,3f2120fb-4b2f-4bf1-b0a6-7ce1bcbe5fda,https://pe.goodlylabs.org/project/NYU_Reasoning2/task/2552,3,3,NYU_Articles/Day 3/JesusisKingSundayService.txt,100041,JesusisKingSundayService.txt,a2cbd2793021682ba8c9d0dc90f901373791b6653b8de686a304de0f07fbdcd0,552affa6-c535-4b54-a17e-c4bc5b49180e,c56a533a-deab-4c1a-a516-e8994c45e84c,2019-11-18 22:13:34.869322,2019-11-18 22:16:27.293881,172.424559,"T1.Q1, T1.Q9, T1.Q10",0,0,0,0,0,1,0,0,0,0,0,0,0,0,0,0,0,0,0,,,0,0,0,0,0,0,0,0,0,0,,,5: Middling difficulty,5: 50-50 that I had it on any given item
NYU_Reasoning2,eace698d45562a4832f0753fc291ea8199df836c5c98517a897c6d112e9f1545,3f2120fb-4b2f-4bf1-b0a6-7ce1bcbe5fda,https://pe.goodlylabs.org/project/NYU_Reasoning2/task/2552,3,3,NYU_Articles/Day 3/JesusisKingSundayService.txt,100041,JesusisKingSundayService.txt,a2cbd2793021682ba8c9d0dc90f901373791b6653b8de686a304de0f07fbdcd0,eb79a811-759a-4138-9930-f225d59e7f9c,294a6c7b-515a-495b-b8c9-2ec7df3ef46b,2019-11-18 20:59:11.040427,2019-11-18 21:00:14.187083,63.146656,"T1.Q1, T1.Q9, T1.Q10",0,0,0,0,0,1,0,0,0,0,0,0,0,0,0,0,0,0,0,,,0,0,0,0,0,0,0,0,0,0,,,9,9
NYU_Reasoning2,eace698d45562a4832f0753fc291ea8199df836c5c98517a897c6d112e9f1545,3f2120fb-4b2f-4bf1-b0a6-7ce1bcbe5fda,https://pe.goodlylabs.org/project/NYU_Reasoning2/task/2552,3,3,NYU_Articles/Day 3/JesusisKingSundayService.txt,100041,JesusisKingSundayService.txt,a2cbd2793021682ba8c9d0dc90f901373791b6653b8de686a304de0f07fbdcd0,26e7006e-ac01-4fb8-acc5-7c26fea747e5,12d9718f-030a-487e-872c-46372f945e17,2019-11-18 20:25:17.673535,2019-11-18 20:25:47.989522,30.315987,"T1.Q1, T1.Q9, T1.Q10",0,0,0,0,0,1,0,0,0,0,0,0,0,0,0,0,0,0,0,,,0,0,0,0,0,0,0,0,0,0,,,4,9
NYU_Reasoning2,eace698d45562a4832f0753fc291ea8199df836c5c98517a897c6d112e9f1545,c3be92ee-3e6f-48d4-b097-a3801a1d99e4,https://pe.goodlylabs.org/project/NYU_Reasoning2/task/2469,5,3,NYU_Articles/Day1/NBCABCAndCBSAppear.txt,100034,NBCABCAndCBSAppear.txt,3b9c291d9345c8221a497206a766483bf78df474550f0c50c58df9ad4c20ff75,9cb710b9-57c4-4dd3-99d8-0cd102ba8db7,6a76c935-dac8-40f8-88b1-97cf893331ad,2019-11-14 19:50:09.074638,2019-11-14 19:52:51.900285,162.825647,"T1.Q1, T1.Q9, T1.Q10",0,0,0,0,0,1,0,0,0,0,0,0,0,0,0,0,0,0,0,,,0,0,0,0,0,0,0,0,0,0,,,3,8
NYU_Reasoning2,eace698d45562a4832f0753fc291ea8199df836c5c98517a897c6d112e9f1545,c3be92ee-3e6f-48d4-b097-a3801a1d99e4,https://pe.goodlylabs.org/project/NYU_Reasoning2/task/2469,5,3,NYU_Articles/Day1/NBCABCAndCBSAppear.txt,100034,NBCABCAndCBSAppear.txt,3b9c291d9345c8221a497206a766483bf78df474550f0c50c58df9ad4c20ff75,579f788c-3401-4abe-9abb-45f91a8c5643,46c713ca-b363-4ed6-aa35-6f5b24db7d5e,2019-11-13 23:18:44.147723,2019-11-13 23:23:53.912201,309.764478,"T1.Q1, T1.Q9, T1.Q10",0,0,0,1,0,0,0,0,0,0,0,0,0,0,0,0,0,0,0,,,0,0,0,0,0,0,0,0,0,0,,,4,6
NYU_Reasoning2,eace698d45562a4832f0753fc291ea8199df836c5c98517a897c6d112e9f1545,c3be92ee-3e6f-48d4-b097-a3801a1d99e4,https://pe.goodlylabs.org/project/NYU_Reasoning2/task/2469,5,3,NYU_Articles/Day1/NBCABCAndCBSAppear.txt,100034,NBCABCAndCBSAppear.txt,3b9c291d9345c8221a497206a766483bf78df474550f0c50c58df9ad4c20ff75,b60e210c-f788-4d90-9043-20c779cdfd2d,00f548b7-6b63-4b47-828e-8e416b6ca0e2,2019-11-13 22:23:07.952249,2019-11-13 22:40:05.776145,1017.823896,"T1.Q1, T1.Q9, T1.Q10",0,0,0,1,0,0,0,0,0,0,0,0,0,0,0,0,0,0,0,,,0,0,0,0,0,0,0,0,0,0,,,6,6
NYU_Reasoning2,eace698d45562a4832f0753fc291ea8199df836c5c98517a897c6d112e9f1545,c3be92ee-3e6f-48d4-b097-a3801a1d99e4,https://pe.goodlylabs.org/project/NYU_Reasoning2/task/2469,5,3,NYU_Articles/Day1/NBCABCAndCBSAppear.txt,100034,NBCABCAndCBSAppear.txt,3b9c291d9345c8221a497206a766483bf78df474550f0c50c58df9ad4c20ff75,778023e5-e5f8-4652-afc9-bb1dbc3582b8,2b2f1081-fac7-4884-b56c-28501b89abb8,2019-11-13 22:18:18.120513,2019-11-13 22:20:46.556439,148.435926,"T1.Q1, T1.Q9, T1.Q10",0,0,0,0,1,0,0,0,0,0,0,0,0,0,0,0,0,0,0,,,0,0,0,0,0,0,0,0,0,0,,,3,7
NYU_Reasoning2,eace698d45562a4832f0753fc291ea8199df836c5c98517a897c6d112e9f1545,c3be92ee-3e6f-48d4-b097-a3801a1d99e4,https://pe.goodlylabs.org/project/NYU_Reasoning2/task/2469,5,3,NYU_Articles/Day1/NBCABCAndCBSAppear.txt,100034,NBCABCAndCBSAppear.txt,3b9c291d9345c8221a497206a766483bf78df474550f0c50c58df9ad4c20ff75,fdcfafb1-a8e5-41cb-bcfe-8bac110007c9,12d9718f-030a-487e-872c-46372f945e17,2019-11-13 21:38:54.496513,2019-11-13 21:41:14.426214,139.929701,"T1.Q1, T1.Q9, T1.Q10",0,0,0,0,0,1,0,0,0,0,0,0,0,0,0,0,0,0,0,,,0,0,0,0,0,0,0,0,0,0,,,4,7
NYU_Reasoning2,eace698d45562a4832f0753fc291ea8199df836c5c98517a897c6d112e9f1545,113326f3-7588-4239-a116-98c909b2bca4,https://pe.goodlylabs.org/project/NYU_Reasoning2/task/2652,3,3,NYU_Articles/Day5/PoundslostdoesntmeanFAT.txt,100047,PoundslostdoesntmeanFAT.txt,bc5e5c03288f88718cc4461277e3e5e58741dfd97b8281ae511949f4551c26f1,813402a5-474b-4a5d-abe4-feb897b9d5e0,46c713ca-b363-4ed6-aa35-6f5b24db7d5e,2019-11-20 22:51:14.616579,2019-11-20 22:52:31.272094,76.655515,"T1.Q1, T1.Q9, T1.Q10",0,0,0,0,0,1,0,0,0,0,0,0,0,0,0,0,0,0,0,,,0,0,0,0,0,0,0,0,0,0,,,5: Middling difficulty,5: 50-50 that I had it on any given item
NYU_Reasoning2,eace698d45562a4832f0753fc291ea8199df836c5c98517a897c6d112e9f1545,113326f3-7588-4239-a116-98c909b2bca4,https://pe.goodlylabs.org/project/NYU_Reasoning2/task/2652,3,3,NYU_Articles/Day5/PoundslostdoesntmeanFAT.txt,100047,PoundslostdoesntmeanFAT.txt,bc5e5c03288f88718cc4461277e3e5e58741dfd97b8281ae511949f4551c26f1,ccc55128-7638-4493-8236-33e7b8473dc3,294a6c7b-515a-495b-b8c9-2ec7df3ef46b,2019-11-20 21:57:14.081995,2019-11-20 21:59:35.601685,141.51969,"T1.Q1, T1.Q3, T1.Q7, T1.Q8, T1.Q9, T1.Q10",0,1,0,0,0,0,0,0,0,0,0,0,0,0,0,0,0,1,0,,,0,0,0,0,0,0,0,0,0,0,Very,stating that experts recommend puts a positive spin on it,8,8
NYU_Reasoning2,eace698d45562a4832f0753fc291ea8199df836c5c98517a897c6d112e9f1545,113326f3-7588-4239-a116-98c909b2bca4,https://pe.goodlylabs.org/project/NYU_Reasoning2/task/2652,3,3,NYU_Articles/Day5/PoundslostdoesntmeanFAT.txt,100047,PoundslostdoesntmeanFAT.txt,bc5e5c03288f88718cc4461277e3e5e58741dfd97b8281ae511949f4551c26f1,f60b4226-3c92-468c-9c57-c0bd377104bd,40e8da50-18a7-4eaf-aba1-69b3ee956fc1,2019-11-20 21:01:34.767830,2019-11-20 21:04:31.780840,177.01301,"T1.Q1, T1.Q9, T1.Q10",0,0,0,0,0,1,0,0,0,0,0,0,0,0,0,0,0,0,0,,,0,0,0,0,0,0,0,0,0,0,,,1: Easier than anything I've ever done in a classroom setting,9
NYU_Reasoning2,eace698d45562a4832f0753fc291ea8199df836c5c98517a897c6d112e9f1545,ae749cb2-0ccb-4efb-895c-2da67224449d,https://pe.goodlylabs.org/project/NYU_Reasoning2/task/2480,3,3,NYU_Articles/Day2/SchiffClaimsHeDoesNot.txt,100038,SchiffClaimsHeDoesNot.txt,68c644ee4676eeca87052755ec73bde24a957e12dc1d1fcba93795f08063520d,00d54ccf-1df4-45da-b341-5a9939707d54,40e8da50-18a7-4eaf-aba1-69b3ee956fc1,2019-11-15 01:46:01.266024,2019-11-15 01:47:36.452580,95.186556,"T1.Q1, T1.Q9, T1.Q10",0,0,0,1,0,0,0,0,0,0,0,0,0,0,0,0,0,0,0,,,0,0,0,0,0,0,0,0,0,0,,,3,9
NYU_Reasoning2,eace698d45562a4832f0753fc291ea8199df836c5c98517a897c6d112e9f1545,ae749cb2-0ccb-4efb-895c-2da67224449d,https://pe.goodlylabs.org/project/NYU_Reasoning2/task/2480,3,3,NYU_Articles/Day2/SchiffClaimsHeDoesNot.txt,100038,SchiffClaimsHeDoesNot.txt,68c644ee4676eeca87052755ec73bde24a957e12dc1d1fcba93795f08063520d,09cb0bd9-2a69-44b6-b41a-c95679cb256b,ad9e9ff6-b175-4aa0-a5f9-6d6df546a0da,2019-11-15 00:10:01.329606,2019-11-15 00:11:26.323899,84.994293,"T1.Q1, T1.Q3, T1.Q9, T1.Q10",0,1,0,0,0,0,0,0,0,0,0,0,0,0,0,0,0,0,1,,,0,0,0,0,0,0,0,0,0,0,,,2,9
NYU_Reasoning2,eace698d45562a4832f0753fc291ea8199df836c5c98517a897c6d112e9f1545,ae749cb2-0ccb-4efb-895c-2da67224449d,https://pe.goodlylabs.org/project/NYU_Reasoning2/task/2480,3,3,NYU_Articles/Day2/SchiffClaimsHeDoesNot.txt,100038,SchiffClaimsHeDoesNot.txt,68c644ee4676eeca87052755ec73bde24a957e12dc1d1fcba93795f08063520d,99b17872-ef96-4b78-babe-973cd21caa25,aa6922da-994c-4d34-aa93-ae9abc41d8f7,2019-11-14 22:47:44.860501,2019-11-14 22:49:42.076353,117.215852,"T1.Q1, T1.Q9, T1.Q10",0,0,0,0,1,0,0,0,0,0,0,0,0,0,0,0,0,0,0,,,0,0,0,0,0,0,0,0,0,0,,,4,8
