schema_namespace,schema_sha256,quiz_task_uuid,task_url,tua_uuid,article_batch_name,article_number,article_filename,article_sha256,article_text_length,task_uuid,task_redundancy,taskrun_count,quiz_taskrun_uuid,contributor_uuid,created,finish_time,elapsed_seconds,topic_name,question_label,question_text,answer_label,answer_content,answer_uuid,submitted_tua_uuid,answer_text,case_number,highlight_count,start_pos,end_pos,target_text
NYU_Overall,73547c3c231ca8366dfcec3758c9248bd090123e5fd8e249c635222488b354da,91db25cf-af96-4653-9cd0-09953983d3c4,https://pe.goodlylabs.org/project/NYU_Overall/task/2516,,NYU_Articles/Day 3/DoctorTellsCNNTrump’sWalter.txt,100039,DoctorTellsCNNTrump’sWalter.txt,ea908e535280e57805f9f5f093d5694d37623279c3cd90ee46dff92144237ad7,3470,a9783f42-96e6-40e4-a8da-643a8c801ea8,5,5,50d5e7a9-7ec4-4430-878f-9e6c0b04e58f,7bf24adb-091e-48c8-8133-fea34936c5ca,2019-11-18 22:47:24.438974,2019-11-18 22:58:35.381782,670.942808,Holistic Evaluation of Article,T1.Q1,"Knowing everything you know about the world, how *credible* does the article seem to you, overall?",T1.Q1.A2,Fairly credible,4af1c5a5-650e-4ea3-a8dd-9274cf48016b,d23da820-b578-4138-b7b4-b414ff3d0bfd,Fairly credible,0,0,,,
NYU_Overall,73547c3c231ca8366dfcec3758c9248bd090123e5fd8e249c635222488b354da,91db25cf-af96-4653-9cd0-09953983d3c4,https://pe.goodlylabs.org/project/NYU_Overall/task/2516,,NYU_Articles/Day 3/DoctorTellsCNNTrump’sWalter.txt,100039,DoctorTellsCNNTrump’sWalter.txt,ea908e535280e57805f9f5f093d5694d37623279c3cd90ee46dff92144237ad7,3470,a9783f42-96e6-40e4-a8da-643a8c801ea8,5,5,50d5e7a9-7ec4-4430-878f-9e6c0b04e58f,7bf24adb-091e-48c8-8133-fea34936c5ca,2019-11-18 22:47:24.438974,2019-11-18 22:58:35.381782,670.942808,Holistic Evaluation of Article,T1.Q2,"Given everything you know about the world, how *biased* does the article seem to you, overall?",T1.Q2.A4,Mildly biased,f46bee86-5228-438b-8789-48133b231ab8,c72e5382-7d32-4c22-9a5c-fd4637185067,Mildly biased,0,0,,,
NYU_Overall,73547c3c231ca8366dfcec3758c9248bd090123e5fd8e249c635222488b354da,91db25cf-af96-4653-9cd0-09953983d3c4,https://pe.goodlylabs.org/project/NYU_Overall/task/2516,,NYU_Articles/Day 3/DoctorTellsCNNTrump’sWalter.txt,100039,DoctorTellsCNNTrump’sWalter.txt,ea908e535280e57805f9f5f093d5694d37623279c3cd90ee46dff92144237ad7,3470,a9783f42-96e6-40e4-a8da-643a8c801ea8,5,5,50d5e7a9-7ec4-4430-878f-9e6c0b04e58f,7bf24adb-091e-48c8-8133-fea34936c5ca,2019-11-18 22:47:24.438974,2019-11-18 22:58:35.381782,670.942808,Holistic Evaluation of Article,T1.Q3,What type of article is this?,T1.Q3.A1,News report,e517992b-dfb3-4b01-8034-fdedbd2a883f,a1a92951-7d02-40be-bf59-3626fefe722a,News report,0,0,,,
NYU_Overall,73547c3c231ca8366dfcec3758c9248bd090123e5fd8e249c635222488b354da,91db25cf-af96-4653-9cd0-09953983d3c4,https://pe.goodlylabs.org/project/NYU_Overall/task/2516,,NYU_Articles/Day 3/DoctorTellsCNNTrump’sWalter.txt,100039,DoctorTellsCNNTrump’sWalter.txt,ea908e535280e57805f9f5f093d5694d37623279c3cd90ee46dff92144237ad7,3470,a9783f42-96e6-40e4-a8da-643a8c801ea8,5,5,50d5e7a9-7ec4-4430-878f-9e6c0b04e58f,7bf24adb-091e-48c8-8133-fea34936c5ca,2019-11-18 22:47:24.438974,2019-11-18 22:58:35.381782,670.942808,Holistic Evaluation of Article,T1.Q4,What type of news article is it?,T1.Q4.A2,"Report of what some person, body, or group said",bdfcfa4c-edbe-42b5-931c-c5c499fba2e0,ce966e0d-ac48-4446-9d44-dad3d1d2d5e4,"Report of what some person, body, or group said",0,0,,,
NYU_Overall,73547c3c231ca8366dfcec3758c9248bd090123e5fd8e249c635222488b354da,91db25cf-af96-4653-9cd0-09953983d3c4,https://pe.goodlylabs.org/project/NYU_Overall/task/2516,,NYU_Articles/Day 3/DoctorTellsCNNTrump’sWalter.txt,100039,DoctorTellsCNNTrump’sWalter.txt,ea908e535280e57805f9f5f093d5694d37623279c3cd90ee46dff92144237ad7,3470,a9783f42-96e6-40e4-a8da-643a8c801ea8,5,5,50d5e7a9-7ec4-4430-878f-9e6c0b04e58f,7bf24adb-091e-48c8-8133-fea34936c5ca,2019-11-18 22:47:24.438974,2019-11-18 22:58:35.381782,670.942808,Holistic Evaluation of Article,T1.Q6,Does the title match the text?,T1.Q6.A2,"Yes, but with some exaggeration/clickbaitiness",db86195f-a514-46b5-a541-8753d20ca23c,79eefa61-39b6-4706-89b7-1169803981a1,"Yes, but with some exaggeration/clickbaitiness",1,1,62,67,Fishy
NYU_Overall,73547c3c231ca8366dfcec3758c9248bd090123e5fd8e249c635222488b354da,91db25cf-af96-4653-9cd0-09953983d3c4,https://pe.goodlylabs.org/project/NYU_Overall/task/2516,,NYU_Articles/Day 3/DoctorTellsCNNTrump’sWalter.txt,100039,DoctorTellsCNNTrump’sWalter.txt,ea908e535280e57805f9f5f093d5694d37623279c3cd90ee46dff92144237ad7,3470,a9783f42-96e6-40e4-a8da-643a8c801ea8,5,5,50d5e7a9-7ec4-4430-878f-9e6c0b04e58f,7bf24adb-091e-48c8-8133-fea34936c5ca,2019-11-18 22:47:24.438974,2019-11-18 22:58:35.381782,670.942808,Holistic Evaluation of Article,T1.Q7,To what extent do you agree with the central claim of the article (regardless of the quality of this particular article)?,T1.Q7.A3,Neither Agree nor Disagree,d14e4a43-d4ff-4424-9b0a-c5a903b3d0fe,32f877a5-d2d0-43ec-a59d-f332fa9ebeb8,Neither Agree nor Disagree,0,0,,,
NYU_Overall,73547c3c231ca8366dfcec3758c9248bd090123e5fd8e249c635222488b354da,91db25cf-af96-4653-9cd0-09953983d3c4,https://pe.goodlylabs.org/project/NYU_Overall/task/2516,,NYU_Articles/Day 3/DoctorTellsCNNTrump’sWalter.txt,100039,DoctorTellsCNNTrump’sWalter.txt,ea908e535280e57805f9f5f093d5694d37623279c3cd90ee46dff92144237ad7,3470,a9783f42-96e6-40e4-a8da-643a8c801ea8,5,5,4f2786b5-3197-4d37-8a2e-aa61b61b536e,bd786026-bad5-4fa8-9a3a-38ca03a16412,2019-11-18 22:51:00.148868,2019-11-18 22:58:43.238335,463.089467,Holistic Evaluation of Article,T1.Q1,"Knowing everything you know about the world, how *credible* does the article seem to you, overall?",T1.Q1.A5,Not at all credible,1e093ed3-0216-4000-b1f5-a4424fe5c309,91ece3b1-9670-4530-a9cb-4c79eb74bf59,Not at all credible,0,0,,,
NYU_Overall,73547c3c231ca8366dfcec3758c9248bd090123e5fd8e249c635222488b354da,91db25cf-af96-4653-9cd0-09953983d3c4,https://pe.goodlylabs.org/project/NYU_Overall/task/2516,,NYU_Articles/Day 3/DoctorTellsCNNTrump’sWalter.txt,100039,DoctorTellsCNNTrump’sWalter.txt,ea908e535280e57805f9f5f093d5694d37623279c3cd90ee46dff92144237ad7,3470,a9783f42-96e6-40e4-a8da-643a8c801ea8,5,5,4f2786b5-3197-4d37-8a2e-aa61b61b536e,bd786026-bad5-4fa8-9a3a-38ca03a16412,2019-11-18 22:51:00.148868,2019-11-18 22:58:43.238335,463.089467,Holistic Evaluation of Article,T1.Q2,"Given everything you know about the world, how *biased* does the article seem to you, overall?",T1.Q2.A2,Very biased,0ca38e4b-7559-4aa7-ab44-868f49244d12,d3a8273e-130d-4dbf-bfcb-f34b495be3ea,Very biased,0,0,,,
NYU_Overall,73547c3c231ca8366dfcec3758c9248bd090123e5fd8e249c635222488b354da,91db25cf-af96-4653-9cd0-09953983d3c4,https://pe.goodlylabs.org/project/NYU_Overall/task/2516,,NYU_Articles/Day 3/DoctorTellsCNNTrump’sWalter.txt,100039,DoctorTellsCNNTrump’sWalter.txt,ea908e535280e57805f9f5f093d5694d37623279c3cd90ee46dff92144237ad7,3470,a9783f42-96e6-40e4-a8da-643a8c801ea8,5,5,4f2786b5-3197-4d37-8a2e-aa61b61b536e,bd786026-bad5-4fa8-9a3a-38ca03a16412,2019-11-18 22:51:00.148868,2019-11-18 22:58:43.238335,463.089467,Holistic Evaluation of Article,T1.Q3,What type of article is this?,T1.Q3.A7,Hyper-Partisan,0c2ec9f5-ed1d-41af-986a-2986ccf1e791,e195e694-748e-4d81-a247-a1cbaa1a1a3b,Hyper-Partisan,1,1,119,265,"There has been speculation for awhile regarding Mr. Trump\u2019s physical health due to the fact that he is obese and seems to live on a fast food diet"
NYU_Overall,73547c3c231ca8366dfcec3758c9248bd090123e5fd8e249c635222488b354da,91db25cf-af96-4653-9cd0-09953983d3c4,https://pe.goodlylabs.org/project/NYU_Overall/task/2516,,NYU_Articles/Day 3/DoctorTellsCNNTrump’sWalter.txt,100039,DoctorTellsCNNTrump’sWalter.txt,ea908e535280e57805f9f5f093d5694d37623279c3cd90ee46dff92144237ad7,3470,a9783f42-96e6-40e4-a8da-643a8c801ea8,5,5,4f2786b5-3197-4d37-8a2e-aa61b61b536e,bd786026-bad5-4fa8-9a3a-38ca03a16412,2019-11-18 22:51:00.148868,2019-11-18 22:58:43.238335,463.089467,Holistic Evaluation of Article,T1.Q3,What type of article is this?,T1.Q3.A10,Celebrity Gossip,d12884e3-65d5-41f5-9abc-18ac8b6af3e5,5a2ea2c6-688e-4f8c-99ac-b41dc0ea0ab7,Celebrity Gossip,1,1,7,67,"Doctor Tells CNN Trump\u2019s Walter Reed Medical Visit Was Fishy"
NYU_Overall,73547c3c231ca8366dfcec3758c9248bd090123e5fd8e249c635222488b354da,91db25cf-af96-4653-9cd0-09953983d3c4,https://pe.goodlylabs.org/project/NYU_Overall/task/2516,,NYU_Articles/Day 3/DoctorTellsCNNTrump’sWalter.txt,100039,DoctorTellsCNNTrump’sWalter.txt,ea908e535280e57805f9f5f093d5694d37623279c3cd90ee46dff92144237ad7,3470,a9783f42-96e6-40e4-a8da-643a8c801ea8,5,5,4f2786b5-3197-4d37-8a2e-aa61b61b536e,bd786026-bad5-4fa8-9a3a-38ca03a16412,2019-11-18 22:51:00.148868,2019-11-18 22:58:43.238335,463.089467,Holistic Evaluation of Article,T1.Q6,Does the title match the text?,T1.Q6.A1,"Yes, without exaggeration",d7210ff0-aa4a-4d74-8682-4816668dfabc,6b6ccf20-d00b-495c-99b9-11cbf0dbee10,"Yes, without exaggeration",1,1,7,67,"Doctor Tells CNN Trump\u2019s Walter Reed Medical Visit Was Fishy"
NYU_Overall,73547c3c231ca8366dfcec3758c9248bd090123e5fd8e249c635222488b354da,91db25cf-af96-4653-9cd0-09953983d3c4,https://pe.goodlylabs.org/project/NYU_Overall/task/2516,,NYU_Articles/Day 3/DoctorTellsCNNTrump’sWalter.txt,100039,DoctorTellsCNNTrump’sWalter.txt,ea908e535280e57805f9f5f093d5694d37623279c3cd90ee46dff92144237ad7,3470,a9783f42-96e6-40e4-a8da-643a8c801ea8,5,5,4f2786b5-3197-4d37-8a2e-aa61b61b536e,bd786026-bad5-4fa8-9a3a-38ca03a16412,2019-11-18 22:51:00.148868,2019-11-18 22:58:43.238335,463.089467,Holistic Evaluation of Article,T1.Q7,To what extent do you agree with the central claim of the article (regardless of the quality of this particular article)?,T1.Q7.A4,Somewhat Disagree,17a92411-0558-4f35-be50-27cd29e26aa8,8cc826b5-2fb9-43c7-a942-97d093c6f51d,Somewhat Disagree,0,0,,,
NYU_Overall,73547c3c231ca8366dfcec3758c9248bd090123e5fd8e249c635222488b354da,91db25cf-af96-4653-9cd0-09953983d3c4,https://pe.goodlylabs.org/project/NYU_Overall/task/2516,,NYU_Articles/Day 3/DoctorTellsCNNTrump’sWalter.txt,100039,DoctorTellsCNNTrump’sWalter.txt,ea908e535280e57805f9f5f093d5694d37623279c3cd90ee46dff92144237ad7,3470,a9783f42-96e6-40e4-a8da-643a8c801ea8,5,5,5fa2f551-b93c-44ef-a2c4-0edcfbe97827,bd786026-bad5-4fa8-9a3a-38ca03a16412,2019-11-18 22:58:43.236252,2019-11-18 22:58:43.307636,0.071384,Holistic Evaluation of Article,T1.Q1,"Knowing everything you know about the world, how *credible* does the article seem to you, overall?",T1.Q1.A5,Not at all credible,1e093ed3-0216-4000-b1f5-a4424fe5c309,36a2ca78-4e1c-463e-833c-f38c00c82347,Not at all credible,0,0,,,
NYU_Overall,73547c3c231ca8366dfcec3758c9248bd090123e5fd8e249c635222488b354da,91db25cf-af96-4653-9cd0-09953983d3c4,https://pe.goodlylabs.org/project/NYU_Overall/task/2516,,NYU_Articles/Day 3/DoctorTellsCNNTrump’sWalter.txt,100039,DoctorTellsCNNTrump’sWalter.txt,ea908e535280e57805f9f5f093d5694d37623279c3cd90ee46dff92144237ad7,3470,a9783f42-96e6-40e4-a8da-643a8c801ea8,5,5,5fa2f551-b93c-44ef-a2c4-0edcfbe97827,bd786026-bad5-4fa8-9a3a-38ca03a16412,2019-11-18 22:58:43.236252,2019-11-18 22:58:43.307636,0.071384,Holistic Evaluation of Article,T1.Q2,"Given everything you know about the world, how *biased* does the article seem to you, overall?",T1.Q2.A2,Very biased,0ca38e4b-7559-4aa7-ab44-868f49244d12,923649be-0bcc-4a72-bb48-80ec865c8090,Very biased,0,0,,,
NYU_Overall,73547c3c231ca8366dfcec3758c9248bd090123e5fd8e249c635222488b354da,91db25cf-af96-4653-9cd0-09953983d3c4,https://pe.goodlylabs.org/project/NYU_Overall/task/2516,,NYU_Articles/Day 3/DoctorTellsCNNTrump’sWalter.txt,100039,DoctorTellsCNNTrump’sWalter.txt,ea908e535280e57805f9f5f093d5694d37623279c3cd90ee46dff92144237ad7,3470,a9783f42-96e6-40e4-a8da-643a8c801ea8,5,5,5fa2f551-b93c-44ef-a2c4-0edcfbe97827,bd786026-bad5-4fa8-9a3a-38ca03a16412,2019-11-18 22:58:43.236252,2019-11-18 22:58:43.307636,0.071384,Holistic Evaluation of Article,T1.Q3,What type of article is this?,T1.Q3.A7,Hyper-Partisan,0c2ec9f5-ed1d-41af-986a-2986ccf1e791,aaf48f64-8a43-4cca-8d68-49b530ea93ec,Hyper-Partisan,1,1,119,265,"There has been speculation for awhile regarding Mr. Trump\u2019s physical health due to the fact that he is obese and seems to live on a fast food diet"
NYU_Overall,73547c3c231ca8366dfcec3758c9248bd090123e5fd8e249c635222488b354da,91db25cf-af96-4653-9cd0-09953983d3c4,https://pe.goodlylabs.org/project/NYU_Overall/task/2516,,NYU_Articles/Day 3/DoctorTellsCNNTrump’sWalter.txt,100039,DoctorTellsCNNTrump’sWalter.txt,ea908e535280e57805f9f5f093d5694d37623279c3cd90ee46dff92144237ad7,3470,a9783f42-96e6-40e4-a8da-643a8c801ea8,5,5,5fa2f551-b93c-44ef-a2c4-0edcfbe97827,bd786026-bad5-4fa8-9a3a-38ca03a16412,2019-11-18 22:58:43.236252,2019-11-18 22:58:43.307636,0.071384,Holistic Evaluation of Article,T1.Q3,What type of article is this?,T1.Q3.A10,Celebrity Gossip,d12884e3-65d5-41f5-9abc-18ac8b6af3e5,1dabec8d-0102-4e1f-bac2-b5468ca3cbda,Celebrity Gossip,1,1,7,67,"Doctor Tells CNN Trump\u2019s Walter Reed Medical Visit Was Fishy"
NYU_Overall,73547c3c231ca8366dfcec3758c9248bd090123e5fd8e249c635222488b354da,91db25cf-af96-4653-9cd0-09953983d3c4,https://pe.goodlylabs.org/project/NYU_Overall/task/2516,,NYU_Articles/Day 3/DoctorTellsCNNTrump’sWalter.txt,100039,DoctorTellsCNNTrump’sWalter.txt,ea908e535280e57805f9f5f093d5694d37623279c3cd90ee46dff92144237ad7,3470,a9783f42-96e6-40e4-a8da-643a8c801ea8,5,5,5fa2f551-b93c-44ef-a2c4-0edcfbe97827,bd786026-bad5-4fa8-9a3a-38ca03a16412,2019-11-18 22:58:43.236252,2019-11-18 22:58:43.307636,0.071384,Holistic Evaluation of Article,T1.Q6,Does the title match the text?,T1.Q6.A1,"Yes, without exaggeration",d7210ff0-aa4a-4d74-8682-4816668dfabc,57f0a5b0-b71e-4075-999e-625fea67d10b,"Yes, without exaggeration",1,1,7,67,"Doctor Tells CNN Trump\u2019s Walter Reed Medical Visit Was Fishy"
NYU_Overall,73547c3c231ca8366dfcec3758c9248bd090123e5fd8e249c635222488b354da,91db25cf-af96-4653-9cd0-09953983d3c4,https://pe.goodlylabs.org/project/NYU_Overall/task/2516,,NYU_Articles/Day 3/DoctorTellsCNNTrump’sWalter.txt,100039,DoctorTellsCNNTrump’sWalter.txt,ea908e535280e57805f9f5f093d5694d37623279c3cd90ee46dff92144237ad7,3470,a9783f42-96e6-40e4-a8da-643a8c801ea8,5,5,5fa2f551-b93c-44ef-a2c4-0edcfbe97827,bd786026-bad5-4fa8-9a3a-38ca03a16412,2019-11-18 22:58:43.236252,2019-11-18 22:58:43.307636,0.071384,Holistic Evaluation of Article,T1.Q7,To what extent do you agree with the central claim of the article (regardless of the quality of this particular article)?,T1.Q7.A4,Somewhat Disagree,17a92411-0558-4f35-be50-27cd29e26aa8,7dd975c4-ec16-4fc5-9595-12a4ada6a97a,Somewhat Disagree,0,0,,,
NYU_Overall,73547c3c231ca8366dfcec3758c9248bd090123e5fd8e249c635222488b354da,6375834d-682b-489b-8000-b6c6e60c45f9,https://pe.goodlylabs.org/project/NYU_Overall/task/2517,,NYU_Articles/Day 3/FamilyFacingJailforLiving.txt,100040,FamilyFacingJailforLiving.txt,ec47eb7633cadab64fdca9e163f61b889cb53dcb7c68eeac286b8167155268ed,4042,a21511db-afca-4e01-aff8-92131e85a0f7,5,5,c9828b6f-1ae5-4735-9d30-194dcae3b13d,bd786026-bad5-4fa8-9a3a-38ca03a16412,2019-11-18 22:51:00.253770,2019-11-18 23:02:26.779238,686.525468,Holistic Evaluation of Article,T1.Q1,"Knowing everything you know about the world, how *credible* does the article seem to you, overall?",T1.Q1.A4,Slightly credible,196a8fb1-1651-4502-88ca-d4778b975a53,7746f06f-3f85-40ce-885d-c496134318f4,Slightly credible,0,0,,,
NYU_Overall,73547c3c231ca8366dfcec3758c9248bd090123e5fd8e249c635222488b354da,6375834d-682b-489b-8000-b6c6e60c45f9,https://pe.goodlylabs.org/project/NYU_Overall/task/2517,,NYU_Articles/Day 3/FamilyFacingJailforLiving.txt,100040,FamilyFacingJailforLiving.txt,ec47eb7633cadab64fdca9e163f61b889cb53dcb7c68eeac286b8167155268ed,4042,a21511db-afca-4e01-aff8-92131e85a0f7,5,5,c9828b6f-1ae5-4735-9d30-194dcae3b13d,bd786026-bad5-4fa8-9a3a-38ca03a16412,2019-11-18 22:51:00.253770,2019-11-18 23:02:26.779238,686.525468,Holistic Evaluation of Article,T1.Q2,"Given everything you know about the world, how *biased* does the article seem to you, overall?",T1.Q2.A2,Very biased,0ca38e4b-7559-4aa7-ab44-868f49244d12,7169b85d-9530-443c-8d54-553a4a7b0b26,Very biased,0,0,,,
NYU_Overall,73547c3c231ca8366dfcec3758c9248bd090123e5fd8e249c635222488b354da,6375834d-682b-489b-8000-b6c6e60c45f9,https://pe.goodlylabs.org/project/NYU_Overall/task/2517,,NYU_Articles/Day 3/FamilyFacingJailforLiving.txt,100040,FamilyFacingJailforLiving.txt,ec47eb7633cadab64fdca9e163f61b889cb53dcb7c68eeac286b8167155268ed,4042,a21511db-afca-4e01-aff8-92131e85a0f7,5,5,c9828b6f-1ae5-4735-9d30-194dcae3b13d,bd786026-bad5-4fa8-9a3a-38ca03a16412,2019-11-18 22:51:00.253770,2019-11-18 23:02:26.779238,686.525468,Holistic Evaluation of Article,T1.Q3,What type of article is this?,T1.Q3.A7,Hyper-Partisan,0c2ec9f5-ed1d-41af-986a-2986ccf1e791,d3263b98-3aec-443d-91c4-4f55996b2af6,Hyper-Partisan,1,2,3057,3107,"We agree. However, this is the nature of the state"
NYU_Overall,73547c3c231ca8366dfcec3758c9248bd090123e5fd8e249c635222488b354da,6375834d-682b-489b-8000-b6c6e60c45f9,https://pe.goodlylabs.org/project/NYU_Overall/task/2517,,NYU_Articles/Day 3/FamilyFacingJailforLiving.txt,100040,FamilyFacingJailforLiving.txt,ec47eb7633cadab64fdca9e163f61b889cb53dcb7c68eeac286b8167155268ed,4042,a21511db-afca-4e01-aff8-92131e85a0f7,5,5,c9828b6f-1ae5-4735-9d30-194dcae3b13d,bd786026-bad5-4fa8-9a3a-38ca03a16412,2019-11-18 22:51:00.253770,2019-11-18 23:02:26.779238,686.525468,Holistic Evaluation of Article,T1.Q3,What type of article is this?,T1.Q3.A7,Hyper-Partisan,0c2ec9f5-ed1d-41af-986a-2986ccf1e791,d3263b98-3aec-443d-91c4-4f55996b2af6,Hyper-Partisan,1,2,3913,4024,as government has shown us that they are willing to steal homes from elderly retirees over $8 in property taxes
NYU_Overall,73547c3c231ca8366dfcec3758c9248bd090123e5fd8e249c635222488b354da,6375834d-682b-489b-8000-b6c6e60c45f9,https://pe.goodlylabs.org/project/NYU_Overall/task/2517,,NYU_Articles/Day 3/FamilyFacingJailforLiving.txt,100040,FamilyFacingJailforLiving.txt,ec47eb7633cadab64fdca9e163f61b889cb53dcb7c68eeac286b8167155268ed,4042,a21511db-afca-4e01-aff8-92131e85a0f7,5,5,c9828b6f-1ae5-4735-9d30-194dcae3b13d,bd786026-bad5-4fa8-9a3a-38ca03a16412,2019-11-18 22:51:00.253770,2019-11-18 23:02:26.779238,686.525468,Holistic Evaluation of Article,T1.Q6,Does the title match the text?,T1.Q6.A2,"Yes, but with some exaggeration/clickbaitiness",db86195f-a514-46b5-a541-8753d20ca23c,396b408b-b7a6-464c-ad64-6b345fa2a5b2,"Yes, but with some exaggeration/clickbaitiness",1,1,7,90,Family Facing Jail for Living in RV on Their Own Property to Repair Home After Fire
NYU_Overall,73547c3c231ca8366dfcec3758c9248bd090123e5fd8e249c635222488b354da,6375834d-682b-489b-8000-b6c6e60c45f9,https://pe.goodlylabs.org/project/NYU_Overall/task/2517,,NYU_Articles/Day 3/FamilyFacingJailforLiving.txt,100040,FamilyFacingJailforLiving.txt,ec47eb7633cadab64fdca9e163f61b889cb53dcb7c68eeac286b8167155268ed,4042,a21511db-afca-4e01-aff8-92131e85a0f7,5,5,c9828b6f-1ae5-4735-9d30-194dcae3b13d,bd786026-bad5-4fa8-9a3a-38ca03a16412,2019-11-18 22:51:00.253770,2019-11-18 23:02:26.779238,686.525468,Holistic Evaluation of Article,T1.Q7,To what extent do you agree with the central claim of the article (regardless of the quality of this particular article)?,T1.Q7.A4,Somewhat Disagree,17a92411-0558-4f35-be50-27cd29e26aa8,9f1c2571-9fb9-4956-ad05-e30a80e777bf,Somewhat Disagree,0,0,,,
NYU_Overall,73547c3c231ca8366dfcec3758c9248bd090123e5fd8e249c635222488b354da,34429049-6872-4f6c-b569-ef68127979a4,https://pe.goodlylabs.org/project/NYU_Overall/task/2518,,NYU_Articles/Day 3/JesusisKingSundayService.txt,100041,JesusisKingSundayService.txt,a2cbd2793021682ba8c9d0dc90f901373791b6653b8de686a304de0f07fbdcd0,1822,9615dc72-3421-419c-92a7-23380d338345,5,6,46da1ca1-5a58-455f-b10b-d9a166ff1ce3,bd786026-bad5-4fa8-9a3a-38ca03a16412,2019-11-18 22:58:43.791495,2019-11-18 23:03:49.351688,305.560193,Holistic Evaluation of Article,T1.Q1,"Knowing everything you know about the world, how *credible* does the article seem to you, overall?",T1.Q1.A3,Somewhat credible,fd896075-0043-4e55-8804-4d26c9f1a448,1007c433-bbf8-4369-94ba-96fcea080efc,Somewhat credible,0,0,,,
NYU_Overall,73547c3c231ca8366dfcec3758c9248bd090123e5fd8e249c635222488b354da,34429049-6872-4f6c-b569-ef68127979a4,https://pe.goodlylabs.org/project/NYU_Overall/task/2518,,NYU_Articles/Day 3/JesusisKingSundayService.txt,100041,JesusisKingSundayService.txt,a2cbd2793021682ba8c9d0dc90f901373791b6653b8de686a304de0f07fbdcd0,1822,9615dc72-3421-419c-92a7-23380d338345,5,6,46da1ca1-5a58-455f-b10b-d9a166ff1ce3,bd786026-bad5-4fa8-9a3a-38ca03a16412,2019-11-18 22:58:43.791495,2019-11-18 23:03:49.351688,305.560193,Holistic Evaluation of Article,T1.Q2,"Given everything you know about the world, how *biased* does the article seem to you, overall?",T1.Q2.A4,Mildly biased,f46bee86-5228-438b-8789-48133b231ab8,29166281-8739-4473-9f18-3d766f65059d,Mildly biased,0,0,,,
NYU_Overall,73547c3c231ca8366dfcec3758c9248bd090123e5fd8e249c635222488b354da,34429049-6872-4f6c-b569-ef68127979a4,https://pe.goodlylabs.org/project/NYU_Overall/task/2518,,NYU_Articles/Day 3/JesusisKingSundayService.txt,100041,JesusisKingSundayService.txt,a2cbd2793021682ba8c9d0dc90f901373791b6653b8de686a304de0f07fbdcd0,1822,9615dc72-3421-419c-92a7-23380d338345,5,6,46da1ca1-5a58-455f-b10b-d9a166ff1ce3,bd786026-bad5-4fa8-9a3a-38ca03a16412,2019-11-18 22:58:43.791495,2019-11-18 23:03:49.351688,305.560193,Holistic Evaluation of Article,T1.Q3,What type of article is this?,T1.Q3.A1,News report,e517992b-dfb3-4b01-8034-fdedbd2a883f,dba81552-548f-4fbb-a377-cb14da1ad8f6,News report,0,0,,,
NYU_Overall,73547c3c231ca8366dfcec3758c9248bd090123e5fd8e249c635222488b354da,34429049-6872-4f6c-b569-ef68127979a4,https://pe.goodlylabs.org/project/NYU_Overall/task/2518,,NYU_Articles/Day 3/JesusisKingSundayService.txt,100041,JesusisKingSundayService.txt,a2cbd2793021682ba8c9d0dc90f901373791b6653b8de686a304de0f07fbdcd0,1822,9615dc72-3421-419c-92a7-23380d338345,5,6,46da1ca1-5a58-455f-b10b-d9a166ff1ce3,bd786026-bad5-4fa8-9a3a-38ca03a16412,2019-11-18 22:58:43.791495,2019-11-18 23:03:49.351688,305.560193,Holistic Evaluation of Article,T1.Q4,What type of news article is it?,T1.Q4.A1,Neutral description of a recent or ongoing event,26b004af-e376-4fdd-9f14-ad01e1bd8511,373165bf-b51b-4cf1-8c44-6b291d9bd527,Neutral description of a recent or ongoing event,1,1,264,479,"Kanye West attended two services at Lakewood Church on Sunday. The first was a question and answer segment during Lakewood's Sunday morning service and the second was West's ""Jesus is King: Sunday Service Experience"
NYU_Overall,73547c3c231ca8366dfcec3758c9248bd090123e5fd8e249c635222488b354da,34429049-6872-4f6c-b569-ef68127979a4,https://pe.goodlylabs.org/project/NYU_Overall/task/2518,,NYU_Articles/Day 3/JesusisKingSundayService.txt,100041,JesusisKingSundayService.txt,a2cbd2793021682ba8c9d0dc90f901373791b6653b8de686a304de0f07fbdcd0,1822,9615dc72-3421-419c-92a7-23380d338345,5,6,46da1ca1-5a58-455f-b10b-d9a166ff1ce3,bd786026-bad5-4fa8-9a3a-38ca03a16412,2019-11-18 22:58:43.791495,2019-11-18 23:03:49.351688,305.560193,Holistic Evaluation of Article,T1.Q4,What type of news article is it?,T1.Q4.A2,"Report of what some person, body, or group said",bdfcfa4c-edbe-42b5-931c-c5c499fba2e0,f84fe3fb-5834-47b4-9f89-450b31132d94,"Report of what some person, body, or group said",1,1,671,759,"Osteen said he invited West because the rapper reaches people that church normally can\u2019t"
NYU_Overall,73547c3c231ca8366dfcec3758c9248bd090123e5fd8e249c635222488b354da,34429049-6872-4f6c-b569-ef68127979a4,https://pe.goodlylabs.org/project/NYU_Overall/task/2518,,NYU_Articles/Day 3/JesusisKingSundayService.txt,100041,JesusisKingSundayService.txt,a2cbd2793021682ba8c9d0dc90f901373791b6653b8de686a304de0f07fbdcd0,1822,9615dc72-3421-419c-92a7-23380d338345,5,6,46da1ca1-5a58-455f-b10b-d9a166ff1ce3,bd786026-bad5-4fa8-9a3a-38ca03a16412,2019-11-18 22:58:43.791495,2019-11-18 23:03:49.351688,305.560193,Holistic Evaluation of Article,T1.Q6,Does the title match the text?,T1.Q6.A1,"Yes, without exaggeration",d7210ff0-aa4a-4d74-8682-4816668dfabc,cdbbd485-0a98-4a07-8449-a5514115bf99,"Yes, without exaggeration",1,1,8,95,"Jesus is King: Sunday Service Experience': Kanye West, choir perform at Lakewood Church"
NYU_Overall,73547c3c231ca8366dfcec3758c9248bd090123e5fd8e249c635222488b354da,34429049-6872-4f6c-b569-ef68127979a4,https://pe.goodlylabs.org/project/NYU_Overall/task/2518,,NYU_Articles/Day 3/JesusisKingSundayService.txt,100041,JesusisKingSundayService.txt,a2cbd2793021682ba8c9d0dc90f901373791b6653b8de686a304de0f07fbdcd0,1822,9615dc72-3421-419c-92a7-23380d338345,5,6,46da1ca1-5a58-455f-b10b-d9a166ff1ce3,bd786026-bad5-4fa8-9a3a-38ca03a16412,2019-11-18 22:58:43.791495,2019-11-18 23:03:49.351688,305.560193,Holistic Evaluation of Article,T1.Q7,To what extent do you agree with the central claim of the article (regardless of the quality of this particular article)?,T1.Q7.A2,Somewhat Agree,cbb290c4-6e60-4696-9d07-8ff3b6a91e2f,5f8cc0f9-fe59-426a-84b1-3167f3998745,Somewhat Agree,0,0,,,
NYU_Overall,73547c3c231ca8366dfcec3758c9248bd090123e5fd8e249c635222488b354da,6375834d-682b-489b-8000-b6c6e60c45f9,https://pe.goodlylabs.org/project/NYU_Overall/task/2517,,NYU_Articles/Day 3/FamilyFacingJailforLiving.txt,100040,FamilyFacingJailforLiving.txt,ec47eb7633cadab64fdca9e163f61b889cb53dcb7c68eeac286b8167155268ed,4042,a21511db-afca-4e01-aff8-92131e85a0f7,5,5,a0da7d79-d15a-40d3-b178-6c3d4fafe4b0,7bf24adb-091e-48c8-8133-fea34936c5ca,2019-11-18 22:47:24.540193,2019-11-18 23:08:13.135088,1248.594895,Holistic Evaluation of Article,T1.Q1,"Knowing everything you know about the world, how *credible* does the article seem to you, overall?",T1.Q1.A3,Somewhat credible,fd896075-0043-4e55-8804-4d26c9f1a448,96acce06-2545-4a9d-8f2c-d6875c444539,Somewhat credible,0,0,,,
NYU_Overall,73547c3c231ca8366dfcec3758c9248bd090123e5fd8e249c635222488b354da,6375834d-682b-489b-8000-b6c6e60c45f9,https://pe.goodlylabs.org/project/NYU_Overall/task/2517,,NYU_Articles/Day 3/FamilyFacingJailforLiving.txt,100040,FamilyFacingJailforLiving.txt,ec47eb7633cadab64fdca9e163f61b889cb53dcb7c68eeac286b8167155268ed,4042,a21511db-afca-4e01-aff8-92131e85a0f7,5,5,a0da7d79-d15a-40d3-b178-6c3d4fafe4b0,7bf24adb-091e-48c8-8133-fea34936c5ca,2019-11-18 22:47:24.540193,2019-11-18 23:08:13.135088,1248.594895,Holistic Evaluation of Article,T1.Q2,"Given everything you know about the world, how *biased* does the article seem to you, overall?",T1.Q2.A4,Mildly biased,f46bee86-5228-438b-8789-48133b231ab8,9cd39488-b42c-48c3-a48c-e0a60b9ed1aa,Mildly biased,0,0,,,
NYU_Overall,73547c3c231ca8366dfcec3758c9248bd090123e5fd8e249c635222488b354da,6375834d-682b-489b-8000-b6c6e60c45f9,https://pe.goodlylabs.org/project/NYU_Overall/task/2517,,NYU_Articles/Day 3/FamilyFacingJailforLiving.txt,100040,FamilyFacingJailforLiving.txt,ec47eb7633cadab64fdca9e163f61b889cb53dcb7c68eeac286b8167155268ed,4042,a21511db-afca-4e01-aff8-92131e85a0f7,5,5,a0da7d79-d15a-40d3-b178-6c3d4fafe4b0,7bf24adb-091e-48c8-8133-fea34936c5ca,2019-11-18 22:47:24.540193,2019-11-18 23:08:13.135088,1248.594895,Holistic Evaluation of Article,T1.Q3,What type of article is this?,T1.Q3.A2,Feature article/In depth analysis,b1689186-39bb-4cc3-80b6-859d4bf0d371,45c12be6-2ba5-4158-b695-33ea375e9e47,Feature article/In depth analysis,0,0,,,
NYU_Overall,73547c3c231ca8366dfcec3758c9248bd090123e5fd8e249c635222488b354da,6375834d-682b-489b-8000-b6c6e60c45f9,https://pe.goodlylabs.org/project/NYU_Overall/task/2517,,NYU_Articles/Day 3/FamilyFacingJailforLiving.txt,100040,FamilyFacingJailforLiving.txt,ec47eb7633cadab64fdca9e163f61b889cb53dcb7c68eeac286b8167155268ed,4042,a21511db-afca-4e01-aff8-92131e85a0f7,5,5,a0da7d79-d15a-40d3-b178-6c3d4fafe4b0,7bf24adb-091e-48c8-8133-fea34936c5ca,2019-11-18 22:47:24.540193,2019-11-18 23:08:13.135088,1248.594895,Holistic Evaluation of Article,T1.Q6,Does the title match the text?,T1.Q6.A1,"Yes, without exaggeration",d7210ff0-aa4a-4d74-8682-4816668dfabc,5a63157d-07a2-4fd8-93c6-dfe055eebddf,"Yes, without exaggeration",0,0,,,
NYU_Overall,73547c3c231ca8366dfcec3758c9248bd090123e5fd8e249c635222488b354da,6375834d-682b-489b-8000-b6c6e60c45f9,https://pe.goodlylabs.org/project/NYU_Overall/task/2517,,NYU_Articles/Day 3/FamilyFacingJailforLiving.txt,100040,FamilyFacingJailforLiving.txt,ec47eb7633cadab64fdca9e163f61b889cb53dcb7c68eeac286b8167155268ed,4042,a21511db-afca-4e01-aff8-92131e85a0f7,5,5,a0da7d79-d15a-40d3-b178-6c3d4fafe4b0,7bf24adb-091e-48c8-8133-fea34936c5ca,2019-11-18 22:47:24.540193,2019-11-18 23:08:13.135088,1248.594895,Holistic Evaluation of Article,T1.Q7,To what extent do you agree with the central claim of the article (regardless of the quality of this particular article)?,T1.Q7.A2,Somewhat Agree,cbb290c4-6e60-4696-9d07-8ff3b6a91e2f,1c90549b-8ef5-4d64-bbd8-7af84ac4a1ec,Somewhat Agree,0,0,,,
NYU_Overall,73547c3c231ca8366dfcec3758c9248bd090123e5fd8e249c635222488b354da,34429049-6872-4f6c-b569-ef68127979a4,https://pe.goodlylabs.org/project/NYU_Overall/task/2518,,NYU_Articles/Day 3/JesusisKingSundayService.txt,100041,JesusisKingSundayService.txt,a2cbd2793021682ba8c9d0dc90f901373791b6653b8de686a304de0f07fbdcd0,1822,9615dc72-3421-419c-92a7-23380d338345,5,6,381fee05-ede1-4024-9765-c3bcdbdac46c,7bf24adb-091e-48c8-8133-fea34936c5ca,2019-11-18 22:58:35.593867,2019-11-18 23:10:24.377657,708.78379,Holistic Evaluation of Article,T1.Q1,"Knowing everything you know about the world, how *credible* does the article seem to you, overall?",T1.Q1.A2,Fairly credible,4af1c5a5-650e-4ea3-a8dd-9274cf48016b,a6b9fa10-b2e1-491d-ba66-92532cd85900,Fairly credible,0,0,,,
NYU_Overall,73547c3c231ca8366dfcec3758c9248bd090123e5fd8e249c635222488b354da,34429049-6872-4f6c-b569-ef68127979a4,https://pe.goodlylabs.org/project/NYU_Overall/task/2518,,NYU_Articles/Day 3/JesusisKingSundayService.txt,100041,JesusisKingSundayService.txt,a2cbd2793021682ba8c9d0dc90f901373791b6653b8de686a304de0f07fbdcd0,1822,9615dc72-3421-419c-92a7-23380d338345,5,6,381fee05-ede1-4024-9765-c3bcdbdac46c,7bf24adb-091e-48c8-8133-fea34936c5ca,2019-11-18 22:58:35.593867,2019-11-18 23:10:24.377657,708.78379,Holistic Evaluation of Article,T1.Q2,"Given everything you know about the world, how *biased* does the article seem to you, overall?",T1.Q2.A5,Not at all biased,5e5c35ea-e965-41c3-921c-0a75f87fc648,f44d1a0e-49b2-4df9-8546-96ae9d5d8c7e,Not at all biased,0,0,,,
NYU_Overall,73547c3c231ca8366dfcec3758c9248bd090123e5fd8e249c635222488b354da,34429049-6872-4f6c-b569-ef68127979a4,https://pe.goodlylabs.org/project/NYU_Overall/task/2518,,NYU_Articles/Day 3/JesusisKingSundayService.txt,100041,JesusisKingSundayService.txt,a2cbd2793021682ba8c9d0dc90f901373791b6653b8de686a304de0f07fbdcd0,1822,9615dc72-3421-419c-92a7-23380d338345,5,6,381fee05-ede1-4024-9765-c3bcdbdac46c,7bf24adb-091e-48c8-8133-fea34936c5ca,2019-11-18 22:58:35.593867,2019-11-18 23:10:24.377657,708.78379,Holistic Evaluation of Article,T1.Q3,What type of article is this?,T1.Q3.A1,News report,e517992b-dfb3-4b01-8034-fdedbd2a883f,ba9808d6-4c6e-4eee-9ae9-935dff832404,News report,0,0,,,
NYU_Overall,73547c3c231ca8366dfcec3758c9248bd090123e5fd8e249c635222488b354da,34429049-6872-4f6c-b569-ef68127979a4,https://pe.goodlylabs.org/project/NYU_Overall/task/2518,,NYU_Articles/Day 3/JesusisKingSundayService.txt,100041,JesusisKingSundayService.txt,a2cbd2793021682ba8c9d0dc90f901373791b6653b8de686a304de0f07fbdcd0,1822,9615dc72-3421-419c-92a7-23380d338345,5,6,381fee05-ede1-4024-9765-c3bcdbdac46c,7bf24adb-091e-48c8-8133-fea34936c5ca,2019-11-18 22:58:35.593867,2019-11-18 23:10:24.377657,708.78379,Holistic Evaluation of Article,T1.Q4,What type of news article is it?,T1.Q4.A1,Neutral description of a recent or ongoing event,26b004af-e376-4fdd-9f14-ad01e1bd8511,5d0f7bf0-6cfe-4f51-8a7e-ace82f2d68a6,Neutral description of a recent or ongoing event,0,0,,,
NYU_Overall,73547c3c231ca8366dfcec3758c9248bd090123e5fd8e249c635222488b354da,34429049-6872-4f6c-b569-ef68127979a4,https://pe.goodlylabs.org/project/NYU_Overall/task/2518,,NYU_Articles/Day 3/JesusisKingSundayService.txt,100041,JesusisKingSundayService.txt,a2cbd2793021682ba8c9d0dc90f901373791b6653b8de686a304de0f07fbdcd0,1822,9615dc72-3421-419c-92a7-23380d338345,5,6,381fee05-ede1-4024-9765-c3bcdbdac46c,7bf24adb-091e-48c8-8133-fea34936c5ca,2019-11-18 22:58:35.593867,2019-11-18 23:10:24.377657,708.78379,Holistic Evaluation of Article,T1.Q6,Does the title match the text?,T1.Q6.A1,"Yes, without exaggeration",d7210ff0-aa4a-4d74-8682-4816668dfabc,dc9069db-608a-4261-a815-97bb6667b168,"Yes, without exaggeration",0,0,,,
NYU_Overall,73547c3c231ca8366dfcec3758c9248bd090123e5fd8e249c635222488b354da,34429049-6872-4f6c-b569-ef68127979a4,https://pe.goodlylabs.org/project/NYU_Overall/task/2518,,NYU_Articles/Day 3/JesusisKingSundayService.txt,100041,JesusisKingSundayService.txt,a2cbd2793021682ba8c9d0dc90f901373791b6653b8de686a304de0f07fbdcd0,1822,9615dc72-3421-419c-92a7-23380d338345,5,6,381fee05-ede1-4024-9765-c3bcdbdac46c,7bf24adb-091e-48c8-8133-fea34936c5ca,2019-11-18 22:58:35.593867,2019-11-18 23:10:24.377657,708.78379,Holistic Evaluation of Article,T1.Q7,To what extent do you agree with the central claim of the article (regardless of the quality of this particular article)?,T1.Q7.A3,Neither Agree nor Disagree,d14e4a43-d4ff-4424-9b0a-c5a903b3d0fe,34546114-ae81-4108-a9b5-89369ef7d62d,Neither Agree nor Disagree,0,0,,,
NYU_Overall,73547c3c231ca8366dfcec3758c9248bd090123e5fd8e249c635222488b354da,91db25cf-af96-4653-9cd0-09953983d3c4,https://pe.goodlylabs.org/project/NYU_Overall/task/2516,,NYU_Articles/Day 3/DoctorTellsCNNTrump’sWalter.txt,100039,DoctorTellsCNNTrump’sWalter.txt,ea908e535280e57805f9f5f093d5694d37623279c3cd90ee46dff92144237ad7,3470,a9783f42-96e6-40e4-a8da-643a8c801ea8,5,5,fcdeb9b5-3afb-47c1-a167-ba697c69f549,ba9277ba-57bf-48b8-9796-0e765c4d484d,2019-11-18 23:51:36.686605,2019-11-19 00:01:48.940920,612.254315,Holistic Evaluation of Article,T1.Q1,"Knowing everything you know about the world, how *credible* does the article seem to you, overall?",T1.Q1.A3,Somewhat credible,fd896075-0043-4e55-8804-4d26c9f1a448,b702f2b3-ed71-4c76-94fd-24ccbae83313,Somewhat credible,0,0,,,
NYU_Overall,73547c3c231ca8366dfcec3758c9248bd090123e5fd8e249c635222488b354da,91db25cf-af96-4653-9cd0-09953983d3c4,https://pe.goodlylabs.org/project/NYU_Overall/task/2516,,NYU_Articles/Day 3/DoctorTellsCNNTrump’sWalter.txt,100039,DoctorTellsCNNTrump’sWalter.txt,ea908e535280e57805f9f5f093d5694d37623279c3cd90ee46dff92144237ad7,3470,a9783f42-96e6-40e4-a8da-643a8c801ea8,5,5,fcdeb9b5-3afb-47c1-a167-ba697c69f549,ba9277ba-57bf-48b8-9796-0e765c4d484d,2019-11-18 23:51:36.686605,2019-11-19 00:01:48.940920,612.254315,Holistic Evaluation of Article,T1.Q2,"Given everything you know about the world, how *biased* does the article seem to you, overall?",T1.Q2.A4,Mildly biased,f46bee86-5228-438b-8789-48133b231ab8,43972c26-d543-43f6-93c9-ead96914202f,Mildly biased,0,0,,,
NYU_Overall,73547c3c231ca8366dfcec3758c9248bd090123e5fd8e249c635222488b354da,91db25cf-af96-4653-9cd0-09953983d3c4,https://pe.goodlylabs.org/project/NYU_Overall/task/2516,,NYU_Articles/Day 3/DoctorTellsCNNTrump’sWalter.txt,100039,DoctorTellsCNNTrump’sWalter.txt,ea908e535280e57805f9f5f093d5694d37623279c3cd90ee46dff92144237ad7,3470,a9783f42-96e6-40e4-a8da-643a8c801ea8,5,5,fcdeb9b5-3afb-47c1-a167-ba697c69f549,ba9277ba-57bf-48b8-9796-0e765c4d484d,2019-11-18 23:51:36.686605,2019-11-19 00:01:48.940920,612.254315,Holistic Evaluation of Article,T1.Q3,What type of article is this?,T1.Q3.A10,Celebrity Gossip,d12884e3-65d5-41f5-9abc-18ac8b6af3e5,5b0c5557-d09d-494e-bf0b-609590651f47,Celebrity Gossip,1,1,157,194,"regarding Mr. Trump\u2019s physical health"
NYU_Overall,73547c3c231ca8366dfcec3758c9248bd090123e5fd8e249c635222488b354da,91db25cf-af96-4653-9cd0-09953983d3c4,https://pe.goodlylabs.org/project/NYU_Overall/task/2516,,NYU_Articles/Day 3/DoctorTellsCNNTrump’sWalter.txt,100039,DoctorTellsCNNTrump’sWalter.txt,ea908e535280e57805f9f5f093d5694d37623279c3cd90ee46dff92144237ad7,3470,a9783f42-96e6-40e4-a8da-643a8c801ea8,5,5,fcdeb9b5-3afb-47c1-a167-ba697c69f549,ba9277ba-57bf-48b8-9796-0e765c4d484d,2019-11-18 23:51:36.686605,2019-11-19 00:01:48.940920,612.254315,Holistic Evaluation of Article,T1.Q6,Does the title match the text?,T1.Q6.A5,The title has very little to do with the text,556abe2e-4ee7-44e7-bcd1-42b98ddd468c,13f5d864-f015-4f8a-9b8e-bb75d772389d,The title has very little to do with the text,1,2,2710,3064,"WE\u2019RE NOT GOING TO GET INTO SECURITY AND MOVEMENT PROTOCOLS WHEN IT COMES TO THE PRESIDENT, BUT AS MY STATEMENTS SAID HE\u2019S IN GOOD HEALTH AND IT WAS A ROUTINE CHECKUP AS PART OF HIS ANNUAL PHYSICAL. I\u2019VE GIVEN PLENTY OF ON THE RECORD STATEMENTS THAT WERE TRUTHFUL AND ACCURATE \u2014 ACTIVELY TRYING TO FIND AND REPORT CONSPIRACY THEORIES REALLY NEEDS TO STOP"
NYU_Overall,73547c3c231ca8366dfcec3758c9248bd090123e5fd8e249c635222488b354da,91db25cf-af96-4653-9cd0-09953983d3c4,https://pe.goodlylabs.org/project/NYU_Overall/task/2516,,NYU_Articles/Day 3/DoctorTellsCNNTrump’sWalter.txt,100039,DoctorTellsCNNTrump’sWalter.txt,ea908e535280e57805f9f5f093d5694d37623279c3cd90ee46dff92144237ad7,3470,a9783f42-96e6-40e4-a8da-643a8c801ea8,5,5,fcdeb9b5-3afb-47c1-a167-ba697c69f549,ba9277ba-57bf-48b8-9796-0e765c4d484d,2019-11-18 23:51:36.686605,2019-11-19 00:01:48.940920,612.254315,Holistic Evaluation of Article,T1.Q6,Does the title match the text?,T1.Q6.A5,The title has very little to do with the text,556abe2e-4ee7-44e7-bcd1-42b98ddd468c,13f5d864-f015-4f8a-9b8e-bb75d772389d,The title has very little to do with the text,1,2,3068,3380,"Grisham said that Trump underwent a \u201cquick exam and labs\u201d although several experts familiar with White House medical procedures said that routine labs can be performed at the White House\u2019s on-site medical clinic.\n\nOn Sunday morning, Trump tweeted that he does not plan to finish his physical exam until next year"
NYU_Overall,73547c3c231ca8366dfcec3758c9248bd090123e5fd8e249c635222488b354da,91db25cf-af96-4653-9cd0-09953983d3c4,https://pe.goodlylabs.org/project/NYU_Overall/task/2516,,NYU_Articles/Day 3/DoctorTellsCNNTrump’sWalter.txt,100039,DoctorTellsCNNTrump’sWalter.txt,ea908e535280e57805f9f5f093d5694d37623279c3cd90ee46dff92144237ad7,3470,a9783f42-96e6-40e4-a8da-643a8c801ea8,5,5,fcdeb9b5-3afb-47c1-a167-ba697c69f549,ba9277ba-57bf-48b8-9796-0e765c4d484d,2019-11-18 23:51:36.686605,2019-11-19 00:01:48.940920,612.254315,Holistic Evaluation of Article,T1.Q7,To what extent do you agree with the central claim of the article (regardless of the quality of this particular article)?,T1.Q7.A4,Somewhat Disagree,17a92411-0558-4f35-be50-27cd29e26aa8,77b3c51b-b91b-448f-8b74-df68fc9e8a1f,Somewhat Disagree,0,0,,,
NYU_Overall,73547c3c231ca8366dfcec3758c9248bd090123e5fd8e249c635222488b354da,91db25cf-af96-4653-9cd0-09953983d3c4,https://pe.goodlylabs.org/project/NYU_Overall/task/2516,,NYU_Articles/Day 3/DoctorTellsCNNTrump’sWalter.txt,100039,DoctorTellsCNNTrump’sWalter.txt,ea908e535280e57805f9f5f093d5694d37623279c3cd90ee46dff92144237ad7,3470,a9783f42-96e6-40e4-a8da-643a8c801ea8,5,5,922f5136-2c36-47e9-9ae1-861b6d698257,782cf148-ffac-43f1-99aa-27a9d64b5212,2019-11-19 00:05:46.134330,2019-11-19 00:10:45.218822,299.084492,Holistic Evaluation of Article,T1.Q1,"Knowing everything you know about the world, how *credible* does the article seem to you, overall?",T1.Q1.A4,Slightly credible,196a8fb1-1651-4502-88ca-d4778b975a53,09b55864-143c-4650-9317-b257c1dea270,Slightly credible,0,0,,,
NYU_Overall,73547c3c231ca8366dfcec3758c9248bd090123e5fd8e249c635222488b354da,91db25cf-af96-4653-9cd0-09953983d3c4,https://pe.goodlylabs.org/project/NYU_Overall/task/2516,,NYU_Articles/Day 3/DoctorTellsCNNTrump’sWalter.txt,100039,DoctorTellsCNNTrump’sWalter.txt,ea908e535280e57805f9f5f093d5694d37623279c3cd90ee46dff92144237ad7,3470,a9783f42-96e6-40e4-a8da-643a8c801ea8,5,5,922f5136-2c36-47e9-9ae1-861b6d698257,782cf148-ffac-43f1-99aa-27a9d64b5212,2019-11-19 00:05:46.134330,2019-11-19 00:10:45.218822,299.084492,Holistic Evaluation of Article,T1.Q2,"Given everything you know about the world, how *biased* does the article seem to you, overall?",T1.Q2.A2,Very biased,0ca38e4b-7559-4aa7-ab44-868f49244d12,9b4b1641-ac15-476c-bc72-9ee14334d908,Very biased,0,0,,,
NYU_Overall,73547c3c231ca8366dfcec3758c9248bd090123e5fd8e249c635222488b354da,91db25cf-af96-4653-9cd0-09953983d3c4,https://pe.goodlylabs.org/project/NYU_Overall/task/2516,,NYU_Articles/Day 3/DoctorTellsCNNTrump’sWalter.txt,100039,DoctorTellsCNNTrump’sWalter.txt,ea908e535280e57805f9f5f093d5694d37623279c3cd90ee46dff92144237ad7,3470,a9783f42-96e6-40e4-a8da-643a8c801ea8,5,5,922f5136-2c36-47e9-9ae1-861b6d698257,782cf148-ffac-43f1-99aa-27a9d64b5212,2019-11-19 00:05:46.134330,2019-11-19 00:10:45.218822,299.084492,Holistic Evaluation of Article,T1.Q3,What type of article is this?,T1.Q3.A1,News report,e517992b-dfb3-4b01-8034-fdedbd2a883f,86afadac-c88f-4d4b-acfb-9886213dffb0,News report,0,0,,,
NYU_Overall,73547c3c231ca8366dfcec3758c9248bd090123e5fd8e249c635222488b354da,91db25cf-af96-4653-9cd0-09953983d3c4,https://pe.goodlylabs.org/project/NYU_Overall/task/2516,,NYU_Articles/Day 3/DoctorTellsCNNTrump’sWalter.txt,100039,DoctorTellsCNNTrump’sWalter.txt,ea908e535280e57805f9f5f093d5694d37623279c3cd90ee46dff92144237ad7,3470,a9783f42-96e6-40e4-a8da-643a8c801ea8,5,5,922f5136-2c36-47e9-9ae1-861b6d698257,782cf148-ffac-43f1-99aa-27a9d64b5212,2019-11-19 00:05:46.134330,2019-11-19 00:10:45.218822,299.084492,Holistic Evaluation of Article,T1.Q3,What type of article is this?,T1.Q3.A10,Celebrity Gossip,d12884e3-65d5-41f5-9abc-18ac8b6af3e5,1b47e2f7-96fc-4255-9fbb-114372448c32,Celebrity Gossip,0,0,,,
NYU_Overall,73547c3c231ca8366dfcec3758c9248bd090123e5fd8e249c635222488b354da,91db25cf-af96-4653-9cd0-09953983d3c4,https://pe.goodlylabs.org/project/NYU_Overall/task/2516,,NYU_Articles/Day 3/DoctorTellsCNNTrump’sWalter.txt,100039,DoctorTellsCNNTrump’sWalter.txt,ea908e535280e57805f9f5f093d5694d37623279c3cd90ee46dff92144237ad7,3470,a9783f42-96e6-40e4-a8da-643a8c801ea8,5,5,922f5136-2c36-47e9-9ae1-861b6d698257,782cf148-ffac-43f1-99aa-27a9d64b5212,2019-11-19 00:05:46.134330,2019-11-19 00:10:45.218822,299.084492,Holistic Evaluation of Article,T1.Q4,What type of news article is it?,T1.Q4.A3,Evaluation of a recent or ongoing event,cdb7b990-476b-463f-b9c9-bff2a4f68949,dd78a5d7-bccf-42f1-885e-ec2228cf29df,Evaluation of a recent or ongoing event,0,0,,,
NYU_Overall,73547c3c231ca8366dfcec3758c9248bd090123e5fd8e249c635222488b354da,91db25cf-af96-4653-9cd0-09953983d3c4,https://pe.goodlylabs.org/project/NYU_Overall/task/2516,,NYU_Articles/Day 3/DoctorTellsCNNTrump’sWalter.txt,100039,DoctorTellsCNNTrump’sWalter.txt,ea908e535280e57805f9f5f093d5694d37623279c3cd90ee46dff92144237ad7,3470,a9783f42-96e6-40e4-a8da-643a8c801ea8,5,5,922f5136-2c36-47e9-9ae1-861b6d698257,782cf148-ffac-43f1-99aa-27a9d64b5212,2019-11-19 00:05:46.134330,2019-11-19 00:10:45.218822,299.084492,Holistic Evaluation of Article,T1.Q6,Does the title match the text?,T1.Q6.A3,"Yes, but with a lot of exaggeration/clickbaitiness",0030757e-c53e-4e91-9197-8d9f60710394,f19e2b64-66ee-4916-8cf2-02da91889109,"Yes, but with a lot of exaggeration/clickbaitiness",0,0,,,
NYU_Overall,73547c3c231ca8366dfcec3758c9248bd090123e5fd8e249c635222488b354da,91db25cf-af96-4653-9cd0-09953983d3c4,https://pe.goodlylabs.org/project/NYU_Overall/task/2516,,NYU_Articles/Day 3/DoctorTellsCNNTrump’sWalter.txt,100039,DoctorTellsCNNTrump’sWalter.txt,ea908e535280e57805f9f5f093d5694d37623279c3cd90ee46dff92144237ad7,3470,a9783f42-96e6-40e4-a8da-643a8c801ea8,5,5,922f5136-2c36-47e9-9ae1-861b6d698257,782cf148-ffac-43f1-99aa-27a9d64b5212,2019-11-19 00:05:46.134330,2019-11-19 00:10:45.218822,299.084492,Holistic Evaluation of Article,T1.Q7,To what extent do you agree with the central claim of the article (regardless of the quality of this particular article)?,T1.Q7.A3,Neither Agree nor Disagree,d14e4a43-d4ff-4424-9b0a-c5a903b3d0fe,2f561c4f-6c48-437c-88cc-237f61653dbb,Neither Agree nor Disagree,0,0,,,
NYU_Overall,73547c3c231ca8366dfcec3758c9248bd090123e5fd8e249c635222488b354da,6375834d-682b-489b-8000-b6c6e60c45f9,https://pe.goodlylabs.org/project/NYU_Overall/task/2517,,NYU_Articles/Day 3/FamilyFacingJailforLiving.txt,100040,FamilyFacingJailforLiving.txt,ec47eb7633cadab64fdca9e163f61b889cb53dcb7c68eeac286b8167155268ed,4042,a21511db-afca-4e01-aff8-92131e85a0f7,5,5,072b8737-d371-46c6-bb4d-69451c0923b1,782cf148-ffac-43f1-99aa-27a9d64b5212,2019-11-19 00:05:46.295902,2019-11-19 00:17:48.240517,721.944615,Holistic Evaluation of Article,T1.Q1,"Knowing everything you know about the world, how *credible* does the article seem to you, overall?",T1.Q1.A3,Somewhat credible,fd896075-0043-4e55-8804-4d26c9f1a448,8ba415db-f111-41d3-9b37-3ba5e3d9f6ff,Somewhat credible,0,0,,,
NYU_Overall,73547c3c231ca8366dfcec3758c9248bd090123e5fd8e249c635222488b354da,6375834d-682b-489b-8000-b6c6e60c45f9,https://pe.goodlylabs.org/project/NYU_Overall/task/2517,,NYU_Articles/Day 3/FamilyFacingJailforLiving.txt,100040,FamilyFacingJailforLiving.txt,ec47eb7633cadab64fdca9e163f61b889cb53dcb7c68eeac286b8167155268ed,4042,a21511db-afca-4e01-aff8-92131e85a0f7,5,5,072b8737-d371-46c6-bb4d-69451c0923b1,782cf148-ffac-43f1-99aa-27a9d64b5212,2019-11-19 00:05:46.295902,2019-11-19 00:17:48.240517,721.944615,Holistic Evaluation of Article,T1.Q2,"Given everything you know about the world, how *biased* does the article seem to you, overall?",T1.Q2.A2,Very biased,0ca38e4b-7559-4aa7-ab44-868f49244d12,d19df16e-3048-4358-98ee-1a0f44ff6b03,Very biased,0,0,,,
NYU_Overall,73547c3c231ca8366dfcec3758c9248bd090123e5fd8e249c635222488b354da,6375834d-682b-489b-8000-b6c6e60c45f9,https://pe.goodlylabs.org/project/NYU_Overall/task/2517,,NYU_Articles/Day 3/FamilyFacingJailforLiving.txt,100040,FamilyFacingJailforLiving.txt,ec47eb7633cadab64fdca9e163f61b889cb53dcb7c68eeac286b8167155268ed,4042,a21511db-afca-4e01-aff8-92131e85a0f7,5,5,072b8737-d371-46c6-bb4d-69451c0923b1,782cf148-ffac-43f1-99aa-27a9d64b5212,2019-11-19 00:05:46.295902,2019-11-19 00:17:48.240517,721.944615,Holistic Evaluation of Article,T1.Q3,What type of article is this?,T1.Q3.A1,News report,e517992b-dfb3-4b01-8034-fdedbd2a883f,9c55ddef-b82d-4ad4-bd89-17655995b526,News report,0,0,,,
NYU_Overall,73547c3c231ca8366dfcec3758c9248bd090123e5fd8e249c635222488b354da,6375834d-682b-489b-8000-b6c6e60c45f9,https://pe.goodlylabs.org/project/NYU_Overall/task/2517,,NYU_Articles/Day 3/FamilyFacingJailforLiving.txt,100040,FamilyFacingJailforLiving.txt,ec47eb7633cadab64fdca9e163f61b889cb53dcb7c68eeac286b8167155268ed,4042,a21511db-afca-4e01-aff8-92131e85a0f7,5,5,072b8737-d371-46c6-bb4d-69451c0923b1,782cf148-ffac-43f1-99aa-27a9d64b5212,2019-11-19 00:05:46.295902,2019-11-19 00:17:48.240517,721.944615,Holistic Evaluation of Article,T1.Q3,What type of article is this?,T1.Q3.A3,Opinion piece/Editorial/Op Ed,2f47d547-9431-4fe3-8d43-631d64acb0af,4c7d0d77-b6ba-475d-9a59-5cf29d195cc3,Opinion piece/Editorial/Op Ed,0,0,,,
NYU_Overall,73547c3c231ca8366dfcec3758c9248bd090123e5fd8e249c635222488b354da,6375834d-682b-489b-8000-b6c6e60c45f9,https://pe.goodlylabs.org/project/NYU_Overall/task/2517,,NYU_Articles/Day 3/FamilyFacingJailforLiving.txt,100040,FamilyFacingJailforLiving.txt,ec47eb7633cadab64fdca9e163f61b889cb53dcb7c68eeac286b8167155268ed,4042,a21511db-afca-4e01-aff8-92131e85a0f7,5,5,072b8737-d371-46c6-bb4d-69451c0923b1,782cf148-ffac-43f1-99aa-27a9d64b5212,2019-11-19 00:05:46.295902,2019-11-19 00:17:48.240517,721.944615,Holistic Evaluation of Article,T1.Q4,What type of news article is it?,T1.Q4.A2,"Report of what some person, body, or group said",bdfcfa4c-edbe-42b5-931c-c5c499fba2e0,90e2455b-f1d7-4d0c-992c-911276e5af3e,"Report of what some person, body, or group said",0,0,,,
NYU_Overall,73547c3c231ca8366dfcec3758c9248bd090123e5fd8e249c635222488b354da,6375834d-682b-489b-8000-b6c6e60c45f9,https://pe.goodlylabs.org/project/NYU_Overall/task/2517,,NYU_Articles/Day 3/FamilyFacingJailforLiving.txt,100040,FamilyFacingJailforLiving.txt,ec47eb7633cadab64fdca9e163f61b889cb53dcb7c68eeac286b8167155268ed,4042,a21511db-afca-4e01-aff8-92131e85a0f7,5,5,072b8737-d371-46c6-bb4d-69451c0923b1,782cf148-ffac-43f1-99aa-27a9d64b5212,2019-11-19 00:05:46.295902,2019-11-19 00:17:48.240517,721.944615,Holistic Evaluation of Article,T1.Q4,What type of news article is it?,T1.Q4.A3,Evaluation of a recent or ongoing event,cdb7b990-476b-463f-b9c9-bff2a4f68949,42e81669-ab11-4b2f-956a-00e8863c8977,Evaluation of a recent or ongoing event,0,0,,,
NYU_Overall,73547c3c231ca8366dfcec3758c9248bd090123e5fd8e249c635222488b354da,6375834d-682b-489b-8000-b6c6e60c45f9,https://pe.goodlylabs.org/project/NYU_Overall/task/2517,,NYU_Articles/Day 3/FamilyFacingJailforLiving.txt,100040,FamilyFacingJailforLiving.txt,ec47eb7633cadab64fdca9e163f61b889cb53dcb7c68eeac286b8167155268ed,4042,a21511db-afca-4e01-aff8-92131e85a0f7,5,5,072b8737-d371-46c6-bb4d-69451c0923b1,782cf148-ffac-43f1-99aa-27a9d64b5212,2019-11-19 00:05:46.295902,2019-11-19 00:17:48.240517,721.944615,Holistic Evaluation of Article,T1.Q6,Does the title match the text?,T1.Q6.A2,"Yes, but with some exaggeration/clickbaitiness",db86195f-a514-46b5-a541-8753d20ca23c,63564c1a-9362-4667-948d-f53c77cbc077,"Yes, but with some exaggeration/clickbaitiness",0,0,,,
NYU_Overall,73547c3c231ca8366dfcec3758c9248bd090123e5fd8e249c635222488b354da,6375834d-682b-489b-8000-b6c6e60c45f9,https://pe.goodlylabs.org/project/NYU_Overall/task/2517,,NYU_Articles/Day 3/FamilyFacingJailforLiving.txt,100040,FamilyFacingJailforLiving.txt,ec47eb7633cadab64fdca9e163f61b889cb53dcb7c68eeac286b8167155268ed,4042,a21511db-afca-4e01-aff8-92131e85a0f7,5,5,072b8737-d371-46c6-bb4d-69451c0923b1,782cf148-ffac-43f1-99aa-27a9d64b5212,2019-11-19 00:05:46.295902,2019-11-19 00:17:48.240517,721.944615,Holistic Evaluation of Article,T1.Q7,To what extent do you agree with the central claim of the article (regardless of the quality of this particular article)?,T1.Q7.A2,Somewhat Agree,cbb290c4-6e60-4696-9d07-8ff3b6a91e2f,a9a81912-7406-486e-a05a-fe05ab182409,Somewhat Agree,0,0,,,
NYU_Overall,73547c3c231ca8366dfcec3758c9248bd090123e5fd8e249c635222488b354da,34429049-6872-4f6c-b569-ef68127979a4,https://pe.goodlylabs.org/project/NYU_Overall/task/2518,,NYU_Articles/Day 3/JesusisKingSundayService.txt,100041,JesusisKingSundayService.txt,a2cbd2793021682ba8c9d0dc90f901373791b6653b8de686a304de0f07fbdcd0,1822,9615dc72-3421-419c-92a7-23380d338345,5,6,d20ac887-5adb-4dc4-9ac0-54febf9ce20b,782cf148-ffac-43f1-99aa-27a9d64b5212,2019-11-19 00:10:45.504521,2019-11-19 00:20:42.375249,596.870728,Holistic Evaluation of Article,T1.Q1,"Knowing everything you know about the world, how *credible* does the article seem to you, overall?",T1.Q1.A1,Very credible,3c6d7706-ecb4-412a-bbdf-ae7ab48b7143,98123568-c1c2-4ec0-b75f-ca7eb0258c48,Very credible,0,0,,,
NYU_Overall,73547c3c231ca8366dfcec3758c9248bd090123e5fd8e249c635222488b354da,34429049-6872-4f6c-b569-ef68127979a4,https://pe.goodlylabs.org/project/NYU_Overall/task/2518,,NYU_Articles/Day 3/JesusisKingSundayService.txt,100041,JesusisKingSundayService.txt,a2cbd2793021682ba8c9d0dc90f901373791b6653b8de686a304de0f07fbdcd0,1822,9615dc72-3421-419c-92a7-23380d338345,5,6,d20ac887-5adb-4dc4-9ac0-54febf9ce20b,782cf148-ffac-43f1-99aa-27a9d64b5212,2019-11-19 00:10:45.504521,2019-11-19 00:20:42.375249,596.870728,Holistic Evaluation of Article,T1.Q2,"Given everything you know about the world, how *biased* does the article seem to you, overall?",T1.Q2.A5,Not at all biased,5e5c35ea-e965-41c3-921c-0a75f87fc648,5241ef4f-3d37-4204-83e6-76e08ba62a49,Not at all biased,0,0,,,
NYU_Overall,73547c3c231ca8366dfcec3758c9248bd090123e5fd8e249c635222488b354da,34429049-6872-4f6c-b569-ef68127979a4,https://pe.goodlylabs.org/project/NYU_Overall/task/2518,,NYU_Articles/Day 3/JesusisKingSundayService.txt,100041,JesusisKingSundayService.txt,a2cbd2793021682ba8c9d0dc90f901373791b6653b8de686a304de0f07fbdcd0,1822,9615dc72-3421-419c-92a7-23380d338345,5,6,d20ac887-5adb-4dc4-9ac0-54febf9ce20b,782cf148-ffac-43f1-99aa-27a9d64b5212,2019-11-19 00:10:45.504521,2019-11-19 00:20:42.375249,596.870728,Holistic Evaluation of Article,T1.Q3,What type of article is this?,T1.Q3.A1,News report,e517992b-dfb3-4b01-8034-fdedbd2a883f,defe9fd5-5102-42a9-a40c-9c1bf3a8ec5f,News report,0,0,,,
NYU_Overall,73547c3c231ca8366dfcec3758c9248bd090123e5fd8e249c635222488b354da,34429049-6872-4f6c-b569-ef68127979a4,https://pe.goodlylabs.org/project/NYU_Overall/task/2518,,NYU_Articles/Day 3/JesusisKingSundayService.txt,100041,JesusisKingSundayService.txt,a2cbd2793021682ba8c9d0dc90f901373791b6653b8de686a304de0f07fbdcd0,1822,9615dc72-3421-419c-92a7-23380d338345,5,6,d20ac887-5adb-4dc4-9ac0-54febf9ce20b,782cf148-ffac-43f1-99aa-27a9d64b5212,2019-11-19 00:10:45.504521,2019-11-19 00:20:42.375249,596.870728,Holistic Evaluation of Article,T1.Q3,What type of article is this?,T1.Q3.A6,Interview,0cd2d035-57f4-44da-ac37-64e57e6ae82f,196e734a-8354-467e-a091-d5af94ab84c3,Interview,0,0,,,
NYU_Overall,73547c3c231ca8366dfcec3758c9248bd090123e5fd8e249c635222488b354da,34429049-6872-4f6c-b569-ef68127979a4,https://pe.goodlylabs.org/project/NYU_Overall/task/2518,,NYU_Articles/Day 3/JesusisKingSundayService.txt,100041,JesusisKingSundayService.txt,a2cbd2793021682ba8c9d0dc90f901373791b6653b8de686a304de0f07fbdcd0,1822,9615dc72-3421-419c-92a7-23380d338345,5,6,d20ac887-5adb-4dc4-9ac0-54febf9ce20b,782cf148-ffac-43f1-99aa-27a9d64b5212,2019-11-19 00:10:45.504521,2019-11-19 00:20:42.375249,596.870728,Holistic Evaluation of Article,T1.Q4,What type of news article is it?,T1.Q4.A1,Neutral description of a recent or ongoing event,26b004af-e376-4fdd-9f14-ad01e1bd8511,d4ee088e-1d1b-4a5a-8ab9-a19ad0067f2f,Neutral description of a recent or ongoing event,0,0,,,
NYU_Overall,73547c3c231ca8366dfcec3758c9248bd090123e5fd8e249c635222488b354da,34429049-6872-4f6c-b569-ef68127979a4,https://pe.goodlylabs.org/project/NYU_Overall/task/2518,,NYU_Articles/Day 3/JesusisKingSundayService.txt,100041,JesusisKingSundayService.txt,a2cbd2793021682ba8c9d0dc90f901373791b6653b8de686a304de0f07fbdcd0,1822,9615dc72-3421-419c-92a7-23380d338345,5,6,d20ac887-5adb-4dc4-9ac0-54febf9ce20b,782cf148-ffac-43f1-99aa-27a9d64b5212,2019-11-19 00:10:45.504521,2019-11-19 00:20:42.375249,596.870728,Holistic Evaluation of Article,T1.Q6,Does the title match the text?,T1.Q6.A1,"Yes, without exaggeration",d7210ff0-aa4a-4d74-8682-4816668dfabc,b5b47da8-ebef-4394-9e01-50a7fac1519b,"Yes, without exaggeration",0,0,,,
NYU_Overall,73547c3c231ca8366dfcec3758c9248bd090123e5fd8e249c635222488b354da,34429049-6872-4f6c-b569-ef68127979a4,https://pe.goodlylabs.org/project/NYU_Overall/task/2518,,NYU_Articles/Day 3/JesusisKingSundayService.txt,100041,JesusisKingSundayService.txt,a2cbd2793021682ba8c9d0dc90f901373791b6653b8de686a304de0f07fbdcd0,1822,9615dc72-3421-419c-92a7-23380d338345,5,6,d20ac887-5adb-4dc4-9ac0-54febf9ce20b,782cf148-ffac-43f1-99aa-27a9d64b5212,2019-11-19 00:10:45.504521,2019-11-19 00:20:42.375249,596.870728,Holistic Evaluation of Article,T1.Q7,To what extent do you agree with the central claim of the article (regardless of the quality of this particular article)?,T1.Q7.A3,Neither Agree nor Disagree,d14e4a43-d4ff-4424-9b0a-c5a903b3d0fe,a29a7698-64d9-415e-83a0-cc4e515641ad,Neither Agree nor Disagree,0,0,,,
NYU_Overall,73547c3c231ca8366dfcec3758c9248bd090123e5fd8e249c635222488b354da,6375834d-682b-489b-8000-b6c6e60c45f9,https://pe.goodlylabs.org/project/NYU_Overall/task/2517,,NYU_Articles/Day 3/FamilyFacingJailforLiving.txt,100040,FamilyFacingJailforLiving.txt,ec47eb7633cadab64fdca9e163f61b889cb53dcb7c68eeac286b8167155268ed,4042,a21511db-afca-4e01-aff8-92131e85a0f7,5,5,cb15f54b-5b0b-4d58-9413-3f3f3c2a806d,ba9277ba-57bf-48b8-9796-0e765c4d484d,2019-11-18 23:51:36.800970,2019-11-19 00:21:44.165208,1807.364238,Holistic Evaluation of Article,T1.Q1,"Knowing everything you know about the world, how *credible* does the article seem to you, overall?",T1.Q1.A2,Fairly credible,4af1c5a5-650e-4ea3-a8dd-9274cf48016b,26944b16-bbcf-460a-849e-944cc7ffa2d0,Fairly credible,0,0,,,
NYU_Overall,73547c3c231ca8366dfcec3758c9248bd090123e5fd8e249c635222488b354da,6375834d-682b-489b-8000-b6c6e60c45f9,https://pe.goodlylabs.org/project/NYU_Overall/task/2517,,NYU_Articles/Day 3/FamilyFacingJailforLiving.txt,100040,FamilyFacingJailforLiving.txt,ec47eb7633cadab64fdca9e163f61b889cb53dcb7c68eeac286b8167155268ed,4042,a21511db-afca-4e01-aff8-92131e85a0f7,5,5,cb15f54b-5b0b-4d58-9413-3f3f3c2a806d,ba9277ba-57bf-48b8-9796-0e765c4d484d,2019-11-18 23:51:36.800970,2019-11-19 00:21:44.165208,1807.364238,Holistic Evaluation of Article,T1.Q2,"Given everything you know about the world, how *biased* does the article seem to you, overall?",T1.Q2.A5,Not at all biased,5e5c35ea-e965-41c3-921c-0a75f87fc648,8f700f59-67ef-4f25-8210-5856f3c9c2ff,Not at all biased,0,0,,,
NYU_Overall,73547c3c231ca8366dfcec3758c9248bd090123e5fd8e249c635222488b354da,6375834d-682b-489b-8000-b6c6e60c45f9,https://pe.goodlylabs.org/project/NYU_Overall/task/2517,,NYU_Articles/Day 3/FamilyFacingJailforLiving.txt,100040,FamilyFacingJailforLiving.txt,ec47eb7633cadab64fdca9e163f61b889cb53dcb7c68eeac286b8167155268ed,4042,a21511db-afca-4e01-aff8-92131e85a0f7,5,5,cb15f54b-5b0b-4d58-9413-3f3f3c2a806d,ba9277ba-57bf-48b8-9796-0e765c4d484d,2019-11-18 23:51:36.800970,2019-11-19 00:21:44.165208,1807.364238,Holistic Evaluation of Article,T1.Q3,What type of article is this?,T1.Q3.A1,News report,e517992b-dfb3-4b01-8034-fdedbd2a883f,004b415b-71b9-4062-8716-0b732d5744a3,News report,0,0,,,
NYU_Overall,73547c3c231ca8366dfcec3758c9248bd090123e5fd8e249c635222488b354da,6375834d-682b-489b-8000-b6c6e60c45f9,https://pe.goodlylabs.org/project/NYU_Overall/task/2517,,NYU_Articles/Day 3/FamilyFacingJailforLiving.txt,100040,FamilyFacingJailforLiving.txt,ec47eb7633cadab64fdca9e163f61b889cb53dcb7c68eeac286b8167155268ed,4042,a21511db-afca-4e01-aff8-92131e85a0f7,5,5,cb15f54b-5b0b-4d58-9413-3f3f3c2a806d,ba9277ba-57bf-48b8-9796-0e765c4d484d,2019-11-18 23:51:36.800970,2019-11-19 00:21:44.165208,1807.364238,Holistic Evaluation of Article,T1.Q4,What type of news article is it?,T1.Q4.A1,Neutral description of a recent or ongoing event,26b004af-e376-4fdd-9f14-ad01e1bd8511,f7a9d6bc-1a02-48e9-86cc-8c7072579362,Neutral description of a recent or ongoing event,1,1,242,683,"FTP) \u2014 Last year, the Navari family was devastated on Christmas Eve when their home caught fire and destroyed all they had. Pam Navari thought things couldn\u2019t get any worse after the fire. However, thanks to the government, she was wrong. Now, as the family battles the insurance company to pay for the damage, they are also battling government who says it\u2019s illegal for them to live in an RV in their own driveway while they conduct repairs"
NYU_Overall,73547c3c231ca8366dfcec3758c9248bd090123e5fd8e249c635222488b354da,6375834d-682b-489b-8000-b6c6e60c45f9,https://pe.goodlylabs.org/project/NYU_Overall/task/2517,,NYU_Articles/Day 3/FamilyFacingJailforLiving.txt,100040,FamilyFacingJailforLiving.txt,ec47eb7633cadab64fdca9e163f61b889cb53dcb7c68eeac286b8167155268ed,4042,a21511db-afca-4e01-aff8-92131e85a0f7,5,5,cb15f54b-5b0b-4d58-9413-3f3f3c2a806d,ba9277ba-57bf-48b8-9796-0e765c4d484d,2019-11-18 23:51:36.800970,2019-11-19 00:21:44.165208,1807.364238,Holistic Evaluation of Article,T1.Q6,Does the title match the text?,T1.Q6.A1,"Yes, without exaggeration",d7210ff0-aa4a-4d74-8682-4816668dfabc,9f798a10-2891-4b26-8d36-bb4ec404a333,"Yes, without exaggeration",0,0,,,
NYU_Overall,73547c3c231ca8366dfcec3758c9248bd090123e5fd8e249c635222488b354da,6375834d-682b-489b-8000-b6c6e60c45f9,https://pe.goodlylabs.org/project/NYU_Overall/task/2517,,NYU_Articles/Day 3/FamilyFacingJailforLiving.txt,100040,FamilyFacingJailforLiving.txt,ec47eb7633cadab64fdca9e163f61b889cb53dcb7c68eeac286b8167155268ed,4042,a21511db-afca-4e01-aff8-92131e85a0f7,5,5,cb15f54b-5b0b-4d58-9413-3f3f3c2a806d,ba9277ba-57bf-48b8-9796-0e765c4d484d,2019-11-18 23:51:36.800970,2019-11-19 00:21:44.165208,1807.364238,Holistic Evaluation of Article,T1.Q7,To what extent do you agree with the central claim of the article (regardless of the quality of this particular article)?,T1.Q7.A2,Somewhat Agree,cbb290c4-6e60-4696-9d07-8ff3b6a91e2f,805fbc08-699a-47fa-afd2-fe1a41f4ab4c,Somewhat Agree,0,0,,,
NYU_Overall,73547c3c231ca8366dfcec3758c9248bd090123e5fd8e249c635222488b354da,34429049-6872-4f6c-b569-ef68127979a4,https://pe.goodlylabs.org/project/NYU_Overall/task/2518,,NYU_Articles/Day 3/JesusisKingSundayService.txt,100041,JesusisKingSundayService.txt,a2cbd2793021682ba8c9d0dc90f901373791b6653b8de686a304de0f07fbdcd0,1822,9615dc72-3421-419c-92a7-23380d338345,5,6,846ad1a9-7ec8-4901-a489-ee57e54c68aa,ba9277ba-57bf-48b8-9796-0e765c4d484d,2019-11-19 00:01:49.133018,2019-11-19 00:27:26.219977,1537.086959,Holistic Evaluation of Article,T1.Q1,"Knowing everything you know about the world, how *credible* does the article seem to you, overall?",T1.Q1.A2,Fairly credible,4af1c5a5-650e-4ea3-a8dd-9274cf48016b,8c46a06e-ea58-4cbf-adfd-d62285fedcca,Fairly credible,0,0,,,
NYU_Overall,73547c3c231ca8366dfcec3758c9248bd090123e5fd8e249c635222488b354da,34429049-6872-4f6c-b569-ef68127979a4,https://pe.goodlylabs.org/project/NYU_Overall/task/2518,,NYU_Articles/Day 3/JesusisKingSundayService.txt,100041,JesusisKingSundayService.txt,a2cbd2793021682ba8c9d0dc90f901373791b6653b8de686a304de0f07fbdcd0,1822,9615dc72-3421-419c-92a7-23380d338345,5,6,846ad1a9-7ec8-4901-a489-ee57e54c68aa,ba9277ba-57bf-48b8-9796-0e765c4d484d,2019-11-19 00:01:49.133018,2019-11-19 00:27:26.219977,1537.086959,Holistic Evaluation of Article,T1.Q2,"Given everything you know about the world, how *biased* does the article seem to you, overall?",T1.Q2.A4,Mildly biased,f46bee86-5228-438b-8789-48133b231ab8,79ef8cd7-a0dd-40b4-95c1-5fcea785ebf3,Mildly biased,0,0,,,
NYU_Overall,73547c3c231ca8366dfcec3758c9248bd090123e5fd8e249c635222488b354da,34429049-6872-4f6c-b569-ef68127979a4,https://pe.goodlylabs.org/project/NYU_Overall/task/2518,,NYU_Articles/Day 3/JesusisKingSundayService.txt,100041,JesusisKingSundayService.txt,a2cbd2793021682ba8c9d0dc90f901373791b6653b8de686a304de0f07fbdcd0,1822,9615dc72-3421-419c-92a7-23380d338345,5,6,846ad1a9-7ec8-4901-a489-ee57e54c68aa,ba9277ba-57bf-48b8-9796-0e765c4d484d,2019-11-19 00:01:49.133018,2019-11-19 00:27:26.219977,1537.086959,Holistic Evaluation of Article,T1.Q3,What type of article is this?,T1.Q3.A11,Other/Can't tell,44e4dd8c-f44f-4837-b45b-a677af281019,92b39623-9aed-4ed7-b969-c11719073cb1,Other/Can't tell,0,0,,,
NYU_Overall,73547c3c231ca8366dfcec3758c9248bd090123e5fd8e249c635222488b354da,34429049-6872-4f6c-b569-ef68127979a4,https://pe.goodlylabs.org/project/NYU_Overall/task/2518,,NYU_Articles/Day 3/JesusisKingSundayService.txt,100041,JesusisKingSundayService.txt,a2cbd2793021682ba8c9d0dc90f901373791b6653b8de686a304de0f07fbdcd0,1822,9615dc72-3421-419c-92a7-23380d338345,5,6,846ad1a9-7ec8-4901-a489-ee57e54c68aa,ba9277ba-57bf-48b8-9796-0e765c4d484d,2019-11-19 00:01:49.133018,2019-11-19 00:27:26.219977,1537.086959,Holistic Evaluation of Article,T1.Q6,Does the title match the text?,T1.Q6.A1,"Yes, without exaggeration",d7210ff0-aa4a-4d74-8682-4816668dfabc,3e3a9be0-45f5-4087-8e98-c2981ba55898,"Yes, without exaggeration",0,0,,,
NYU_Overall,73547c3c231ca8366dfcec3758c9248bd090123e5fd8e249c635222488b354da,34429049-6872-4f6c-b569-ef68127979a4,https://pe.goodlylabs.org/project/NYU_Overall/task/2518,,NYU_Articles/Day 3/JesusisKingSundayService.txt,100041,JesusisKingSundayService.txt,a2cbd2793021682ba8c9d0dc90f901373791b6653b8de686a304de0f07fbdcd0,1822,9615dc72-3421-419c-92a7-23380d338345,5,6,846ad1a9-7ec8-4901-a489-ee57e54c68aa,ba9277ba-57bf-48b8-9796-0e765c4d484d,2019-11-19 00:01:49.133018,2019-11-19 00:27:26.219977,1537.086959,Holistic Evaluation of Article,T1.Q7,To what extent do you agree with the central claim of the article (regardless of the quality of this particular article)?,T1.Q7.A3,Neither Agree nor Disagree,d14e4a43-d4ff-4424-9b0a-c5a903b3d0fe,61e0b3ed-4f1c-4e96-bd7d-5a50470700b7,Neither Agree nor Disagree,0,0,,,
NYU_Overall,73547c3c231ca8366dfcec3758c9248bd090123e5fd8e249c635222488b354da,6375834d-682b-489b-8000-b6c6e60c45f9,https://pe.goodlylabs.org/project/NYU_Overall/task/2517,,NYU_Articles/Day 3/FamilyFacingJailforLiving.txt,100040,FamilyFacingJailforLiving.txt,ec47eb7633cadab64fdca9e163f61b889cb53dcb7c68eeac286b8167155268ed,4042,a21511db-afca-4e01-aff8-92131e85a0f7,5,5,5d251eed-d4eb-452b-9e59-fd7bc0194db3,2b2f1081-fac7-4884-b56c-28501b89abb8,2019-11-19 22:50:03.004556,2019-11-19 22:51:28.533202,85.528646,Holistic Evaluation of Article,T1.Q1,"Knowing everything you know about the world, how *credible* does the article seem to you, overall?",T1.Q1.A3,Somewhat credible,fd896075-0043-4e55-8804-4d26c9f1a448,2de420d0-5865-4ec5-9ad0-6fcd620c9a55,Somewhat credible,0,0,,,
NYU_Overall,73547c3c231ca8366dfcec3758c9248bd090123e5fd8e249c635222488b354da,6375834d-682b-489b-8000-b6c6e60c45f9,https://pe.goodlylabs.org/project/NYU_Overall/task/2517,,NYU_Articles/Day 3/FamilyFacingJailforLiving.txt,100040,FamilyFacingJailforLiving.txt,ec47eb7633cadab64fdca9e163f61b889cb53dcb7c68eeac286b8167155268ed,4042,a21511db-afca-4e01-aff8-92131e85a0f7,5,5,5d251eed-d4eb-452b-9e59-fd7bc0194db3,2b2f1081-fac7-4884-b56c-28501b89abb8,2019-11-19 22:50:03.004556,2019-11-19 22:51:28.533202,85.528646,Holistic Evaluation of Article,T1.Q2,"Given everything you know about the world, how *biased* does the article seem to you, overall?",T1.Q2.A4,Mildly biased,f46bee86-5228-438b-8789-48133b231ab8,949ebef4-1574-4c4c-9cda-e7696a781f26,Mildly biased,0,0,,,
NYU_Overall,73547c3c231ca8366dfcec3758c9248bd090123e5fd8e249c635222488b354da,6375834d-682b-489b-8000-b6c6e60c45f9,https://pe.goodlylabs.org/project/NYU_Overall/task/2517,,NYU_Articles/Day 3/FamilyFacingJailforLiving.txt,100040,FamilyFacingJailforLiving.txt,ec47eb7633cadab64fdca9e163f61b889cb53dcb7c68eeac286b8167155268ed,4042,a21511db-afca-4e01-aff8-92131e85a0f7,5,5,5d251eed-d4eb-452b-9e59-fd7bc0194db3,2b2f1081-fac7-4884-b56c-28501b89abb8,2019-11-19 22:50:03.004556,2019-11-19 22:51:28.533202,85.528646,Holistic Evaluation of Article,T1.Q3,What type of article is this?,T1.Q3.A1,News report,e517992b-dfb3-4b01-8034-fdedbd2a883f,4604860b-9443-4cb4-beef-050eb59dfad2,News report,0,0,,,
NYU_Overall,73547c3c231ca8366dfcec3758c9248bd090123e5fd8e249c635222488b354da,6375834d-682b-489b-8000-b6c6e60c45f9,https://pe.goodlylabs.org/project/NYU_Overall/task/2517,,NYU_Articles/Day 3/FamilyFacingJailforLiving.txt,100040,FamilyFacingJailforLiving.txt,ec47eb7633cadab64fdca9e163f61b889cb53dcb7c68eeac286b8167155268ed,4042,a21511db-afca-4e01-aff8-92131e85a0f7,5,5,5d251eed-d4eb-452b-9e59-fd7bc0194db3,2b2f1081-fac7-4884-b56c-28501b89abb8,2019-11-19 22:50:03.004556,2019-11-19 22:51:28.533202,85.528646,Holistic Evaluation of Article,T1.Q4,What type of news article is it?,T1.Q4.A1,Neutral description of a recent or ongoing event,26b004af-e376-4fdd-9f14-ad01e1bd8511,714c41ec-201f-4660-89e3-a8e838a87d30,Neutral description of a recent or ongoing event,0,0,,,
NYU_Overall,73547c3c231ca8366dfcec3758c9248bd090123e5fd8e249c635222488b354da,6375834d-682b-489b-8000-b6c6e60c45f9,https://pe.goodlylabs.org/project/NYU_Overall/task/2517,,NYU_Articles/Day 3/FamilyFacingJailforLiving.txt,100040,FamilyFacingJailforLiving.txt,ec47eb7633cadab64fdca9e163f61b889cb53dcb7c68eeac286b8167155268ed,4042,a21511db-afca-4e01-aff8-92131e85a0f7,5,5,5d251eed-d4eb-452b-9e59-fd7bc0194db3,2b2f1081-fac7-4884-b56c-28501b89abb8,2019-11-19 22:50:03.004556,2019-11-19 22:51:28.533202,85.528646,Holistic Evaluation of Article,T1.Q6,Does the title match the text?,T1.Q6.A1,"Yes, without exaggeration",d7210ff0-aa4a-4d74-8682-4816668dfabc,a6600f0d-2852-48ae-873d-3675e89e2f82,"Yes, without exaggeration",0,0,,,
NYU_Overall,73547c3c231ca8366dfcec3758c9248bd090123e5fd8e249c635222488b354da,6375834d-682b-489b-8000-b6c6e60c45f9,https://pe.goodlylabs.org/project/NYU_Overall/task/2517,,NYU_Articles/Day 3/FamilyFacingJailforLiving.txt,100040,FamilyFacingJailforLiving.txt,ec47eb7633cadab64fdca9e163f61b889cb53dcb7c68eeac286b8167155268ed,4042,a21511db-afca-4e01-aff8-92131e85a0f7,5,5,5d251eed-d4eb-452b-9e59-fd7bc0194db3,2b2f1081-fac7-4884-b56c-28501b89abb8,2019-11-19 22:50:03.004556,2019-11-19 22:51:28.533202,85.528646,Holistic Evaluation of Article,T1.Q7,To what extent do you agree with the central claim of the article (regardless of the quality of this particular article)?,T1.Q7.A3,Neither Agree nor Disagree,d14e4a43-d4ff-4424-9b0a-c5a903b3d0fe,12412eb7-caff-4ffd-9f1e-7c3ac38d3175,Neither Agree nor Disagree,0,0,,,
NYU_Overall,73547c3c231ca8366dfcec3758c9248bd090123e5fd8e249c635222488b354da,34429049-6872-4f6c-b569-ef68127979a4,https://pe.goodlylabs.org/project/NYU_Overall/task/2518,,NYU_Articles/Day 3/JesusisKingSundayService.txt,100041,JesusisKingSundayService.txt,a2cbd2793021682ba8c9d0dc90f901373791b6653b8de686a304de0f07fbdcd0,1822,9615dc72-3421-419c-92a7-23380d338345,5,6,afcd2f51-55e2-47e9-9281-31a057c26a25,3412be43-641f-4df9-a2d3-bc24946e4640,2019-11-19 22:54:39.827377,2019-11-19 22:56:55.083515,135.256138,Holistic Evaluation of Article,T1.Q1,"Knowing everything you know about the world, how *credible* does the article seem to you, overall?",T1.Q1.A2,Fairly credible,4af1c5a5-650e-4ea3-a8dd-9274cf48016b,97958e11-73c5-4714-99d7-38d46a293634,Fairly credible,0,0,,,
NYU_Overall,73547c3c231ca8366dfcec3758c9248bd090123e5fd8e249c635222488b354da,34429049-6872-4f6c-b569-ef68127979a4,https://pe.goodlylabs.org/project/NYU_Overall/task/2518,,NYU_Articles/Day 3/JesusisKingSundayService.txt,100041,JesusisKingSundayService.txt,a2cbd2793021682ba8c9d0dc90f901373791b6653b8de686a304de0f07fbdcd0,1822,9615dc72-3421-419c-92a7-23380d338345,5,6,afcd2f51-55e2-47e9-9281-31a057c26a25,3412be43-641f-4df9-a2d3-bc24946e4640,2019-11-19 22:54:39.827377,2019-11-19 22:56:55.083515,135.256138,Holistic Evaluation of Article,T1.Q2,"Given everything you know about the world, how *biased* does the article seem to you, overall?",T1.Q2.A5,Not at all biased,5e5c35ea-e965-41c3-921c-0a75f87fc648,e0fe81f6-df24-4e02-a216-ae1516249669,Not at all biased,0,0,,,
NYU_Overall,73547c3c231ca8366dfcec3758c9248bd090123e5fd8e249c635222488b354da,34429049-6872-4f6c-b569-ef68127979a4,https://pe.goodlylabs.org/project/NYU_Overall/task/2518,,NYU_Articles/Day 3/JesusisKingSundayService.txt,100041,JesusisKingSundayService.txt,a2cbd2793021682ba8c9d0dc90f901373791b6653b8de686a304de0f07fbdcd0,1822,9615dc72-3421-419c-92a7-23380d338345,5,6,afcd2f51-55e2-47e9-9281-31a057c26a25,3412be43-641f-4df9-a2d3-bc24946e4640,2019-11-19 22:54:39.827377,2019-11-19 22:56:55.083515,135.256138,Holistic Evaluation of Article,T1.Q3,What type of article is this?,T1.Q3.A1,News report,e517992b-dfb3-4b01-8034-fdedbd2a883f,d234d561-c24f-4a97-a695-7ff624e23e74,News report,1,2,51,95,"Kanye West, choir perform at Lakewood Church"
NYU_Overall,73547c3c231ca8366dfcec3758c9248bd090123e5fd8e249c635222488b354da,34429049-6872-4f6c-b569-ef68127979a4,https://pe.goodlylabs.org/project/NYU_Overall/task/2518,,NYU_Articles/Day 3/JesusisKingSundayService.txt,100041,JesusisKingSundayService.txt,a2cbd2793021682ba8c9d0dc90f901373791b6653b8de686a304de0f07fbdcd0,1822,9615dc72-3421-419c-92a7-23380d338345,5,6,afcd2f51-55e2-47e9-9281-31a057c26a25,3412be43-641f-4df9-a2d3-bc24946e4640,2019-11-19 22:54:39.827377,2019-11-19 22:56:55.083515,135.256138,Holistic Evaluation of Article,T1.Q3,What type of article is this?,T1.Q3.A1,News report,e517992b-dfb3-4b01-8034-fdedbd2a883f,d234d561-c24f-4a97-a695-7ff624e23e74,News report,1,2,106,186,Kanye West and his choir performed at Lakewood Church in Houston on Sunday night
NYU_Overall,73547c3c231ca8366dfcec3758c9248bd090123e5fd8e249c635222488b354da,34429049-6872-4f6c-b569-ef68127979a4,https://pe.goodlylabs.org/project/NYU_Overall/task/2518,,NYU_Articles/Day 3/JesusisKingSundayService.txt,100041,JesusisKingSundayService.txt,a2cbd2793021682ba8c9d0dc90f901373791b6653b8de686a304de0f07fbdcd0,1822,9615dc72-3421-419c-92a7-23380d338345,5,6,afcd2f51-55e2-47e9-9281-31a057c26a25,3412be43-641f-4df9-a2d3-bc24946e4640,2019-11-19 22:54:39.827377,2019-11-19 22:56:55.083515,135.256138,Holistic Evaluation of Article,T1.Q4,What type of news article is it?,T1.Q4.A1,Neutral description of a recent or ongoing event,26b004af-e376-4fdd-9f14-ad01e1bd8511,160367c0-917e-492a-b7c5-6f521216279c,Neutral description of a recent or ongoing event,1,1,106,186,Kanye West and his choir performed at Lakewood Church in Houston on Sunday night
NYU_Overall,73547c3c231ca8366dfcec3758c9248bd090123e5fd8e249c635222488b354da,34429049-6872-4f6c-b569-ef68127979a4,https://pe.goodlylabs.org/project/NYU_Overall/task/2518,,NYU_Articles/Day 3/JesusisKingSundayService.txt,100041,JesusisKingSundayService.txt,a2cbd2793021682ba8c9d0dc90f901373791b6653b8de686a304de0f07fbdcd0,1822,9615dc72-3421-419c-92a7-23380d338345,5,6,afcd2f51-55e2-47e9-9281-31a057c26a25,3412be43-641f-4df9-a2d3-bc24946e4640,2019-11-19 22:54:39.827377,2019-11-19 22:56:55.083515,135.256138,Holistic Evaluation of Article,T1.Q4,What type of news article is it?,T1.Q4.A2,"Report of what some person, body, or group said",bdfcfa4c-edbe-42b5-931c-c5c499fba2e0,dc9eda60-f357-4dcd-bd4e-9b0f8d0169a3,"Report of what some person, body, or group said",1,2,763,807,We traveled all the way from College Station
NYU_Overall,73547c3c231ca8366dfcec3758c9248bd090123e5fd8e249c635222488b354da,34429049-6872-4f6c-b569-ef68127979a4,https://pe.goodlylabs.org/project/NYU_Overall/task/2518,,NYU_Articles/Day 3/JesusisKingSundayService.txt,100041,JesusisKingSundayService.txt,a2cbd2793021682ba8c9d0dc90f901373791b6653b8de686a304de0f07fbdcd0,1822,9615dc72-3421-419c-92a7-23380d338345,5,6,afcd2f51-55e2-47e9-9281-31a057c26a25,3412be43-641f-4df9-a2d3-bc24946e4640,2019-11-19 22:54:39.827377,2019-11-19 22:56:55.083515,135.256138,Holistic Evaluation of Article,T1.Q4,What type of news article is it?,T1.Q4.A2,"Report of what some person, body, or group said",bdfcfa4c-edbe-42b5-931c-c5c499fba2e0,dc9eda60-f357-4dcd-bd4e-9b0f8d0169a3,"Report of what some person, body, or group said",1,2,836,975,"I\u2019m actually really surprised by the mayhem. I thought people had written Kanye off. I was surprised to see so much support for him tonight"
NYU_Overall,73547c3c231ca8366dfcec3758c9248bd090123e5fd8e249c635222488b354da,34429049-6872-4f6c-b569-ef68127979a4,https://pe.goodlylabs.org/project/NYU_Overall/task/2518,,NYU_Articles/Day 3/JesusisKingSundayService.txt,100041,JesusisKingSundayService.txt,a2cbd2793021682ba8c9d0dc90f901373791b6653b8de686a304de0f07fbdcd0,1822,9615dc72-3421-419c-92a7-23380d338345,5,6,afcd2f51-55e2-47e9-9281-31a057c26a25,3412be43-641f-4df9-a2d3-bc24946e4640,2019-11-19 22:54:39.827377,2019-11-19 22:56:55.083515,135.256138,Holistic Evaluation of Article,T1.Q6,Does the title match the text?,T1.Q6.A1,"Yes, without exaggeration",d7210ff0-aa4a-4d74-8682-4816668dfabc,4b42fe49-60f6-4a79-b534-b729bb86b607,"Yes, without exaggeration",0,0,,,
NYU_Overall,73547c3c231ca8366dfcec3758c9248bd090123e5fd8e249c635222488b354da,34429049-6872-4f6c-b569-ef68127979a4,https://pe.goodlylabs.org/project/NYU_Overall/task/2518,,NYU_Articles/Day 3/JesusisKingSundayService.txt,100041,JesusisKingSundayService.txt,a2cbd2793021682ba8c9d0dc90f901373791b6653b8de686a304de0f07fbdcd0,1822,9615dc72-3421-419c-92a7-23380d338345,5,6,afcd2f51-55e2-47e9-9281-31a057c26a25,3412be43-641f-4df9-a2d3-bc24946e4640,2019-11-19 22:54:39.827377,2019-11-19 22:56:55.083515,135.256138,Holistic Evaluation of Article,T1.Q7,To what extent do you agree with the central claim of the article (regardless of the quality of this particular article)?,T1.Q7.A3,Neither Agree nor Disagree,d14e4a43-d4ff-4424-9b0a-c5a903b3d0fe,d675c172-eb94-42c8-aedf-47bf69e01b45,Neither Agree nor Disagree,0,0,,,
NYU_Overall,73547c3c231ca8366dfcec3758c9248bd090123e5fd8e249c635222488b354da,34429049-6872-4f6c-b569-ef68127979a4,https://pe.goodlylabs.org/project/NYU_Overall/task/2518,,NYU_Articles/Day 3/JesusisKingSundayService.txt,100041,JesusisKingSundayService.txt,a2cbd2793021682ba8c9d0dc90f901373791b6653b8de686a304de0f07fbdcd0,1822,9615dc72-3421-419c-92a7-23380d338345,5,6,b4384ca8-2cf3-4e43-b1b7-30ab6c698f2e,2b2f1081-fac7-4884-b56c-28501b89abb8,2019-11-19 22:50:03.111151,2019-11-19 23:19:29.248527,1766.137376,Holistic Evaluation of Article,T1.Q1,"Knowing everything you know about the world, how *credible* does the article seem to you, overall?",T1.Q1.A2,Fairly credible,4af1c5a5-650e-4ea3-a8dd-9274cf48016b,fd25b476-f136-4983-a8e6-96a32eaf3582,Fairly credible,0,0,,,
NYU_Overall,73547c3c231ca8366dfcec3758c9248bd090123e5fd8e249c635222488b354da,34429049-6872-4f6c-b569-ef68127979a4,https://pe.goodlylabs.org/project/NYU_Overall/task/2518,,NYU_Articles/Day 3/JesusisKingSundayService.txt,100041,JesusisKingSundayService.txt,a2cbd2793021682ba8c9d0dc90f901373791b6653b8de686a304de0f07fbdcd0,1822,9615dc72-3421-419c-92a7-23380d338345,5,6,b4384ca8-2cf3-4e43-b1b7-30ab6c698f2e,2b2f1081-fac7-4884-b56c-28501b89abb8,2019-11-19 22:50:03.111151,2019-11-19 23:19:29.248527,1766.137376,Holistic Evaluation of Article,T1.Q2,"Given everything you know about the world, how *biased* does the article seem to you, overall?",T1.Q2.A3,Somewhat biased,623c118e-a20b-41f9-8497-1c8ac7f9f6ab,b366c968-bd84-4c59-bddf-c1aa8236051a,Somewhat biased,0,0,,,
NYU_Overall,73547c3c231ca8366dfcec3758c9248bd090123e5fd8e249c635222488b354da,34429049-6872-4f6c-b569-ef68127979a4,https://pe.goodlylabs.org/project/NYU_Overall/task/2518,,NYU_Articles/Day 3/JesusisKingSundayService.txt,100041,JesusisKingSundayService.txt,a2cbd2793021682ba8c9d0dc90f901373791b6653b8de686a304de0f07fbdcd0,1822,9615dc72-3421-419c-92a7-23380d338345,5,6,b4384ca8-2cf3-4e43-b1b7-30ab6c698f2e,2b2f1081-fac7-4884-b56c-28501b89abb8,2019-11-19 22:50:03.111151,2019-11-19 23:19:29.248527,1766.137376,Holistic Evaluation of Article,T1.Q3,What type of article is this?,T1.Q3.A1,News report,e517992b-dfb3-4b01-8034-fdedbd2a883f,f7694ed8-d5f5-4c1d-bd24-736afaa853e8,News report,0,0,,,
NYU_Overall,73547c3c231ca8366dfcec3758c9248bd090123e5fd8e249c635222488b354da,34429049-6872-4f6c-b569-ef68127979a4,https://pe.goodlylabs.org/project/NYU_Overall/task/2518,,NYU_Articles/Day 3/JesusisKingSundayService.txt,100041,JesusisKingSundayService.txt,a2cbd2793021682ba8c9d0dc90f901373791b6653b8de686a304de0f07fbdcd0,1822,9615dc72-3421-419c-92a7-23380d338345,5,6,b4384ca8-2cf3-4e43-b1b7-30ab6c698f2e,2b2f1081-fac7-4884-b56c-28501b89abb8,2019-11-19 22:50:03.111151,2019-11-19 23:19:29.248527,1766.137376,Holistic Evaluation of Article,T1.Q4,What type of news article is it?,T1.Q4.A2,"Report of what some person, body, or group said",bdfcfa4c-edbe-42b5-931c-c5c499fba2e0,0989c625-3aa6-4575-94cf-2fa6d87961a5,"Report of what some person, body, or group said",0,0,,,
NYU_Overall,73547c3c231ca8366dfcec3758c9248bd090123e5fd8e249c635222488b354da,34429049-6872-4f6c-b569-ef68127979a4,https://pe.goodlylabs.org/project/NYU_Overall/task/2518,,NYU_Articles/Day 3/JesusisKingSundayService.txt,100041,JesusisKingSundayService.txt,a2cbd2793021682ba8c9d0dc90f901373791b6653b8de686a304de0f07fbdcd0,1822,9615dc72-3421-419c-92a7-23380d338345,5,6,b4384ca8-2cf3-4e43-b1b7-30ab6c698f2e,2b2f1081-fac7-4884-b56c-28501b89abb8,2019-11-19 22:50:03.111151,2019-11-19 23:19:29.248527,1766.137376,Holistic Evaluation of Article,T1.Q6,Does the title match the text?,T1.Q6.A1,"Yes, without exaggeration",d7210ff0-aa4a-4d74-8682-4816668dfabc,5ce4217a-5cf0-42d6-b451-e67b7ade3c17,"Yes, without exaggeration",0,0,,,
NYU_Overall,73547c3c231ca8366dfcec3758c9248bd090123e5fd8e249c635222488b354da,34429049-6872-4f6c-b569-ef68127979a4,https://pe.goodlylabs.org/project/NYU_Overall/task/2518,,NYU_Articles/Day 3/JesusisKingSundayService.txt,100041,JesusisKingSundayService.txt,a2cbd2793021682ba8c9d0dc90f901373791b6653b8de686a304de0f07fbdcd0,1822,9615dc72-3421-419c-92a7-23380d338345,5,6,b4384ca8-2cf3-4e43-b1b7-30ab6c698f2e,2b2f1081-fac7-4884-b56c-28501b89abb8,2019-11-19 22:50:03.111151,2019-11-19 23:19:29.248527,1766.137376,Holistic Evaluation of Article,T1.Q7,To what extent do you agree with the central claim of the article (regardless of the quality of this particular article)?,T1.Q7.A3,Neither Agree nor Disagree,d14e4a43-d4ff-4424-9b0a-c5a903b3d0fe,91f528cc-90df-4de2-8e29-f77b7f7cf0a0,Neither Agree nor Disagree,0,0,,,
