schema_namespace,schema_sha256,quiz_task_uuid,task_url,tua_uuid,article_batch_name,article_number,article_filename,article_sha256,article_text_length,task_uuid,task_redundancy,taskrun_count,quiz_taskrun_uuid,contributor_uuid,created,finish_time,elapsed_seconds,topic_name,question_label,question_text,answer_label,answer_content,answer_uuid,submitted_tua_uuid,answer_text,case_number,highlight_count,submitted_tua
EvidenceSpecialist_2019_08_04,c0214f290c8f381a5f02b9fcb221ff897c903c4646af9fa73577f092c303926f,f8c05253-e7d4-420f-8728-5dc0869855ff,https://pe.goodlylabs.org/project/NYU_Evidence/task/2579,05b31292-9f3c-410a-8500-d11fc7c2bf98,NYU_Articles/Day4/ShooterCommitsSuicideAfterBeing.txt,100043,ShooterCommitsSuicideAfterBeing.txt,d1a27dc55d4704fbbb9ede3958d88ee37f118049cc6e19fc242d49f7d3d0cf5d,1269,f83472d9-e3b6-48f1-95e4-4b2adc56247b,3,3,db1dac27-db95-46a1-87f7-294b7d6ca2c5,50b97722-8671-4131-8a54-409491b48a1e,2019-11-19 22:00:08.627207,2019-11-19 22:09:14.570152,545.942945,Evidence Specialist,T1.Q1,Is a general or singular causal claim made? Highlight the section(s) that supports your answer.,T1.Q1.A3,No causal claim made,43deba4a-8963-4910-8ab0-e2a76b258c70,99c30c2e-2cdf-419d-bbdb-302a60942e71,No causal claim made,1,1,"[{""case_number"": 1, ""text"": ""It is believed the shooting was domestic in nature, but police are still investigating"", ""answer_id"": 4232, ""end"": 1161, ""start"": 1075}]"
EvidenceSpecialist_2019_08_04,c0214f290c8f381a5f02b9fcb221ff897c903c4646af9fa73577f092c303926f,f8c05253-e7d4-420f-8728-5dc0869855ff,https://pe.goodlylabs.org/project/NYU_Evidence/task/2579,05b31292-9f3c-410a-8500-d11fc7c2bf98,NYU_Articles/Day4/ShooterCommitsSuicideAfterBeing.txt,100043,ShooterCommitsSuicideAfterBeing.txt,d1a27dc55d4704fbbb9ede3958d88ee37f118049cc6e19fc242d49f7d3d0cf5d,1269,f83472d9-e3b6-48f1-95e4-4b2adc56247b,3,3,db1dac27-db95-46a1-87f7-294b7d6ca2c5,50b97722-8671-4131-8a54-409491b48a1e,2019-11-19 22:00:08.627207,2019-11-19 22:09:14.570152,545.942945,Evidence Specialist,T1.Q9,Is data presented as evidence for a pattern (e.g. A relationship between two variables)?,T1.Q9.A3,No,f9e30dd9-2c13-421d-91d3-13ef6e843c72,79317899-7e79-44cf-998f-668747f29cf3,No,0,0,[]
EvidenceSpecialist_2019_08_04,c0214f290c8f381a5f02b9fcb221ff897c903c4646af9fa73577f092c303926f,f8c05253-e7d4-420f-8728-5dc0869855ff,https://pe.goodlylabs.org/project/NYU_Evidence/task/2579,05b31292-9f3c-410a-8500-d11fc7c2bf98,NYU_Articles/Day4/ShooterCommitsSuicideAfterBeing.txt,100043,ShooterCommitsSuicideAfterBeing.txt,d1a27dc55d4704fbbb9ede3958d88ee37f118049cc6e19fc242d49f7d3d0cf5d,1269,f83472d9-e3b6-48f1-95e4-4b2adc56247b,3,3,db1dac27-db95-46a1-87f7-294b7d6ca2c5,50b97722-8671-4131-8a54-409491b48a1e,2019-11-19 22:00:08.627207,2019-11-19 22:09:14.570152,545.942945,Evidence Specialist,T1.Q12,Does the author suggest in any way that further evidence might improve our understanding of the topic?,T1.Q12.A1,"Yes, explicitly",d1b0ea73-2a57-4b44-a60b-b2269d5435b8,8d898372-92b5-4ad7-81c1-642f17125943,"Yes, explicitly",1,1,"[{""case_number"": 1, ""text"": ""but police are still investigating"", ""answer_id"": 4276, ""end"": 1161, ""start"": 1127}]"
EvidenceSpecialist_2019_08_04,c0214f290c8f381a5f02b9fcb221ff897c903c4646af9fa73577f092c303926f,f8c05253-e7d4-420f-8728-5dc0869855ff,https://pe.goodlylabs.org/project/NYU_Evidence/task/2579,05b31292-9f3c-410a-8500-d11fc7c2bf98,NYU_Articles/Day4/ShooterCommitsSuicideAfterBeing.txt,100043,ShooterCommitsSuicideAfterBeing.txt,d1a27dc55d4704fbbb9ede3958d88ee37f118049cc6e19fc242d49f7d3d0cf5d,1269,f83472d9-e3b6-48f1-95e4-4b2adc56247b,3,3,db1dac27-db95-46a1-87f7-294b7d6ca2c5,50b97722-8671-4131-8a54-409491b48a1e,2019-11-19 22:00:08.627207,2019-11-19 22:09:14.570152,545.942945,Evidence Specialist,T1.Q13,"How difficult was this task for you, on the whole?",T1.Q13.A4,4,39c4f70f-9c47-4770-88b5-ca1bc6093882,c330ee93-a0a0-40b6-81b7-d8eabdff6614,4,0,0,[]
EvidenceSpecialist_2019_08_04,c0214f290c8f381a5f02b9fcb221ff897c903c4646af9fa73577f092c303926f,f8c05253-e7d4-420f-8728-5dc0869855ff,https://pe.goodlylabs.org/project/NYU_Evidence/task/2579,05b31292-9f3c-410a-8500-d11fc7c2bf98,NYU_Articles/Day4/ShooterCommitsSuicideAfterBeing.txt,100043,ShooterCommitsSuicideAfterBeing.txt,d1a27dc55d4704fbbb9ede3958d88ee37f118049cc6e19fc242d49f7d3d0cf5d,1269,f83472d9-e3b6-48f1-95e4-4b2adc56247b,3,3,db1dac27-db95-46a1-87f7-294b7d6ca2c5,50b97722-8671-4131-8a54-409491b48a1e,2019-11-19 22:00:08.627207,2019-11-19 22:09:14.570152,545.942945,Evidence Specialist,T1.Q14,"How confident are you about your answers, on the whole?",T1.Q14.A7,7,088039fa-3628-4476-8777-062576ce3572,9ff1e8fc-55e0-412a-b4c8-2e56a7c0a2fd,7,0,0,[]
EvidenceSpecialist_2019_08_04,c0214f290c8f381a5f02b9fcb221ff897c903c4646af9fa73577f092c303926f,f8c05253-e7d4-420f-8728-5dc0869855ff,https://pe.goodlylabs.org/project/NYU_Evidence/task/2579,05b31292-9f3c-410a-8500-d11fc7c2bf98,NYU_Articles/Day4/ShooterCommitsSuicideAfterBeing.txt,100043,ShooterCommitsSuicideAfterBeing.txt,d1a27dc55d4704fbbb9ede3958d88ee37f118049cc6e19fc242d49f7d3d0cf5d,1269,f83472d9-e3b6-48f1-95e4-4b2adc56247b,3,3,1fe89c8a-69c2-46a0-8f50-14af5863b5bc,50b97722-8671-4131-8a54-409491b48a1e,2019-11-19 22:09:14.562989,2019-11-19 22:09:14.627837,0.064848,Evidence Specialist,T1.Q1,Is a general or singular causal claim made? Highlight the section(s) that supports your answer.,T1.Q1.A3,No causal claim made,43deba4a-8963-4910-8ab0-e2a76b258c70,efef8eec-58a3-4aaa-ac2f-756054a30328,No causal claim made,1,1,"[{""case_number"": 1, ""text"": ""It is believed the shooting was domestic in nature, but police are still investigating"", ""answer_id"": 4232, ""end"": 1161, ""start"": 1075}]"
EvidenceSpecialist_2019_08_04,c0214f290c8f381a5f02b9fcb221ff897c903c4646af9fa73577f092c303926f,f8c05253-e7d4-420f-8728-5dc0869855ff,https://pe.goodlylabs.org/project/NYU_Evidence/task/2579,05b31292-9f3c-410a-8500-d11fc7c2bf98,NYU_Articles/Day4/ShooterCommitsSuicideAfterBeing.txt,100043,ShooterCommitsSuicideAfterBeing.txt,d1a27dc55d4704fbbb9ede3958d88ee37f118049cc6e19fc242d49f7d3d0cf5d,1269,f83472d9-e3b6-48f1-95e4-4b2adc56247b,3,3,1fe89c8a-69c2-46a0-8f50-14af5863b5bc,50b97722-8671-4131-8a54-409491b48a1e,2019-11-19 22:09:14.562989,2019-11-19 22:09:14.627837,0.064848,Evidence Specialist,T1.Q9,Is data presented as evidence for a pattern (e.g. A relationship between two variables)?,T1.Q9.A3,No,f9e30dd9-2c13-421d-91d3-13ef6e843c72,3edf1a8d-e611-4f6e-8ac8-f455fdfdab16,No,0,0,[]
EvidenceSpecialist_2019_08_04,c0214f290c8f381a5f02b9fcb221ff897c903c4646af9fa73577f092c303926f,f8c05253-e7d4-420f-8728-5dc0869855ff,https://pe.goodlylabs.org/project/NYU_Evidence/task/2579,05b31292-9f3c-410a-8500-d11fc7c2bf98,NYU_Articles/Day4/ShooterCommitsSuicideAfterBeing.txt,100043,ShooterCommitsSuicideAfterBeing.txt,d1a27dc55d4704fbbb9ede3958d88ee37f118049cc6e19fc242d49f7d3d0cf5d,1269,f83472d9-e3b6-48f1-95e4-4b2adc56247b,3,3,1fe89c8a-69c2-46a0-8f50-14af5863b5bc,50b97722-8671-4131-8a54-409491b48a1e,2019-11-19 22:09:14.562989,2019-11-19 22:09:14.627837,0.064848,Evidence Specialist,T1.Q12,Does the author suggest in any way that further evidence might improve our understanding of the topic?,T1.Q12.A1,"Yes, explicitly",d1b0ea73-2a57-4b44-a60b-b2269d5435b8,8e615c08-bbee-4c8e-a66a-c3e12c7fc154,"Yes, explicitly",1,1,"[{""case_number"": 1, ""text"": ""but police are still investigating"", ""answer_id"": 4276, ""end"": 1161, ""start"": 1127}]"
EvidenceSpecialist_2019_08_04,c0214f290c8f381a5f02b9fcb221ff897c903c4646af9fa73577f092c303926f,f8c05253-e7d4-420f-8728-5dc0869855ff,https://pe.goodlylabs.org/project/NYU_Evidence/task/2579,05b31292-9f3c-410a-8500-d11fc7c2bf98,NYU_Articles/Day4/ShooterCommitsSuicideAfterBeing.txt,100043,ShooterCommitsSuicideAfterBeing.txt,d1a27dc55d4704fbbb9ede3958d88ee37f118049cc6e19fc242d49f7d3d0cf5d,1269,f83472d9-e3b6-48f1-95e4-4b2adc56247b,3,3,1fe89c8a-69c2-46a0-8f50-14af5863b5bc,50b97722-8671-4131-8a54-409491b48a1e,2019-11-19 22:09:14.562989,2019-11-19 22:09:14.627837,0.064848,Evidence Specialist,T1.Q13,"How difficult was this task for you, on the whole?",T1.Q13.A4,4,39c4f70f-9c47-4770-88b5-ca1bc6093882,5d90f4de-0900-4162-aad8-5f5a73b985d0,4,0,0,[]
EvidenceSpecialist_2019_08_04,c0214f290c8f381a5f02b9fcb221ff897c903c4646af9fa73577f092c303926f,f8c05253-e7d4-420f-8728-5dc0869855ff,https://pe.goodlylabs.org/project/NYU_Evidence/task/2579,05b31292-9f3c-410a-8500-d11fc7c2bf98,NYU_Articles/Day4/ShooterCommitsSuicideAfterBeing.txt,100043,ShooterCommitsSuicideAfterBeing.txt,d1a27dc55d4704fbbb9ede3958d88ee37f118049cc6e19fc242d49f7d3d0cf5d,1269,f83472d9-e3b6-48f1-95e4-4b2adc56247b,3,3,1fe89c8a-69c2-46a0-8f50-14af5863b5bc,50b97722-8671-4131-8a54-409491b48a1e,2019-11-19 22:09:14.562989,2019-11-19 22:09:14.627837,0.064848,Evidence Specialist,T1.Q14,"How confident are you about your answers, on the whole?",T1.Q14.A7,7,088039fa-3628-4476-8777-062576ce3572,9aa1e68a-9247-4aa4-b895-9ad041480d76,7,0,0,[]
EvidenceSpecialist_2019_08_04,c0214f290c8f381a5f02b9fcb221ff897c903c4646af9fa73577f092c303926f,f8c05253-e7d4-420f-8728-5dc0869855ff,https://pe.goodlylabs.org/project/NYU_Evidence/task/2579,05b31292-9f3c-410a-8500-d11fc7c2bf98,NYU_Articles/Day4/ShooterCommitsSuicideAfterBeing.txt,100043,ShooterCommitsSuicideAfterBeing.txt,d1a27dc55d4704fbbb9ede3958d88ee37f118049cc6e19fc242d49f7d3d0cf5d,1269,f83472d9-e3b6-48f1-95e4-4b2adc56247b,3,3,3318081c-2bbd-4dd0-974b-acdd89c01216,3412be43-641f-4df9-a2d3-bc24946e4640,2019-11-19 22:50:55.190738,2019-11-19 22:54:19.037309,203.846571,Evidence Specialist,T1.Q1,Is a general or singular causal claim made? Highlight the section(s) that supports your answer.,T1.Q1.A1,"General Causation (In general, X causes Y.)",1001814f-3d89-4e1f-8c1e-e712a4999c51,412a2cc8-2659-49e6-986d-cb244ff4b233,"General Causation (In general, X causes Y.)",1,1,"[{""case_number"": 1, ""text"": ""It is believed the shooting was domestic in nature"", ""answer_id"": 4230, ""end"": 1125, ""start"": 1075}]"
EvidenceSpecialist_2019_08_04,c0214f290c8f381a5f02b9fcb221ff897c903c4646af9fa73577f092c303926f,f8c05253-e7d4-420f-8728-5dc0869855ff,https://pe.goodlylabs.org/project/NYU_Evidence/task/2579,05b31292-9f3c-410a-8500-d11fc7c2bf98,NYU_Articles/Day4/ShooterCommitsSuicideAfterBeing.txt,100043,ShooterCommitsSuicideAfterBeing.txt,d1a27dc55d4704fbbb9ede3958d88ee37f118049cc6e19fc242d49f7d3d0cf5d,1269,f83472d9-e3b6-48f1-95e4-4b2adc56247b,3,3,3318081c-2bbd-4dd0-974b-acdd89c01216,3412be43-641f-4df9-a2d3-bc24946e4640,2019-11-19 22:50:55.190738,2019-11-19 22:54:19.037309,203.846571,Evidence Specialist,T1.Q2,What evidence is given for the primary causal claim? Select all that apply.,T1.Q2.A8,Other evidence,c3fa2526-c371-409c-b379-c499e3608b4e,38470404-741a-409e-86d0-ee35bd3a695f,Other evidence,1,1,"[{""case_number"": 1, ""text"": ""It is believed"", ""answer_id"": 4240, ""end"": 1089, ""start"": 1075}]"
EvidenceSpecialist_2019_08_04,c0214f290c8f381a5f02b9fcb221ff897c903c4646af9fa73577f092c303926f,f8c05253-e7d4-420f-8728-5dc0869855ff,https://pe.goodlylabs.org/project/NYU_Evidence/task/2579,05b31292-9f3c-410a-8500-d11fc7c2bf98,NYU_Articles/Day4/ShooterCommitsSuicideAfterBeing.txt,100043,ShooterCommitsSuicideAfterBeing.txt,d1a27dc55d4704fbbb9ede3958d88ee37f118049cc6e19fc242d49f7d3d0cf5d,1269,f83472d9-e3b6-48f1-95e4-4b2adc56247b,3,3,3318081c-2bbd-4dd0-974b-acdd89c01216,3412be43-641f-4df9-a2d3-bc24946e4640,2019-11-19 22:50:55.190738,2019-11-19 22:54:19.037309,203.846571,Evidence Specialist,T1.Q3,What other evidence is given?,T1.Q3.A1,placeholder answer for TEXT,09b3c4f8-d2bf-4552-a16f-7cd1c807cde3,30787e39-6264-4064-bd6e-ceac66a904fa,An assumed widely believed fact,0,0,[]
EvidenceSpecialist_2019_08_04,c0214f290c8f381a5f02b9fcb221ff897c903c4646af9fa73577f092c303926f,f8c05253-e7d4-420f-8728-5dc0869855ff,https://pe.goodlylabs.org/project/NYU_Evidence/task/2579,05b31292-9f3c-410a-8500-d11fc7c2bf98,NYU_Articles/Day4/ShooterCommitsSuicideAfterBeing.txt,100043,ShooterCommitsSuicideAfterBeing.txt,d1a27dc55d4704fbbb9ede3958d88ee37f118049cc6e19fc242d49f7d3d0cf5d,1269,f83472d9-e3b6-48f1-95e4-4b2adc56247b,3,3,3318081c-2bbd-4dd0-974b-acdd89c01216,3412be43-641f-4df9-a2d3-bc24946e4640,2019-11-19 22:50:55.190738,2019-11-19 22:54:19.037309,203.846571,Evidence Specialist,T1.Q7,What is the best alternative explanation you can think of that could lead to the same set of evidence?,T1.Q7.A1,placeholder answer for TEXT,787ea332-3c27-411f-9ef8-996415a64a39,f33fd0fd-fe75-4570-9c82-c4a3cfd3162d,We could say it is acknowledged that...,0,0,[]
EvidenceSpecialist_2019_08_04,c0214f290c8f381a5f02b9fcb221ff897c903c4646af9fa73577f092c303926f,f8c05253-e7d4-420f-8728-5dc0869855ff,https://pe.goodlylabs.org/project/NYU_Evidence/task/2579,05b31292-9f3c-410a-8500-d11fc7c2bf98,NYU_Articles/Day4/ShooterCommitsSuicideAfterBeing.txt,100043,ShooterCommitsSuicideAfterBeing.txt,d1a27dc55d4704fbbb9ede3958d88ee37f118049cc6e19fc242d49f7d3d0cf5d,1269,f83472d9-e3b6-48f1-95e4-4b2adc56247b,3,3,3318081c-2bbd-4dd0-974b-acdd89c01216,3412be43-641f-4df9-a2d3-bc24946e4640,2019-11-19 22:50:55.190738,2019-11-19 22:54:19.037309,203.846571,Evidence Specialist,T1.Q8,"How likely is your alternative explanation for the same evidence, as compared to the author’s explanation?",T1.Q8.A3,Equally likely,2652c44f-77b0-4791-a42e-0d2bf7c35e45,9e3b0734-e286-4a28-9ee3-a577ef5bcaa6,Equally likely,0,0,[]
EvidenceSpecialist_2019_08_04,c0214f290c8f381a5f02b9fcb221ff897c903c4646af9fa73577f092c303926f,f8c05253-e7d4-420f-8728-5dc0869855ff,https://pe.goodlylabs.org/project/NYU_Evidence/task/2579,05b31292-9f3c-410a-8500-d11fc7c2bf98,NYU_Articles/Day4/ShooterCommitsSuicideAfterBeing.txt,100043,ShooterCommitsSuicideAfterBeing.txt,d1a27dc55d4704fbbb9ede3958d88ee37f118049cc6e19fc242d49f7d3d0cf5d,1269,f83472d9-e3b6-48f1-95e4-4b2adc56247b,3,3,3318081c-2bbd-4dd0-974b-acdd89c01216,3412be43-641f-4df9-a2d3-bc24946e4640,2019-11-19 22:50:55.190738,2019-11-19 22:54:19.037309,203.846571,Evidence Specialist,T1.Q9,Is data presented as evidence for a pattern (e.g. A relationship between two variables)?,T1.Q9.A3,No,f9e30dd9-2c13-421d-91d3-13ef6e843c72,d5ca42c7-db94-41ab-899e-dbbf4e5fc998,No,0,0,[]
EvidenceSpecialist_2019_08_04,c0214f290c8f381a5f02b9fcb221ff897c903c4646af9fa73577f092c303926f,f8c05253-e7d4-420f-8728-5dc0869855ff,https://pe.goodlylabs.org/project/NYU_Evidence/task/2579,05b31292-9f3c-410a-8500-d11fc7c2bf98,NYU_Articles/Day4/ShooterCommitsSuicideAfterBeing.txt,100043,ShooterCommitsSuicideAfterBeing.txt,d1a27dc55d4704fbbb9ede3958d88ee37f118049cc6e19fc242d49f7d3d0cf5d,1269,f83472d9-e3b6-48f1-95e4-4b2adc56247b,3,3,3318081c-2bbd-4dd0-974b-acdd89c01216,3412be43-641f-4df9-a2d3-bc24946e4640,2019-11-19 22:50:55.190738,2019-11-19 22:54:19.037309,203.846571,Evidence Specialist,T1.Q12,Does the author suggest in any way that further evidence might improve our understanding of the topic?,T1.Q12.A4,"No, not at all",83611ea8-cb5f-4b8f-883b-9bb5d313e9e9,f94ad3cb-eaf4-420f-9968-3b4a24f9b4ac,"No, not at all",0,0,[]
EvidenceSpecialist_2019_08_04,c0214f290c8f381a5f02b9fcb221ff897c903c4646af9fa73577f092c303926f,f8c05253-e7d4-420f-8728-5dc0869855ff,https://pe.goodlylabs.org/project/NYU_Evidence/task/2579,05b31292-9f3c-410a-8500-d11fc7c2bf98,NYU_Articles/Day4/ShooterCommitsSuicideAfterBeing.txt,100043,ShooterCommitsSuicideAfterBeing.txt,d1a27dc55d4704fbbb9ede3958d88ee37f118049cc6e19fc242d49f7d3d0cf5d,1269,f83472d9-e3b6-48f1-95e4-4b2adc56247b,3,3,3318081c-2bbd-4dd0-974b-acdd89c01216,3412be43-641f-4df9-a2d3-bc24946e4640,2019-11-19 22:50:55.190738,2019-11-19 22:54:19.037309,203.846571,Evidence Specialist,T1.Q13,"How difficult was this task for you, on the whole?",T1.Q13.A5,5: Middling difficulty,9da6b1d7-d48d-4098-831d-8e1f91cd2f7a,979edac3-e3ad-411d-9ab7-f8267ffb3678,5: Middling difficulty,0,0,[]
EvidenceSpecialist_2019_08_04,c0214f290c8f381a5f02b9fcb221ff897c903c4646af9fa73577f092c303926f,f8c05253-e7d4-420f-8728-5dc0869855ff,https://pe.goodlylabs.org/project/NYU_Evidence/task/2579,05b31292-9f3c-410a-8500-d11fc7c2bf98,NYU_Articles/Day4/ShooterCommitsSuicideAfterBeing.txt,100043,ShooterCommitsSuicideAfterBeing.txt,d1a27dc55d4704fbbb9ede3958d88ee37f118049cc6e19fc242d49f7d3d0cf5d,1269,f83472d9-e3b6-48f1-95e4-4b2adc56247b,3,3,3318081c-2bbd-4dd0-974b-acdd89c01216,3412be43-641f-4df9-a2d3-bc24946e4640,2019-11-19 22:50:55.190738,2019-11-19 22:54:19.037309,203.846571,Evidence Specialist,T1.Q14,"How confident are you about your answers, on the whole?",T1.Q14.A8,8,31a8de9b-8208-4738-84e9-78b80de94755,7d6d9099-c507-42c6-8530-85c3687a2dec,8,0,0,[]
EvidenceSpecialist_2019_08_04,c0214f290c8f381a5f02b9fcb221ff897c903c4646af9fa73577f092c303926f,be3d77ab-978a-4f47-944c-1c3d08d2dd4e,https://pe.goodlylabs.org/project/NYU_Evidence/task/2626,86ff9189-131b-4df0-8ac0-ecb492f7138b,NYU_Articles/Day5/PoundslostdoesntmeanFAT.txt,100047,PoundslostdoesntmeanFAT.txt,bc5e5c03288f88718cc4461277e3e5e58741dfd97b8281ae511949f4551c26f1,3700,d922f22c-b6b9-401c-8511-9dc254b78121,3,4,d4368564-4ac3-4ac5-bf4f-3c09dd33d1b3,ad9e9ff6-b175-4aa0-a5f9-6d6df546a0da,2019-11-21 20:45:27.388689,2019-11-21 20:50:33.371923,305.983234,Evidence Specialist,T1.Q1,Is a general or singular causal claim made? Highlight the section(s) that supports your answer.,T1.Q1.A3,No causal claim made,43deba4a-8963-4910-8ab0-e2a76b258c70,5f66270c-6bef-4db5-ac29-9581c8e83012,No causal claim made,1,1,"[{""case_number"": 1, ""text"": "" "", ""answer_id"": 4232, ""end"": 894, ""start"": 893}]"
EvidenceSpecialist_2019_08_04,c0214f290c8f381a5f02b9fcb221ff897c903c4646af9fa73577f092c303926f,be3d77ab-978a-4f47-944c-1c3d08d2dd4e,https://pe.goodlylabs.org/project/NYU_Evidence/task/2626,86ff9189-131b-4df0-8ac0-ecb492f7138b,NYU_Articles/Day5/PoundslostdoesntmeanFAT.txt,100047,PoundslostdoesntmeanFAT.txt,bc5e5c03288f88718cc4461277e3e5e58741dfd97b8281ae511949f4551c26f1,3700,d922f22c-b6b9-401c-8511-9dc254b78121,3,4,d4368564-4ac3-4ac5-bf4f-3c09dd33d1b3,ad9e9ff6-b175-4aa0-a5f9-6d6df546a0da,2019-11-21 20:45:27.388689,2019-11-21 20:50:33.371923,305.983234,Evidence Specialist,T1.Q9,Is data presented as evidence for a pattern (e.g. A relationship between two variables)?,T1.Q9.A2,Maybe,d40b44d8-8cf5-446d-a07e-7f32992e9442,b3d71bdf-2088-4381-8ed4-bc4c6c62edbc,Maybe,2,1,"[{""case_number"": 2, ""text"": ""Del Coso Garrigos explained that highly trained athletes burn up to 0.75 g of body fat during every minute of a moderately intensive workout"", ""answer_id"": 4264, ""end"": 977, ""start"": 837}]"
EvidenceSpecialist_2019_08_04,c0214f290c8f381a5f02b9fcb221ff897c903c4646af9fa73577f092c303926f,be3d77ab-978a-4f47-944c-1c3d08d2dd4e,https://pe.goodlylabs.org/project/NYU_Evidence/task/2626,86ff9189-131b-4df0-8ac0-ecb492f7138b,NYU_Articles/Day5/PoundslostdoesntmeanFAT.txt,100047,PoundslostdoesntmeanFAT.txt,bc5e5c03288f88718cc4461277e3e5e58741dfd97b8281ae511949f4551c26f1,3700,d922f22c-b6b9-401c-8511-9dc254b78121,3,4,d4368564-4ac3-4ac5-bf4f-3c09dd33d1b3,ad9e9ff6-b175-4aa0-a5f9-6d6df546a0da,2019-11-21 20:45:27.388689,2019-11-21 20:50:33.371923,305.983234,Evidence Specialist,T1.Q10,"Given the information you have, how likely is it that the apparent pattern is a result of random statistical variation or error (noise)?",T1.Q10.A4,Somewhat Unlikely,f7ea2344-63a8-47d3-97ef-b494ed50d7ab,db934190-0758-4d78-8f27-6857da340422,Somewhat Unlikely,0,0,[]
EvidenceSpecialist_2019_08_04,c0214f290c8f381a5f02b9fcb221ff897c903c4646af9fa73577f092c303926f,be3d77ab-978a-4f47-944c-1c3d08d2dd4e,https://pe.goodlylabs.org/project/NYU_Evidence/task/2626,86ff9189-131b-4df0-8ac0-ecb492f7138b,NYU_Articles/Day5/PoundslostdoesntmeanFAT.txt,100047,PoundslostdoesntmeanFAT.txt,bc5e5c03288f88718cc4461277e3e5e58741dfd97b8281ae511949f4551c26f1,3700,d922f22c-b6b9-401c-8511-9dc254b78121,3,4,d4368564-4ac3-4ac5-bf4f-3c09dd33d1b3,ad9e9ff6-b175-4aa0-a5f9-6d6df546a0da,2019-11-21 20:45:27.388689,2019-11-21 20:50:33.371923,305.983234,Evidence Specialist,T1.Q11,"Given the information you have, how likely is it that the apparent pattern is a result of some systematic error (a systematic bias in the study that could not be cancelled out by collecting more data)?",T1.Q11.A2,Somewhat Likely,a4b46db5-be07-4257-bc5f-3dd6246fb449,996002bd-d43a-4c67-adc8-4fab3ea1c84b,Somewhat Likely,0,0,[]
EvidenceSpecialist_2019_08_04,c0214f290c8f381a5f02b9fcb221ff897c903c4646af9fa73577f092c303926f,be3d77ab-978a-4f47-944c-1c3d08d2dd4e,https://pe.goodlylabs.org/project/NYU_Evidence/task/2626,86ff9189-131b-4df0-8ac0-ecb492f7138b,NYU_Articles/Day5/PoundslostdoesntmeanFAT.txt,100047,PoundslostdoesntmeanFAT.txt,bc5e5c03288f88718cc4461277e3e5e58741dfd97b8281ae511949f4551c26f1,3700,d922f22c-b6b9-401c-8511-9dc254b78121,3,4,d4368564-4ac3-4ac5-bf4f-3c09dd33d1b3,ad9e9ff6-b175-4aa0-a5f9-6d6df546a0da,2019-11-21 20:45:27.388689,2019-11-21 20:50:33.371923,305.983234,Evidence Specialist,T1.Q12,Does the author suggest in any way that further evidence might improve our understanding of the topic?,T1.Q12.A4,"No, not at all",83611ea8-cb5f-4b8f-883b-9bb5d313e9e9,2b7a1b3e-275e-4212-8063-deef8fdd29ad,"No, not at all",0,0,[]
EvidenceSpecialist_2019_08_04,c0214f290c8f381a5f02b9fcb221ff897c903c4646af9fa73577f092c303926f,be3d77ab-978a-4f47-944c-1c3d08d2dd4e,https://pe.goodlylabs.org/project/NYU_Evidence/task/2626,86ff9189-131b-4df0-8ac0-ecb492f7138b,NYU_Articles/Day5/PoundslostdoesntmeanFAT.txt,100047,PoundslostdoesntmeanFAT.txt,bc5e5c03288f88718cc4461277e3e5e58741dfd97b8281ae511949f4551c26f1,3700,d922f22c-b6b9-401c-8511-9dc254b78121,3,4,d4368564-4ac3-4ac5-bf4f-3c09dd33d1b3,ad9e9ff6-b175-4aa0-a5f9-6d6df546a0da,2019-11-21 20:45:27.388689,2019-11-21 20:50:33.371923,305.983234,Evidence Specialist,T1.Q13,"How difficult was this task for you, on the whole?",T1.Q13.A2,2,644438b1-4f69-44a5-a42f-349ca06ee1e7,952047bd-7260-4d9e-8a7b-8fcfb180ca4e,2,0,0,[]
EvidenceSpecialist_2019_08_04,c0214f290c8f381a5f02b9fcb221ff897c903c4646af9fa73577f092c303926f,be3d77ab-978a-4f47-944c-1c3d08d2dd4e,https://pe.goodlylabs.org/project/NYU_Evidence/task/2626,86ff9189-131b-4df0-8ac0-ecb492f7138b,NYU_Articles/Day5/PoundslostdoesntmeanFAT.txt,100047,PoundslostdoesntmeanFAT.txt,bc5e5c03288f88718cc4461277e3e5e58741dfd97b8281ae511949f4551c26f1,3700,d922f22c-b6b9-401c-8511-9dc254b78121,3,4,d4368564-4ac3-4ac5-bf4f-3c09dd33d1b3,ad9e9ff6-b175-4aa0-a5f9-6d6df546a0da,2019-11-21 20:45:27.388689,2019-11-21 20:50:33.371923,305.983234,Evidence Specialist,T1.Q14,"How confident are you about your answers, on the whole?",T1.Q14.A8,8,31a8de9b-8208-4738-84e9-78b80de94755,c3a3f70d-428d-442a-aa98-783d03b1d214,8,0,0,[]
EvidenceSpecialist_2019_08_04,c0214f290c8f381a5f02b9fcb221ff897c903c4646af9fa73577f092c303926f,be3d77ab-978a-4f47-944c-1c3d08d2dd4e,https://pe.goodlylabs.org/project/NYU_Evidence/task/2626,86ff9189-131b-4df0-8ac0-ecb492f7138b,NYU_Articles/Day5/PoundslostdoesntmeanFAT.txt,100047,PoundslostdoesntmeanFAT.txt,bc5e5c03288f88718cc4461277e3e5e58741dfd97b8281ae511949f4551c26f1,3700,d922f22c-b6b9-401c-8511-9dc254b78121,3,4,c503c1c1-1e85-4496-ad71-4cbe1026cabd,6a76c935-dac8-40f8-88b1-97cf893331ad,2019-11-21 20:48:43.254649,2019-11-21 20:52:31.026648,227.771999,Evidence Specialist,T1.Q1,Is a general or singular causal claim made? Highlight the section(s) that supports your answer.,T1.Q1.A3,No causal claim made,43deba4a-8963-4910-8ab0-e2a76b258c70,68d6c329-c494-4615-a887-7f52444a1c19,No causal claim made,1,1,"[{""case_number"": 1, ""text"": ""."", ""answer_id"": 4232, ""end"": 835, ""start"": 834}]"
EvidenceSpecialist_2019_08_04,c0214f290c8f381a5f02b9fcb221ff897c903c4646af9fa73577f092c303926f,be3d77ab-978a-4f47-944c-1c3d08d2dd4e,https://pe.goodlylabs.org/project/NYU_Evidence/task/2626,86ff9189-131b-4df0-8ac0-ecb492f7138b,NYU_Articles/Day5/PoundslostdoesntmeanFAT.txt,100047,PoundslostdoesntmeanFAT.txt,bc5e5c03288f88718cc4461277e3e5e58741dfd97b8281ae511949f4551c26f1,3700,d922f22c-b6b9-401c-8511-9dc254b78121,3,4,c503c1c1-1e85-4496-ad71-4cbe1026cabd,6a76c935-dac8-40f8-88b1-97cf893331ad,2019-11-21 20:48:43.254649,2019-11-21 20:52:31.026648,227.771999,Evidence Specialist,T1.Q9,Is data presented as evidence for a pattern (e.g. A relationship between two variables)?,T1.Q9.A3,No,f9e30dd9-2c13-421d-91d3-13ef6e843c72,e964a67c-63fa-49e9-8d79-ec86acecb5db,No,0,0,[]
EvidenceSpecialist_2019_08_04,c0214f290c8f381a5f02b9fcb221ff897c903c4646af9fa73577f092c303926f,be3d77ab-978a-4f47-944c-1c3d08d2dd4e,https://pe.goodlylabs.org/project/NYU_Evidence/task/2626,86ff9189-131b-4df0-8ac0-ecb492f7138b,NYU_Articles/Day5/PoundslostdoesntmeanFAT.txt,100047,PoundslostdoesntmeanFAT.txt,bc5e5c03288f88718cc4461277e3e5e58741dfd97b8281ae511949f4551c26f1,3700,d922f22c-b6b9-401c-8511-9dc254b78121,3,4,c503c1c1-1e85-4496-ad71-4cbe1026cabd,6a76c935-dac8-40f8-88b1-97cf893331ad,2019-11-21 20:48:43.254649,2019-11-21 20:52:31.026648,227.771999,Evidence Specialist,T1.Q12,Does the author suggest in any way that further evidence might improve our understanding of the topic?,T1.Q12.A4,"No, not at all",83611ea8-cb5f-4b8f-883b-9bb5d313e9e9,93298f2e-9bd6-4263-96bb-9b6017e424dd,"No, not at all",0,0,[]
EvidenceSpecialist_2019_08_04,c0214f290c8f381a5f02b9fcb221ff897c903c4646af9fa73577f092c303926f,be3d77ab-978a-4f47-944c-1c3d08d2dd4e,https://pe.goodlylabs.org/project/NYU_Evidence/task/2626,86ff9189-131b-4df0-8ac0-ecb492f7138b,NYU_Articles/Day5/PoundslostdoesntmeanFAT.txt,100047,PoundslostdoesntmeanFAT.txt,bc5e5c03288f88718cc4461277e3e5e58741dfd97b8281ae511949f4551c26f1,3700,d922f22c-b6b9-401c-8511-9dc254b78121,3,4,c503c1c1-1e85-4496-ad71-4cbe1026cabd,6a76c935-dac8-40f8-88b1-97cf893331ad,2019-11-21 20:48:43.254649,2019-11-21 20:52:31.026648,227.771999,Evidence Specialist,T1.Q13,"How difficult was this task for you, on the whole?",T1.Q13.A2,2,644438b1-4f69-44a5-a42f-349ca06ee1e7,50c12d96-934f-48b1-878a-5ec40f9dd05d,2,0,0,[]
EvidenceSpecialist_2019_08_04,c0214f290c8f381a5f02b9fcb221ff897c903c4646af9fa73577f092c303926f,be3d77ab-978a-4f47-944c-1c3d08d2dd4e,https://pe.goodlylabs.org/project/NYU_Evidence/task/2626,86ff9189-131b-4df0-8ac0-ecb492f7138b,NYU_Articles/Day5/PoundslostdoesntmeanFAT.txt,100047,PoundslostdoesntmeanFAT.txt,bc5e5c03288f88718cc4461277e3e5e58741dfd97b8281ae511949f4551c26f1,3700,d922f22c-b6b9-401c-8511-9dc254b78121,3,4,c503c1c1-1e85-4496-ad71-4cbe1026cabd,6a76c935-dac8-40f8-88b1-97cf893331ad,2019-11-21 20:48:43.254649,2019-11-21 20:52:31.026648,227.771999,Evidence Specialist,T1.Q14,"How confident are you about your answers, on the whole?",T1.Q14.A7,7,088039fa-3628-4476-8777-062576ce3572,8bc8eaa0-7b23-4f41-8358-6bb17ca266ab,7,0,0,[]
EvidenceSpecialist_2019_08_04,c0214f290c8f381a5f02b9fcb221ff897c903c4646af9fa73577f092c303926f,be3d77ab-978a-4f47-944c-1c3d08d2dd4e,https://pe.goodlylabs.org/project/NYU_Evidence/task/2626,86ff9189-131b-4df0-8ac0-ecb492f7138b,NYU_Articles/Day5/PoundslostdoesntmeanFAT.txt,100047,PoundslostdoesntmeanFAT.txt,bc5e5c03288f88718cc4461277e3e5e58741dfd97b8281ae511949f4551c26f1,3700,d922f22c-b6b9-401c-8511-9dc254b78121,3,4,71cbeabd-a94e-44a9-9145-8eb2d6bc0c28,6a76c935-dac8-40f8-88b1-97cf893331ad,2019-11-21 20:52:30.972418,2019-11-21 20:52:31.031275,0.058857,Evidence Specialist,T1.Q1,Is a general or singular causal claim made? Highlight the section(s) that supports your answer.,T1.Q1.A3,No causal claim made,43deba4a-8963-4910-8ab0-e2a76b258c70,06725159-4a7e-425f-9d77-0d9127118f7e,No causal claim made,1,1,"[{""case_number"": 1, ""text"": ""."", ""answer_id"": 4232, ""end"": 835, ""start"": 834}]"
EvidenceSpecialist_2019_08_04,c0214f290c8f381a5f02b9fcb221ff897c903c4646af9fa73577f092c303926f,be3d77ab-978a-4f47-944c-1c3d08d2dd4e,https://pe.goodlylabs.org/project/NYU_Evidence/task/2626,86ff9189-131b-4df0-8ac0-ecb492f7138b,NYU_Articles/Day5/PoundslostdoesntmeanFAT.txt,100047,PoundslostdoesntmeanFAT.txt,bc5e5c03288f88718cc4461277e3e5e58741dfd97b8281ae511949f4551c26f1,3700,d922f22c-b6b9-401c-8511-9dc254b78121,3,4,71cbeabd-a94e-44a9-9145-8eb2d6bc0c28,6a76c935-dac8-40f8-88b1-97cf893331ad,2019-11-21 20:52:30.972418,2019-11-21 20:52:31.031275,0.058857,Evidence Specialist,T1.Q9,Is data presented as evidence for a pattern (e.g. A relationship between two variables)?,T1.Q9.A3,No,f9e30dd9-2c13-421d-91d3-13ef6e843c72,b244507a-853e-40c0-9c38-040421fb5b64,No,0,0,[]
EvidenceSpecialist_2019_08_04,c0214f290c8f381a5f02b9fcb221ff897c903c4646af9fa73577f092c303926f,be3d77ab-978a-4f47-944c-1c3d08d2dd4e,https://pe.goodlylabs.org/project/NYU_Evidence/task/2626,86ff9189-131b-4df0-8ac0-ecb492f7138b,NYU_Articles/Day5/PoundslostdoesntmeanFAT.txt,100047,PoundslostdoesntmeanFAT.txt,bc5e5c03288f88718cc4461277e3e5e58741dfd97b8281ae511949f4551c26f1,3700,d922f22c-b6b9-401c-8511-9dc254b78121,3,4,71cbeabd-a94e-44a9-9145-8eb2d6bc0c28,6a76c935-dac8-40f8-88b1-97cf893331ad,2019-11-21 20:52:30.972418,2019-11-21 20:52:31.031275,0.058857,Evidence Specialist,T1.Q12,Does the author suggest in any way that further evidence might improve our understanding of the topic?,T1.Q12.A4,"No, not at all",83611ea8-cb5f-4b8f-883b-9bb5d313e9e9,37806bca-aa3f-499f-9609-39a626e2e481,"No, not at all",0,0,[]
EvidenceSpecialist_2019_08_04,c0214f290c8f381a5f02b9fcb221ff897c903c4646af9fa73577f092c303926f,be3d77ab-978a-4f47-944c-1c3d08d2dd4e,https://pe.goodlylabs.org/project/NYU_Evidence/task/2626,86ff9189-131b-4df0-8ac0-ecb492f7138b,NYU_Articles/Day5/PoundslostdoesntmeanFAT.txt,100047,PoundslostdoesntmeanFAT.txt,bc5e5c03288f88718cc4461277e3e5e58741dfd97b8281ae511949f4551c26f1,3700,d922f22c-b6b9-401c-8511-9dc254b78121,3,4,71cbeabd-a94e-44a9-9145-8eb2d6bc0c28,6a76c935-dac8-40f8-88b1-97cf893331ad,2019-11-21 20:52:30.972418,2019-11-21 20:52:31.031275,0.058857,Evidence Specialist,T1.Q13,"How difficult was this task for you, on the whole?",T1.Q13.A2,2,644438b1-4f69-44a5-a42f-349ca06ee1e7,cb07ddf0-0e99-4ada-831c-7629280cc7ef,2,0,0,[]
EvidenceSpecialist_2019_08_04,c0214f290c8f381a5f02b9fcb221ff897c903c4646af9fa73577f092c303926f,be3d77ab-978a-4f47-944c-1c3d08d2dd4e,https://pe.goodlylabs.org/project/NYU_Evidence/task/2626,86ff9189-131b-4df0-8ac0-ecb492f7138b,NYU_Articles/Day5/PoundslostdoesntmeanFAT.txt,100047,PoundslostdoesntmeanFAT.txt,bc5e5c03288f88718cc4461277e3e5e58741dfd97b8281ae511949f4551c26f1,3700,d922f22c-b6b9-401c-8511-9dc254b78121,3,4,71cbeabd-a94e-44a9-9145-8eb2d6bc0c28,6a76c935-dac8-40f8-88b1-97cf893331ad,2019-11-21 20:52:30.972418,2019-11-21 20:52:31.031275,0.058857,Evidence Specialist,T1.Q14,"How confident are you about your answers, on the whole?",T1.Q14.A7,7,088039fa-3628-4476-8777-062576ce3572,90a41ed4-b9e1-4342-924e-9ca3672db40d,7,0,0,[]
EvidenceSpecialist_2019_08_04,c0214f290c8f381a5f02b9fcb221ff897c903c4646af9fa73577f092c303926f,be3d77ab-978a-4f47-944c-1c3d08d2dd4e,https://pe.goodlylabs.org/project/NYU_Evidence/task/2626,86ff9189-131b-4df0-8ac0-ecb492f7138b,NYU_Articles/Day5/PoundslostdoesntmeanFAT.txt,100047,PoundslostdoesntmeanFAT.txt,bc5e5c03288f88718cc4461277e3e5e58741dfd97b8281ae511949f4551c26f1,3700,d922f22c-b6b9-401c-8511-9dc254b78121,3,4,ce4a967b-912b-4d2a-91ba-8f4b96feea4f,782cf148-ffac-43f1-99aa-27a9d64b5212,2019-11-21 20:53:37.674628,2019-11-21 22:26:47.524637,5589.850009,Evidence Specialist,T1.Q1,Is a general or singular causal claim made? Highlight the section(s) that supports your answer.,T1.Q1.A3,No causal claim made,43deba4a-8963-4910-8ab0-e2a76b258c70,ca6d6ac6-6e90-47b8-a535-29ba59b2bfda,No causal claim made,1,1,"[{""case_number"": 1, ""text"": ""researchers evaluated the amount of body fat that got burned during a physical exercise session"", ""answer_id"": 4232, ""end"": 728, ""start"": 633}]"
EvidenceSpecialist_2019_08_04,c0214f290c8f381a5f02b9fcb221ff897c903c4646af9fa73577f092c303926f,be3d77ab-978a-4f47-944c-1c3d08d2dd4e,https://pe.goodlylabs.org/project/NYU_Evidence/task/2626,86ff9189-131b-4df0-8ac0-ecb492f7138b,NYU_Articles/Day5/PoundslostdoesntmeanFAT.txt,100047,PoundslostdoesntmeanFAT.txt,bc5e5c03288f88718cc4461277e3e5e58741dfd97b8281ae511949f4551c26f1,3700,d922f22c-b6b9-401c-8511-9dc254b78121,3,4,ce4a967b-912b-4d2a-91ba-8f4b96feea4f,782cf148-ffac-43f1-99aa-27a9d64b5212,2019-11-21 20:53:37.674628,2019-11-21 22:26:47.524637,5589.850009,Evidence Specialist,T1.Q1,Is a general or singular causal claim made? Highlight the section(s) that supports your answer.,T1.Q1.A1,"General Causation (In general, X causes Y.)",1001814f-3d89-4e1f-8c1e-e712a4999c51,c8e14909-8171-4968-9856-653d8b3c1680,"General Causation (In general, X causes Y.)",1,2,"[{""case_number"": 1, ""text"": ""So an hour\u2019s worth of moderate exercise would only get rid of 30 g of body fat"", ""answer_id"": 4230, ""end"": 1217, ""start"": 1139}, {""case_number"": 1, ""text"": ""highly trained athletes burn up to 0.75 g of body fat during every minute of a moderately intensive workout session"", ""answer_id"": 4230, ""end"": 985, ""start"": 870}]"
EvidenceSpecialist_2019_08_04,c0214f290c8f381a5f02b9fcb221ff897c903c4646af9fa73577f092c303926f,be3d77ab-978a-4f47-944c-1c3d08d2dd4e,https://pe.goodlylabs.org/project/NYU_Evidence/task/2626,86ff9189-131b-4df0-8ac0-ecb492f7138b,NYU_Articles/Day5/PoundslostdoesntmeanFAT.txt,100047,PoundslostdoesntmeanFAT.txt,bc5e5c03288f88718cc4461277e3e5e58741dfd97b8281ae511949f4551c26f1,3700,d922f22c-b6b9-401c-8511-9dc254b78121,3,4,ce4a967b-912b-4d2a-91ba-8f4b96feea4f,782cf148-ffac-43f1-99aa-27a9d64b5212,2019-11-21 20:53:37.674628,2019-11-21 22:26:47.524637,5589.850009,Evidence Specialist,T1.Q2,What evidence is given for the primary causal claim? Select all that apply.,T1.Q2.A4,A plausible mechanism is proposed,1dc630d6-b642-4b88-a197-90212cf5bd64,38703a9b-506a-42b0-b6d3-1b844ed65f91,A plausible mechanism is proposed,1,2,"[{""case_number"": 1, ""text"": ""So an hour\u2019s worth of moderate exercise would only get rid of 30 g of body fat"", ""answer_id"": 4236, ""end"": 1217, ""start"": 1139}, {""case_number"": 1, ""text"": ""highly trained athletes burn up to 0.75 g of body fat during every minute of a moderately intensive workout session"", ""answer_id"": 4236, ""end"": 985, ""start"": 870}]"
EvidenceSpecialist_2019_08_04,c0214f290c8f381a5f02b9fcb221ff897c903c4646af9fa73577f092c303926f,be3d77ab-978a-4f47-944c-1c3d08d2dd4e,https://pe.goodlylabs.org/project/NYU_Evidence/task/2626,86ff9189-131b-4df0-8ac0-ecb492f7138b,NYU_Articles/Day5/PoundslostdoesntmeanFAT.txt,100047,PoundslostdoesntmeanFAT.txt,bc5e5c03288f88718cc4461277e3e5e58741dfd97b8281ae511949f4551c26f1,3700,d922f22c-b6b9-401c-8511-9dc254b78121,3,4,ce4a967b-912b-4d2a-91ba-8f4b96feea4f,782cf148-ffac-43f1-99aa-27a9d64b5212,2019-11-21 20:53:37.674628,2019-11-21 22:26:47.524637,5589.850009,Evidence Specialist,T1.Q2,What evidence is given for the primary causal claim? Select all that apply.,T1.Q2.A7,Experts are cited,e9bfd507-ec14-44f9-9c07-08e90523203a,7431133a-0c40-435c-a0ec-b1cbe59ecaba,Experts are cited,1,2,"[{""case_number"": 1, ""text"": ""highly trained athletes burn up to 0.75 g of body fat during every minute of a moderately intensive workout session"", ""answer_id"": 4239, ""end"": 985, ""start"": 870}, {""case_number"": 1, ""text"": ""So an hour\u2019s worth of moderate exercise would only get rid of 30 g of body fat"", ""answer_id"": 4239, ""end"": 1217, ""start"": 1139}]"
EvidenceSpecialist_2019_08_04,c0214f290c8f381a5f02b9fcb221ff897c903c4646af9fa73577f092c303926f,be3d77ab-978a-4f47-944c-1c3d08d2dd4e,https://pe.goodlylabs.org/project/NYU_Evidence/task/2626,86ff9189-131b-4df0-8ac0-ecb492f7138b,NYU_Articles/Day5/PoundslostdoesntmeanFAT.txt,100047,PoundslostdoesntmeanFAT.txt,bc5e5c03288f88718cc4461277e3e5e58741dfd97b8281ae511949f4551c26f1,3700,d922f22c-b6b9-401c-8511-9dc254b78121,3,4,ce4a967b-912b-4d2a-91ba-8f4b96feea4f,782cf148-ffac-43f1-99aa-27a9d64b5212,2019-11-21 20:53:37.674628,2019-11-21 22:26:47.524637,5589.850009,Evidence Specialist,T1.Q7,What is the best alternative explanation you can think of that could lead to the same set of evidence?,T1.Q7.A1,placeholder answer for TEXT,787ea332-3c27-411f-9ef8-996415a64a39,e621b9fb-6a57-4653-a350-6efa758a681f,There is not yet an explanation made. The article simply gives out data.,0,0,[]
EvidenceSpecialist_2019_08_04,c0214f290c8f381a5f02b9fcb221ff897c903c4646af9fa73577f092c303926f,be3d77ab-978a-4f47-944c-1c3d08d2dd4e,https://pe.goodlylabs.org/project/NYU_Evidence/task/2626,86ff9189-131b-4df0-8ac0-ecb492f7138b,NYU_Articles/Day5/PoundslostdoesntmeanFAT.txt,100047,PoundslostdoesntmeanFAT.txt,bc5e5c03288f88718cc4461277e3e5e58741dfd97b8281ae511949f4551c26f1,3700,d922f22c-b6b9-401c-8511-9dc254b78121,3,4,ce4a967b-912b-4d2a-91ba-8f4b96feea4f,782cf148-ffac-43f1-99aa-27a9d64b5212,2019-11-21 20:53:37.674628,2019-11-21 22:26:47.524637,5589.850009,Evidence Specialist,T1.Q8,"How likely is your alternative explanation for the same evidence, as compared to the author’s explanation?",T1.Q8.A3,Equally likely,2652c44f-77b0-4791-a42e-0d2bf7c35e45,9b33144f-8562-4dba-80f9-2149307f4171,Equally likely,0,0,[]
EvidenceSpecialist_2019_08_04,c0214f290c8f381a5f02b9fcb221ff897c903c4646af9fa73577f092c303926f,be3d77ab-978a-4f47-944c-1c3d08d2dd4e,https://pe.goodlylabs.org/project/NYU_Evidence/task/2626,86ff9189-131b-4df0-8ac0-ecb492f7138b,NYU_Articles/Day5/PoundslostdoesntmeanFAT.txt,100047,PoundslostdoesntmeanFAT.txt,bc5e5c03288f88718cc4461277e3e5e58741dfd97b8281ae511949f4551c26f1,3700,d922f22c-b6b9-401c-8511-9dc254b78121,3,4,ce4a967b-912b-4d2a-91ba-8f4b96feea4f,782cf148-ffac-43f1-99aa-27a9d64b5212,2019-11-21 20:53:37.674628,2019-11-21 22:26:47.524637,5589.850009,Evidence Specialist,T1.Q9,Is data presented as evidence for a pattern (e.g. A relationship between two variables)?,T1.Q9.A1,Yes,9cc94505-5998-4ed5-bde5-260b6e957497,3afa3aaf-1148-44bd-943a-1f71980cb70a,Yes,1,2,"[{""case_number"": 1, ""text"": ""highly trained athletes burn up to 0.75 g of body fat during every minute of a moderately intensive workout session"", ""answer_id"": 4263, ""end"": 985, ""start"": 870}, {""case_number"": 1, ""text"": ""So an hour\u2019s worth of moderate exercise would only get rid of 30 g of body fat"", ""answer_id"": 4263, ""end"": 1217, ""start"": 1139}]"
EvidenceSpecialist_2019_08_04,c0214f290c8f381a5f02b9fcb221ff897c903c4646af9fa73577f092c303926f,be3d77ab-978a-4f47-944c-1c3d08d2dd4e,https://pe.goodlylabs.org/project/NYU_Evidence/task/2626,86ff9189-131b-4df0-8ac0-ecb492f7138b,NYU_Articles/Day5/PoundslostdoesntmeanFAT.txt,100047,PoundslostdoesntmeanFAT.txt,bc5e5c03288f88718cc4461277e3e5e58741dfd97b8281ae511949f4551c26f1,3700,d922f22c-b6b9-401c-8511-9dc254b78121,3,4,ce4a967b-912b-4d2a-91ba-8f4b96feea4f,782cf148-ffac-43f1-99aa-27a9d64b5212,2019-11-21 20:53:37.674628,2019-11-21 22:26:47.524637,5589.850009,Evidence Specialist,T1.Q10,"Given the information you have, how likely is it that the apparent pattern is a result of random statistical variation or error (noise)?",T1.Q10.A5,Very Unlikely,2a6fd546-0916-4906-b9ee-c3b1c65e034c,80f2216c-156f-4221-bf40-fb61d6d5971c,Very Unlikely,0,0,[]
EvidenceSpecialist_2019_08_04,c0214f290c8f381a5f02b9fcb221ff897c903c4646af9fa73577f092c303926f,be3d77ab-978a-4f47-944c-1c3d08d2dd4e,https://pe.goodlylabs.org/project/NYU_Evidence/task/2626,86ff9189-131b-4df0-8ac0-ecb492f7138b,NYU_Articles/Day5/PoundslostdoesntmeanFAT.txt,100047,PoundslostdoesntmeanFAT.txt,bc5e5c03288f88718cc4461277e3e5e58741dfd97b8281ae511949f4551c26f1,3700,d922f22c-b6b9-401c-8511-9dc254b78121,3,4,ce4a967b-912b-4d2a-91ba-8f4b96feea4f,782cf148-ffac-43f1-99aa-27a9d64b5212,2019-11-21 20:53:37.674628,2019-11-21 22:26:47.524637,5589.850009,Evidence Specialist,T1.Q11,"Given the information you have, how likely is it that the apparent pattern is a result of some systematic error (a systematic bias in the study that could not be cancelled out by collecting more data)?",T1.Q11.A5,Very Unlikely,7d0efae4-3b63-43f2-ab81-91e214c4996f,ba3f1fa1-acfe-4053-a343-5b160a085403,Very Unlikely,0,0,[]
EvidenceSpecialist_2019_08_04,c0214f290c8f381a5f02b9fcb221ff897c903c4646af9fa73577f092c303926f,be3d77ab-978a-4f47-944c-1c3d08d2dd4e,https://pe.goodlylabs.org/project/NYU_Evidence/task/2626,86ff9189-131b-4df0-8ac0-ecb492f7138b,NYU_Articles/Day5/PoundslostdoesntmeanFAT.txt,100047,PoundslostdoesntmeanFAT.txt,bc5e5c03288f88718cc4461277e3e5e58741dfd97b8281ae511949f4551c26f1,3700,d922f22c-b6b9-401c-8511-9dc254b78121,3,4,ce4a967b-912b-4d2a-91ba-8f4b96feea4f,782cf148-ffac-43f1-99aa-27a9d64b5212,2019-11-21 20:53:37.674628,2019-11-21 22:26:47.524637,5589.850009,Evidence Specialist,T1.Q12,Does the author suggest in any way that further evidence might improve our understanding of the topic?,T1.Q12.A3,I can't tell,82bd2026-9c63-4ee9-8d28-5811281407f2,7bdc2a6e-e803-457c-92a5-b120181dc6b5,I can't tell,0,0,[]
EvidenceSpecialist_2019_08_04,c0214f290c8f381a5f02b9fcb221ff897c903c4646af9fa73577f092c303926f,be3d77ab-978a-4f47-944c-1c3d08d2dd4e,https://pe.goodlylabs.org/project/NYU_Evidence/task/2626,86ff9189-131b-4df0-8ac0-ecb492f7138b,NYU_Articles/Day5/PoundslostdoesntmeanFAT.txt,100047,PoundslostdoesntmeanFAT.txt,bc5e5c03288f88718cc4461277e3e5e58741dfd97b8281ae511949f4551c26f1,3700,d922f22c-b6b9-401c-8511-9dc254b78121,3,4,ce4a967b-912b-4d2a-91ba-8f4b96feea4f,782cf148-ffac-43f1-99aa-27a9d64b5212,2019-11-21 20:53:37.674628,2019-11-21 22:26:47.524637,5589.850009,Evidence Specialist,T1.Q13,"How difficult was this task for you, on the whole?",T1.Q13.A9,9,55918c31-6a42-4a05-9d61-206fa1fa0eec,563dd5cc-b097-4c6a-a465-f7ca514c8a94,9,0,0,[]
EvidenceSpecialist_2019_08_04,c0214f290c8f381a5f02b9fcb221ff897c903c4646af9fa73577f092c303926f,be3d77ab-978a-4f47-944c-1c3d08d2dd4e,https://pe.goodlylabs.org/project/NYU_Evidence/task/2626,86ff9189-131b-4df0-8ac0-ecb492f7138b,NYU_Articles/Day5/PoundslostdoesntmeanFAT.txt,100047,PoundslostdoesntmeanFAT.txt,bc5e5c03288f88718cc4461277e3e5e58741dfd97b8281ae511949f4551c26f1,3700,d922f22c-b6b9-401c-8511-9dc254b78121,3,4,ce4a967b-912b-4d2a-91ba-8f4b96feea4f,782cf148-ffac-43f1-99aa-27a9d64b5212,2019-11-21 20:53:37.674628,2019-11-21 22:26:47.524637,5589.850009,Evidence Specialist,T1.Q14,"How confident are you about your answers, on the whole?",T1.Q14.A3,3,5a4c14c5-0a69-4c62-ac78-ab95bd3c99ce,19ad4f5f-b75c-4387-9ebf-fe471e939d14,3,0,0,[]
