schema_namespace,schema_sha256,quiz_task_uuid,task_url,taskrun_count,redundancy,article_batch_name,article_number,article_filename,article_sha256,quiz_taskrun_uuid,contributor_uuid,created,finish_time,elapsed_seconds,final_queue,T1.Q1.A1,T1.Q1.A2,T1.Q1.A3,T1.Q2.A1,T1.Q2.A2,T1.Q2.A3,T1.Q2.A4,T1.Q2.A5,T1.Q2.A6,T1.Q2.A7,T1.Q2.A8,T1.Q2.A9,T1.Q3,T1.Q4,T1.Q5,T1.Q6,T1.Q7,T1.Q8,T1.Q9,T1.Q10,T1.Q11,T1.Q12,T1.Q13,T1.Q14
EvidenceSpecialist_2019_08_04,c0214f290c8f381a5f02b9fcb221ff897c903c4646af9fa73577f092c303926f,f8c05253-e7d4-420f-8728-5dc0869855ff,https://pe.goodlylabs.org/project/NYU_Evidence/task/2579,3,3,NYU_Articles/Day4/ShooterCommitsSuicideAfterBeing.txt,100043,ShooterCommitsSuicideAfterBeing.txt,d1a27dc55d4704fbbb9ede3958d88ee37f118049cc6e19fc242d49f7d3d0cf5d,3318081c-2bbd-4dd0-974b-acdd89c01216,3412be43-641f-4df9-a2d3-bc24946e4640,2019-11-19 22:50:55.190738,2019-11-19 22:54:19.037309,203.846571,"T1.Q1, T1.Q2, T1.Q3, T1.Q7, T1.Q8, T1.Q9, T1.Q12, T1.Q13, T1.Q14",1,0,0,0,0,0,0,0,0,0,1,0,An assumed widely believed fact,,,,We could say it is acknowledged that...,Equally likely,No,,,"No, not at all",5: Middling difficulty,8
EvidenceSpecialist_2019_08_04,c0214f290c8f381a5f02b9fcb221ff897c903c4646af9fa73577f092c303926f,f8c05253-e7d4-420f-8728-5dc0869855ff,https://pe.goodlylabs.org/project/NYU_Evidence/task/2579,3,3,NYU_Articles/Day4/ShooterCommitsSuicideAfterBeing.txt,100043,ShooterCommitsSuicideAfterBeing.txt,d1a27dc55d4704fbbb9ede3958d88ee37f118049cc6e19fc242d49f7d3d0cf5d,1fe89c8a-69c2-46a0-8f50-14af5863b5bc,50b97722-8671-4131-8a54-409491b48a1e,2019-11-19 22:09:14.562989,2019-11-19 22:09:14.627837,0.064848,"T1.Q1, T1.Q9, T1.Q12, T1.Q13, T1.Q14",0,0,1,0,0,0,0,0,0,0,0,0,,,,,,,No,,,"Yes, explicitly",4,7
EvidenceSpecialist_2019_08_04,c0214f290c8f381a5f02b9fcb221ff897c903c4646af9fa73577f092c303926f,f8c05253-e7d4-420f-8728-5dc0869855ff,https://pe.goodlylabs.org/project/NYU_Evidence/task/2579,3,3,NYU_Articles/Day4/ShooterCommitsSuicideAfterBeing.txt,100043,ShooterCommitsSuicideAfterBeing.txt,d1a27dc55d4704fbbb9ede3958d88ee37f118049cc6e19fc242d49f7d3d0cf5d,db1dac27-db95-46a1-87f7-294b7d6ca2c5,50b97722-8671-4131-8a54-409491b48a1e,2019-11-19 22:00:08.627207,2019-11-19 22:09:14.570152,545.942945,"T1.Q1, T1.Q9, T1.Q12, T1.Q13, T1.Q14",0,0,1,0,0,0,0,0,0,0,0,0,,,,,,,No,,,"Yes, explicitly",4,7
EvidenceSpecialist_2019_08_04,c0214f290c8f381a5f02b9fcb221ff897c903c4646af9fa73577f092c303926f,be3d77ab-978a-4f47-944c-1c3d08d2dd4e,https://pe.goodlylabs.org/project/NYU_Evidence/task/2626,4,3,NYU_Articles/Day5/PoundslostdoesntmeanFAT.txt,100047,PoundslostdoesntmeanFAT.txt,bc5e5c03288f88718cc4461277e3e5e58741dfd97b8281ae511949f4551c26f1,ce4a967b-912b-4d2a-91ba-8f4b96feea4f,782cf148-ffac-43f1-99aa-27a9d64b5212,2019-11-21 20:53:37.674628,2019-11-21 22:26:47.524637,5589.850009,"T1.Q1, T1.Q2, T1.Q7, T1.Q8, T1.Q9, T1.Q10, T1.Q11, T1.Q12, T1.Q13, T1.Q14",1,0,1,0,0,0,1,0,0,1,0,0,,,,,There is not yet an explanation made. The article simply gives out data.,Equally likely,Yes,Very Unlikely,Very Unlikely,I can't tell,9,3
EvidenceSpecialist_2019_08_04,c0214f290c8f381a5f02b9fcb221ff897c903c4646af9fa73577f092c303926f,be3d77ab-978a-4f47-944c-1c3d08d2dd4e,https://pe.goodlylabs.org/project/NYU_Evidence/task/2626,4,3,NYU_Articles/Day5/PoundslostdoesntmeanFAT.txt,100047,PoundslostdoesntmeanFAT.txt,bc5e5c03288f88718cc4461277e3e5e58741dfd97b8281ae511949f4551c26f1,71cbeabd-a94e-44a9-9145-8eb2d6bc0c28,6a76c935-dac8-40f8-88b1-97cf893331ad,2019-11-21 20:52:30.972418,2019-11-21 20:52:31.031275,0.058857,"T1.Q1, T1.Q9, T1.Q12, T1.Q13, T1.Q14",0,0,1,0,0,0,0,0,0,0,0,0,,,,,,,No,,,"No, not at all",2,7
EvidenceSpecialist_2019_08_04,c0214f290c8f381a5f02b9fcb221ff897c903c4646af9fa73577f092c303926f,be3d77ab-978a-4f47-944c-1c3d08d2dd4e,https://pe.goodlylabs.org/project/NYU_Evidence/task/2626,4,3,NYU_Articles/Day5/PoundslostdoesntmeanFAT.txt,100047,PoundslostdoesntmeanFAT.txt,bc5e5c03288f88718cc4461277e3e5e58741dfd97b8281ae511949f4551c26f1,c503c1c1-1e85-4496-ad71-4cbe1026cabd,6a76c935-dac8-40f8-88b1-97cf893331ad,2019-11-21 20:48:43.254649,2019-11-21 20:52:31.026648,227.771999,"T1.Q1, T1.Q9, T1.Q12, T1.Q13, T1.Q14",0,0,1,0,0,0,0,0,0,0,0,0,,,,,,,No,,,"No, not at all",2,7
EvidenceSpecialist_2019_08_04,c0214f290c8f381a5f02b9fcb221ff897c903c4646af9fa73577f092c303926f,be3d77ab-978a-4f47-944c-1c3d08d2dd4e,https://pe.goodlylabs.org/project/NYU_Evidence/task/2626,4,3,NYU_Articles/Day5/PoundslostdoesntmeanFAT.txt,100047,PoundslostdoesntmeanFAT.txt,bc5e5c03288f88718cc4461277e3e5e58741dfd97b8281ae511949f4551c26f1,d4368564-4ac3-4ac5-bf4f-3c09dd33d1b3,ad9e9ff6-b175-4aa0-a5f9-6d6df546a0da,2019-11-21 20:45:27.388689,2019-11-21 20:50:33.371923,305.983234,"T1.Q1, T1.Q9, T1.Q10, T1.Q11, T1.Q12, T1.Q13, T1.Q14",0,0,1,0,0,0,0,0,0,0,0,0,,,,,,,Maybe,Somewhat Unlikely,Somewhat Likely,"No, not at all",2,8
