,article_num,article_sha256,quiz_task_uuid,tua_uuid,schema_namespace,schema_sha256,question_Number,answer_uuid,question_type,agreed_Answer,coding_perc_agreement,one_two_diff,highlighted_indices,alpha_unitizing_score,alpha_unitizing_score_inclusive,agreement_score,num_users,num_answer_choices,target_text,question_text,answer_content,prereq_passed
92,100028,f7eb2314bb13aae4542caf7ee10c336890c3e911c50093d575b1849e107abfb7,e5a95ea8-925c-430f-a1a9-15128986953d,328e6c74-02dd-4ec4-97b4-48cb3262747a,Probability Specialist V4,65f41c5a11228e225f5a1f7fecdda76385de5b42626d8b7e4f6223081093b7f6,2,be49d63d-3beb-467a-aa7c-718edc7ed4f7,ordinal,2,0.6226809495855694,0.6226809495855694,[],,,0.6226809495855694,3,5,,To what extent does the confidence seem justified?,Mostly justified,True
32,100028,f7eb2314bb13aae4542caf7ee10c336890c3e911c50093d575b1849e107abfb7,4cccdac9-e8cb-4d80-8180-15ec7eb14009,c296c8e1-dbcb-439c-99de-08772c490da7,Probability Specialist V4,65f41c5a11228e225f5a1f7fecdda76385de5b42626d8b7e4f6223081093b7f6,5,dbc19847-ba6e-4fc1-b378-7eb03aa82132,ordinal,3,1.0,1.0,[],,,1.0,3,3,,"Does the text acknowledge that their favored theory is in any way uncertain? If so, highlight the relevant section.",No,True
46,100028,f7eb2314bb13aae4542caf7ee10c336890c3e911c50093d575b1849e107abfb7,71aee45d-9e92-4b79-81c0-617a45d18e9b,762b001a-45af-4cd8-84a9-3168755d2bcf,Probability Specialist V4,65f41c5a11228e225f5a1f7fecdda76385de5b42626d8b7e4f6223081093b7f6,5,63440ba4-1f4b-4bf8-9d12-dd59c8429bfd,ordinal,2,0.7658599725768891,0.7658599725768891,"[1587, 1588, 1589, 1590, 1591, 1592, 1593, 1594, 1957, 1958, 1959, 1960, 1961, 1962, 1963, 1964, 1965, 1966, 1967, 1968, 1969, 1970, 1971, 1972, 1973, 1974, 1975, 1976, 1977, 1978, 1979, 1980, 1981, 1982, 1983, 1984, 1985, 1986, 1987, 1988, 1989, 1990, 1991, 1992, 1993, 1994, 1995, 1996]",0.2993498615544564,0.2993498615544564,0.5326049170656727,3,3,possible//could be signs of a conflict of interest,"Does the text acknowledge that their favored theory is in any way uncertain? If so, highlight the relevant section.","Yes, implicitly",True
35,100028,f7eb2314bb13aae4542caf7ee10c336890c3e911c50093d575b1849e107abfb7,4cccdac9-e8cb-4d80-8180-15ec7eb14009,c296c8e1-dbcb-439c-99de-08772c490da7,Probability Specialist V4,65f41c5a11228e225f5a1f7fecdda76385de5b42626d8b7e4f6223081093b7f6,13,774c6f35-55ef-4af8-b5d2-3f66af651bee,ordinal,4,0.9342150418290642,0.9342150418290642,[],,,0.9342150418290642,3,10,,"How difficult was this task for you, on the whole?",4,True
50,100028,f7eb2314bb13aae4542caf7ee10c336890c3e911c50093d575b1849e107abfb7,71aee45d-9e92-4b79-81c0-617a45d18e9b,762b001a-45af-4cd8-84a9-3168755d2bcf,Probability Specialist V4,65f41c5a11228e225f5a1f7fecdda76385de5b42626d8b7e4f6223081093b7f6,13,774c6f35-55ef-4af8-b5d2-3f66af651bee,ordinal,4,0.6296562292037521,0.6296562292037521,[],,,0.6296562292037521,3,10,,"How difficult was this task for you, on the whole?",4,True
73,100028,f7eb2314bb13aae4542caf7ee10c336890c3e911c50093d575b1849e107abfb7,a6065bd7-6b98-4b54-95a8-322a80a16cc0,5bb581c4-7408-417a-8956-405c0a7298a8,Probability Specialist V4,65f41c5a11228e225f5a1f7fecdda76385de5b42626d8b7e4f6223081093b7f6,13,57c1c164-fa96-450f-a125-cca05d727c3a,ordinal,3,0.8986646043699666,0.8986646043699666,[],,,0.8986646043699666,3,10,,"How difficult was this task for you, on the whole?",3,True
97,100028,f7eb2314bb13aae4542caf7ee10c336890c3e911c50093d575b1849e107abfb7,e5a95ea8-925c-430f-a1a9-15128986953d,328e6c74-02dd-4ec4-97b4-48cb3262747a,Probability Specialist V4,65f41c5a11228e225f5a1f7fecdda76385de5b42626d8b7e4f6223081093b7f6,13,57c1c164-fa96-450f-a125-cca05d727c3a,ordinal,3,0.8986646043699666,0.8986646043699666,[],,,0.8986646043699666,3,10,,"How difficult was this task for you, on the whole?",3,True
71,100028,f7eb2314bb13aae4542caf7ee10c336890c3e911c50093d575b1849e107abfb7,a6065bd7-6b98-4b54-95a8-322a80a16cc0,5bb581c4-7408-417a-8956-405c0a7298a8,Probability Specialist V4,65f41c5a11228e225f5a1f7fecdda76385de5b42626d8b7e4f6223081093b7f6,6,f3a358dd-c56a-41f7-a0be-d455917b5c3c,ordinal,1,1.0,1.0,[],,,1.0,3,3,,Are any numbers given?,No,True
36,100028,f7eb2314bb13aae4542caf7ee10c336890c3e911c50093d575b1849e107abfb7,4cccdac9-e8cb-4d80-8180-15ec7eb14009,c296c8e1-dbcb-439c-99de-08772c490da7,Probability Specialist V4,65f41c5a11228e225f5a1f7fecdda76385de5b42626d8b7e4f6223081093b7f6,14,9f5d88c7-6012-4cd4-9c4e-1234957ec3f4,ordinal,9,1.0,1.0,[],,,1.0,3,10,,"How confident are you about your answers, on the whole?",9,True
31,100028,f7eb2314bb13aae4542caf7ee10c336890c3e911c50093d575b1849e107abfb7,4cccdac9-e8cb-4d80-8180-15ec7eb14009,c296c8e1-dbcb-439c-99de-08772c490da7,Probability Specialist V4,65f41c5a11228e225f5a1f7fecdda76385de5b42626d8b7e4f6223081093b7f6,2,7dff2434-b492-4089-8f8f-5da4704ce257,ordinal,3,0.713213089364642,0.713213089364642,[],,,0.713213089364642,3,5,,To what extent does the confidence seem justified?,Somewhat justified,True
94,100028,f7eb2314bb13aae4542caf7ee10c336890c3e911c50093d575b1849e107abfb7,e5a95ea8-925c-430f-a1a9-15128986953d,328e6c74-02dd-4ec4-97b4-48cb3262747a,Probability Specialist V4,65f41c5a11228e225f5a1f7fecdda76385de5b42626d8b7e4f6223081093b7f6,6,f3a358dd-c56a-41f7-a0be-d455917b5c3c,ordinal,1,1.0,1.0,[],,,1.0,3,3,,Are any numbers given?,No,True
51,100028,f7eb2314bb13aae4542caf7ee10c336890c3e911c50093d575b1849e107abfb7,71aee45d-9e92-4b79-81c0-617a45d18e9b,762b001a-45af-4cd8-84a9-3168755d2bcf,Probability Specialist V4,65f41c5a11228e225f5a1f7fecdda76385de5b42626d8b7e4f6223081093b7f6,14,36d7f3d3-effd-46c5-8e61-98e2f45e7675,ordinal,7,0.8648259251435817,0.8648259251435817,[],,,0.8648259251435817,3,10,,"How confident are you about your answers, on the whole?",7,True
45,100028,f7eb2314bb13aae4542caf7ee10c336890c3e911c50093d575b1849e107abfb7,71aee45d-9e92-4b79-81c0-617a45d18e9b,762b001a-45af-4cd8-84a9-3168755d2bcf,Probability Specialist V4,65f41c5a11228e225f5a1f7fecdda76385de5b42626d8b7e4f6223081093b7f6,2,be49d63d-3beb-467a-aa7c-718edc7ed4f7,ordinal,2,0.8648259251435817,0.8648259251435817,[],,,0.8648259251435817,3,5,,To what extent does the confidence seem justified?,Mostly justified,True
70,100028,f7eb2314bb13aae4542caf7ee10c336890c3e911c50093d575b1849e107abfb7,a6065bd7-6b98-4b54-95a8-322a80a16cc0,5bb581c4-7408-417a-8956-405c0a7298a8,Probability Specialist V4,65f41c5a11228e225f5a1f7fecdda76385de5b42626d8b7e4f6223081093b7f6,5,dbc19847-ba6e-4fc1-b378-7eb03aa82132,ordinal,3,1.0,1.0,[],,,1.0,3,3,,"Does the text acknowledge that their favored theory is in any way uncertain? If so, highlight the relevant section.",No,True
74,100028,f7eb2314bb13aae4542caf7ee10c336890c3e911c50093d575b1849e107abfb7,a6065bd7-6b98-4b54-95a8-322a80a16cc0,5bb581c4-7408-417a-8956-405c0a7298a8,Probability Specialist V4,65f41c5a11228e225f5a1f7fecdda76385de5b42626d8b7e4f6223081093b7f6,14,36d7f3d3-effd-46c5-8e61-98e2f45e7675,ordinal,7,0.8986646043699666,0.8986646043699666,[],,,0.8986646043699666,3,10,,"How confident are you about your answers, on the whole?",7,True
93,100028,f7eb2314bb13aae4542caf7ee10c336890c3e911c50093d575b1849e107abfb7,e5a95ea8-925c-430f-a1a9-15128986953d,328e6c74-02dd-4ec4-97b4-48cb3262747a,Probability Specialist V4,65f41c5a11228e225f5a1f7fecdda76385de5b42626d8b7e4f6223081093b7f6,5,dbc19847-ba6e-4fc1-b378-7eb03aa82132,ordinal,3,1.0,1.0,[],,,1.0,3,3,,"Does the text acknowledge that their favored theory is in any way uncertain? If so, highlight the relevant section.",No,True
69,100028,f7eb2314bb13aae4542caf7ee10c336890c3e911c50093d575b1849e107abfb7,a6065bd7-6b98-4b54-95a8-322a80a16cc0,5bb581c4-7408-417a-8956-405c0a7298a8,Probability Specialist V4,65f41c5a11228e225f5a1f7fecdda76385de5b42626d8b7e4f6223081093b7f6,2,be49d63d-3beb-467a-aa7c-718edc7ed4f7,ordinal,2,0.7132130893646421,0.7132130893646421,[],,,0.7132130893646421,3,5,,To what extent does the confidence seem justified?,Mostly justified,True
98,100028,f7eb2314bb13aae4542caf7ee10c336890c3e911c50093d575b1849e107abfb7,e5a95ea8-925c-430f-a1a9-15128986953d,328e6c74-02dd-4ec4-97b4-48cb3262747a,Probability Specialist V4,65f41c5a11228e225f5a1f7fecdda76385de5b42626d8b7e4f6223081093b7f6,14,39548ddc-1703-4a24-82d5-5028ec284a72,ordinal,8,0.9342150418290642,0.9342150418290642,[],,,0.9342150418290642,3,10,,"How confident are you about your answers, on the whole?",8,True
91,100028,f7eb2314bb13aae4542caf7ee10c336890c3e911c50093d575b1849e107abfb7,e5a95ea8-925c-430f-a1a9-15128986953d,328e6c74-02dd-4ec4-97b4-48cb3262747a,Probability Specialist V4,65f41c5a11228e225f5a1f7fecdda76385de5b42626d8b7e4f6223081093b7f6,1,526d6416-1d0f-40c6-8e9e-df8f44536bbf,ordinal,1,0.7658599725768891,0.7658599725768891,"[4732, 4733, 4734, 4735, 4736, 4737, 4738, 4739, 4740, 4741]",0.42701673548249,0.42701673548249,0.5964383540296895,3,3,apparently,Does the text make any claims with great confidence? Highlight the relevant part.,Yes,True
48,100028,f7eb2314bb13aae4542caf7ee10c336890c3e911c50093d575b1849e107abfb7,71aee45d-9e92-4b79-81c0-617a45d18e9b,762b001a-45af-4cd8-84a9-3168755d2bcf,Probability Specialist V4,65f41c5a11228e225f5a1f7fecdda76385de5b42626d8b7e4f6223081093b7f6,11,66e1efff-dce9-4204-97c9-cb68f80ab314,ordinal,3,0.8286346099994961,0.8286346099994961,"[1587, 1588, 1589, 1590, 1591, 1592, 1593, 1594, 1680, 1681, 1682, 1683, 1684, 1685, 1686, 1687, 1688, 1689, 1690, 1691, 1692, 1693, 1694, 1695, 1696, 1697, 1698, 1699, 1700, 1701, 1702, 1703, 1704, 1705, 1706, 1707, 1708, 1709, 1710, 1711, 1712, 1713, 1957, 1958, 1959, 1960, 1961, 1962, 1963, 1964, 1965, 1966, 1967, 1968, 1969, 1970, 1971, 1972, 1973, 1974, 1975, 1976, 1977, 1978, 1979, 1980, 1981, 1982, 1983, 1984, 1985, 1986, 1987, 1988, 1989, 1990, 1991, 1992, 1993, 1994, 1995, 1996]",,,,3,4,possible//no evidence has emerged to suggest//could be signs of a conflict of interest,Does the text acknowledge that additional evidence might shift our understanding of the topics discussed in the article?,I can't tell,True
33,100028,f7eb2314bb13aae4542caf7ee10c336890c3e911c50093d575b1849e107abfb7,4cccdac9-e8cb-4d80-8180-15ec7eb14009,c296c8e1-dbcb-439c-99de-08772c490da7,Probability Specialist V4,65f41c5a11228e225f5a1f7fecdda76385de5b42626d8b7e4f6223081093b7f6,6,f3a358dd-c56a-41f7-a0be-d455917b5c3c,ordinal,1,1.0,1.0,[],,,1.0,3,3,,Are any numbers given?,No,True
68,100028,f7eb2314bb13aae4542caf7ee10c336890c3e911c50093d575b1849e107abfb7,a6065bd7-6b98-4b54-95a8-322a80a16cc0,5bb581c4-7408-417a-8956-405c0a7298a8,Probability Specialist V4,65f41c5a11228e225f5a1f7fecdda76385de5b42626d8b7e4f6223081093b7f6,1,5bb3cb80-4f3b-4d7f-b986-0d35b14e3d91,ordinal,3,0.7658599725768891,0.7658599725768891,[],,,0.7658599725768891,3,3,,Does the text make any claims with great confidence? Highlight the relevant part.,No,True
47,100028,f7eb2314bb13aae4542caf7ee10c336890c3e911c50093d575b1849e107abfb7,71aee45d-9e92-4b79-81c0-617a45d18e9b,762b001a-45af-4cd8-84a9-3168755d2bcf,Probability Specialist V4,65f41c5a11228e225f5a1f7fecdda76385de5b42626d8b7e4f6223081093b7f6,6,f3a358dd-c56a-41f7-a0be-d455917b5c3c,ordinal,1,1.0,1.0,[],,,1.0,3,3,,Are any numbers given?,No,True
30,100028,f7eb2314bb13aae4542caf7ee10c336890c3e911c50093d575b1849e107abfb7,4cccdac9-e8cb-4d80-8180-15ec7eb14009,c296c8e1-dbcb-439c-99de-08772c490da7,Probability Specialist V4,65f41c5a11228e225f5a1f7fecdda76385de5b42626d8b7e4f6223081093b7f6,1,5bb3cb80-4f3b-4d7f-b986-0d35b14e3d91,ordinal,3,0.7658599725768891,0.7658599725768891,[],,,0.7658599725768891,3,3,,Does the text make any claims with great confidence? Highlight the relevant part.,No,True
34,100028,f7eb2314bb13aae4542caf7ee10c336890c3e911c50093d575b1849e107abfb7,4cccdac9-e8cb-4d80-8180-15ec7eb14009,c296c8e1-dbcb-439c-99de-08772c490da7,Probability Specialist V4,65f41c5a11228e225f5a1f7fecdda76385de5b42626d8b7e4f6223081093b7f6,11,66e1efff-dce9-4204-97c9-cb68f80ab314,ordinal,3,0.8286346099994961,0.8286346099994961,[],,,0.8286346099994961,3,4,,Does the text acknowledge that additional evidence might shift our understanding of the topics discussed in the article?,I can't tell,True
72,100028,f7eb2314bb13aae4542caf7ee10c336890c3e911c50093d575b1849e107abfb7,a6065bd7-6b98-4b54-95a8-322a80a16cc0,5bb581c4-7408-417a-8956-405c0a7298a8,Probability Specialist V4,65f41c5a11228e225f5a1f7fecdda76385de5b42626d8b7e4f6223081093b7f6,11,e57e2708-cfb6-49e7-b78a-83708dfbd23e,ordinal,4,0.8286346099994961,0.8286346099994961,[],,,0.8286346099994961,3,4,,Does the text acknowledge that additional evidence might shift our understanding of the topics discussed in the article?,"No, not at all",True
95,100028,f7eb2314bb13aae4542caf7ee10c336890c3e911c50093d575b1849e107abfb7,e5a95ea8-925c-430f-a1a9-15128986953d,328e6c74-02dd-4ec4-97b4-48cb3262747a,Probability Specialist V4,65f41c5a11228e225f5a1f7fecdda76385de5b42626d8b7e4f6223081093b7f6,11,9f86eeb4-566e-46a6-a3e5-c944698c93bc,ordinal,2,0.7233083338141042,0.7233083338141042,[],,,0.7233083338141042,3,4,,Does the text acknowledge that additional evidence might shift our understanding of the topics discussed in the article?,"Yes, implicitly",True
44,100028,f7eb2314bb13aae4542caf7ee10c336890c3e911c50093d575b1849e107abfb7,71aee45d-9e92-4b79-81c0-617a45d18e9b,762b001a-45af-4cd8-84a9-3168755d2bcf,Probability Specialist V4,65f41c5a11228e225f5a1f7fecdda76385de5b42626d8b7e4f6223081093b7f6,1,7ef0ab39-82d2-4b76-b39b-2bb6c014a248,ordinal,2,0.7658599725768891,0.7658599725768891,"[1587, 1588, 1589, 1590, 1591, 1592, 1593, 1594, 1680, 1681, 1682, 1683, 1684, 1685, 1686, 1687, 1688, 1689, 1690, 1691, 1692, 1693, 1694, 1695, 1696, 1697, 1698, 1699, 1700, 1701, 1702, 1703, 1704, 1705, 1706, 1707, 1708, 1709, 1710, 1711, 1712, 1713, 1957, 1958, 1959, 1960, 1961, 1962, 1963, 1964]",0.7089549569741463,0.7089549569741463,0.7374074647755177,3,3,possible//no evidence has emerged to suggest//could be,Does the text make any claims with great confidence? Highlight the relevant part.,Maybe,True
65,100029,4c3b112770659ce6b8ac1363730d5843907463a9f5535277b674a6ad19e87364,8382977c-de75-41b9-b409-e710a79e14b6,0d1a7b45-6e09-4efc-b467-22f5e3cfd7e2,Probability Specialist V4,65f41c5a11228e225f5a1f7fecdda76385de5b42626d8b7e4f6223081093b7f6,11,e57e2708-cfb6-49e7-b78a-83708dfbd23e,ordinal,4,0.8552778762416621,0.8552778762416621,[],,,0.8552778762416621,4,4,,Does the text acknowledge that additional evidence might shift our understanding of the topics discussed in the article?,"No, not at all",True
2,100029,4c3b112770659ce6b8ac1363730d5843907463a9f5535277b674a6ad19e87364,0495a1e9-0dcf-4361-8b64-8dbe5a160a9a,ad281778-db6c-42e1-8c49-402748ffd73c,Probability Specialist V4,65f41c5a11228e225f5a1f7fecdda76385de5b42626d8b7e4f6223081093b7f6,5,dbc19847-ba6e-4fc1-b378-7eb03aa82132,ordinal,3,1.0,1.0,[],,,1.0,3,3,,"Does the text acknowledge that their favored theory is in any way uncertain? If so, highlight the relevant section.",No,True
61,100029,4c3b112770659ce6b8ac1363730d5843907463a9f5535277b674a6ad19e87364,8382977c-de75-41b9-b409-e710a79e14b6,0d1a7b45-6e09-4efc-b467-22f5e3cfd7e2,Probability Specialist V4,65f41c5a11228e225f5a1f7fecdda76385de5b42626d8b7e4f6223081093b7f6,5,dbc19847-ba6e-4fc1-b378-7eb03aa82132,ordinal,3,1.0,1.0,[],,,1.0,4,3,,"Does the text acknowledge that their favored theory is in any way uncertain? If so, highlight the relevant section.",No,True
3,100029,4c3b112770659ce6b8ac1363730d5843907463a9f5535277b674a6ad19e87364,0495a1e9-0dcf-4361-8b64-8dbe5a160a9a,ad281778-db6c-42e1-8c49-402748ffd73c,Probability Specialist V4,65f41c5a11228e225f5a1f7fecdda76385de5b42626d8b7e4f6223081093b7f6,6,f3a358dd-c56a-41f7-a0be-d455917b5c3c,ordinal,1,1.0,1.0,[],,,1.0,3,3,,Are any numbers given?,No,True
62,100029,4c3b112770659ce6b8ac1363730d5843907463a9f5535277b674a6ad19e87364,8382977c-de75-41b9-b409-e710a79e14b6,0d1a7b45-6e09-4efc-b467-22f5e3cfd7e2,Probability Specialist V4,65f41c5a11228e225f5a1f7fecdda76385de5b42626d8b7e4f6223081093b7f6,6,0,ordinal,M,0.4150374992788439,0.4150374992788439,M,M,M,0.207518749639422,4,3,M,Are any numbers given?,M,True
56,100029,4c3b112770659ce6b8ac1363730d5843907463a9f5535277b674a6ad19e87364,82f4eb23-306c-445c-ab09-1255fb056f8a,ea707282-0420-45fc-8e22-76405b434c45,Probability Specialist V4,65f41c5a11228e225f5a1f7fecdda76385de5b42626d8b7e4f6223081093b7f6,11,e57e2708-cfb6-49e7-b78a-83708dfbd23e,ordinal,4,0.8552778762416621,0.8552778762416621,[],,,0.8552778762416621,4,4,,Does the text acknowledge that additional evidence might shift our understanding of the topics discussed in the article?,"No, not at all",True
55,100029,4c3b112770659ce6b8ac1363730d5843907463a9f5535277b674a6ad19e87364,82f4eb23-306c-445c-ab09-1255fb056f8a,ea707282-0420-45fc-8e22-76405b434c45,Probability Specialist V4,65f41c5a11228e225f5a1f7fecdda76385de5b42626d8b7e4f6223081093b7f6,6,f3a358dd-c56a-41f7-a0be-d455917b5c3c,ordinal,1,1.0,1.0,[],,,1.0,4,3,,Are any numbers given?,No,True
0,100029,4c3b112770659ce6b8ac1363730d5843907463a9f5535277b674a6ad19e87364,0495a1e9-0dcf-4361-8b64-8dbe5a160a9a,ad281778-db6c-42e1-8c49-402748ffd73c,Probability Specialist V4,65f41c5a11228e225f5a1f7fecdda76385de5b42626d8b7e4f6223081093b7f6,1,526d6416-1d0f-40c6-8e9e-df8f44536bbf,ordinal,1,1.0,1.0,"[2776, 2777, 2778, 2779, 2780, 2781, 2782, 2783, 2784, 2785, 2786, 2787, 2788, 2789, 2790, 2791, 2792, 2793, 2794, 2795, 2796, 2797]",0.880610066613513,0.880610066613513,0.9403050333067564,3,3,at the exact same time,Does the text make any claims with great confidence? Highlight the relevant part.,Yes,True
5,100029,4c3b112770659ce6b8ac1363730d5843907463a9f5535277b674a6ad19e87364,0495a1e9-0dcf-4361-8b64-8dbe5a160a9a,ad281778-db6c-42e1-8c49-402748ffd73c,Probability Specialist V4,65f41c5a11228e225f5a1f7fecdda76385de5b42626d8b7e4f6223081093b7f6,13,79f791cc-25fb-440f-9869-13b47541e349,ordinal,1,0.8272017054059444,0.8272017054059444,[],,,0.8272017054059444,3,10,,"How difficult was this task for you, on the whole?",1: Easier than anything I've ever done in a classroom setting,True
54,100029,4c3b112770659ce6b8ac1363730d5843907463a9f5535277b674a6ad19e87364,82f4eb23-306c-445c-ab09-1255fb056f8a,ea707282-0420-45fc-8e22-76405b434c45,Probability Specialist V4,65f41c5a11228e225f5a1f7fecdda76385de5b42626d8b7e4f6223081093b7f6,5,dbc19847-ba6e-4fc1-b378-7eb03aa82132,ordinal,3,1.0,1.0,[],,,1.0,4,3,,"Does the text acknowledge that their favored theory is in any way uncertain? If so, highlight the relevant section.",No,True
67,100029,4c3b112770659ce6b8ac1363730d5843907463a9f5535277b674a6ad19e87364,8382977c-de75-41b9-b409-e710a79e14b6,0d1a7b45-6e09-4efc-b467-22f5e3cfd7e2,Probability Specialist V4,65f41c5a11228e225f5a1f7fecdda76385de5b42626d8b7e4f6223081093b7f6,14,39548ddc-1703-4a24-82d5-5028ec284a72,ordinal,8,0.8006240210491449,0.8006240210491449,[],,,0.8006240210491449,4,10,,"How confident are you about your answers, on the whole?",8,True
52,100029,4c3b112770659ce6b8ac1363730d5843907463a9f5535277b674a6ad19e87364,82f4eb23-306c-445c-ab09-1255fb056f8a,ea707282-0420-45fc-8e22-76405b434c45,Probability Specialist V4,65f41c5a11228e225f5a1f7fecdda76385de5b42626d8b7e4f6223081093b7f6,1,526d6416-1d0f-40c6-8e9e-df8f44536bbf,ordinal,1,1.0,1.0,"[2327, 2328, 2329, 2330, 2331, 2332, 2333, 2334, 2335, 2336, 2337, 2338, 2339, 2340, 2341, 2342, 2343, 2344, 2345, 2346, 2347, 2348, 2349, 2350, 2351, 2352, 2353]",0.897153292191327,0.897153292191327,0.9485766460956636,4,3,Pasternak is an arms dealer,Does the text make any claims with great confidence? Highlight the relevant part.,Yes,True
66,100029,4c3b112770659ce6b8ac1363730d5843907463a9f5535277b674a6ad19e87364,8382977c-de75-41b9-b409-e710a79e14b6,0d1a7b45-6e09-4efc-b467-22f5e3cfd7e2,Probability Specialist V4,65f41c5a11228e225f5a1f7fecdda76385de5b42626d8b7e4f6223081093b7f6,13,143d09f0-3f1a-489e-ad66-66a19fc366a7,ordinal,5,0.8864698968789163,0.8864698968789163,[],,,0.8864698968789163,4,10,,"How difficult was this task for you, on the whole?",5: Middling difficulty,True
4,100029,4c3b112770659ce6b8ac1363730d5843907463a9f5535277b674a6ad19e87364,0495a1e9-0dcf-4361-8b64-8dbe5a160a9a,ad281778-db6c-42e1-8c49-402748ffd73c,Probability Specialist V4,65f41c5a11228e225f5a1f7fecdda76385de5b42626d8b7e4f6223081093b7f6,11,e57e2708-cfb6-49e7-b78a-83708dfbd23e,ordinal,4,0.8286346099994961,0.8286346099994961,[],,,0.8286346099994961,3,4,,Does the text acknowledge that additional evidence might shift our understanding of the topics discussed in the article?,"No, not at all",True
57,100029,4c3b112770659ce6b8ac1363730d5843907463a9f5535277b674a6ad19e87364,82f4eb23-306c-445c-ab09-1255fb056f8a,ea707282-0420-45fc-8e22-76405b434c45,Probability Specialist V4,65f41c5a11228e225f5a1f7fecdda76385de5b42626d8b7e4f6223081093b7f6,13,143d09f0-3f1a-489e-ad66-66a19fc366a7,ordinal,5,0.8864698968789163,0.8864698968789163,[],,,0.8864698968789163,4,10,,"How difficult was this task for you, on the whole?",5: Middling difficulty,True
1,100029,4c3b112770659ce6b8ac1363730d5843907463a9f5535277b674a6ad19e87364,0495a1e9-0dcf-4361-8b64-8dbe5a160a9a,ad281778-db6c-42e1-8c49-402748ffd73c,Probability Specialist V4,65f41c5a11228e225f5a1f7fecdda76385de5b42626d8b7e4f6223081093b7f6,2,63b2b253-e122-4778-9a19-b1a3555cc082,ordinal,1,0.7853812700750918,0.7853812700750918,[],,,0.7853812700750918,3,5,,To what extent does the confidence seem justified?,Completely justified,True
59,100029,4c3b112770659ce6b8ac1363730d5843907463a9f5535277b674a6ad19e87364,8382977c-de75-41b9-b409-e710a79e14b6,0d1a7b45-6e09-4efc-b467-22f5e3cfd7e2,Probability Specialist V4,65f41c5a11228e225f5a1f7fecdda76385de5b42626d8b7e4f6223081093b7f6,1,526d6416-1d0f-40c6-8e9e-df8f44536bbf,ordinal,1,1.0,1.0,"[971, 972, 973, 974, 975, 976, 977, 978, 979, 980, 981]",0.3946699266503667,0.3946699266503667,0.6973349633251833,4,3,Now we know,Does the text make any claims with great confidence? Highlight the relevant part.,Yes,True
53,100029,4c3b112770659ce6b8ac1363730d5843907463a9f5535277b674a6ad19e87364,82f4eb23-306c-445c-ab09-1255fb056f8a,ea707282-0420-45fc-8e22-76405b434c45,Probability Specialist V4,65f41c5a11228e225f5a1f7fecdda76385de5b42626d8b7e4f6223081093b7f6,2,63b2b253-e122-4778-9a19-b1a3555cc082,ordinal,1,0.9559032884214784,0.9559032884214784,[],,,0.9559032884214784,4,5,,To what extent does the confidence seem justified?,Completely justified,True
58,100029,4c3b112770659ce6b8ac1363730d5843907463a9f5535277b674a6ad19e87364,82f4eb23-306c-445c-ab09-1255fb056f8a,ea707282-0420-45fc-8e22-76405b434c45,Probability Specialist V4,65f41c5a11228e225f5a1f7fecdda76385de5b42626d8b7e4f6223081093b7f6,14,9f5d88c7-6012-4cd4-9c4e-1234957ec3f4,ordinal,9,0.7573543867087729,0.7573543867087729,[],,,0.7573543867087729,4,10,,"How confident are you about your answers, on the whole?",9,True
6,100029,4c3b112770659ce6b8ac1363730d5843907463a9f5535277b674a6ad19e87364,0495a1e9-0dcf-4361-8b64-8dbe5a160a9a,ad281778-db6c-42e1-8c49-402748ffd73c,Probability Specialist V4,65f41c5a11228e225f5a1f7fecdda76385de5b42626d8b7e4f6223081093b7f6,14,36d7f3d3-effd-46c5-8e61-98e2f45e7675,ordinal,7,0.8272017054059444,0.8272017054059444,[],,,0.8272017054059444,3,10,,"How confident are you about your answers, on the whole?",7,True
60,100029,4c3b112770659ce6b8ac1363730d5843907463a9f5535277b674a6ad19e87364,8382977c-de75-41b9-b409-e710a79e14b6,0d1a7b45-6e09-4efc-b467-22f5e3cfd7e2,Probability Specialist V4,65f41c5a11228e225f5a1f7fecdda76385de5b42626d8b7e4f6223081093b7f6,2,7dff2434-b492-4089-8f8f-5da4704ce257,ordinal,3,0.631517202916897,0.631517202916897,[],,,0.631517202916897,4,5,,To what extent does the confidence seem justified?,Somewhat justified,True
13,100030,dafa2bb8de86d276aa69797936139a5fdb4c067ef5353f586b53fab36bdd360b,1a6de788-297b-4a8b-b44f-eadf550ee496,1e5069d4-d3cf-4346-aacb-6b13c590b3ea,Probability Specialist V4,65f41c5a11228e225f5a1f7fecdda76385de5b42626d8b7e4f6223081093b7f6,14,c0055648-1bb6-4512-ad28-835c73d8b121,ordinal,5,0.7853812700750918,0.7853812700750918,[],,,0.7853812700750918,3,10,,"How confident are you about your answers, on the whole?",5: 50-50,True
29,100030,dafa2bb8de86d276aa69797936139a5fdb4c067ef5353f586b53fab36bdd360b,47e97070-1a56-45e5-8f38-5a43880bb6ef,b620fa65-6dc8-469d-a657-26a523b6a4f1,Probability Specialist V4,65f41c5a11228e225f5a1f7fecdda76385de5b42626d8b7e4f6223081093b7f6,14,e7b2a495-f358-4e30-9985-9226d38be43f,ordinal,3,0.6226809495855694,0.6226809495855694,[],,,0.6226809495855694,3,10,,"How confident are you about your answers, on the whole?",3,True
90,100030,dafa2bb8de86d276aa69797936139a5fdb4c067ef5353f586b53fab36bdd360b,cc4f1b2a-750b-4248-9aaf-37d99a3c0146,16e71501-d223-4497-ad8f-98f41d098653,Probability Specialist V4,65f41c5a11228e225f5a1f7fecdda76385de5b42626d8b7e4f6223081093b7f6,14,9f5d88c7-6012-4cd4-9c4e-1234957ec3f4,ordinal,9,0.713213089364642,0.713213089364642,[],,,0.713213089364642,3,10,,"How confident are you about your answers, on the whole?",9,True
26,100030,dafa2bb8de86d276aa69797936139a5fdb4c067ef5353f586b53fab36bdd360b,47e97070-1a56-45e5-8f38-5a43880bb6ef,b620fa65-6dc8-469d-a657-26a523b6a4f1,Probability Specialist V4,65f41c5a11228e225f5a1f7fecdda76385de5b42626d8b7e4f6223081093b7f6,11,66e1efff-dce9-4204-97c9-cb68f80ab314,ordinal,3,0.6296562292037521,0.6296562292037521,[],,,0.6296562292037521,3,4,,Does the text acknowledge that additional evidence might shift our understanding of the topics discussed in the article?,I can't tell,True
28,100030,dafa2bb8de86d276aa69797936139a5fdb4c067ef5353f586b53fab36bdd360b,47e97070-1a56-45e5-8f38-5a43880bb6ef,b620fa65-6dc8-469d-a657-26a523b6a4f1,Probability Specialist V4,65f41c5a11228e225f5a1f7fecdda76385de5b42626d8b7e4f6223081093b7f6,13,57c1c164-fa96-450f-a125-cca05d727c3a,ordinal,3,0.7853812700750918,0.7853812700750918,[],,,0.7853812700750918,3,10,,"How difficult was this task for you, on the whole?",3,True
88,100030,dafa2bb8de86d276aa69797936139a5fdb4c067ef5353f586b53fab36bdd360b,cc4f1b2a-750b-4248-9aaf-37d99a3c0146,16e71501-d223-4497-ad8f-98f41d098653,Probability Specialist V4,65f41c5a11228e225f5a1f7fecdda76385de5b42626d8b7e4f6223081093b7f6,12,f174e33b-0807-4f32-a305-8a9af0393d2c,ordinal,1,0.6226809495855694,0.6226809495855694,"[2980, 2981, 2982, 2983, 2984, 2985, 2986, 2987, 2988, 2989, 2990, 2991, 2992, 2993, 2994, 2995, 2996, 2997, 2998, 2999, 3000, 3001, 3002, 3003, 3004, 3005, 3006, 3007, 3008, 3009, 3010, 3011, 3012, 3013, 3014, 3015, 3016, 3017, 3018, 3019, 3020, 3021, 3022, 3023, 3024]",0.34378399669880333,0.34378399669880333,0.4832324731421864,2,5,It is also possible that she is attempting to,Does the text acknowledge the possibility of additional evidence that would... (check all that apply):,Change the claim fundamentally,True
81,100030,dafa2bb8de86d276aa69797936139a5fdb4c067ef5353f586b53fab36bdd360b,bd28227f-65ab-426b-b41b-a0b9cbecea28,0ab1b8ae-c3a5-49d7-b84c-29d8067d877b,Probability Specialist V4,65f41c5a11228e225f5a1f7fecdda76385de5b42626d8b7e4f6223081093b7f6,13,774c6f35-55ef-4af8-b5d2-3f66af651bee,ordinal,4,0.7513670936879286,0.7513670936879286,[],,,0.7513670936879286,3,10,,"How difficult was this task for you, on the whole?",4,True
105,100030,dafa2bb8de86d276aa69797936139a5fdb4c067ef5353f586b53fab36bdd360b,e725026e-e9f4-4133-a0a4-7beb83ef358e,df331ed8-23a3-4278-b6e5-79b843b29ce3,Probability Specialist V4,65f41c5a11228e225f5a1f7fecdda76385de5b42626d8b7e4f6223081093b7f6,13,774c6f35-55ef-4af8-b5d2-3f66af651bee,ordinal,4,0.9342150418290642,0.9342150418290642,[],,,0.9342150418290642,3,10,,"How difficult was this task for you, on the whole?",4,True
89,100030,dafa2bb8de86d276aa69797936139a5fdb4c067ef5353f586b53fab36bdd360b,cc4f1b2a-750b-4248-9aaf-37d99a3c0146,16e71501-d223-4497-ad8f-98f41d098653,Probability Specialist V4,65f41c5a11228e225f5a1f7fecdda76385de5b42626d8b7e4f6223081093b7f6,13,57c1c164-fa96-450f-a125-cca05d727c3a,ordinal,3,0.8986646043699666,0.8986646043699666,[],,,0.8986646043699666,3,10,,"How difficult was this task for you, on the whole?",3,True
12,100030,dafa2bb8de86d276aa69797936139a5fdb4c067ef5353f586b53fab36bdd360b,1a6de788-297b-4a8b-b44f-eadf550ee496,1e5069d4-d3cf-4346-aacb-6b13c590b3ea,Probability Specialist V4,65f41c5a11228e225f5a1f7fecdda76385de5b42626d8b7e4f6223081093b7f6,13,774c6f35-55ef-4af8-b5d2-3f66af651bee,ordinal,4,0.9342150418290642,0.9342150418290642,[],,,0.9342150418290642,3,10,,"How difficult was this task for you, on the whole?",4,True
82,100030,dafa2bb8de86d276aa69797936139a5fdb4c067ef5353f586b53fab36bdd360b,bd28227f-65ab-426b-b41b-a0b9cbecea28,0ab1b8ae-c3a5-49d7-b84c-29d8067d877b,Probability Specialist V4,65f41c5a11228e225f5a1f7fecdda76385de5b42626d8b7e4f6223081093b7f6,14,e7b2a495-f358-4e30-9985-9226d38be43f,ordinal,3,0.6226809495855694,0.6226809495855694,[],,,0.6226809495855694,3,10,,"How confident are you about your answers, on the whole?",3,True
79,100030,dafa2bb8de86d276aa69797936139a5fdb4c067ef5353f586b53fab36bdd360b,bd28227f-65ab-426b-b41b-a0b9cbecea28,0ab1b8ae-c3a5-49d7-b84c-29d8067d877b,Probability Specialist V4,65f41c5a11228e225f5a1f7fecdda76385de5b42626d8b7e4f6223081093b7f6,11,66e1efff-dce9-4204-97c9-cb68f80ab314,ordinal,3,0.8286346099994961,0.8286346099994961,[],,,0.8286346099994961,3,4,,Does the text acknowledge that additional evidence might shift our understanding of the topics discussed in the article?,I can't tell,True
25,100030,dafa2bb8de86d276aa69797936139a5fdb4c067ef5353f586b53fab36bdd360b,47e97070-1a56-45e5-8f38-5a43880bb6ef,b620fa65-6dc8-469d-a657-26a523b6a4f1,Probability Specialist V4,65f41c5a11228e225f5a1f7fecdda76385de5b42626d8b7e4f6223081093b7f6,6,f3a358dd-c56a-41f7-a0be-d455917b5c3c,ordinal,1,1.0,1.0,[],,,1.0,3,3,,Are any numbers given?,No,True
87,100030,dafa2bb8de86d276aa69797936139a5fdb4c067ef5353f586b53fab36bdd360b,cc4f1b2a-750b-4248-9aaf-37d99a3c0146,16e71501-d223-4497-ad8f-98f41d098653,Probability Specialist V4,65f41c5a11228e225f5a1f7fecdda76385de5b42626d8b7e4f6223081093b7f6,11,002077ed-5157-4456-91b9-eea5de790634,ordinal,1,0.6296562292037521,0.6296562292037521,[],,,0.6296562292037521,3,4,,Does the text acknowledge that additional evidence might shift our understanding of the topics discussed in the article?,"Yes, explicitly",True
75,100030,dafa2bb8de86d276aa69797936139a5fdb4c067ef5353f586b53fab36bdd360b,bd28227f-65ab-426b-b41b-a0b9cbecea28,0ab1b8ae-c3a5-49d7-b84c-29d8067d877b,Probability Specialist V4,65f41c5a11228e225f5a1f7fecdda76385de5b42626d8b7e4f6223081093b7f6,1,7ef0ab39-82d2-4b76-b39b-2bb6c014a248,ordinal,2,0.7658599725768891,0.7658599725768891,"[1175, 1176, 1177, 1178, 1179, 1180, 1181, 1182, 1183, 1243, 1244, 1245, 1246]",0.13754444859006554,0.13754444859006554,0.4517022105834773,3,3,seem like//seem,Does the text make any claims with great confidence? Highlight the relevant part.,Maybe,True
7,100030,dafa2bb8de86d276aa69797936139a5fdb4c067ef5353f586b53fab36bdd360b,1a6de788-297b-4a8b-b44f-eadf550ee496,1e5069d4-d3cf-4346-aacb-6b13c590b3ea,Probability Specialist V4,65f41c5a11228e225f5a1f7fecdda76385de5b42626d8b7e4f6223081093b7f6,1,7ef0ab39-82d2-4b76-b39b-2bb6c014a248,ordinal,2,1.0,1.0,"[1499, 1500, 1501, 1502, 1503, 1504, 1505, 1506, 1507, 1508, 1509, 1605, 1606, 1607, 1608, 1609, 1610, 1611, 1612]",0.9496889170093852,0.9496889170093852,0.9748444585046926,3,3,seemed that//seems to,Does the text make any claims with great confidence? Highlight the relevant part.,Maybe,True
83,100030,dafa2bb8de86d276aa69797936139a5fdb4c067ef5353f586b53fab36bdd360b,cc4f1b2a-750b-4248-9aaf-37d99a3c0146,16e71501-d223-4497-ad8f-98f41d098653,Probability Specialist V4,65f41c5a11228e225f5a1f7fecdda76385de5b42626d8b7e4f6223081093b7f6,1,7ef0ab39-82d2-4b76-b39b-2bb6c014a248,ordinal,2,0.7658599725768891,0.7658599725768891,"[2849, 2850, 2851, 2852, 2853, 2854, 2855, 2856, 2857, 2858, 2859, 2860, 2861, 2862, 2863, 2864]",0.27480917005579286,0.27480917005579286,0.520334571316341,3,3,much more likely,Does the text make any claims with great confidence? Highlight the relevant part.,Maybe,True
99,100030,dafa2bb8de86d276aa69797936139a5fdb4c067ef5353f586b53fab36bdd360b,e725026e-e9f4-4133-a0a4-7beb83ef358e,df331ed8-23a3-4278-b6e5-79b843b29ce3,Probability Specialist V4,65f41c5a11228e225f5a1f7fecdda76385de5b42626d8b7e4f6223081093b7f6,1,7ef0ab39-82d2-4b76-b39b-2bb6c014a248,ordinal,2,0.7658599725768891,0.7658599725768891,"[2980, 2981, 2982, 2983, 2984, 2985, 2986, 2987, 2988, 2989, 2990, 2991, 2992, 2993, 2994, 2995, 2996, 2997, 2998]",0.13445780431811294,0.13445780431811294,0.45015888844750096,3,3,It is also possible,Does the text make any claims with great confidence? Highlight the relevant part.,Maybe,True
22,100030,dafa2bb8de86d276aa69797936139a5fdb4c067ef5353f586b53fab36bdd360b,47e97070-1a56-45e5-8f38-5a43880bb6ef,b620fa65-6dc8-469d-a657-26a523b6a4f1,Probability Specialist V4,65f41c5a11228e225f5a1f7fecdda76385de5b42626d8b7e4f6223081093b7f6,1,526d6416-1d0f-40c6-8e9e-df8f44536bbf,ordinal,1,0.7658599725768891,0.7658599725768891,"[2783, 2784, 2785, 2786, 2787, 2788, 2789, 2790, 2791, 2792, 2793, 2794, 2795, 2796, 2797, 2798, 2799, 2800, 2801, 2802, 2803]",0.3728225784557614,0.3728225784557614,0.5693412755163252,3,3,an extremely unlikely,Does the text make any claims with great confidence? Highlight the relevant part.,Yes,True
84,100030,dafa2bb8de86d276aa69797936139a5fdb4c067ef5353f586b53fab36bdd360b,cc4f1b2a-750b-4248-9aaf-37d99a3c0146,16e71501-d223-4497-ad8f-98f41d098653,Probability Specialist V4,65f41c5a11228e225f5a1f7fecdda76385de5b42626d8b7e4f6223081093b7f6,2,78f491a7-8ccb-4582-8972-f0c9a3c8ee8b,ordinal,5,0.8648259251435817,0.8648259251435817,[],,,0.8648259251435817,3,5,,To what extent does the confidence seem justified?,Not at all justified,True
100,100030,dafa2bb8de86d276aa69797936139a5fdb4c067ef5353f586b53fab36bdd360b,e725026e-e9f4-4133-a0a4-7beb83ef358e,df331ed8-23a3-4278-b6e5-79b843b29ce3,Probability Specialist V4,65f41c5a11228e225f5a1f7fecdda76385de5b42626d8b7e4f6223081093b7f6,2,78f491a7-8ccb-4582-8972-f0c9a3c8ee8b,ordinal,5,0.713213089364642,0.713213089364642,[],,,0.713213089364642,3,5,,To what extent does the confidence seem justified?,Not at all justified,True
76,100030,dafa2bb8de86d276aa69797936139a5fdb4c067ef5353f586b53fab36bdd360b,bd28227f-65ab-426b-b41b-a0b9cbecea28,0ab1b8ae-c3a5-49d7-b84c-29d8067d877b,Probability Specialist V4,65f41c5a11228e225f5a1f7fecdda76385de5b42626d8b7e4f6223081093b7f6,2,be49d63d-3beb-467a-aa7c-718edc7ed4f7,ordinal,2,0.7853812700750918,0.7853812700750918,[],,,0.7853812700750918,3,5,,To what extent does the confidence seem justified?,Mostly justified,True
23,100030,dafa2bb8de86d276aa69797936139a5fdb4c067ef5353f586b53fab36bdd360b,47e97070-1a56-45e5-8f38-5a43880bb6ef,b620fa65-6dc8-469d-a657-26a523b6a4f1,Probability Specialist V4,65f41c5a11228e225f5a1f7fecdda76385de5b42626d8b7e4f6223081093b7f6,2,7dff2434-b492-4089-8f8f-5da4704ce257,ordinal,3,1.0,1.0,[],,,1.0,3,5,,To what extent does the confidence seem justified?,Somewhat justified,True
8,100030,dafa2bb8de86d276aa69797936139a5fdb4c067ef5353f586b53fab36bdd360b,1a6de788-297b-4a8b-b44f-eadf550ee496,1e5069d4-d3cf-4346-aacb-6b13c590b3ea,Probability Specialist V4,65f41c5a11228e225f5a1f7fecdda76385de5b42626d8b7e4f6223081093b7f6,2,78f491a7-8ccb-4582-8972-f0c9a3c8ee8b,ordinal,5,0.713213089364642,0.713213089364642,[],,,0.713213089364642,3,5,,To what extent does the confidence seem justified?,Not at all justified,True
103,100030,dafa2bb8de86d276aa69797936139a5fdb4c067ef5353f586b53fab36bdd360b,e725026e-e9f4-4133-a0a4-7beb83ef358e,df331ed8-23a3-4278-b6e5-79b843b29ce3,Probability Specialist V4,65f41c5a11228e225f5a1f7fecdda76385de5b42626d8b7e4f6223081093b7f6,11,002077ed-5157-4456-91b9-eea5de790634,ordinal,1,0.9674820326231568,0.9674820326231568,[],,,0.9674820326231568,3,4,,Does the text acknowledge that additional evidence might shift our understanding of the topics discussed in the article?,"Yes, explicitly",True
77,100030,dafa2bb8de86d276aa69797936139a5fdb4c067ef5353f586b53fab36bdd360b,bd28227f-65ab-426b-b41b-a0b9cbecea28,0ab1b8ae-c3a5-49d7-b84c-29d8067d877b,Probability Specialist V4,65f41c5a11228e225f5a1f7fecdda76385de5b42626d8b7e4f6223081093b7f6,5,da4a91ae-8875-4d8e-bcbe-64625efa27cd,ordinal,1,0.7658599725768891,0.7658599725768891,"[1175, 1176, 1177, 1178, 1179, 1180, 1181, 1182, 1183, 1243, 1244, 1245, 1246]",0.8524308240490434,0.8524308240490434,0.8091453983129662,3,3,seem like//seem,"Does the text acknowledge that their favored theory is in any way uncertain? If so, highlight the relevant section.","Yes, explicitly",True
85,100030,dafa2bb8de86d276aa69797936139a5fdb4c067ef5353f586b53fab36bdd360b,cc4f1b2a-750b-4248-9aaf-37d99a3c0146,16e71501-d223-4497-ad8f-98f41d098653,Probability Specialist V4,65f41c5a11228e225f5a1f7fecdda76385de5b42626d8b7e4f6223081093b7f6,5,63440ba4-1f4b-4bf8-9d12-dd59c8429bfd,ordinal,2,0.7658599725768891,0.7658599725768891,"[2849, 2850, 2851, 2852, 2853, 2854, 2855, 2856, 2857, 2858, 2859, 2860, 2861, 2862, 2863, 2864]",0.6347175300749361,0.6347175300749361,0.7002887513259126,3,3,much more likely,"Does the text acknowledge that their favored theory is in any way uncertain? If so, highlight the relevant section.","Yes, implicitly",True
9,100030,dafa2bb8de86d276aa69797936139a5fdb4c067ef5353f586b53fab36bdd360b,1a6de788-297b-4a8b-b44f-eadf550ee496,1e5069d4-d3cf-4346-aacb-6b13c590b3ea,Probability Specialist V4,65f41c5a11228e225f5a1f7fecdda76385de5b42626d8b7e4f6223081093b7f6,5,63440ba4-1f4b-4bf8-9d12-dd59c8429bfd,ordinal,2,0.7658599725768891,0.7658599725768891,"[1499, 1500, 1501, 1502, 1503, 1504, 1605, 1606, 1607, 1608, 1609, 1610, 1611, 1612]",0.7648237107673556,0.7648237107673556,0.7653418416721223,3,3,seemed//seems to,"Does the text acknowledge that their favored theory is in any way uncertain? If so, highlight the relevant section.","Yes, implicitly",True
24,100030,dafa2bb8de86d276aa69797936139a5fdb4c067ef5353f586b53fab36bdd360b,47e97070-1a56-45e5-8f38-5a43880bb6ef,b620fa65-6dc8-469d-a657-26a523b6a4f1,Probability Specialist V4,65f41c5a11228e225f5a1f7fecdda76385de5b42626d8b7e4f6223081093b7f6,5,0,ordinal,M,0.4756209782252112,0.4756209782252112,M,M,M,0.2378104891126056,3,3,M,"Does the text acknowledge that their favored theory is in any way uncertain? If so, highlight the relevant section.",M,True
86,100030,dafa2bb8de86d276aa69797936139a5fdb4c067ef5353f586b53fab36bdd360b,cc4f1b2a-750b-4248-9aaf-37d99a3c0146,16e71501-d223-4497-ad8f-98f41d098653,Probability Specialist V4,65f41c5a11228e225f5a1f7fecdda76385de5b42626d8b7e4f6223081093b7f6,6,f3a358dd-c56a-41f7-a0be-d455917b5c3c,ordinal,1,1.0,1.0,[],,,1.0,3,3,,Are any numbers given?,No,True
11,100030,dafa2bb8de86d276aa69797936139a5fdb4c067ef5353f586b53fab36bdd360b,1a6de788-297b-4a8b-b44f-eadf550ee496,1e5069d4-d3cf-4346-aacb-6b13c590b3ea,Probability Specialist V4,65f41c5a11228e225f5a1f7fecdda76385de5b42626d8b7e4f6223081093b7f6,11,66e1efff-dce9-4204-97c9-cb68f80ab314,ordinal,3,0.8286346099994961,0.8286346099994961,[],,,0.8286346099994961,3,4,,Does the text acknowledge that additional evidence might shift our understanding of the topics discussed in the article?,I can't tell,True
102,100030,dafa2bb8de86d276aa69797936139a5fdb4c067ef5353f586b53fab36bdd360b,e725026e-e9f4-4133-a0a4-7beb83ef358e,df331ed8-23a3-4278-b6e5-79b843b29ce3,Probability Specialist V4,65f41c5a11228e225f5a1f7fecdda76385de5b42626d8b7e4f6223081093b7f6,6,f3a358dd-c56a-41f7-a0be-d455917b5c3c,ordinal,1,1.0,1.0,[],,,1.0,3,3,,Are any numbers given?,No,True
78,100030,dafa2bb8de86d276aa69797936139a5fdb4c067ef5353f586b53fab36bdd360b,bd28227f-65ab-426b-b41b-a0b9cbecea28,0ab1b8ae-c3a5-49d7-b84c-29d8067d877b,Probability Specialist V4,65f41c5a11228e225f5a1f7fecdda76385de5b42626d8b7e4f6223081093b7f6,6,f3a358dd-c56a-41f7-a0be-d455917b5c3c,ordinal,1,1.0,1.0,[],,,1.0,3,3,,Are any numbers given?,No,True
106,100030,dafa2bb8de86d276aa69797936139a5fdb4c067ef5353f586b53fab36bdd360b,e725026e-e9f4-4133-a0a4-7beb83ef358e,df331ed8-23a3-4278-b6e5-79b843b29ce3,Probability Specialist V4,65f41c5a11228e225f5a1f7fecdda76385de5b42626d8b7e4f6223081093b7f6,14,c0055648-1bb6-4512-ad28-835c73d8b121,ordinal,5,0.7513670936879286,0.7513670936879286,[],,,0.7513670936879286,3,10,,"How confident are you about your answers, on the whole?",5: 50-50,True
10,100030,dafa2bb8de86d276aa69797936139a5fdb4c067ef5353f586b53fab36bdd360b,1a6de788-297b-4a8b-b44f-eadf550ee496,1e5069d4-d3cf-4346-aacb-6b13c590b3ea,Probability Specialist V4,65f41c5a11228e225f5a1f7fecdda76385de5b42626d8b7e4f6223081093b7f6,6,f3a358dd-c56a-41f7-a0be-d455917b5c3c,ordinal,1,1.0,1.0,[],,,1.0,3,3,,Are any numbers given?,No,True
101,100030,dafa2bb8de86d276aa69797936139a5fdb4c067ef5353f586b53fab36bdd360b,e725026e-e9f4-4133-a0a4-7beb83ef358e,df331ed8-23a3-4278-b6e5-79b843b29ce3,Probability Specialist V4,65f41c5a11228e225f5a1f7fecdda76385de5b42626d8b7e4f6223081093b7f6,5,0,ordinal,M,0.4756209782252112,0.4756209782252112,M,M,M,0.2378104891126056,3,3,M,"Does the text acknowledge that their favored theory is in any way uncertain? If so, highlight the relevant section.",M,True
20,100031,729c16dbf760152f8bb67a7ecfbb15a25ae7f594fe35bd711c1d5e1ef1ff5c1f,25d71212-797d-4a1f-9acd-5fc86d14ede4,32224b0d-85e0-4906-9f85-19c48746b091,Probability Specialist V4,65f41c5a11228e225f5a1f7fecdda76385de5b42626d8b7e4f6223081093b7f6,13,978ce4dc-b782-47c3-8cf7-2250ba0a89d5,ordinal,2,0.8272017054059445,0.8272017054059445,[],,,0.8272017054059445,3,10,,"How difficult was this task for you, on the whole?",2,True
17,100031,729c16dbf760152f8bb67a7ecfbb15a25ae7f594fe35bd711c1d5e1ef1ff5c1f,25d71212-797d-4a1f-9acd-5fc86d14ede4,32224b0d-85e0-4906-9f85-19c48746b091,Probability Specialist V4,65f41c5a11228e225f5a1f7fecdda76385de5b42626d8b7e4f6223081093b7f6,6,f3a358dd-c56a-41f7-a0be-d455917b5c3c,ordinal,1,1.0,1.0,[],,,1.0,3,3,,Are any numbers given?,No,True
18,100031,729c16dbf760152f8bb67a7ecfbb15a25ae7f594fe35bd711c1d5e1ef1ff5c1f,25d71212-797d-4a1f-9acd-5fc86d14ede4,32224b0d-85e0-4906-9f85-19c48746b091,Probability Specialist V4,65f41c5a11228e225f5a1f7fecdda76385de5b42626d8b7e4f6223081093b7f6,11,9f86eeb4-566e-46a6-a3e5-c944698c93bc,ordinal,2,0.7233083338141042,0.7233083338141042,[],,,0.7233083338141042,3,4,,Does the text acknowledge that additional evidence might shift our understanding of the topics discussed in the article?,"Yes, implicitly",True
21,100031,729c16dbf760152f8bb67a7ecfbb15a25ae7f594fe35bd711c1d5e1ef1ff5c1f,25d71212-797d-4a1f-9acd-5fc86d14ede4,32224b0d-85e0-4906-9f85-19c48746b091,Probability Specialist V4,65f41c5a11228e225f5a1f7fecdda76385de5b42626d8b7e4f6223081093b7f6,14,c0055648-1bb6-4512-ad28-835c73d8b121,ordinal,5,0.7513670936879286,0.7513670936879286,[],,,0.7513670936879286,3,10,,"How confident are you about your answers, on the whole?",5: 50-50,True
14,100031,729c16dbf760152f8bb67a7ecfbb15a25ae7f594fe35bd711c1d5e1ef1ff5c1f,25d71212-797d-4a1f-9acd-5fc86d14ede4,32224b0d-85e0-4906-9f85-19c48746b091,Probability Specialist V4,65f41c5a11228e225f5a1f7fecdda76385de5b42626d8b7e4f6223081093b7f6,1,7ef0ab39-82d2-4b76-b39b-2bb6c014a248,ordinal,2,1.0,1.0,"[2252, 2253, 2254, 2255, 2256, 2257, 2258, 2259, 2260, 2261, 2262, 2263, 2264]",0.13940848314501786,0.13940848314501786,0.5697042415725089,3,3,appeared that,Does the text make any claims with great confidence? Highlight the relevant part.,Maybe,True
15,100031,729c16dbf760152f8bb67a7ecfbb15a25ae7f594fe35bd711c1d5e1ef1ff5c1f,25d71212-797d-4a1f-9acd-5fc86d14ede4,32224b0d-85e0-4906-9f85-19c48746b091,Probability Specialist V4,65f41c5a11228e225f5a1f7fecdda76385de5b42626d8b7e4f6223081093b7f6,2,7dff2434-b492-4089-8f8f-5da4704ce257,ordinal,3,0.7853812700750918,0.7853812700750918,[],,,0.7853812700750918,3,5,,To what extent does the confidence seem justified?,Somewhat justified,True
16,100031,729c16dbf760152f8bb67a7ecfbb15a25ae7f594fe35bd711c1d5e1ef1ff5c1f,25d71212-797d-4a1f-9acd-5fc86d14ede4,32224b0d-85e0-4906-9f85-19c48746b091,Probability Specialist V4,65f41c5a11228e225f5a1f7fecdda76385de5b42626d8b7e4f6223081093b7f6,5,63440ba4-1f4b-4bf8-9d12-dd59c8429bfd,ordinal,2,0.7658599725768891,0.7658599725768891,[],,,0.7658599725768891,3,3,,"Does the text acknowledge that their favored theory is in any way uncertain? If so, highlight the relevant section.","Yes, implicitly",True
42,100032,832ecb4405a6c6ba17b9f5a67e9cdb91b07462cb9d723162fbcf3e114b66f791,61cff4bb-3a1c-4113-aabc-2466c18f8739,32855fb9-1f1a-40f9-9d7f-b201522cc3b4,Probability Specialist V4,65f41c5a11228e225f5a1f7fecdda76385de5b42626d8b7e4f6223081093b7f6,13,978ce4dc-b782-47c3-8cf7-2250ba0a89d5,ordinal,2,0.8272017054059445,0.8272017054059445,[],,,0.8272017054059445,3,10,,"How difficult was this task for you, on the whole?",2,True
43,100032,832ecb4405a6c6ba17b9f5a67e9cdb91b07462cb9d723162fbcf3e114b66f791,61cff4bb-3a1c-4113-aabc-2466c18f8739,32855fb9-1f1a-40f9-9d7f-b201522cc3b4,Probability Specialist V4,65f41c5a11228e225f5a1f7fecdda76385de5b42626d8b7e4f6223081093b7f6,14,9f5d88c7-6012-4cd4-9c4e-1234957ec3f4,ordinal,9,0.713213089364642,0.713213089364642,[],,,0.713213089364642,3,10,,"How confident are you about your answers, on the whole?",9,True
38,100032,832ecb4405a6c6ba17b9f5a67e9cdb91b07462cb9d723162fbcf3e114b66f791,61cff4bb-3a1c-4113-aabc-2466c18f8739,32855fb9-1f1a-40f9-9d7f-b201522cc3b4,Probability Specialist V4,65f41c5a11228e225f5a1f7fecdda76385de5b42626d8b7e4f6223081093b7f6,2,7dff2434-b492-4089-8f8f-5da4704ce257,ordinal,3,0.713213089364642,0.713213089364642,[],,,0.713213089364642,3,5,,To what extent does the confidence seem justified?,Somewhat justified,True
39,100032,832ecb4405a6c6ba17b9f5a67e9cdb91b07462cb9d723162fbcf3e114b66f791,61cff4bb-3a1c-4113-aabc-2466c18f8739,32855fb9-1f1a-40f9-9d7f-b201522cc3b4,Probability Specialist V4,65f41c5a11228e225f5a1f7fecdda76385de5b42626d8b7e4f6223081093b7f6,5,da4a91ae-8875-4d8e-bcbe-64625efa27cd,ordinal,1,0.7658599725768891,0.7658599725768891,"[301, 302, 303, 304, 305]",1.0,1.0,0.8829299862884445,3,3,might,"Does the text acknowledge that their favored theory is in any way uncertain? If so, highlight the relevant section.","Yes, explicitly",True
40,100032,832ecb4405a6c6ba17b9f5a67e9cdb91b07462cb9d723162fbcf3e114b66f791,61cff4bb-3a1c-4113-aabc-2466c18f8739,32855fb9-1f1a-40f9-9d7f-b201522cc3b4,Probability Specialist V4,65f41c5a11228e225f5a1f7fecdda76385de5b42626d8b7e4f6223081093b7f6,6,f3a358dd-c56a-41f7-a0be-d455917b5c3c,ordinal,1,1.0,1.0,[],,,1.0,3,3,,Are any numbers given?,No,True
41,100032,832ecb4405a6c6ba17b9f5a67e9cdb91b07462cb9d723162fbcf3e114b66f791,61cff4bb-3a1c-4113-aabc-2466c18f8739,32855fb9-1f1a-40f9-9d7f-b201522cc3b4,Probability Specialist V4,65f41c5a11228e225f5a1f7fecdda76385de5b42626d8b7e4f6223081093b7f6,11,e57e2708-cfb6-49e7-b78a-83708dfbd23e,ordinal,4,0.8286346099994961,0.8286346099994961,[],,,0.8286346099994961,3,4,,Does the text acknowledge that additional evidence might shift our understanding of the topics discussed in the article?,"No, not at all",True
37,100032,832ecb4405a6c6ba17b9f5a67e9cdb91b07462cb9d723162fbcf3e114b66f791,61cff4bb-3a1c-4113-aabc-2466c18f8739,32855fb9-1f1a-40f9-9d7f-b201522cc3b4,Probability Specialist V4,65f41c5a11228e225f5a1f7fecdda76385de5b42626d8b7e4f6223081093b7f6,1,7ef0ab39-82d2-4b76-b39b-2bb6c014a248,ordinal,2,1.0,1.0,"[301, 302, 303, 304, 305]",0.07005231296598025,0.07005231296598025,0.5350261564829901,3,3,might,Does the text make any claims with great confidence? Highlight the relevant part.,Maybe,True
