schema_namespace,schema_sha256,topic_uuid,topic_name,topic_options,question_uuid,question_label,question_text,question_type,question_hint_type,question_next_questions,alpha_distance,question_options,answer_count,answer_uuid,answer_label,answer_content,answer_next_questions,highlight,require_highlight,answer_options
NYU_Language2,c61fde1e9a2fcf6f097f0d93b27f7f53fd89c4e5771654f4bdd2711376b3dad6,3d93c2cc-b10f-4ca4-9cfa-eb41c62dfdb3,Language Specialist V4,"{""highlight"": true, ""version"": ""4"", ""hint_type"": """"}",99a02969-2af5-4b0b-8932-715c6673d182,T1.Q1,"Which of the following appears in the bolded text to the left? Check all that apply, or none, and highlight the part of the passage in which you see each.",CHECKBOX,,,nominal,"{""version"": ""4"", ""alpha_distance"": ""nominal"", ""require_one_or_more"": true, ""hint_type"": """"}",13,d7c386c4-e19e-4612-8887-a0d091968a31,T1.Q1.A1,Metaphorical Language,T1.Q2,1,1,"{""case_numbers"": true, ""highlight"": true, ""version"": ""4"", ""require_highlight"": true}"
NYU_Language2,c61fde1e9a2fcf6f097f0d93b27f7f53fd89c4e5771654f4bdd2711376b3dad6,3d93c2cc-b10f-4ca4-9cfa-eb41c62dfdb3,Language Specialist V4,"{""highlight"": true, ""version"": ""4"", ""hint_type"": """"}",99a02969-2af5-4b0b-8932-715c6673d182,T1.Q1,"Which of the following appears in the bolded text to the left? Check all that apply, or none, and highlight the part of the passage in which you see each.",CHECKBOX,,,nominal,"{""version"": ""4"", ""alpha_distance"": ""nominal"", ""require_one_or_more"": true, ""hint_type"": """"}",13,7a146b92-9a34-4cf6-b678-714ac53a02a8,T1.Q1.A2,Exaggeration,T1.Q3,1,1,"{""case_numbers"": true, ""highlight"": true, ""version"": ""4"", ""require_highlight"": true}"
NYU_Language2,c61fde1e9a2fcf6f097f0d93b27f7f53fd89c4e5771654f4bdd2711376b3dad6,3d93c2cc-b10f-4ca4-9cfa-eb41c62dfdb3,Language Specialist V4,"{""highlight"": true, ""version"": ""4"", ""hint_type"": """"}",99a02969-2af5-4b0b-8932-715c6673d182,T1.Q1,"Which of the following appears in the bolded text to the left? Check all that apply, or none, and highlight the part of the passage in which you see each.",CHECKBOX,,,nominal,"{""version"": ""4"", ""alpha_distance"": ""nominal"", ""require_one_or_more"": true, ""hint_type"": """"}",13,f6059f4c-079d-42db-bb9d-f84cca619e03,T1.Q1.A3,Scandal,,1,1,"{""case_numbers"": true, ""highlight"": true, ""version"": ""4"", ""require_highlight"": true}"
NYU_Language2,c61fde1e9a2fcf6f097f0d93b27f7f53fd89c4e5771654f4bdd2711376b3dad6,3d93c2cc-b10f-4ca4-9cfa-eb41c62dfdb3,Language Specialist V4,"{""highlight"": true, ""version"": ""4"", ""hint_type"": """"}",99a02969-2af5-4b0b-8932-715c6673d182,T1.Q1,"Which of the following appears in the bolded text to the left? Check all that apply, or none, and highlight the part of the passage in which you see each.",CHECKBOX,,,nominal,"{""version"": ""4"", ""alpha_distance"": ""nominal"", ""require_one_or_more"": true, ""hint_type"": """"}",13,6286858b-5437-4f79-b409-8ad9b0440fca,T1.Q1.A4,Emotional tone (including expletives),"T1.Q5, T1.Q6",1,1,"{""case_numbers"": true, ""highlight"": true, ""version"": ""4"", ""require_highlight"": true}"
NYU_Language2,c61fde1e9a2fcf6f097f0d93b27f7f53fd89c4e5771654f4bdd2711376b3dad6,3d93c2cc-b10f-4ca4-9cfa-eb41c62dfdb3,Language Specialist V4,"{""highlight"": true, ""version"": ""4"", ""hint_type"": """"}",99a02969-2af5-4b0b-8932-715c6673d182,T1.Q1,"Which of the following appears in the bolded text to the left? Check all that apply, or none, and highlight the part of the passage in which you see each.",CHECKBOX,,,nominal,"{""version"": ""4"", ""alpha_distance"": ""nominal"", ""require_one_or_more"": true, ""hint_type"": """"}",13,b1e395f9-7b64-4db1-81f0-c0ad77262554,T1.Q1.A5,Shock or surprise,,1,1,"{""case_numbers"": true, ""highlight"": true, ""version"": ""4"", ""require_highlight"": true}"
NYU_Language2,c61fde1e9a2fcf6f097f0d93b27f7f53fd89c4e5771654f4bdd2711376b3dad6,3d93c2cc-b10f-4ca4-9cfa-eb41c62dfdb3,Language Specialist V4,"{""highlight"": true, ""version"": ""4"", ""hint_type"": """"}",99a02969-2af5-4b0b-8932-715c6673d182,T1.Q1,"Which of the following appears in the bolded text to the left? Check all that apply, or none, and highlight the part of the passage in which you see each.",CHECKBOX,,,nominal,"{""version"": ""4"", ""alpha_distance"": ""nominal"", ""require_one_or_more"": true, ""hint_type"": """"}",13,9242d69f-e0d0-41b0-8a90-a3802f41bd52,T1.Q1.A6,Slang,"T1.Q9, T1.Q10",1,1,"{""case_numbers"": true, ""highlight"": true, ""version"": ""4"", ""require_highlight"": true}"
NYU_Language2,c61fde1e9a2fcf6f097f0d93b27f7f53fd89c4e5771654f4bdd2711376b3dad6,3d93c2cc-b10f-4ca4-9cfa-eb41c62dfdb3,Language Specialist V4,"{""highlight"": true, ""version"": ""4"", ""hint_type"": """"}",99a02969-2af5-4b0b-8932-715c6673d182,T1.Q1,"Which of the following appears in the bolded text to the left? Check all that apply, or none, and highlight the part of the passage in which you see each.",CHECKBOX,,,nominal,"{""version"": ""4"", ""alpha_distance"": ""nominal"", ""require_one_or_more"": true, ""hint_type"": """"}",13,a0f4a03e-96ff-4dde-b2c0-1d9264d13329,T1.Q1.A7,Typos,T1.Q11,1,1,"{""case_numbers"": true, ""highlight"": true, ""version"": ""4"", ""require_highlight"": true}"
NYU_Language2,c61fde1e9a2fcf6f097f0d93b27f7f53fd89c4e5771654f4bdd2711376b3dad6,3d93c2cc-b10f-4ca4-9cfa-eb41c62dfdb3,Language Specialist V4,"{""highlight"": true, ""version"": ""4"", ""hint_type"": """"}",99a02969-2af5-4b0b-8932-715c6673d182,T1.Q1,"Which of the following appears in the bolded text to the left? Check all that apply, or none, and highlight the part of the passage in which you see each.",CHECKBOX,,,nominal,"{""version"": ""4"", ""alpha_distance"": ""nominal"", ""require_one_or_more"": true, ""hint_type"": """"}",13,360999dc-9ae5-40c1-9d76-9b9ef1401442,T1.Q1.A8,Bad grammar,T1.Q11,1,1,"{""case_numbers"": true, ""highlight"": true, ""version"": ""4"", ""require_highlight"": true}"
NYU_Language2,c61fde1e9a2fcf6f097f0d93b27f7f53fd89c4e5771654f4bdd2711376b3dad6,3d93c2cc-b10f-4ca4-9cfa-eb41c62dfdb3,Language Specialist V4,"{""highlight"": true, ""version"": ""4"", ""hint_type"": """"}",99a02969-2af5-4b0b-8932-715c6673d182,T1.Q1,"Which of the following appears in the bolded text to the left? Check all that apply, or none, and highlight the part of the passage in which you see each.",CHECKBOX,,,nominal,"{""version"": ""4"", ""alpha_distance"": ""nominal"", ""require_one_or_more"": true, ""hint_type"": """"}",13,e9133dd0-45f5-4aa7-872b-d94869215c8e,T1.Q1.A9,Misleading or confusing sentence structure,T1.Q11,1,1,"{""case_numbers"": true, ""highlight"": true, ""version"": ""4"", ""require_highlight"": true}"
NYU_Language2,c61fde1e9a2fcf6f097f0d93b27f7f53fd89c4e5771654f4bdd2711376b3dad6,3d93c2cc-b10f-4ca4-9cfa-eb41c62dfdb3,Language Specialist V4,"{""highlight"": true, ""version"": ""4"", ""hint_type"": """"}",99a02969-2af5-4b0b-8932-715c6673d182,T1.Q1,"Which of the following appears in the bolded text to the left? Check all that apply, or none, and highlight the part of the passage in which you see each.",CHECKBOX,,,nominal,"{""version"": ""4"", ""alpha_distance"": ""nominal"", ""require_one_or_more"": true, ""hint_type"": """"}",13,a358692b-f1bb-4be1-ae44-7d4fb5207fcf,T1.Q1.A10,Other unnecessary or misleading coloring of language,T1.Q13,1,1,"{""case_numbers"": true, ""highlight"": true, ""version"": ""4"", ""require_highlight"": true}"
NYU_Language2,c61fde1e9a2fcf6f097f0d93b27f7f53fd89c4e5771654f4bdd2711376b3dad6,3d93c2cc-b10f-4ca4-9cfa-eb41c62dfdb3,Language Specialist V4,"{""highlight"": true, ""version"": ""4"", ""hint_type"": """"}",99a02969-2af5-4b0b-8932-715c6673d182,T1.Q1,"Which of the following appears in the bolded text to the left? Check all that apply, or none, and highlight the part of the passage in which you see each.",CHECKBOX,,,nominal,"{""version"": ""4"", ""alpha_distance"": ""nominal"", ""require_one_or_more"": true, ""hint_type"": """"}",13,9b32235d-a95f-45ac-be68-0f8b263c5bae,T1.Q1.A11,Colorful but not misleading in any way,,1,1,"{""case_numbers"": true, ""highlight"": true, ""version"": ""4"", ""require_highlight"": true}"
NYU_Language2,c61fde1e9a2fcf6f097f0d93b27f7f53fd89c4e5771654f4bdd2711376b3dad6,3d93c2cc-b10f-4ca4-9cfa-eb41c62dfdb3,Language Specialist V4,"{""highlight"": true, ""version"": ""4"", ""hint_type"": """"}",99a02969-2af5-4b0b-8932-715c6673d182,T1.Q1,"Which of the following appears in the bolded text to the left? Check all that apply, or none, and highlight the part of the passage in which you see each.",CHECKBOX,,,nominal,"{""version"": ""4"", ""alpha_distance"": ""nominal"", ""require_one_or_more"": true, ""hint_type"": """"}",13,99930d9b-8a58-4f1c-81fa-46e8db04cc90,T1.Q1.A12,Other problem with language,,1,1,"{""case_numbers"": true, ""highlight"": true, ""version"": ""4"", ""require_highlight"": true}"
NYU_Language2,c61fde1e9a2fcf6f097f0d93b27f7f53fd89c4e5771654f4bdd2711376b3dad6,3d93c2cc-b10f-4ca4-9cfa-eb41c62dfdb3,Language Specialist V4,"{""highlight"": true, ""version"": ""4"", ""hint_type"": """"}",99a02969-2af5-4b0b-8932-715c6673d182,T1.Q1,"Which of the following appears in the bolded text to the left? Check all that apply, or none, and highlight the part of the passage in which you see each.",CHECKBOX,,,nominal,"{""version"": ""4"", ""alpha_distance"": ""nominal"", ""require_one_or_more"": true, ""hint_type"": """"}",13,48a53d16-e026-4024-8d4f-d8d6ea543b98,T1.Q1.A13,Nothing wrong with language,,0,1,"{""case_numbers"": true, ""highlight"": false, ""version"": ""4"", ""require_highlight"": true}"
NYU_Language2,c61fde1e9a2fcf6f097f0d93b27f7f53fd89c4e5771654f4bdd2711376b3dad6,3d93c2cc-b10f-4ca4-9cfa-eb41c62dfdb3,Language Specialist V4,"{""highlight"": true, ""version"": ""4"", ""hint_type"": """"}",34bb7282-20de-493f-9fbb-5566ed6d0189,T1.Q2,"The use of metaphorical language (e.g., metaphors of war, disease, infection, invasion, alien, decay, etc) is....",RADIO,,,nominal,"{""version"": ""4"", ""alpha_distance"": ""nominal"", ""require_one_or_more"": true, ""hint_type"": """"}",5,1396fefa-9b8f-4e6f-a663-a383714a6859,T1.Q2.A1,EXTREMELY excessive/inappropriate,,0,1,"{""case_numbers"": true, ""highlight"": false, ""version"": ""4"", ""require_highlight"": true}"
NYU_Language2,c61fde1e9a2fcf6f097f0d93b27f7f53fd89c4e5771654f4bdd2711376b3dad6,3d93c2cc-b10f-4ca4-9cfa-eb41c62dfdb3,Language Specialist V4,"{""highlight"": true, ""version"": ""4"", ""hint_type"": """"}",34bb7282-20de-493f-9fbb-5566ed6d0189,T1.Q2,"The use of metaphorical language (e.g., metaphors of war, disease, infection, invasion, alien, decay, etc) is....",RADIO,,,nominal,"{""version"": ""4"", ""alpha_distance"": ""nominal"", ""require_one_or_more"": true, ""hint_type"": """"}",5,3e6a9f29-8fff-49cf-a525-5ddae8b29498,T1.Q2.A2,CONSIDERABLY excessive/inappropriate,,0,1,"{""case_numbers"": true, ""highlight"": false, ""version"": ""4"", ""require_highlight"": true}"
NYU_Language2,c61fde1e9a2fcf6f097f0d93b27f7f53fd89c4e5771654f4bdd2711376b3dad6,3d93c2cc-b10f-4ca4-9cfa-eb41c62dfdb3,Language Specialist V4,"{""highlight"": true, ""version"": ""4"", ""hint_type"": """"}",34bb7282-20de-493f-9fbb-5566ed6d0189,T1.Q2,"The use of metaphorical language (e.g., metaphors of war, disease, infection, invasion, alien, decay, etc) is....",RADIO,,,nominal,"{""version"": ""4"", ""alpha_distance"": ""nominal"", ""require_one_or_more"": true, ""hint_type"": """"}",5,bfe63c0d-f476-4d2e-950a-15166ca335e2,T1.Q2.A3,SOMEWHAT excessive/inappropriate,,0,1,"{""case_numbers"": true, ""highlight"": false, ""version"": ""4"", ""require_highlight"": true}"
NYU_Language2,c61fde1e9a2fcf6f097f0d93b27f7f53fd89c4e5771654f4bdd2711376b3dad6,3d93c2cc-b10f-4ca4-9cfa-eb41c62dfdb3,Language Specialist V4,"{""highlight"": true, ""version"": ""4"", ""hint_type"": """"}",34bb7282-20de-493f-9fbb-5566ed6d0189,T1.Q2,"The use of metaphorical language (e.g., metaphors of war, disease, infection, invasion, alien, decay, etc) is....",RADIO,,,nominal,"{""version"": ""4"", ""alpha_distance"": ""nominal"", ""require_one_or_more"": true, ""hint_type"": """"}",5,92c2c3f1-bf97-4c57-be63-cc8cc72f7f4f,T1.Q2.A4,MILDLY excessive/inappropriate,,0,1,"{""case_numbers"": true, ""highlight"": false, ""version"": ""4"", ""require_highlight"": true}"
NYU_Language2,c61fde1e9a2fcf6f097f0d93b27f7f53fd89c4e5771654f4bdd2711376b3dad6,3d93c2cc-b10f-4ca4-9cfa-eb41c62dfdb3,Language Specialist V4,"{""highlight"": true, ""version"": ""4"", ""hint_type"": """"}",34bb7282-20de-493f-9fbb-5566ed6d0189,T1.Q2,"The use of metaphorical language (e.g., metaphors of war, disease, infection, invasion, alien, decay, etc) is....",RADIO,,,nominal,"{""version"": ""4"", ""alpha_distance"": ""nominal"", ""require_one_or_more"": true, ""hint_type"": """"}",5,f122abd1-9e64-4eef-a3e8-cd5648e3fce2,T1.Q2.A5,NOT AT ALL excessive/inappropriate,,0,1,"{""case_numbers"": true, ""highlight"": false, ""version"": ""4"", ""require_highlight"": true}"
NYU_Language2,c61fde1e9a2fcf6f097f0d93b27f7f53fd89c4e5771654f4bdd2711376b3dad6,3d93c2cc-b10f-4ca4-9cfa-eb41c62dfdb3,Language Specialist V4,"{""highlight"": true, ""version"": ""4"", ""hint_type"": """"}",83707468-6175-4db2-896d-3ec5041356e3,T1.Q3,How much does the exaggeration misrepresent reality?,RADIO,,,nominal,"{""version"": ""4"", ""alpha_distance"": ""nominal"", ""require_one_or_more"": true, ""hint_type"": """"}",5,1058c09b-d8bb-426a-be1d-71f7c1d2186e,T1.Q3.A1,Enormous misrepresentation,,0,1,"{""case_numbers"": true, ""highlight"": false, ""version"": ""4"", ""require_highlight"": true}"
NYU_Language2,c61fde1e9a2fcf6f097f0d93b27f7f53fd89c4e5771654f4bdd2711376b3dad6,3d93c2cc-b10f-4ca4-9cfa-eb41c62dfdb3,Language Specialist V4,"{""highlight"": true, ""version"": ""4"", ""hint_type"": """"}",83707468-6175-4db2-896d-3ec5041356e3,T1.Q3,How much does the exaggeration misrepresent reality?,RADIO,,,nominal,"{""version"": ""4"", ""alpha_distance"": ""nominal"", ""require_one_or_more"": true, ""hint_type"": """"}",5,fc2fdd74-3664-4014-8c73-793ef27e44bc,T1.Q3.A2,Considerable misrepresentation,,0,1,"{""case_numbers"": true, ""highlight"": false, ""version"": ""4"", ""require_highlight"": true}"
NYU_Language2,c61fde1e9a2fcf6f097f0d93b27f7f53fd89c4e5771654f4bdd2711376b3dad6,3d93c2cc-b10f-4ca4-9cfa-eb41c62dfdb3,Language Specialist V4,"{""highlight"": true, ""version"": ""4"", ""hint_type"": """"}",83707468-6175-4db2-896d-3ec5041356e3,T1.Q3,How much does the exaggeration misrepresent reality?,RADIO,,,nominal,"{""version"": ""4"", ""alpha_distance"": ""nominal"", ""require_one_or_more"": true, ""hint_type"": """"}",5,eeb1946c-0054-45ae-ae67-ace18d009fa0,T1.Q3.A3,Some misrepresentation,,0,1,"{""case_numbers"": true, ""highlight"": false, ""version"": ""4"", ""require_highlight"": true}"
NYU_Language2,c61fde1e9a2fcf6f097f0d93b27f7f53fd89c4e5771654f4bdd2711376b3dad6,3d93c2cc-b10f-4ca4-9cfa-eb41c62dfdb3,Language Specialist V4,"{""highlight"": true, ""version"": ""4"", ""hint_type"": """"}",83707468-6175-4db2-896d-3ec5041356e3,T1.Q3,How much does the exaggeration misrepresent reality?,RADIO,,,nominal,"{""version"": ""4"", ""alpha_distance"": ""nominal"", ""require_one_or_more"": true, ""hint_type"": """"}",5,3d239156-5e05-477a-80ff-d5f368c051e6,T1.Q3.A4,Minor misrepresentation,,0,1,"{""case_numbers"": true, ""highlight"": false, ""version"": ""4"", ""require_highlight"": true}"
NYU_Language2,c61fde1e9a2fcf6f097f0d93b27f7f53fd89c4e5771654f4bdd2711376b3dad6,3d93c2cc-b10f-4ca4-9cfa-eb41c62dfdb3,Language Specialist V4,"{""highlight"": true, ""version"": ""4"", ""hint_type"": """"}",83707468-6175-4db2-896d-3ec5041356e3,T1.Q3,How much does the exaggeration misrepresent reality?,RADIO,,,nominal,"{""version"": ""4"", ""alpha_distance"": ""nominal"", ""require_one_or_more"": true, ""hint_type"": """"}",5,f8caa533-9b29-4f11-914e-8114bf21ae48,T1.Q3.A5,The exaggeration could not possibly mislead anyone,,0,1,"{""case_numbers"": true, ""highlight"": false, ""version"": ""4"", ""require_highlight"": true}"
NYU_Language2,c61fde1e9a2fcf6f097f0d93b27f7f53fd89c4e5771654f4bdd2711376b3dad6,3d93c2cc-b10f-4ca4-9cfa-eb41c62dfdb3,Language Specialist V4,"{""highlight"": true, ""version"": ""4"", ""hint_type"": """"}",70949f53-8d45-4dc9-8ec8-4ec780dca4b6,T1.Q5,How strong is the emotional tone?,RADIO,,,nominal,"{""version"": ""4"", ""alpha_distance"": ""nominal"", ""require_one_or_more"": true, ""hint_type"": """"}",5,53c72a31-02ef-4001-9c53-5a36e947d3ae,T1.Q5.A1,Very strong,,0,1,"{""case_numbers"": true, ""highlight"": false, ""version"": ""4"", ""require_highlight"": true}"
NYU_Language2,c61fde1e9a2fcf6f097f0d93b27f7f53fd89c4e5771654f4bdd2711376b3dad6,3d93c2cc-b10f-4ca4-9cfa-eb41c62dfdb3,Language Specialist V4,"{""highlight"": true, ""version"": ""4"", ""hint_type"": """"}",70949f53-8d45-4dc9-8ec8-4ec780dca4b6,T1.Q5,How strong is the emotional tone?,RADIO,,,nominal,"{""version"": ""4"", ""alpha_distance"": ""nominal"", ""require_one_or_more"": true, ""hint_type"": """"}",5,9588b82a-f13c-4738-a7d8-73271f38426a,T1.Q5.A2,Somewhat strong,,0,1,"{""case_numbers"": true, ""highlight"": false, ""version"": ""4"", ""require_highlight"": true}"
NYU_Language2,c61fde1e9a2fcf6f097f0d93b27f7f53fd89c4e5771654f4bdd2711376b3dad6,3d93c2cc-b10f-4ca4-9cfa-eb41c62dfdb3,Language Specialist V4,"{""highlight"": true, ""version"": ""4"", ""hint_type"": """"}",70949f53-8d45-4dc9-8ec8-4ec780dca4b6,T1.Q5,How strong is the emotional tone?,RADIO,,,nominal,"{""version"": ""4"", ""alpha_distance"": ""nominal"", ""require_one_or_more"": true, ""hint_type"": """"}",5,3c96a2f5-033f-4687-96e0-bafcbc5afde0,T1.Q5.A3,Moderate,,0,1,"{""case_numbers"": true, ""highlight"": false, ""version"": ""4"", ""require_highlight"": true}"
NYU_Language2,c61fde1e9a2fcf6f097f0d93b27f7f53fd89c4e5771654f4bdd2711376b3dad6,3d93c2cc-b10f-4ca4-9cfa-eb41c62dfdb3,Language Specialist V4,"{""highlight"": true, ""version"": ""4"", ""hint_type"": """"}",70949f53-8d45-4dc9-8ec8-4ec780dca4b6,T1.Q5,How strong is the emotional tone?,RADIO,,,nominal,"{""version"": ""4"", ""alpha_distance"": ""nominal"", ""require_one_or_more"": true, ""hint_type"": """"}",5,908e5dda-1451-425c-baba-c08c4f4e068f,T1.Q5.A4,Mild,,0,1,"{""case_numbers"": true, ""highlight"": false, ""version"": ""4"", ""require_highlight"": true}"
NYU_Language2,c61fde1e9a2fcf6f097f0d93b27f7f53fd89c4e5771654f4bdd2711376b3dad6,3d93c2cc-b10f-4ca4-9cfa-eb41c62dfdb3,Language Specialist V4,"{""highlight"": true, ""version"": ""4"", ""hint_type"": """"}",70949f53-8d45-4dc9-8ec8-4ec780dca4b6,T1.Q5,How strong is the emotional tone?,RADIO,,,nominal,"{""version"": ""4"", ""alpha_distance"": ""nominal"", ""require_one_or_more"": true, ""hint_type"": """"}",5,9e5cdc46-4c7a-43cb-b536-5fd71aff52b3,T1.Q5.A5,Very mild,,0,1,"{""case_numbers"": true, ""highlight"": false, ""version"": ""4"", ""require_highlight"": true}"
NYU_Language2,c61fde1e9a2fcf6f097f0d93b27f7f53fd89c4e5771654f4bdd2711376b3dad6,3d93c2cc-b10f-4ca4-9cfa-eb41c62dfdb3,Language Specialist V4,"{""highlight"": true, ""version"": ""4"", ""hint_type"": """"}",555b9353-456a-4a3b-8219-c34c99c63767,T1.Q6,Which of the following emotions does the passage express? Check all that apply.,CHECKBOX,,,nominal,"{""version"": ""4"", ""alpha_distance"": ""nominal"", ""require_one_or_more"": true, ""hint_type"": """"}",8,7137ceea-faf3-4330-bb14-9f3992310b46,T1.Q6.A1,Disgust,,1,1,"{""case_numbers"": true, ""highlight"": true, ""version"": ""4"", ""require_highlight"": true}"
NYU_Language2,c61fde1e9a2fcf6f097f0d93b27f7f53fd89c4e5771654f4bdd2711376b3dad6,3d93c2cc-b10f-4ca4-9cfa-eb41c62dfdb3,Language Specialist V4,"{""highlight"": true, ""version"": ""4"", ""hint_type"": """"}",555b9353-456a-4a3b-8219-c34c99c63767,T1.Q6,Which of the following emotions does the passage express? Check all that apply.,CHECKBOX,,,nominal,"{""version"": ""4"", ""alpha_distance"": ""nominal"", ""require_one_or_more"": true, ""hint_type"": """"}",8,ba4d4489-7d14-4982-895c-66753743ec0c,T1.Q6.A2,Contempt,,1,1,"{""case_numbers"": true, ""highlight"": true, ""version"": ""4"", ""require_highlight"": true}"
NYU_Language2,c61fde1e9a2fcf6f097f0d93b27f7f53fd89c4e5771654f4bdd2711376b3dad6,3d93c2cc-b10f-4ca4-9cfa-eb41c62dfdb3,Language Specialist V4,"{""highlight"": true, ""version"": ""4"", ""hint_type"": """"}",555b9353-456a-4a3b-8219-c34c99c63767,T1.Q6,Which of the following emotions does the passage express? Check all that apply.,CHECKBOX,,,nominal,"{""version"": ""4"", ""alpha_distance"": ""nominal"", ""require_one_or_more"": true, ""hint_type"": """"}",8,b8224787-9e92-4dc6-967f-864a4f4f4420,T1.Q6.A3,"Outrage, indignation",,1,1,"{""case_numbers"": true, ""highlight"": true, ""version"": ""4"", ""require_highlight"": true}"
NYU_Language2,c61fde1e9a2fcf6f097f0d93b27f7f53fd89c4e5771654f4bdd2711376b3dad6,3d93c2cc-b10f-4ca4-9cfa-eb41c62dfdb3,Language Specialist V4,"{""highlight"": true, ""version"": ""4"", ""hint_type"": """"}",555b9353-456a-4a3b-8219-c34c99c63767,T1.Q6,Which of the following emotions does the passage express? Check all that apply.,CHECKBOX,,,nominal,"{""version"": ""4"", ""alpha_distance"": ""nominal"", ""require_one_or_more"": true, ""hint_type"": """"}",8,178eca87-2c64-4a23-822e-a49cf2cdf542,T1.Q6.A4,"Fear, threat",,1,1,"{""case_numbers"": true, ""highlight"": true, ""version"": ""4"", ""require_highlight"": true}"
NYU_Language2,c61fde1e9a2fcf6f097f0d93b27f7f53fd89c4e5771654f4bdd2711376b3dad6,3d93c2cc-b10f-4ca4-9cfa-eb41c62dfdb3,Language Specialist V4,"{""highlight"": true, ""version"": ""4"", ""hint_type"": """"}",555b9353-456a-4a3b-8219-c34c99c63767,T1.Q6,Which of the following emotions does the passage express? Check all that apply.,CHECKBOX,,,nominal,"{""version"": ""4"", ""alpha_distance"": ""nominal"", ""require_one_or_more"": true, ""hint_type"": """"}",8,fc79e797-1424-43bc-863f-a6a6f98065af,T1.Q6.A5,"Vindictiveness, spite",,1,1,"{""case_numbers"": true, ""highlight"": true, ""version"": ""4"", ""require_highlight"": true}"
NYU_Language2,c61fde1e9a2fcf6f097f0d93b27f7f53fd89c4e5771654f4bdd2711376b3dad6,3d93c2cc-b10f-4ca4-9cfa-eb41c62dfdb3,Language Specialist V4,"{""highlight"": true, ""version"": ""4"", ""hint_type"": """"}",555b9353-456a-4a3b-8219-c34c99c63767,T1.Q6,Which of the following emotions does the passage express? Check all that apply.,CHECKBOX,,,nominal,"{""version"": ""4"", ""alpha_distance"": ""nominal"", ""require_one_or_more"": true, ""hint_type"": """"}",8,0c9b1b98-5d1a-4a5a-b1cc-6c6385233da7,T1.Q6.A6,Sadness,,1,1,"{""case_numbers"": true, ""highlight"": true, ""version"": ""4"", ""require_highlight"": true}"
NYU_Language2,c61fde1e9a2fcf6f097f0d93b27f7f53fd89c4e5771654f4bdd2711376b3dad6,3d93c2cc-b10f-4ca4-9cfa-eb41c62dfdb3,Language Specialist V4,"{""highlight"": true, ""version"": ""4"", ""hint_type"": """"}",555b9353-456a-4a3b-8219-c34c99c63767,T1.Q6,Which of the following emotions does the passage express? Check all that apply.,CHECKBOX,,,nominal,"{""version"": ""4"", ""alpha_distance"": ""nominal"", ""require_one_or_more"": true, ""hint_type"": """"}",8,8f8d26aa-77ae-4e0c-a069-f5e3634d8ca6,T1.Q6.A7,"Enthusiasm, joy",,1,1,"{""case_numbers"": true, ""highlight"": true, ""version"": ""4"", ""require_highlight"": true}"
NYU_Language2,c61fde1e9a2fcf6f097f0d93b27f7f53fd89c4e5771654f4bdd2711376b3dad6,3d93c2cc-b10f-4ca4-9cfa-eb41c62dfdb3,Language Specialist V4,"{""highlight"": true, ""version"": ""4"", ""hint_type"": """"}",555b9353-456a-4a3b-8219-c34c99c63767,T1.Q6,Which of the following emotions does the passage express? Check all that apply.,CHECKBOX,,,nominal,"{""version"": ""4"", ""alpha_distance"": ""nominal"", ""require_one_or_more"": true, ""hint_type"": """"}",8,75192dbc-57d9-4414-9090-1d4baaf0efa4,T1.Q6.A8,Other,T1.Q7,1,1,"{""case_numbers"": true, ""highlight"": true, ""version"": ""4"", ""require_highlight"": true}"
NYU_Language2,c61fde1e9a2fcf6f097f0d93b27f7f53fd89c4e5771654f4bdd2711376b3dad6,3d93c2cc-b10f-4ca4-9cfa-eb41c62dfdb3,Language Specialist V4,"{""highlight"": true, ""version"": ""4"", ""hint_type"": """"}",7d7c2531-b4fb-44c8-b52c-f308addb6364,T1.Q7,What other emotion does the passage express?,TEXT,,,nominal,"{""version"": ""4"", ""alpha_distance"": ""nominal"", ""require_one_or_more"": true, ""hint_type"": """"}",1,c3927cf2-781e-48bd-a904-5240311a6c07,T1.Q7.A1,placeholder answer for TEXT,,0,1,"{""case_numbers"": true, ""highlight"": false, ""version"": ""4"", ""require_highlight"": true}"
NYU_Language2,c61fde1e9a2fcf6f097f0d93b27f7f53fd89c4e5771654f4bdd2711376b3dad6,3d93c2cc-b10f-4ca4-9cfa-eb41c62dfdb3,Language Specialist V4,"{""highlight"": true, ""version"": ""4"", ""hint_type"": """"}",3dc6ad86-fe6c-45c2-b565-13a3dfee4eb0,T1.Q9,How appropriate is the slang?,RADIO,,,nominal,"{""version"": ""4"", ""alpha_distance"": ""nominal"", ""require_one_or_more"": true, ""hint_type"": """"}",5,911d5ab8-f0d9-4a0a-a873-ecdaeba0f7f6,T1.Q9.A1,Very inappropriate,,0,1,"{""case_numbers"": true, ""highlight"": false, ""version"": ""4"", ""require_highlight"": true}"
NYU_Language2,c61fde1e9a2fcf6f097f0d93b27f7f53fd89c4e5771654f4bdd2711376b3dad6,3d93c2cc-b10f-4ca4-9cfa-eb41c62dfdb3,Language Specialist V4,"{""highlight"": true, ""version"": ""4"", ""hint_type"": """"}",3dc6ad86-fe6c-45c2-b565-13a3dfee4eb0,T1.Q9,How appropriate is the slang?,RADIO,,,nominal,"{""version"": ""4"", ""alpha_distance"": ""nominal"", ""require_one_or_more"": true, ""hint_type"": """"}",5,d6716b4d-5c11-47ef-acca-cdca80af5e9f,T1.Q9.A2,Somewhat inappropriate,,0,1,"{""case_numbers"": true, ""highlight"": false, ""version"": ""4"", ""require_highlight"": true}"
NYU_Language2,c61fde1e9a2fcf6f097f0d93b27f7f53fd89c4e5771654f4bdd2711376b3dad6,3d93c2cc-b10f-4ca4-9cfa-eb41c62dfdb3,Language Specialist V4,"{""highlight"": true, ""version"": ""4"", ""hint_type"": """"}",3dc6ad86-fe6c-45c2-b565-13a3dfee4eb0,T1.Q9,How appropriate is the slang?,RADIO,,,nominal,"{""version"": ""4"", ""alpha_distance"": ""nominal"", ""require_one_or_more"": true, ""hint_type"": """"}",5,a342a447-6fed-4069-8fac-b979ad44f8b0,T1.Q9.A3,Moderately inappropriate,,0,1,"{""case_numbers"": true, ""highlight"": false, ""version"": ""4"", ""require_highlight"": true}"
NYU_Language2,c61fde1e9a2fcf6f097f0d93b27f7f53fd89c4e5771654f4bdd2711376b3dad6,3d93c2cc-b10f-4ca4-9cfa-eb41c62dfdb3,Language Specialist V4,"{""highlight"": true, ""version"": ""4"", ""hint_type"": """"}",3dc6ad86-fe6c-45c2-b565-13a3dfee4eb0,T1.Q9,How appropriate is the slang?,RADIO,,,nominal,"{""version"": ""4"", ""alpha_distance"": ""nominal"", ""require_one_or_more"": true, ""hint_type"": """"}",5,14a4bb20-dde1-498a-8e29-f80bb0f07760,T1.Q9.A4,Mildly inappropriate,,0,1,"{""case_numbers"": true, ""highlight"": false, ""version"": ""4"", ""require_highlight"": true}"
NYU_Language2,c61fde1e9a2fcf6f097f0d93b27f7f53fd89c4e5771654f4bdd2711376b3dad6,3d93c2cc-b10f-4ca4-9cfa-eb41c62dfdb3,Language Specialist V4,"{""highlight"": true, ""version"": ""4"", ""hint_type"": """"}",3dc6ad86-fe6c-45c2-b565-13a3dfee4eb0,T1.Q9,How appropriate is the slang?,RADIO,,,nominal,"{""version"": ""4"", ""alpha_distance"": ""nominal"", ""require_one_or_more"": true, ""hint_type"": """"}",5,3356b504-ad15-4b82-a826-499d1bcb57ee,T1.Q9.A5,Completely appropriate,,0,1,"{""case_numbers"": true, ""highlight"": false, ""version"": ""4"", ""require_highlight"": true}"
NYU_Language2,c61fde1e9a2fcf6f097f0d93b27f7f53fd89c4e5771654f4bdd2711376b3dad6,3d93c2cc-b10f-4ca4-9cfa-eb41c62dfdb3,Language Specialist V4,"{""highlight"": true, ""version"": ""4"", ""hint_type"": """"}",06cc5a26-41fa-4d6e-8d47-f77b39a0bc6f,T1.Q10,Is the slang used to denigrate a group or perspective?,RADIO,,,nominal,"{""version"": ""4"", ""alpha_distance"": ""nominal"", ""require_one_or_more"": true, ""hint_type"": """"}",4,4f0d0e21-4c47-4817-a277-c1c8d2a739f1,T1.Q10.A1,"Yes, definitely",,0,1,"{""case_numbers"": true, ""highlight"": false, ""version"": ""4"", ""require_highlight"": true}"
NYU_Language2,c61fde1e9a2fcf6f097f0d93b27f7f53fd89c4e5771654f4bdd2711376b3dad6,3d93c2cc-b10f-4ca4-9cfa-eb41c62dfdb3,Language Specialist V4,"{""highlight"": true, ""version"": ""4"", ""hint_type"": """"}",06cc5a26-41fa-4d6e-8d47-f77b39a0bc6f,T1.Q10,Is the slang used to denigrate a group or perspective?,RADIO,,,nominal,"{""version"": ""4"", ""alpha_distance"": ""nominal"", ""require_one_or_more"": true, ""hint_type"": """"}",4,e82bde65-4d6b-4499-9444-310d56f8480e,T1.Q10.A2,"Yes, somewhat",,0,1,"{""case_numbers"": true, ""highlight"": false, ""version"": ""4"", ""require_highlight"": true}"
NYU_Language2,c61fde1e9a2fcf6f097f0d93b27f7f53fd89c4e5771654f4bdd2711376b3dad6,3d93c2cc-b10f-4ca4-9cfa-eb41c62dfdb3,Language Specialist V4,"{""highlight"": true, ""version"": ""4"", ""hint_type"": """"}",06cc5a26-41fa-4d6e-8d47-f77b39a0bc6f,T1.Q10,Is the slang used to denigrate a group or perspective?,RADIO,,,nominal,"{""version"": ""4"", ""alpha_distance"": ""nominal"", ""require_one_or_more"": true, ""hint_type"": """"}",4,4a43fe27-528a-44b5-8fce-c56840850293,T1.Q10.A3,Maybe,,0,1,"{""case_numbers"": true, ""highlight"": false, ""version"": ""4"", ""require_highlight"": true}"
NYU_Language2,c61fde1e9a2fcf6f097f0d93b27f7f53fd89c4e5771654f4bdd2711376b3dad6,3d93c2cc-b10f-4ca4-9cfa-eb41c62dfdb3,Language Specialist V4,"{""highlight"": true, ""version"": ""4"", ""hint_type"": """"}",06cc5a26-41fa-4d6e-8d47-f77b39a0bc6f,T1.Q10,Is the slang used to denigrate a group or perspective?,RADIO,,,nominal,"{""version"": ""4"", ""alpha_distance"": ""nominal"", ""require_one_or_more"": true, ""hint_type"": """"}",4,fce07fa6-1020-4743-a12e-3c0f40f00542,T1.Q10.A4,No,,0,1,"{""case_numbers"": true, ""highlight"": false, ""version"": ""4"", ""require_highlight"": true}"
NYU_Language2,c61fde1e9a2fcf6f097f0d93b27f7f53fd89c4e5771654f4bdd2711376b3dad6,3d93c2cc-b10f-4ca4-9cfa-eb41c62dfdb3,Language Specialist V4,"{""highlight"": true, ""version"": ""4"", ""hint_type"": """"}",df6b4f18-f2bb-4d89-a11a-9ec355b08252,T1.Q11,Do the errors in the writing make understanding the text more difficult?,RADIO,,,nominal,"{""version"": ""4"", ""alpha_distance"": ""nominal"", ""require_one_or_more"": true, ""hint_type"": """"}",5,517e7869-d940-4219-877f-bd0d11cb34b9,T1.Q11.A1,Extremely,,0,1,"{""case_numbers"": true, ""highlight"": false, ""version"": ""4"", ""require_highlight"": true}"
NYU_Language2,c61fde1e9a2fcf6f097f0d93b27f7f53fd89c4e5771654f4bdd2711376b3dad6,3d93c2cc-b10f-4ca4-9cfa-eb41c62dfdb3,Language Specialist V4,"{""highlight"": true, ""version"": ""4"", ""hint_type"": """"}",df6b4f18-f2bb-4d89-a11a-9ec355b08252,T1.Q11,Do the errors in the writing make understanding the text more difficult?,RADIO,,,nominal,"{""version"": ""4"", ""alpha_distance"": ""nominal"", ""require_one_or_more"": true, ""hint_type"": """"}",5,274beb80-f1e3-4a98-8729-816fd58ef765,T1.Q11.A2,Considerably,,0,1,"{""case_numbers"": true, ""highlight"": false, ""version"": ""4"", ""require_highlight"": true}"
NYU_Language2,c61fde1e9a2fcf6f097f0d93b27f7f53fd89c4e5771654f4bdd2711376b3dad6,3d93c2cc-b10f-4ca4-9cfa-eb41c62dfdb3,Language Specialist V4,"{""highlight"": true, ""version"": ""4"", ""hint_type"": """"}",df6b4f18-f2bb-4d89-a11a-9ec355b08252,T1.Q11,Do the errors in the writing make understanding the text more difficult?,RADIO,,,nominal,"{""version"": ""4"", ""alpha_distance"": ""nominal"", ""require_one_or_more"": true, ""hint_type"": """"}",5,00e67cc2-9d8d-495d-844d-21bc01d43a16,T1.Q11.A3,Somewhat,,0,1,"{""case_numbers"": true, ""highlight"": false, ""version"": ""4"", ""require_highlight"": true}"
NYU_Language2,c61fde1e9a2fcf6f097f0d93b27f7f53fd89c4e5771654f4bdd2711376b3dad6,3d93c2cc-b10f-4ca4-9cfa-eb41c62dfdb3,Language Specialist V4,"{""highlight"": true, ""version"": ""4"", ""hint_type"": """"}",df6b4f18-f2bb-4d89-a11a-9ec355b08252,T1.Q11,Do the errors in the writing make understanding the text more difficult?,RADIO,,,nominal,"{""version"": ""4"", ""alpha_distance"": ""nominal"", ""require_one_or_more"": true, ""hint_type"": """"}",5,6d78bdba-327d-485c-bad5-7bfbc73ada48,T1.Q11.A4,Mildly,,0,1,"{""case_numbers"": true, ""highlight"": false, ""version"": ""4"", ""require_highlight"": true}"
NYU_Language2,c61fde1e9a2fcf6f097f0d93b27f7f53fd89c4e5771654f4bdd2711376b3dad6,3d93c2cc-b10f-4ca4-9cfa-eb41c62dfdb3,Language Specialist V4,"{""highlight"": true, ""version"": ""4"", ""hint_type"": """"}",df6b4f18-f2bb-4d89-a11a-9ec355b08252,T1.Q11,Do the errors in the writing make understanding the text more difficult?,RADIO,,,nominal,"{""version"": ""4"", ""alpha_distance"": ""nominal"", ""require_one_or_more"": true, ""hint_type"": """"}",5,cb3e2fc6-b50c-425c-8745-faa76cddf01a,T1.Q11.A5,Not at all,,0,1,"{""case_numbers"": true, ""highlight"": false, ""version"": ""4"", ""require_highlight"": true}"
NYU_Language2,c61fde1e9a2fcf6f097f0d93b27f7f53fd89c4e5771654f4bdd2711376b3dad6,3d93c2cc-b10f-4ca4-9cfa-eb41c62dfdb3,Language Specialist V4,"{""highlight"": true, ""version"": ""4"", ""hint_type"": """"}",70b5c001-ebb4-46da-818d-b18fc5ef8fad,T1.Q12,"Does the passage contain a particularly neutral, circumspect, or measured account of a frequently heated issue? If so, please offer them kudos.",RADIO,,,nominal,"{""version"": ""4"", ""alpha_distance"": ""nominal"", ""require_one_or_more"": true, ""hint_type"": """"}",4,3db66758-c91d-4d42-9df0-c5adcd8e1cf3,T1.Q12.A1,Nope,,1,0,"{""case_numbers"": true, ""highlight"": true, ""version"": ""4"", ""require_highlight"": false}"
NYU_Language2,c61fde1e9a2fcf6f097f0d93b27f7f53fd89c4e5771654f4bdd2711376b3dad6,3d93c2cc-b10f-4ca4-9cfa-eb41c62dfdb3,Language Specialist V4,"{""highlight"": true, ""version"": ""4"", ""hint_type"": """"}",70b5c001-ebb4-46da-818d-b18fc5ef8fad,T1.Q12,"Does the passage contain a particularly neutral, circumspect, or measured account of a frequently heated issue? If so, please offer them kudos.",RADIO,,,nominal,"{""version"": ""4"", ""alpha_distance"": ""nominal"", ""require_one_or_more"": true, ""hint_type"": """"}",4,0f9edcfe-ecd6-47d8-835a-16222fbfb076,T1.Q12.A2,Good job!,,1,0,"{""case_numbers"": true, ""highlight"": true, ""version"": ""4"", ""require_highlight"": false}"
NYU_Language2,c61fde1e9a2fcf6f097f0d93b27f7f53fd89c4e5771654f4bdd2711376b3dad6,3d93c2cc-b10f-4ca4-9cfa-eb41c62dfdb3,Language Specialist V4,"{""highlight"": true, ""version"": ""4"", ""hint_type"": """"}",70b5c001-ebb4-46da-818d-b18fc5ef8fad,T1.Q12,"Does the passage contain a particularly neutral, circumspect, or measured account of a frequently heated issue? If so, please offer them kudos.",RADIO,,,nominal,"{""version"": ""4"", ""alpha_distance"": ""nominal"", ""require_one_or_more"": true, ""hint_type"": """"}",4,622570d8-68df-423d-88ca-124d12f2150f,T1.Q12.A3,Great job!,,1,0,"{""case_numbers"": true, ""highlight"": true, ""version"": ""4"", ""require_highlight"": false}"
NYU_Language2,c61fde1e9a2fcf6f097f0d93b27f7f53fd89c4e5771654f4bdd2711376b3dad6,3d93c2cc-b10f-4ca4-9cfa-eb41c62dfdb3,Language Specialist V4,"{""highlight"": true, ""version"": ""4"", ""hint_type"": """"}",70b5c001-ebb4-46da-818d-b18fc5ef8fad,T1.Q12,"Does the passage contain a particularly neutral, circumspect, or measured account of a frequently heated issue? If so, please offer them kudos.",RADIO,,,nominal,"{""version"": ""4"", ""alpha_distance"": ""nominal"", ""require_one_or_more"": true, ""hint_type"": """"}",4,d1547590-3d63-4be1-9805-304f434c954a,T1.Q12.A4,Excellent job! (artfully and fairly presenting a very difficult subject),,1,0,"{""case_numbers"": true, ""highlight"": true, ""version"": ""4"", ""require_highlight"": false}"
NYU_Language2,c61fde1e9a2fcf6f097f0d93b27f7f53fd89c4e5771654f4bdd2711376b3dad6,3d93c2cc-b10f-4ca4-9cfa-eb41c62dfdb3,Language Specialist V4,"{""highlight"": true, ""version"": ""4"", ""hint_type"": """"}",53359385-5f20-4683-b362-510d4a4d68d0,T1.Q13,How misleading or otherwise problematic is the colorful language?,RADIO,,,nominal,"{""version"": ""4"", ""alpha_distance"": ""nominal"", ""require_one_or_more"": true, ""hint_type"": """"}",5,e51f4cad-622e-45f0-853c-6b786d50f5bd,T1.Q13.A1,Very,,0,1,"{""case_numbers"": true, ""highlight"": false, ""version"": ""4"", ""require_highlight"": true}"
NYU_Language2,c61fde1e9a2fcf6f097f0d93b27f7f53fd89c4e5771654f4bdd2711376b3dad6,3d93c2cc-b10f-4ca4-9cfa-eb41c62dfdb3,Language Specialist V4,"{""highlight"": true, ""version"": ""4"", ""hint_type"": """"}",53359385-5f20-4683-b362-510d4a4d68d0,T1.Q13,How misleading or otherwise problematic is the colorful language?,RADIO,,,nominal,"{""version"": ""4"", ""alpha_distance"": ""nominal"", ""require_one_or_more"": true, ""hint_type"": """"}",5,897eec7d-4e1d-493f-b399-7062d693a3cb,T1.Q13.A2,Somewhat,,0,1,"{""case_numbers"": true, ""highlight"": false, ""version"": ""4"", ""require_highlight"": true}"
NYU_Language2,c61fde1e9a2fcf6f097f0d93b27f7f53fd89c4e5771654f4bdd2711376b3dad6,3d93c2cc-b10f-4ca4-9cfa-eb41c62dfdb3,Language Specialist V4,"{""highlight"": true, ""version"": ""4"", ""hint_type"": """"}",53359385-5f20-4683-b362-510d4a4d68d0,T1.Q13,How misleading or otherwise problematic is the colorful language?,RADIO,,,nominal,"{""version"": ""4"", ""alpha_distance"": ""nominal"", ""require_one_or_more"": true, ""hint_type"": """"}",5,9a762a81-312b-44ee-960d-6efccd16ba0a,T1.Q13.A3,Mildly,,0,1,"{""case_numbers"": true, ""highlight"": false, ""version"": ""4"", ""require_highlight"": true}"
NYU_Language2,c61fde1e9a2fcf6f097f0d93b27f7f53fd89c4e5771654f4bdd2711376b3dad6,3d93c2cc-b10f-4ca4-9cfa-eb41c62dfdb3,Language Specialist V4,"{""highlight"": true, ""version"": ""4"", ""hint_type"": """"}",53359385-5f20-4683-b362-510d4a4d68d0,T1.Q13,How misleading or otherwise problematic is the colorful language?,RADIO,,,nominal,"{""version"": ""4"", ""alpha_distance"": ""nominal"", ""require_one_or_more"": true, ""hint_type"": """"}",5,ef4020b1-cadf-411e-b6b4-8fef3442ac6f,T1.Q13.A4,Very Mildly,,0,1,"{""case_numbers"": true, ""highlight"": false, ""version"": ""4"", ""require_highlight"": true}"
NYU_Language2,c61fde1e9a2fcf6f097f0d93b27f7f53fd89c4e5771654f4bdd2711376b3dad6,3d93c2cc-b10f-4ca4-9cfa-eb41c62dfdb3,Language Specialist V4,"{""highlight"": true, ""version"": ""4"", ""hint_type"": """"}",53359385-5f20-4683-b362-510d4a4d68d0,T1.Q13,How misleading or otherwise problematic is the colorful language?,RADIO,,,nominal,"{""version"": ""4"", ""alpha_distance"": ""nominal"", ""require_one_or_more"": true, ""hint_type"": """"}",5,b2099421-055d-4450-a3c0-8aefad24c35e,T1.Q13.A5,Not at all,,0,1,"{""case_numbers"": true, ""highlight"": false, ""version"": ""4"", ""require_highlight"": true}"
NYU_Language2,c61fde1e9a2fcf6f097f0d93b27f7f53fd89c4e5771654f4bdd2711376b3dad6,3d93c2cc-b10f-4ca4-9cfa-eb41c62dfdb3,Language Specialist V4,"{""highlight"": true, ""version"": ""4"", ""hint_type"": """"}",f5786845-2d29-44ad-9c2e-9f7bad1eeb88,T1.Q14,"How difficult was this task for you, on the whole?",RADIO,,,nominal,"{""version"": ""4"", ""alpha_distance"": ""nominal"", ""require_one_or_more"": true, ""hint_type"": """"}",10,942ff5d5-e29e-4cce-aff6-fbfeaf3f1e94,T1.Q14.A1,1: Easiest thing I've ever done in a classroom setting,,0,1,"{""case_numbers"": true, ""highlight"": false, ""version"": ""4"", ""require_highlight"": true}"
NYU_Language2,c61fde1e9a2fcf6f097f0d93b27f7f53fd89c4e5771654f4bdd2711376b3dad6,3d93c2cc-b10f-4ca4-9cfa-eb41c62dfdb3,Language Specialist V4,"{""highlight"": true, ""version"": ""4"", ""hint_type"": """"}",f5786845-2d29-44ad-9c2e-9f7bad1eeb88,T1.Q14,"How difficult was this task for you, on the whole?",RADIO,,,nominal,"{""version"": ""4"", ""alpha_distance"": ""nominal"", ""require_one_or_more"": true, ""hint_type"": """"}",10,705481e5-c540-4fc9-bcf4-efd703aac1c3,T1.Q14.A2,2,,0,1,"{""case_numbers"": true, ""highlight"": false, ""version"": ""4"", ""require_highlight"": true}"
NYU_Language2,c61fde1e9a2fcf6f097f0d93b27f7f53fd89c4e5771654f4bdd2711376b3dad6,3d93c2cc-b10f-4ca4-9cfa-eb41c62dfdb3,Language Specialist V4,"{""highlight"": true, ""version"": ""4"", ""hint_type"": """"}",f5786845-2d29-44ad-9c2e-9f7bad1eeb88,T1.Q14,"How difficult was this task for you, on the whole?",RADIO,,,nominal,"{""version"": ""4"", ""alpha_distance"": ""nominal"", ""require_one_or_more"": true, ""hint_type"": """"}",10,d61c2403-74b4-490b-a37a-c2df57a6c197,T1.Q14.A3,3,,0,1,"{""case_numbers"": true, ""highlight"": false, ""version"": ""4"", ""require_highlight"": true}"
NYU_Language2,c61fde1e9a2fcf6f097f0d93b27f7f53fd89c4e5771654f4bdd2711376b3dad6,3d93c2cc-b10f-4ca4-9cfa-eb41c62dfdb3,Language Specialist V4,"{""highlight"": true, ""version"": ""4"", ""hint_type"": """"}",f5786845-2d29-44ad-9c2e-9f7bad1eeb88,T1.Q14,"How difficult was this task for you, on the whole?",RADIO,,,nominal,"{""version"": ""4"", ""alpha_distance"": ""nominal"", ""require_one_or_more"": true, ""hint_type"": """"}",10,0eaa5e52-7f94-41cf-8474-627b368ae008,T1.Q14.A4,4,,0,1,"{""case_numbers"": true, ""highlight"": false, ""version"": ""4"", ""require_highlight"": true}"
NYU_Language2,c61fde1e9a2fcf6f097f0d93b27f7f53fd89c4e5771654f4bdd2711376b3dad6,3d93c2cc-b10f-4ca4-9cfa-eb41c62dfdb3,Language Specialist V4,"{""highlight"": true, ""version"": ""4"", ""hint_type"": """"}",f5786845-2d29-44ad-9c2e-9f7bad1eeb88,T1.Q14,"How difficult was this task for you, on the whole?",RADIO,,,nominal,"{""version"": ""4"", ""alpha_distance"": ""nominal"", ""require_one_or_more"": true, ""hint_type"": """"}",10,2596868e-7118-4728-9f01-56610420baa6,T1.Q14.A5,5: Middling difficulty,,0,1,"{""case_numbers"": true, ""highlight"": false, ""version"": ""4"", ""require_highlight"": true}"
NYU_Language2,c61fde1e9a2fcf6f097f0d93b27f7f53fd89c4e5771654f4bdd2711376b3dad6,3d93c2cc-b10f-4ca4-9cfa-eb41c62dfdb3,Language Specialist V4,"{""highlight"": true, ""version"": ""4"", ""hint_type"": """"}",f5786845-2d29-44ad-9c2e-9f7bad1eeb88,T1.Q14,"How difficult was this task for you, on the whole?",RADIO,,,nominal,"{""version"": ""4"", ""alpha_distance"": ""nominal"", ""require_one_or_more"": true, ""hint_type"": """"}",10,00bdaf16-6581-4bcd-a871-96673543d86a,T1.Q14.A6,6,,0,1,"{""case_numbers"": true, ""highlight"": false, ""version"": ""4"", ""require_highlight"": true}"
NYU_Language2,c61fde1e9a2fcf6f097f0d93b27f7f53fd89c4e5771654f4bdd2711376b3dad6,3d93c2cc-b10f-4ca4-9cfa-eb41c62dfdb3,Language Specialist V4,"{""highlight"": true, ""version"": ""4"", ""hint_type"": """"}",f5786845-2d29-44ad-9c2e-9f7bad1eeb88,T1.Q14,"How difficult was this task for you, on the whole?",RADIO,,,nominal,"{""version"": ""4"", ""alpha_distance"": ""nominal"", ""require_one_or_more"": true, ""hint_type"": """"}",10,35cfb55d-4736-4a5f-a7a2-39a3c32514f9,T1.Q14.A7,7,,0,1,"{""case_numbers"": true, ""highlight"": false, ""version"": ""4"", ""require_highlight"": true}"
NYU_Language2,c61fde1e9a2fcf6f097f0d93b27f7f53fd89c4e5771654f4bdd2711376b3dad6,3d93c2cc-b10f-4ca4-9cfa-eb41c62dfdb3,Language Specialist V4,"{""highlight"": true, ""version"": ""4"", ""hint_type"": """"}",f5786845-2d29-44ad-9c2e-9f7bad1eeb88,T1.Q14,"How difficult was this task for you, on the whole?",RADIO,,,nominal,"{""version"": ""4"", ""alpha_distance"": ""nominal"", ""require_one_or_more"": true, ""hint_type"": """"}",10,0891451d-c225-4ef6-bcb7-92e6e8115c23,T1.Q14.A8,8,,0,1,"{""case_numbers"": true, ""highlight"": false, ""version"": ""4"", ""require_highlight"": true}"
NYU_Language2,c61fde1e9a2fcf6f097f0d93b27f7f53fd89c4e5771654f4bdd2711376b3dad6,3d93c2cc-b10f-4ca4-9cfa-eb41c62dfdb3,Language Specialist V4,"{""highlight"": true, ""version"": ""4"", ""hint_type"": """"}",f5786845-2d29-44ad-9c2e-9f7bad1eeb88,T1.Q14,"How difficult was this task for you, on the whole?",RADIO,,,nominal,"{""version"": ""4"", ""alpha_distance"": ""nominal"", ""require_one_or_more"": true, ""hint_type"": """"}",10,8adaa6eb-cbdd-4c19-97c7-45c8de39db02,T1.Q14.A9,9,,0,1,"{""case_numbers"": true, ""highlight"": false, ""version"": ""4"", ""require_highlight"": true}"
NYU_Language2,c61fde1e9a2fcf6f097f0d93b27f7f53fd89c4e5771654f4bdd2711376b3dad6,3d93c2cc-b10f-4ca4-9cfa-eb41c62dfdb3,Language Specialist V4,"{""highlight"": true, ""version"": ""4"", ""hint_type"": """"}",f5786845-2d29-44ad-9c2e-9f7bad1eeb88,T1.Q14,"How difficult was this task for you, on the whole?",RADIO,,,nominal,"{""version"": ""4"", ""alpha_distance"": ""nominal"", ""require_one_or_more"": true, ""hint_type"": """"}",10,a2aa770f-dd43-4519-9b26-af98e394cfad,T1.Q14.A10,10: Hardest thing I've ever done in a classroom setting,,0,1,"{""case_numbers"": true, ""highlight"": false, ""version"": ""4"", ""require_highlight"": true}"
NYU_Language2,c61fde1e9a2fcf6f097f0d93b27f7f53fd89c4e5771654f4bdd2711376b3dad6,3d93c2cc-b10f-4ca4-9cfa-eb41c62dfdb3,Language Specialist V4,"{""highlight"": true, ""version"": ""4"", ""hint_type"": """"}",610edc86-28b5-4654-8da1-6a8ef3280f52,T1.Q15,"How confident are you about your answers, on the whole?",RADIO,,,nominal,"{""version"": ""4"", ""alpha_distance"": ""nominal"", ""require_one_or_more"": true, ""hint_type"": """"}",10,27733aef-05a8-40db-86d8-e1bf779e1a57,T1.Q15.A1,1: I was guessing randomly for everything,,0,1,"{""case_numbers"": true, ""highlight"": false, ""version"": ""4"", ""require_highlight"": true}"
NYU_Language2,c61fde1e9a2fcf6f097f0d93b27f7f53fd89c4e5771654f4bdd2711376b3dad6,3d93c2cc-b10f-4ca4-9cfa-eb41c62dfdb3,Language Specialist V4,"{""highlight"": true, ""version"": ""4"", ""hint_type"": """"}",610edc86-28b5-4654-8da1-6a8ef3280f52,T1.Q15,"How confident are you about your answers, on the whole?",RADIO,,,nominal,"{""version"": ""4"", ""alpha_distance"": ""nominal"", ""require_one_or_more"": true, ""hint_type"": """"}",10,d95c7242-f709-4716-bccf-616b04223c95,T1.Q15.A2,2,,0,1,"{""case_numbers"": true, ""highlight"": false, ""version"": ""4"", ""require_highlight"": true}"
NYU_Language2,c61fde1e9a2fcf6f097f0d93b27f7f53fd89c4e5771654f4bdd2711376b3dad6,3d93c2cc-b10f-4ca4-9cfa-eb41c62dfdb3,Language Specialist V4,"{""highlight"": true, ""version"": ""4"", ""hint_type"": """"}",610edc86-28b5-4654-8da1-6a8ef3280f52,T1.Q15,"How confident are you about your answers, on the whole?",RADIO,,,nominal,"{""version"": ""4"", ""alpha_distance"": ""nominal"", ""require_one_or_more"": true, ""hint_type"": """"}",10,904380c8-07c7-4524-8f20-9cb0c9f252b6,T1.Q15.A3,3,,0,1,"{""case_numbers"": true, ""highlight"": false, ""version"": ""4"", ""require_highlight"": true}"
NYU_Language2,c61fde1e9a2fcf6f097f0d93b27f7f53fd89c4e5771654f4bdd2711376b3dad6,3d93c2cc-b10f-4ca4-9cfa-eb41c62dfdb3,Language Specialist V4,"{""highlight"": true, ""version"": ""4"", ""hint_type"": """"}",610edc86-28b5-4654-8da1-6a8ef3280f52,T1.Q15,"How confident are you about your answers, on the whole?",RADIO,,,nominal,"{""version"": ""4"", ""alpha_distance"": ""nominal"", ""require_one_or_more"": true, ""hint_type"": """"}",10,0c411f46-f4f9-41cf-aa2e-9c56d9bcda7e,T1.Q15.A4,4,,0,1,"{""case_numbers"": true, ""highlight"": false, ""version"": ""4"", ""require_highlight"": true}"
NYU_Language2,c61fde1e9a2fcf6f097f0d93b27f7f53fd89c4e5771654f4bdd2711376b3dad6,3d93c2cc-b10f-4ca4-9cfa-eb41c62dfdb3,Language Specialist V4,"{""highlight"": true, ""version"": ""4"", ""hint_type"": """"}",610edc86-28b5-4654-8da1-6a8ef3280f52,T1.Q15,"How confident are you about your answers, on the whole?",RADIO,,,nominal,"{""version"": ""4"", ""alpha_distance"": ""nominal"", ""require_one_or_more"": true, ""hint_type"": """"}",10,812be0af-e0ae-4931-9ec6-58b83166287c,T1.Q15.A5,5: 50-50,,0,1,"{""case_numbers"": true, ""highlight"": false, ""version"": ""4"", ""require_highlight"": true}"
NYU_Language2,c61fde1e9a2fcf6f097f0d93b27f7f53fd89c4e5771654f4bdd2711376b3dad6,3d93c2cc-b10f-4ca4-9cfa-eb41c62dfdb3,Language Specialist V4,"{""highlight"": true, ""version"": ""4"", ""hint_type"": """"}",610edc86-28b5-4654-8da1-6a8ef3280f52,T1.Q15,"How confident are you about your answers, on the whole?",RADIO,,,nominal,"{""version"": ""4"", ""alpha_distance"": ""nominal"", ""require_one_or_more"": true, ""hint_type"": """"}",10,e60e7752-ba14-4deb-8e8f-979f4ef77f0c,T1.Q15.A6,6,,0,1,"{""case_numbers"": true, ""highlight"": false, ""version"": ""4"", ""require_highlight"": true}"
NYU_Language2,c61fde1e9a2fcf6f097f0d93b27f7f53fd89c4e5771654f4bdd2711376b3dad6,3d93c2cc-b10f-4ca4-9cfa-eb41c62dfdb3,Language Specialist V4,"{""highlight"": true, ""version"": ""4"", ""hint_type"": """"}",610edc86-28b5-4654-8da1-6a8ef3280f52,T1.Q15,"How confident are you about your answers, on the whole?",RADIO,,,nominal,"{""version"": ""4"", ""alpha_distance"": ""nominal"", ""require_one_or_more"": true, ""hint_type"": """"}",10,ea8efcbc-f5c8-434a-a2e5-ccf313459ef3,T1.Q15.A7,7,,0,1,"{""case_numbers"": true, ""highlight"": false, ""version"": ""4"", ""require_highlight"": true}"
NYU_Language2,c61fde1e9a2fcf6f097f0d93b27f7f53fd89c4e5771654f4bdd2711376b3dad6,3d93c2cc-b10f-4ca4-9cfa-eb41c62dfdb3,Language Specialist V4,"{""highlight"": true, ""version"": ""4"", ""hint_type"": """"}",610edc86-28b5-4654-8da1-6a8ef3280f52,T1.Q15,"How confident are you about your answers, on the whole?",RADIO,,,nominal,"{""version"": ""4"", ""alpha_distance"": ""nominal"", ""require_one_or_more"": true, ""hint_type"": """"}",10,c97dfbf8-72ae-435e-8d8c-948b402b510e,T1.Q15.A8,8,,0,1,"{""case_numbers"": true, ""highlight"": false, ""version"": ""4"", ""require_highlight"": true}"
NYU_Language2,c61fde1e9a2fcf6f097f0d93b27f7f53fd89c4e5771654f4bdd2711376b3dad6,3d93c2cc-b10f-4ca4-9cfa-eb41c62dfdb3,Language Specialist V4,"{""highlight"": true, ""version"": ""4"", ""hint_type"": """"}",610edc86-28b5-4654-8da1-6a8ef3280f52,T1.Q15,"How confident are you about your answers, on the whole?",RADIO,,,nominal,"{""version"": ""4"", ""alpha_distance"": ""nominal"", ""require_one_or_more"": true, ""hint_type"": """"}",10,89bed01d-cd07-4852-8653-358457cf7626,T1.Q15.A9,9,,0,1,"{""case_numbers"": true, ""highlight"": false, ""version"": ""4"", ""require_highlight"": true}"
NYU_Language2,c61fde1e9a2fcf6f097f0d93b27f7f53fd89c4e5771654f4bdd2711376b3dad6,3d93c2cc-b10f-4ca4-9cfa-eb41c62dfdb3,Language Specialist V4,"{""highlight"": true, ""version"": ""4"", ""hint_type"": """"}",610edc86-28b5-4654-8da1-6a8ef3280f52,T1.Q15,"How confident are you about your answers, on the whole?",RADIO,,,nominal,"{""version"": ""4"", ""alpha_distance"": ""nominal"", ""require_one_or_more"": true, ""hint_type"": """"}",10,5dccdb25-4cd8-4111-8bb6-c9ae0f8f2ea6,T1.Q15.A10,10: 100% certain about all my answers,,0,1,"{""case_numbers"": true, ""highlight"": false, ""version"": ""4"", ""require_highlight"": true}"
