schema_namespace,schema_sha256,quiz_task_uuid,task_url,taskrun_count,redundancy,article_batch_name,article_number,article_filename,article_sha256,quiz_taskrun_uuid,contributor_uuid,created,finish_time,elapsed_seconds,final_queue,T1.Q1.A1,T1.Q1.A2,T1.Q1.A3,T1.Q1.A4,T1.Q1.A5,T1.Q1.A6,T1.Q2,T1.Q3
ArgumentRelevance_2019_08_04,81c75cb5dd1a152ce73fa9755d8ca85a8d99e637fdcc67646cef632787057f82,c5aa11c1-c6d8-4875-b101-50713027e662,https://pe.goodlylabs.org/project/NYU_Arguments/task/2300,5,3,NYU_Articles/Pilot/FormerUkraineProsecutorSaysHe.txt,100028,FormerUkraineProsecutorSaysHe.txt,f7eb2314bb13aae4542caf7ee10c336890c3e911c50093d575b1849e107abfb7,d2039723-ba5c-4188-b237-042e064228de,782cf148-ffac-43f1-99aa-27a9d64b5212,2019-10-27 05:49:01.040767,2019-10-27 06:29:02.130333,2401.089566,"T1.Q1, T1.Q2, T1.Q3",0,0,1,0,0,0,5: Middling difficulty,7
ArgumentRelevance_2019_08_04,81c75cb5dd1a152ce73fa9755d8ca85a8d99e637fdcc67646cef632787057f82,c5aa11c1-c6d8-4875-b101-50713027e662,https://pe.goodlylabs.org/project/NYU_Arguments/task/2300,5,3,NYU_Articles/Pilot/FormerUkraineProsecutorSaysHe.txt,100028,FormerUkraineProsecutorSaysHe.txt,f7eb2314bb13aae4542caf7ee10c336890c3e911c50093d575b1849e107abfb7,9900c9e9-3d98-4822-aad9-106d387ed78a,294a6c7b-515a-495b-b8c9-2ec7df3ef46b,2019-10-28 04:47:52.543846,2019-10-28 04:50:16.491775,143.947929,"T1.Q1, T1.Q2, T1.Q3",1,1,0,0,0,0,9,9
ArgumentRelevance_2019_08_04,81c75cb5dd1a152ce73fa9755d8ca85a8d99e637fdcc67646cef632787057f82,c5aa11c1-c6d8-4875-b101-50713027e662,https://pe.goodlylabs.org/project/NYU_Arguments/task/2300,5,3,NYU_Articles/Pilot/FormerUkraineProsecutorSaysHe.txt,100028,FormerUkraineProsecutorSaysHe.txt,f7eb2314bb13aae4542caf7ee10c336890c3e911c50093d575b1849e107abfb7,d7984286-6393-47f4-8c9b-d158cdb5627f,50b97722-8671-4131-8a54-409491b48a1e,2019-10-29 01:47:53.352348,2019-10-29 01:55:46.248210,472.895862,"T1.Q1, T1.Q2, T1.Q3",0,0,1,0,0,0,4,8
ArgumentRelevance_2019_08_04,81c75cb5dd1a152ce73fa9755d8ca85a8d99e637fdcc67646cef632787057f82,c5aa11c1-c6d8-4875-b101-50713027e662,https://pe.goodlylabs.org/project/NYU_Arguments/task/2300,5,3,NYU_Articles/Pilot/FormerUkraineProsecutorSaysHe.txt,100028,FormerUkraineProsecutorSaysHe.txt,f7eb2314bb13aae4542caf7ee10c336890c3e911c50093d575b1849e107abfb7,1c7d2ff1-cf7c-4187-99de-032f1565a00a,c56a533a-deab-4c1a-a516-e8994c45e84c,2019-11-13 21:18:37.261543,2019-11-13 21:19:58.278614,81.017071,"T1.Q1, T1.Q2, T1.Q3",0,1,0,0,0,0,5: Middling difficulty,5: 50-50
ArgumentRelevance_2019_08_04,81c75cb5dd1a152ce73fa9755d8ca85a8d99e637fdcc67646cef632787057f82,c5aa11c1-c6d8-4875-b101-50713027e662,https://pe.goodlylabs.org/project/NYU_Arguments/task/2300,5,3,NYU_Articles/Pilot/FormerUkraineProsecutorSaysHe.txt,100028,FormerUkraineProsecutorSaysHe.txt,f7eb2314bb13aae4542caf7ee10c336890c3e911c50093d575b1849e107abfb7,f64c59ad-a7af-4182-a973-1dd3f6b0b8e6,0e4b8a3e-2714-4b5f-ba10-bb576aaa5cc6,2019-11-13 21:23:50.003155,2019-11-13 21:25:15.450679,85.447524,"T1.Q1, T1.Q2, T1.Q3",0,1,0,0,0,0,5: Middling difficulty,6
ArgumentRelevance_2019_08_04,81c75cb5dd1a152ce73fa9755d8ca85a8d99e637fdcc67646cef632787057f82,bf8ce712-19f7-4f2d-a93e-36810f89bce4,https://pe.goodlylabs.org/project/NYU_Arguments/task/2316,5,3,NYU_Articles/Pilot/TIFinallyExplainsWhyHe.txt,100032,TIFinallyExplainsWhyHe.txt,832ecb4405a6c6ba17b9f5a67e9cdb91b07462cb9d723162fbcf3e114b66f791,693a70f8-d19e-45c7-aa0c-5806fc12576f,3c97d749-8996-4a96-97af-73ecdc5a4716,2019-10-29 04:08:41.111068,2019-10-29 04:10:21.133567,100.022499,"T1.Q1, T1.Q2, T1.Q3",0,0,1,0,0,0,9,2
ArgumentRelevance_2019_08_04,81c75cb5dd1a152ce73fa9755d8ca85a8d99e637fdcc67646cef632787057f82,bf8ce712-19f7-4f2d-a93e-36810f89bce4,https://pe.goodlylabs.org/project/NYU_Arguments/task/2316,5,3,NYU_Articles/Pilot/TIFinallyExplainsWhyHe.txt,100032,TIFinallyExplainsWhyHe.txt,832ecb4405a6c6ba17b9f5a67e9cdb91b07462cb9d723162fbcf3e114b66f791,be4a02af-1801-492b-9c0e-9b4fcf651865,45c40bb3-569d-4d6c-9067-bdf0cb3ce923,2019-10-29 22:21:09.967334,2019-10-29 22:22:45.265847,95.298513,"T1.Q1, T1.Q2, T1.Q3",0,1,0,0,0,0,2,6
ArgumentRelevance_2019_08_04,81c75cb5dd1a152ce73fa9755d8ca85a8d99e637fdcc67646cef632787057f82,bf8ce712-19f7-4f2d-a93e-36810f89bce4,https://pe.goodlylabs.org/project/NYU_Arguments/task/2316,5,3,NYU_Articles/Pilot/TIFinallyExplainsWhyHe.txt,100032,TIFinallyExplainsWhyHe.txt,832ecb4405a6c6ba17b9f5a67e9cdb91b07462cb9d723162fbcf3e114b66f791,7c72547f-9379-46b3-8452-6d223c9badbb,6a76c935-dac8-40f8-88b1-97cf893331ad,2019-10-30 00:53:54.090863,2019-10-30 00:55:40.307811,106.216948,"T1.Q1, T1.Q2, T1.Q3",0,1,0,0,0,0,2,8
ArgumentRelevance_2019_08_04,81c75cb5dd1a152ce73fa9755d8ca85a8d99e637fdcc67646cef632787057f82,bf8ce712-19f7-4f2d-a93e-36810f89bce4,https://pe.goodlylabs.org/project/NYU_Arguments/task/2316,5,3,NYU_Articles/Pilot/TIFinallyExplainsWhyHe.txt,100032,TIFinallyExplainsWhyHe.txt,832ecb4405a6c6ba17b9f5a67e9cdb91b07462cb9d723162fbcf3e114b66f791,1e481fa8-dd84-4952-b26e-d723fdac9a84,0e4b8a3e-2714-4b5f-ba10-bb576aaa5cc6,2019-11-13 21:34:20.310595,2019-11-13 21:35:10.752951,50.442356,"T1.Q1, T1.Q2, T1.Q3",0,0,1,0,0,0,5: Middling difficulty,7
ArgumentRelevance_2019_08_04,81c75cb5dd1a152ce73fa9755d8ca85a8d99e637fdcc67646cef632787057f82,bf8ce712-19f7-4f2d-a93e-36810f89bce4,https://pe.goodlylabs.org/project/NYU_Arguments/task/2316,5,3,NYU_Articles/Pilot/TIFinallyExplainsWhyHe.txt,100032,TIFinallyExplainsWhyHe.txt,832ecb4405a6c6ba17b9f5a67e9cdb91b07462cb9d723162fbcf3e114b66f791,580989d3-d6c8-4dcb-9378-21f14e83b834,bba6ae56-fae7-4c7f-993a-866ea4c3efc2,2019-11-13 22:56:16.761113,2019-11-13 22:57:36.925848,80.164735,"T1.Q1, T1.Q2, T1.Q3",0,1,1,0,0,0,5: Middling difficulty,3
ArgumentRelevance_2019_08_04,81c75cb5dd1a152ce73fa9755d8ca85a8d99e637fdcc67646cef632787057f82,0cc314d1-6bff-4980-93b0-d6136e971270,https://pe.goodlylabs.org/project/NYU_Arguments/task/2312,5,3,NYU_Articles/Pilot/CongressAnnouncesSeizureOfTrump.txt,100031,CongressAnnouncesSeizureOfTrump.txt,729c16dbf760152f8bb67a7ecfbb15a25ae7f594fe35bd711c1d5e1ef1ff5c1f,989bf39c-1710-482c-a6ec-231049eb3331,3c97d749-8996-4a96-97af-73ecdc5a4716,2019-10-29 04:06:06.274536,2019-10-29 04:07:07.131062,60.856526,"T1.Q1, T1.Q2, T1.Q3",0,1,0,0,0,0,4,7
ArgumentRelevance_2019_08_04,81c75cb5dd1a152ce73fa9755d8ca85a8d99e637fdcc67646cef632787057f82,0cc314d1-6bff-4980-93b0-d6136e971270,https://pe.goodlylabs.org/project/NYU_Arguments/task/2312,5,3,NYU_Articles/Pilot/CongressAnnouncesSeizureOfTrump.txt,100031,CongressAnnouncesSeizureOfTrump.txt,729c16dbf760152f8bb67a7ecfbb15a25ae7f594fe35bd711c1d5e1ef1ff5c1f,246d3293-6a8a-45e3-9ed0-01b131470b36,45c40bb3-569d-4d6c-9067-bdf0cb3ce923,2019-10-29 22:17:24.949620,2019-10-29 22:19:20.631284,115.681664,"T1.Q1, T1.Q2, T1.Q3",0,1,0,0,0,0,6,6
ArgumentRelevance_2019_08_04,81c75cb5dd1a152ce73fa9755d8ca85a8d99e637fdcc67646cef632787057f82,0cc314d1-6bff-4980-93b0-d6136e971270,https://pe.goodlylabs.org/project/NYU_Arguments/task/2312,5,3,NYU_Articles/Pilot/CongressAnnouncesSeizureOfTrump.txt,100031,CongressAnnouncesSeizureOfTrump.txt,729c16dbf760152f8bb67a7ecfbb15a25ae7f594fe35bd711c1d5e1ef1ff5c1f,c8d79a37-2016-4cb7-8157-de643cbb3a24,6a76c935-dac8-40f8-88b1-97cf893331ad,2019-10-30 00:48:45.537588,2019-10-30 00:50:30.430835,104.893247,"T1.Q1, T1.Q2, T1.Q3",0,0,1,0,0,0,5: Middling difficulty,7
ArgumentRelevance_2019_08_04,81c75cb5dd1a152ce73fa9755d8ca85a8d99e637fdcc67646cef632787057f82,0cc314d1-6bff-4980-93b0-d6136e971270,https://pe.goodlylabs.org/project/NYU_Arguments/task/2312,5,3,NYU_Articles/Pilot/CongressAnnouncesSeizureOfTrump.txt,100031,CongressAnnouncesSeizureOfTrump.txt,729c16dbf760152f8bb67a7ecfbb15a25ae7f594fe35bd711c1d5e1ef1ff5c1f,3e314dbe-4602-45a9-9880-b70a7abb5d56,0e4b8a3e-2714-4b5f-ba10-bb576aaa5cc6,2019-11-13 21:32:30.783903,2019-11-13 21:33:15.737432,44.953529,"T1.Q1, T1.Q2, T1.Q3",0,1,0,0,0,0,5: Middling difficulty,9
ArgumentRelevance_2019_08_04,81c75cb5dd1a152ce73fa9755d8ca85a8d99e637fdcc67646cef632787057f82,0cc314d1-6bff-4980-93b0-d6136e971270,https://pe.goodlylabs.org/project/NYU_Arguments/task/2312,5,3,NYU_Articles/Pilot/CongressAnnouncesSeizureOfTrump.txt,100031,CongressAnnouncesSeizureOfTrump.txt,729c16dbf760152f8bb67a7ecfbb15a25ae7f594fe35bd711c1d5e1ef1ff5c1f,21be8914-fec6-4e49-8c58-76c6c6ec6d98,bba6ae56-fae7-4c7f-993a-866ea4c3efc2,2019-11-13 22:50:41.031382,2019-11-13 22:52:57.824105,136.792723,"T1.Q1, T1.Q2, T1.Q3",0,0,1,0,0,0,5: Middling difficulty,3
ArgumentRelevance_2019_08_04,81c75cb5dd1a152ce73fa9755d8ca85a8d99e637fdcc67646cef632787057f82,ffe58955-c45c-4ebd-b29b-2e1db5a0513f,https://pe.goodlylabs.org/project/NYU_Arguments/task/2298,5,3,NYU_Articles/Pilot/FormerUkraineProsecutorSaysHe.txt,100028,FormerUkraineProsecutorSaysHe.txt,f7eb2314bb13aae4542caf7ee10c336890c3e911c50093d575b1849e107abfb7,6314160c-8772-40af-8972-eb08aadbccc0,782cf148-ffac-43f1-99aa-27a9d64b5212,2019-10-27 04:40:27.707253,2019-10-27 05:49:00.759880,4113.052627,"T1.Q1, T1.Q2, T1.Q3",0,0,1,0,0,0,7,4
ArgumentRelevance_2019_08_04,81c75cb5dd1a152ce73fa9755d8ca85a8d99e637fdcc67646cef632787057f82,ffe58955-c45c-4ebd-b29b-2e1db5a0513f,https://pe.goodlylabs.org/project/NYU_Arguments/task/2298,5,3,NYU_Articles/Pilot/FormerUkraineProsecutorSaysHe.txt,100028,FormerUkraineProsecutorSaysHe.txt,f7eb2314bb13aae4542caf7ee10c336890c3e911c50093d575b1849e107abfb7,81f54ff3-afb5-4b93-8686-57627f9ff174,294a6c7b-515a-495b-b8c9-2ec7df3ef46b,2019-10-28 04:32:53.621988,2019-10-28 04:47:52.267699,898.645711,"T1.Q1, T1.Q2, T1.Q3",0,1,1,0,0,0,9,9
ArgumentRelevance_2019_08_04,81c75cb5dd1a152ce73fa9755d8ca85a8d99e637fdcc67646cef632787057f82,ffe58955-c45c-4ebd-b29b-2e1db5a0513f,https://pe.goodlylabs.org/project/NYU_Arguments/task/2298,5,3,NYU_Articles/Pilot/FormerUkraineProsecutorSaysHe.txt,100028,FormerUkraineProsecutorSaysHe.txt,f7eb2314bb13aae4542caf7ee10c336890c3e911c50093d575b1849e107abfb7,07320c85-12c5-4c2b-94eb-2c2bdb733361,50b97722-8671-4131-8a54-409491b48a1e,2019-10-29 00:55:33.653329,2019-10-29 01:47:53.118261,3139.464932,"T1.Q1, T1.Q2, T1.Q3",0,0,1,0,0,0,5: Middling difficulty,7
ArgumentRelevance_2019_08_04,81c75cb5dd1a152ce73fa9755d8ca85a8d99e637fdcc67646cef632787057f82,ffe58955-c45c-4ebd-b29b-2e1db5a0513f,https://pe.goodlylabs.org/project/NYU_Arguments/task/2298,5,3,NYU_Articles/Pilot/FormerUkraineProsecutorSaysHe.txt,100028,FormerUkraineProsecutorSaysHe.txt,f7eb2314bb13aae4542caf7ee10c336890c3e911c50093d575b1849e107abfb7,e29e0049-8d3d-49ce-a8ab-0dafd403b002,c56a533a-deab-4c1a-a516-e8994c45e84c,2019-11-13 21:14:25.633327,2019-11-13 21:18:37.044903,251.411576,"T1.Q1, T1.Q2, T1.Q3",0,0,1,0,0,0,5: Middling difficulty,5: 50-50
ArgumentRelevance_2019_08_04,81c75cb5dd1a152ce73fa9755d8ca85a8d99e637fdcc67646cef632787057f82,ffe58955-c45c-4ebd-b29b-2e1db5a0513f,https://pe.goodlylabs.org/project/NYU_Arguments/task/2298,5,3,NYU_Articles/Pilot/FormerUkraineProsecutorSaysHe.txt,100028,FormerUkraineProsecutorSaysHe.txt,f7eb2314bb13aae4542caf7ee10c336890c3e911c50093d575b1849e107abfb7,028b19ca-304e-48dc-9c5b-fbbde4fde47d,0e4b8a3e-2714-4b5f-ba10-bb576aaa5cc6,2019-11-13 21:22:50.022170,2019-11-13 21:23:49.772203,59.750033,"T1.Q1, T1.Q2, T1.Q3",0,1,0,0,0,0,5: Middling difficulty,6
ArgumentRelevance_2019_08_04,81c75cb5dd1a152ce73fa9755d8ca85a8d99e637fdcc67646cef632787057f82,5cc47e08-67ef-4700-84b3-268a12c1069c,https://pe.goodlylabs.org/project/NYU_Arguments/task/2315,5,3,NYU_Articles/Pilot/TIFinallyExplainsWhyHe.txt,100032,TIFinallyExplainsWhyHe.txt,832ecb4405a6c6ba17b9f5a67e9cdb91b07462cb9d723162fbcf3e114b66f791,ff143f21-c9e4-43ed-8e79-0028774f043a,3c97d749-8996-4a96-97af-73ecdc5a4716,2019-10-29 04:07:37.816735,2019-10-29 04:09:27.181168,109.364433,"T1.Q1, T1.Q2, T1.Q3",0,0,0,0,1,0,5: Middling difficulty,9
ArgumentRelevance_2019_08_04,81c75cb5dd1a152ce73fa9755d8ca85a8d99e637fdcc67646cef632787057f82,5cc47e08-67ef-4700-84b3-268a12c1069c,https://pe.goodlylabs.org/project/NYU_Arguments/task/2315,5,3,NYU_Articles/Pilot/TIFinallyExplainsWhyHe.txt,100032,TIFinallyExplainsWhyHe.txt,832ecb4405a6c6ba17b9f5a67e9cdb91b07462cb9d723162fbcf3e114b66f791,2cebd34f-7fc4-487f-b978-952b61d87deb,45c40bb3-569d-4d6c-9067-bdf0cb3ce923,2019-10-29 22:19:47.128056,2019-10-29 22:21:34.384194,107.256138,"T1.Q1, T1.Q2, T1.Q3",0,1,0,0,0,0,4,6
ArgumentRelevance_2019_08_04,81c75cb5dd1a152ce73fa9755d8ca85a8d99e637fdcc67646cef632787057f82,5cc47e08-67ef-4700-84b3-268a12c1069c,https://pe.goodlylabs.org/project/NYU_Arguments/task/2315,5,3,NYU_Articles/Pilot/TIFinallyExplainsWhyHe.txt,100032,TIFinallyExplainsWhyHe.txt,832ecb4405a6c6ba17b9f5a67e9cdb91b07462cb9d723162fbcf3e114b66f791,01db5a35-9766-49f5-8825-a4a5ff1963b2,6a76c935-dac8-40f8-88b1-97cf893331ad,2019-10-30 00:51:22.543689,2019-10-30 00:54:43.063907,200.520218,"T1.Q1, T1.Q2, T1.Q3",0,1,0,0,0,0,3,7
ArgumentRelevance_2019_08_04,81c75cb5dd1a152ce73fa9755d8ca85a8d99e637fdcc67646cef632787057f82,5cc47e08-67ef-4700-84b3-268a12c1069c,https://pe.goodlylabs.org/project/NYU_Arguments/task/2315,5,3,NYU_Articles/Pilot/TIFinallyExplainsWhyHe.txt,100032,TIFinallyExplainsWhyHe.txt,832ecb4405a6c6ba17b9f5a67e9cdb91b07462cb9d723162fbcf3e114b66f791,25f845b8-3837-4d9f-912a-6e2cb38b93fc,0e4b8a3e-2714-4b5f-ba10-bb576aaa5cc6,2019-11-13 21:33:28.046824,2019-11-13 21:34:43.202286,75.155462,"T1.Q1, T1.Q2, T1.Q3",0,1,0,0,0,0,5: Middling difficulty,5: 50-50
ArgumentRelevance_2019_08_04,81c75cb5dd1a152ce73fa9755d8ca85a8d99e637fdcc67646cef632787057f82,5cc47e08-67ef-4700-84b3-268a12c1069c,https://pe.goodlylabs.org/project/NYU_Arguments/task/2315,5,3,NYU_Articles/Pilot/TIFinallyExplainsWhyHe.txt,100032,TIFinallyExplainsWhyHe.txt,832ecb4405a6c6ba17b9f5a67e9cdb91b07462cb9d723162fbcf3e114b66f791,e3ffe4c7-fa61-4f74-96c6-a469310626ec,bba6ae56-fae7-4c7f-993a-866ea4c3efc2,2019-11-13 22:53:56.196067,2019-11-13 22:56:49.904328,173.708261,"T1.Q1, T1.Q2, T1.Q3",0,1,1,0,0,0,5: Middling difficulty,6
ArgumentRelevance_2019_08_04,81c75cb5dd1a152ce73fa9755d8ca85a8d99e637fdcc67646cef632787057f82,2b9a64e0-f358-445b-988f-d1e081d39759,https://pe.goodlylabs.org/project/NYU_Arguments/task/2427,2,3,NYU_Articles/Day1/NBCABCAndCBSAppear.txt,100034,NBCABCAndCBSAppear.txt,3b9c291d9345c8221a497206a766483bf78df474550f0c50c58df9ad4c20ff75,2950c48f-3a29-4d8f-89df-1f10445ebbd6,0e4b8a3e-2714-4b5f-ba10-bb576aaa5cc6,2019-11-13 21:35:25.196872,2019-11-13 21:36:24.035621,58.838749,"T1.Q1, T1.Q2, T1.Q3",0,0,1,0,0,0,5: Middling difficulty,9
ArgumentRelevance_2019_08_04,81c75cb5dd1a152ce73fa9755d8ca85a8d99e637fdcc67646cef632787057f82,2b9a64e0-f358-445b-988f-d1e081d39759,https://pe.goodlylabs.org/project/NYU_Arguments/task/2427,2,3,NYU_Articles/Day1/NBCABCAndCBSAppear.txt,100034,NBCABCAndCBSAppear.txt,3b9c291d9345c8221a497206a766483bf78df474550f0c50c58df9ad4c20ff75,04aa5993-b8b8-4f1a-a593-19711bd97e97,bba6ae56-fae7-4c7f-993a-866ea4c3efc2,2019-11-13 22:59:02.888315,2019-11-13 23:03:01.829630,238.941315,"T1.Q1, T1.Q2, T1.Q3",1,1,1,0,0,0,8,2
ArgumentRelevance_2019_08_04,81c75cb5dd1a152ce73fa9755d8ca85a8d99e637fdcc67646cef632787057f82,4b06ae27-410c-452f-8dc2-7cf4d4c8b212,https://pe.goodlylabs.org/project/NYU_Arguments/task/2309,5,3,NYU_Articles/Pilot/CongressAnnouncesSeizureOfTrump.txt,100031,CongressAnnouncesSeizureOfTrump.txt,729c16dbf760152f8bb67a7ecfbb15a25ae7f594fe35bd711c1d5e1ef1ff5c1f,e1110b3b-97d1-4b8e-8edd-594369438beb,3c97d749-8996-4a96-97af-73ecdc5a4716,2019-10-29 04:03:53.553237,2019-10-29 04:05:38.710054,105.156817,"T1.Q1, T1.Q2, T1.Q3",0,1,0,0,0,0,5: Middling difficulty,6
ArgumentRelevance_2019_08_04,81c75cb5dd1a152ce73fa9755d8ca85a8d99e637fdcc67646cef632787057f82,4b06ae27-410c-452f-8dc2-7cf4d4c8b212,https://pe.goodlylabs.org/project/NYU_Arguments/task/2309,5,3,NYU_Articles/Pilot/CongressAnnouncesSeizureOfTrump.txt,100031,CongressAnnouncesSeizureOfTrump.txt,729c16dbf760152f8bb67a7ecfbb15a25ae7f594fe35bd711c1d5e1ef1ff5c1f,86f8a2fa-78aa-4218-a292-1a32e220b9a0,45c40bb3-569d-4d6c-9067-bdf0cb3ce923,2019-10-29 22:05:59.064811,2019-10-29 22:07:39.989075,100.924264,"T1.Q1, T1.Q2, T1.Q3",0,1,0,0,0,0,3,6
ArgumentRelevance_2019_08_04,81c75cb5dd1a152ce73fa9755d8ca85a8d99e637fdcc67646cef632787057f82,4b06ae27-410c-452f-8dc2-7cf4d4c8b212,https://pe.goodlylabs.org/project/NYU_Arguments/task/2309,5,3,NYU_Articles/Pilot/CongressAnnouncesSeizureOfTrump.txt,100031,CongressAnnouncesSeizureOfTrump.txt,729c16dbf760152f8bb67a7ecfbb15a25ae7f594fe35bd711c1d5e1ef1ff5c1f,6d4df78b-66b3-4efe-99bd-79958767859d,6a76c935-dac8-40f8-88b1-97cf893331ad,2019-10-29 23:52:06.970425,2019-10-30 00:39:25.215520,2838.245095,"T1.Q1, T1.Q2, T1.Q3",1,1,0,0,0,0,7,6
ArgumentRelevance_2019_08_04,81c75cb5dd1a152ce73fa9755d8ca85a8d99e637fdcc67646cef632787057f82,4b06ae27-410c-452f-8dc2-7cf4d4c8b212,https://pe.goodlylabs.org/project/NYU_Arguments/task/2309,5,3,NYU_Articles/Pilot/CongressAnnouncesSeizureOfTrump.txt,100031,CongressAnnouncesSeizureOfTrump.txt,729c16dbf760152f8bb67a7ecfbb15a25ae7f594fe35bd711c1d5e1ef1ff5c1f,385366f6-9b91-48b3-bc11-bf445c367a93,0e4b8a3e-2714-4b5f-ba10-bb576aaa5cc6,2019-11-13 21:31:16.847175,2019-11-13 21:31:56.516631,39.669456,"T1.Q1, T1.Q2, T1.Q3",0,1,1,0,0,0,5: Middling difficulty,9
ArgumentRelevance_2019_08_04,81c75cb5dd1a152ce73fa9755d8ca85a8d99e637fdcc67646cef632787057f82,4b06ae27-410c-452f-8dc2-7cf4d4c8b212,https://pe.goodlylabs.org/project/NYU_Arguments/task/2309,5,3,NYU_Articles/Pilot/CongressAnnouncesSeizureOfTrump.txt,100031,CongressAnnouncesSeizureOfTrump.txt,729c16dbf760152f8bb67a7ecfbb15a25ae7f594fe35bd711c1d5e1ef1ff5c1f,76318c17-c3ba-448f-bed5-21775f154abe,f9143626-bfe0-4e69-b652-6d1525ab4eb0,2019-11-13 22:23:31.656828,2019-11-13 22:23:31.704127,0.047299,"T1.Q1, T1.Q2, T1.Q3",0,1,1,0,0,0,8,3
ArgumentRelevance_2019_08_04,81c75cb5dd1a152ce73fa9755d8ca85a8d99e637fdcc67646cef632787057f82,477e1265-2f1e-4736-9cab-3807e232f1a9,https://pe.goodlylabs.org/project/NYU_Arguments/task/2307,5,3,NYU_Articles/Pilot/CouldTrumpsImpeachmentPushHilary.txt,100030,CouldTrumpsImpeachmentPushHilary.txt,dafa2bb8de86d276aa69797936139a5fdb4c067ef5353f586b53fab36bdd360b,9bc5b9d6-af57-49bc-ba8c-f0b8dd25eac8,3c97d749-8996-4a96-97af-73ecdc5a4716,2019-10-29 04:02:08.496334,2019-10-29 04:03:53.149339,104.653005,"T1.Q1, T1.Q2, T1.Q3",0,1,0,0,0,0,5: Middling difficulty,6
ArgumentRelevance_2019_08_04,81c75cb5dd1a152ce73fa9755d8ca85a8d99e637fdcc67646cef632787057f82,477e1265-2f1e-4736-9cab-3807e232f1a9,https://pe.goodlylabs.org/project/NYU_Arguments/task/2307,5,3,NYU_Articles/Pilot/CouldTrumpsImpeachmentPushHilary.txt,100030,CouldTrumpsImpeachmentPushHilary.txt,dafa2bb8de86d276aa69797936139a5fdb4c067ef5353f586b53fab36bdd360b,13b0e451-ad37-4368-926e-d48b63e1bd69,45c40bb3-569d-4d6c-9067-bdf0cb3ce923,2019-10-29 22:04:03.503156,2019-10-29 22:05:58.799091,115.295935,"T1.Q1, T1.Q2, T1.Q3",0,0,1,0,0,0,5: Middling difficulty,5: 50-50
ArgumentRelevance_2019_08_04,81c75cb5dd1a152ce73fa9755d8ca85a8d99e637fdcc67646cef632787057f82,477e1265-2f1e-4736-9cab-3807e232f1a9,https://pe.goodlylabs.org/project/NYU_Arguments/task/2307,5,3,NYU_Articles/Pilot/CouldTrumpsImpeachmentPushHilary.txt,100030,CouldTrumpsImpeachmentPushHilary.txt,dafa2bb8de86d276aa69797936139a5fdb4c067ef5353f586b53fab36bdd360b,cfbb9fa0-8331-4a7e-a847-5ada4feab87e,6a76c935-dac8-40f8-88b1-97cf893331ad,2019-10-29 23:50:48.269124,2019-10-29 23:52:06.685345,78.416221,"T1.Q1, T1.Q2, T1.Q3",0,1,0,0,0,0,2,9
ArgumentRelevance_2019_08_04,81c75cb5dd1a152ce73fa9755d8ca85a8d99e637fdcc67646cef632787057f82,477e1265-2f1e-4736-9cab-3807e232f1a9,https://pe.goodlylabs.org/project/NYU_Arguments/task/2307,5,3,NYU_Articles/Pilot/CouldTrumpsImpeachmentPushHilary.txt,100030,CouldTrumpsImpeachmentPushHilary.txt,dafa2bb8de86d276aa69797936139a5fdb4c067ef5353f586b53fab36bdd360b,169bf6a0-72e7-4050-b68b-61aa7de7b4b7,0e4b8a3e-2714-4b5f-ba10-bb576aaa5cc6,2019-11-13 21:30:33.780961,2019-11-13 21:31:16.652431,42.87147,"T1.Q1, T1.Q2, T1.Q3",0,1,0,0,0,0,5: Middling difficulty,10: 100% certain about all my answers
ArgumentRelevance_2019_08_04,81c75cb5dd1a152ce73fa9755d8ca85a8d99e637fdcc67646cef632787057f82,477e1265-2f1e-4736-9cab-3807e232f1a9,https://pe.goodlylabs.org/project/NYU_Arguments/task/2307,5,3,NYU_Articles/Pilot/CouldTrumpsImpeachmentPushHilary.txt,100030,CouldTrumpsImpeachmentPushHilary.txt,dafa2bb8de86d276aa69797936139a5fdb4c067ef5353f586b53fab36bdd360b,189d7e02-ed42-4602-b7fe-8b5ef92f88b3,f9143626-bfe0-4e69-b652-6d1525ab4eb0,2019-11-13 22:20:37.110146,2019-11-13 22:20:37.157048,0.046902,"T1.Q1, T1.Q2, T1.Q3",1,0,0,0,0,0,5: Middling difficulty,5: 50-50
ArgumentRelevance_2019_08_04,81c75cb5dd1a152ce73fa9755d8ca85a8d99e637fdcc67646cef632787057f82,08749619-93f7-4aa2-8a73-ba47e88aee09,https://pe.goodlylabs.org/project/NYU_Arguments/task/2305,5,3,NYU_Articles/Pilot/ExplosiveReportRepAdamSchiff.txt,100029,ExplosiveReportRepAdamSchiff.txt,4c3b112770659ce6b8ac1363730d5843907463a9f5535277b674a6ad19e87364,9e207b58-0391-40a1-9d87-07043e1f23ad,50b97722-8671-4131-8a54-409491b48a1e,2019-10-29 02:05:58.475538,2019-10-29 02:07:36.655925,98.180387,"T1.Q1, T1.Q2, T1.Q3",0,1,0,0,0,0,5: Middling difficulty,8
ArgumentRelevance_2019_08_04,81c75cb5dd1a152ce73fa9755d8ca85a8d99e637fdcc67646cef632787057f82,08749619-93f7-4aa2-8a73-ba47e88aee09,https://pe.goodlylabs.org/project/NYU_Arguments/task/2305,5,3,NYU_Articles/Pilot/ExplosiveReportRepAdamSchiff.txt,100029,ExplosiveReportRepAdamSchiff.txt,4c3b112770659ce6b8ac1363730d5843907463a9f5535277b674a6ad19e87364,77b15942-1f9c-4ec4-99de-ba9277c0d3af,3c97d749-8996-4a96-97af-73ecdc5a4716,2019-10-29 04:00:09.297829,2019-10-29 04:02:08.063063,118.765234,"T1.Q1, T1.Q2, T1.Q3",0,0,0,1,0,0,5: Middling difficulty,7
ArgumentRelevance_2019_08_04,81c75cb5dd1a152ce73fa9755d8ca85a8d99e637fdcc67646cef632787057f82,08749619-93f7-4aa2-8a73-ba47e88aee09,https://pe.goodlylabs.org/project/NYU_Arguments/task/2305,5,3,NYU_Articles/Pilot/ExplosiveReportRepAdamSchiff.txt,100029,ExplosiveReportRepAdamSchiff.txt,4c3b112770659ce6b8ac1363730d5843907463a9f5535277b674a6ad19e87364,f98530c0-d05f-4de1-bb2c-51fa70fcf006,45c40bb3-569d-4d6c-9067-bdf0cb3ce923,2019-10-29 22:01:35.620220,2019-10-29 22:04:03.168723,147.548503,"T1.Q1, T1.Q2, T1.Q3",0,0,1,0,0,0,8,5: 50-50
ArgumentRelevance_2019_08_04,81c75cb5dd1a152ce73fa9755d8ca85a8d99e637fdcc67646cef632787057f82,08749619-93f7-4aa2-8a73-ba47e88aee09,https://pe.goodlylabs.org/project/NYU_Arguments/task/2305,5,3,NYU_Articles/Pilot/ExplosiveReportRepAdamSchiff.txt,100029,ExplosiveReportRepAdamSchiff.txt,4c3b112770659ce6b8ac1363730d5843907463a9f5535277b674a6ad19e87364,546063d3-3abb-4462-9c37-f84a1c662de3,c56a533a-deab-4c1a-a516-e8994c45e84c,2019-11-13 21:23:24.245865,2019-11-13 21:24:52.983701,88.737836,"T1.Q1, T1.Q2, T1.Q3",0,1,0,0,0,0,5: Middling difficulty,5: 50-50
ArgumentRelevance_2019_08_04,81c75cb5dd1a152ce73fa9755d8ca85a8d99e637fdcc67646cef632787057f82,08749619-93f7-4aa2-8a73-ba47e88aee09,https://pe.goodlylabs.org/project/NYU_Arguments/task/2305,5,3,NYU_Articles/Pilot/ExplosiveReportRepAdamSchiff.txt,100029,ExplosiveReportRepAdamSchiff.txt,4c3b112770659ce6b8ac1363730d5843907463a9f5535277b674a6ad19e87364,2bb96f26-89fd-40b8-8dbe-38775a4c2650,0e4b8a3e-2714-4b5f-ba10-bb576aaa5cc6,2019-11-13 21:29:50.836405,2019-11-13 21:30:33.574971,42.738566,"T1.Q1, T1.Q2, T1.Q3",0,1,1,0,0,0,5: Middling difficulty,9
ArgumentRelevance_2019_08_04,81c75cb5dd1a152ce73fa9755d8ca85a8d99e637fdcc67646cef632787057f82,4e588f8a-3585-401c-aa7e-8664bc71b48f,https://pe.goodlylabs.org/project/NYU_Arguments/task/2297,5,3,NYU_Articles/Pilot/FormerUkraineProsecutorSaysHe.txt,100028,FormerUkraineProsecutorSaysHe.txt,f7eb2314bb13aae4542caf7ee10c336890c3e911c50093d575b1849e107abfb7,c6b73989-ee56-49ea-a9f7-2c2d846b9756,782cf148-ffac-43f1-99aa-27a9d64b5212,2019-10-27 04:40:27.601003,2019-10-27 05:47:20.022363,4012.42136,"T1.Q1, T1.Q2, T1.Q3",0,0,1,0,0,0,5: Middling difficulty,8
ArgumentRelevance_2019_08_04,81c75cb5dd1a152ce73fa9755d8ca85a8d99e637fdcc67646cef632787057f82,4e588f8a-3585-401c-aa7e-8664bc71b48f,https://pe.goodlylabs.org/project/NYU_Arguments/task/2297,5,3,NYU_Articles/Pilot/FormerUkraineProsecutorSaysHe.txt,100028,FormerUkraineProsecutorSaysHe.txt,f7eb2314bb13aae4542caf7ee10c336890c3e911c50093d575b1849e107abfb7,3c4aa8ed-dfbc-4653-b79f-303735086a32,294a6c7b-515a-495b-b8c9-2ec7df3ef46b,2019-10-28 04:32:53.493941,2019-10-28 04:39:33.008658,399.514717,"T1.Q1, T1.Q2, T1.Q3",0,0,1,1,0,0,8,8
ArgumentRelevance_2019_08_04,81c75cb5dd1a152ce73fa9755d8ca85a8d99e637fdcc67646cef632787057f82,4e588f8a-3585-401c-aa7e-8664bc71b48f,https://pe.goodlylabs.org/project/NYU_Arguments/task/2297,5,3,NYU_Articles/Pilot/FormerUkraineProsecutorSaysHe.txt,100028,FormerUkraineProsecutorSaysHe.txt,f7eb2314bb13aae4542caf7ee10c336890c3e911c50093d575b1849e107abfb7,c3bf9b3b-2736-4e89-bd48-9c8325e0e273,7bf24adb-091e-48c8-8133-fea34936c5ca,2019-10-29 01:16:47.359056,2019-10-29 01:31:20.638979,873.279923,"T1.Q1, T1.Q2, T1.Q3",0,1,0,0,0,0,6,7
ArgumentRelevance_2019_08_04,81c75cb5dd1a152ce73fa9755d8ca85a8d99e637fdcc67646cef632787057f82,4e588f8a-3585-401c-aa7e-8664bc71b48f,https://pe.goodlylabs.org/project/NYU_Arguments/task/2297,5,3,NYU_Articles/Pilot/FormerUkraineProsecutorSaysHe.txt,100028,FormerUkraineProsecutorSaysHe.txt,f7eb2314bb13aae4542caf7ee10c336890c3e911c50093d575b1849e107abfb7,e047fda1-36a5-4961-a6fa-bcba4bbe920f,50b97722-8671-4131-8a54-409491b48a1e,2019-10-29 00:55:33.373138,2019-10-29 01:36:32.153110,2458.779972,"T1.Q1, T1.Q2, T1.Q3",0,0,1,0,0,0,5: Middling difficulty,8
ArgumentRelevance_2019_08_04,81c75cb5dd1a152ce73fa9755d8ca85a8d99e637fdcc67646cef632787057f82,4e588f8a-3585-401c-aa7e-8664bc71b48f,https://pe.goodlylabs.org/project/NYU_Arguments/task/2297,5,3,NYU_Articles/Pilot/FormerUkraineProsecutorSaysHe.txt,100028,FormerUkraineProsecutorSaysHe.txt,f7eb2314bb13aae4542caf7ee10c336890c3e911c50093d575b1849e107abfb7,631cbce0-b4a1-4c7f-823e-80245ff831f4,c56a533a-deab-4c1a-a516-e8994c45e84c,2019-11-13 21:14:25.520511,2019-11-13 21:15:11.699328,46.178817,"T1.Q1, T1.Q2, T1.Q3",0,1,0,0,0,0,5: Middling difficulty,5: 50-50
ArgumentRelevance_2019_08_04,81c75cb5dd1a152ce73fa9755d8ca85a8d99e637fdcc67646cef632787057f82,40e8e2a2-f6c1-4082-8a58-1a748a73c294,https://pe.goodlylabs.org/project/NYU_Arguments/task/2302,5,3,NYU_Articles/Pilot/FormerUkraineProsecutorSaysHe.txt,100028,FormerUkraineProsecutorSaysHe.txt,f7eb2314bb13aae4542caf7ee10c336890c3e911c50093d575b1849e107abfb7,10e64b41-cc69-4a3b-a29c-b2c5fe64ab8e,50b97722-8671-4131-8a54-409491b48a1e,2019-10-29 01:55:46.525105,2019-10-29 02:04:21.631470,515.106365,"T1.Q1, T1.Q2, T1.Q3",0,0,1,0,0,0,6,6
ArgumentRelevance_2019_08_04,81c75cb5dd1a152ce73fa9755d8ca85a8d99e637fdcc67646cef632787057f82,40e8e2a2-f6c1-4082-8a58-1a748a73c294,https://pe.goodlylabs.org/project/NYU_Arguments/task/2302,5,3,NYU_Articles/Pilot/FormerUkraineProsecutorSaysHe.txt,100028,FormerUkraineProsecutorSaysHe.txt,f7eb2314bb13aae4542caf7ee10c336890c3e911c50093d575b1849e107abfb7,48d3328b-0819-42c8-9878-d3230faa3cd4,3c97d749-8996-4a96-97af-73ecdc5a4716,2019-10-29 03:56:08.726755,2019-10-29 03:59:31.068158,202.341403,"T1.Q1, T1.Q2, T1.Q3",0,1,0,0,0,0,5: Middling difficulty,5: 50-50
ArgumentRelevance_2019_08_04,81c75cb5dd1a152ce73fa9755d8ca85a8d99e637fdcc67646cef632787057f82,40e8e2a2-f6c1-4082-8a58-1a748a73c294,https://pe.goodlylabs.org/project/NYU_Arguments/task/2302,5,3,NYU_Articles/Pilot/FormerUkraineProsecutorSaysHe.txt,100028,FormerUkraineProsecutorSaysHe.txt,f7eb2314bb13aae4542caf7ee10c336890c3e911c50093d575b1849e107abfb7,fc90c69f-70fc-4e28-88f3-c93c38698256,45c40bb3-569d-4d6c-9067-bdf0cb3ce923,2019-10-29 21:57:49.402759,2019-10-29 21:59:42.923915,113.521156,"T1.Q1, T1.Q2, T1.Q3",0,1,0,0,0,0,4,6
ArgumentRelevance_2019_08_04,81c75cb5dd1a152ce73fa9755d8ca85a8d99e637fdcc67646cef632787057f82,40e8e2a2-f6c1-4082-8a58-1a748a73c294,https://pe.goodlylabs.org/project/NYU_Arguments/task/2302,5,3,NYU_Articles/Pilot/FormerUkraineProsecutorSaysHe.txt,100028,FormerUkraineProsecutorSaysHe.txt,f7eb2314bb13aae4542caf7ee10c336890c3e911c50093d575b1849e107abfb7,22df0fbd-cc69-4905-9302-4beb2e440a01,c56a533a-deab-4c1a-a516-e8994c45e84c,2019-11-13 21:19:58.624625,2019-11-13 21:22:11.486903,132.862278,"T1.Q1, T1.Q2, T1.Q3",0,1,0,0,0,0,5: Middling difficulty,5: 50-50
ArgumentRelevance_2019_08_04,81c75cb5dd1a152ce73fa9755d8ca85a8d99e637fdcc67646cef632787057f82,40e8e2a2-f6c1-4082-8a58-1a748a73c294,https://pe.goodlylabs.org/project/NYU_Arguments/task/2302,5,3,NYU_Articles/Pilot/FormerUkraineProsecutorSaysHe.txt,100028,FormerUkraineProsecutorSaysHe.txt,f7eb2314bb13aae4542caf7ee10c336890c3e911c50093d575b1849e107abfb7,f6880ecc-eea9-405f-9441-72310cc61351,0e4b8a3e-2714-4b5f-ba10-bb576aaa5cc6,2019-11-13 21:25:15.662591,2019-11-13 21:26:09.115574,53.452983,"T1.Q1, T1.Q2, T1.Q3",0,1,0,0,0,0,5: Middling difficulty,9
ArgumentRelevance_2019_08_04,81c75cb5dd1a152ce73fa9755d8ca85a8d99e637fdcc67646cef632787057f82,c9fe377d-0782-4736-89db-f0a804d40a81,https://pe.goodlylabs.org/project/NYU_Arguments/task/2308,5,3,NYU_Articles/Pilot/CouldTrumpsImpeachmentPushHilary.txt,100030,CouldTrumpsImpeachmentPushHilary.txt,dafa2bb8de86d276aa69797936139a5fdb4c067ef5353f586b53fab36bdd360b,163f4dd2-cd2c-4c5e-8d43-e17940d04cdd,3c97d749-8996-4a96-97af-73ecdc5a4716,2019-10-29 04:03:33.275326,2019-10-29 04:04:39.710892,66.435566,"T1.Q1, T1.Q2, T1.Q3",1,0,0,0,0,0,2,9
ArgumentRelevance_2019_08_04,81c75cb5dd1a152ce73fa9755d8ca85a8d99e637fdcc67646cef632787057f82,c9fe377d-0782-4736-89db-f0a804d40a81,https://pe.goodlylabs.org/project/NYU_Arguments/task/2308,5,3,NYU_Articles/Pilot/CouldTrumpsImpeachmentPushHilary.txt,100030,CouldTrumpsImpeachmentPushHilary.txt,dafa2bb8de86d276aa69797936139a5fdb4c067ef5353f586b53fab36bdd360b,e644bf29-ac31-4bb6-bca0-2cde5ca8b563,45c40bb3-569d-4d6c-9067-bdf0cb3ce923,2019-10-29 22:05:08.772101,2019-10-29 22:06:43.012198,94.240097,"T1.Q1, T1.Q2, T1.Q3",0,1,1,0,0,0,7,4
ArgumentRelevance_2019_08_04,81c75cb5dd1a152ce73fa9755d8ca85a8d99e637fdcc67646cef632787057f82,c9fe377d-0782-4736-89db-f0a804d40a81,https://pe.goodlylabs.org/project/NYU_Arguments/task/2308,5,3,NYU_Articles/Pilot/CouldTrumpsImpeachmentPushHilary.txt,100030,CouldTrumpsImpeachmentPushHilary.txt,dafa2bb8de86d276aa69797936139a5fdb4c067ef5353f586b53fab36bdd360b,9cd4d00b-f6b1-426a-9190-7dbcd50046e9,6a76c935-dac8-40f8-88b1-97cf893331ad,2019-10-29 23:50:48.473164,2019-10-30 00:32:01.596147,2473.122983,"T1.Q1, T1.Q2, T1.Q3",0,1,0,0,0,0,6,7
ArgumentRelevance_2019_08_04,81c75cb5dd1a152ce73fa9755d8ca85a8d99e637fdcc67646cef632787057f82,c9fe377d-0782-4736-89db-f0a804d40a81,https://pe.goodlylabs.org/project/NYU_Arguments/task/2308,5,3,NYU_Articles/Pilot/CouldTrumpsImpeachmentPushHilary.txt,100030,CouldTrumpsImpeachmentPushHilary.txt,dafa2bb8de86d276aa69797936139a5fdb4c067ef5353f586b53fab36bdd360b,c524fdd6-7169-4600-a5c1-e6dff218b558,0e4b8a3e-2714-4b5f-ba10-bb576aaa5cc6,2019-11-13 21:31:03.862925,2019-11-13 21:31:28.927716,25.064791,"T1.Q1, T1.Q2, T1.Q3",0,1,0,0,0,0,5: Middling difficulty,10: 100% certain about all my answers
ArgumentRelevance_2019_08_04,81c75cb5dd1a152ce73fa9755d8ca85a8d99e637fdcc67646cef632787057f82,c9fe377d-0782-4736-89db-f0a804d40a81,https://pe.goodlylabs.org/project/NYU_Arguments/task/2308,5,3,NYU_Articles/Pilot/CouldTrumpsImpeachmentPushHilary.txt,100030,CouldTrumpsImpeachmentPushHilary.txt,dafa2bb8de86d276aa69797936139a5fdb4c067ef5353f586b53fab36bdd360b,62676470-e5c9-4979-9b61-2d1991ec9d6c,f9143626-bfe0-4e69-b652-6d1525ab4eb0,2019-11-13 22:21:45.156975,2019-11-13 22:21:45.207084,0.050109,"T1.Q1, T1.Q2, T1.Q3",1,0,0,0,0,0,4,8
ArgumentRelevance_2019_08_04,81c75cb5dd1a152ce73fa9755d8ca85a8d99e637fdcc67646cef632787057f82,27e7e929-dc07-41ef-a96e-eea5545f5dd8,https://pe.goodlylabs.org/project/NYU_Arguments/task/2431,2,3,NYU_Articles/Day1/UkrainianOfficialsReleaseRecordsOf.txt,100035,UkrainianOfficialsReleaseRecordsOf.txt,d7a866ba4b0104b93dc030d98d2416a336e37ef90f6c073c339e05cd47d19e24,fe6e0617-6230-419a-9d7d-858bf29ae21b,0e4b8a3e-2714-4b5f-ba10-bb576aaa5cc6,2019-11-13 21:37:45.217271,2019-11-13 21:38:31.905782,46.688511,"T1.Q1, T1.Q2, T1.Q3",0,1,0,0,0,0,5: Middling difficulty,6
ArgumentRelevance_2019_08_04,81c75cb5dd1a152ce73fa9755d8ca85a8d99e637fdcc67646cef632787057f82,27e7e929-dc07-41ef-a96e-eea5545f5dd8,https://pe.goodlylabs.org/project/NYU_Arguments/task/2431,2,3,NYU_Articles/Day1/UkrainianOfficialsReleaseRecordsOf.txt,100035,UkrainianOfficialsReleaseRecordsOf.txt,d7a866ba4b0104b93dc030d98d2416a336e37ef90f6c073c339e05cd47d19e24,8ebb9de8-619b-49da-ba03-2e62c3fcfb36,bba6ae56-fae7-4c7f-993a-866ea4c3efc2,2019-11-13 23:05:54.697899,2019-11-13 23:07:52.647756,117.949857,"T1.Q1, T1.Q2, T1.Q3",0,1,0,0,0,0,5: Middling difficulty,5: 50-50
ArgumentRelevance_2019_08_04,81c75cb5dd1a152ce73fa9755d8ca85a8d99e637fdcc67646cef632787057f82,afb5754a-b30d-46c2-9b99-5eb877f2cb3b,https://pe.goodlylabs.org/project/NYU_Arguments/task/2314,5,3,NYU_Articles/Pilot/TIFinallyExplainsWhyHe.txt,100032,TIFinallyExplainsWhyHe.txt,832ecb4405a6c6ba17b9f5a67e9cdb91b07462cb9d723162fbcf3e114b66f791,8ab43e97-6dc3-4349-9f57-92e49be25cd7,3c97d749-8996-4a96-97af-73ecdc5a4716,2019-10-29 04:07:07.412542,2019-10-29 04:08:40.771819,93.359277,"T1.Q1, T1.Q2, T1.Q3",1,0,0,0,0,0,2,10: 100% certain about all my answers
ArgumentRelevance_2019_08_04,81c75cb5dd1a152ce73fa9755d8ca85a8d99e637fdcc67646cef632787057f82,afb5754a-b30d-46c2-9b99-5eb877f2cb3b,https://pe.goodlylabs.org/project/NYU_Arguments/task/2314,5,3,NYU_Articles/Pilot/TIFinallyExplainsWhyHe.txt,100032,TIFinallyExplainsWhyHe.txt,832ecb4405a6c6ba17b9f5a67e9cdb91b07462cb9d723162fbcf3e114b66f791,fc3c7a7c-da48-4d53-9cad-c811a0fd25be,45c40bb3-569d-4d6c-9067-bdf0cb3ce923,2019-10-29 22:19:20.903457,2019-10-29 22:21:09.716250,108.812793,"T1.Q1, T1.Q2, T1.Q3",1,0,0,0,0,0,3,7
ArgumentRelevance_2019_08_04,81c75cb5dd1a152ce73fa9755d8ca85a8d99e637fdcc67646cef632787057f82,afb5754a-b30d-46c2-9b99-5eb877f2cb3b,https://pe.goodlylabs.org/project/NYU_Arguments/task/2314,5,3,NYU_Articles/Pilot/TIFinallyExplainsWhyHe.txt,100032,TIFinallyExplainsWhyHe.txt,832ecb4405a6c6ba17b9f5a67e9cdb91b07462cb9d723162fbcf3e114b66f791,07467050-721c-45bd-adac-231da445614a,6a76c935-dac8-40f8-88b1-97cf893331ad,2019-10-30 00:50:30.712646,2019-10-30 00:53:53.821574,203.108928,"T1.Q1, T1.Q2, T1.Q3",1,1,0,0,0,0,4,8
ArgumentRelevance_2019_08_04,81c75cb5dd1a152ce73fa9755d8ca85a8d99e637fdcc67646cef632787057f82,afb5754a-b30d-46c2-9b99-5eb877f2cb3b,https://pe.goodlylabs.org/project/NYU_Arguments/task/2314,5,3,NYU_Articles/Pilot/TIFinallyExplainsWhyHe.txt,100032,TIFinallyExplainsWhyHe.txt,832ecb4405a6c6ba17b9f5a67e9cdb91b07462cb9d723162fbcf3e114b66f791,b3e4d57b-8018-4f6d-9da2-8d431e3ada39,0e4b8a3e-2714-4b5f-ba10-bb576aaa5cc6,2019-11-13 21:33:15.950553,2019-11-13 21:34:20.119443,64.16889,"T1.Q1, T1.Q2, T1.Q3",1,1,1,0,0,0,5: Middling difficulty,9
ArgumentRelevance_2019_08_04,81c75cb5dd1a152ce73fa9755d8ca85a8d99e637fdcc67646cef632787057f82,afb5754a-b30d-46c2-9b99-5eb877f2cb3b,https://pe.goodlylabs.org/project/NYU_Arguments/task/2314,5,3,NYU_Articles/Pilot/TIFinallyExplainsWhyHe.txt,100032,TIFinallyExplainsWhyHe.txt,832ecb4405a6c6ba17b9f5a67e9cdb91b07462cb9d723162fbcf3e114b66f791,eed2585d-71d2-42aa-90ae-6a881901e1c4,bba6ae56-fae7-4c7f-993a-866ea4c3efc2,2019-11-13 22:52:58.427361,2019-11-13 22:56:16.211381,197.78402,"T1.Q1, T1.Q2, T1.Q3",0,1,0,0,0,0,5: Middling difficulty,5: 50-50
ArgumentRelevance_2019_08_04,81c75cb5dd1a152ce73fa9755d8ca85a8d99e637fdcc67646cef632787057f82,c8dd981c-0cb0-41cf-baf7-668f18c99397,https://pe.goodlylabs.org/project/NYU_Arguments/task/2303,5,3,NYU_Articles/Pilot/ExplosiveReportRepAdamSchiff.txt,100029,ExplosiveReportRepAdamSchiff.txt,4c3b112770659ce6b8ac1363730d5843907463a9f5535277b674a6ad19e87364,0f38e87c-c10f-4c8f-896b-2848a8a9ac6a,50b97722-8671-4131-8a54-409491b48a1e,2019-10-29 01:58:49.242742,2019-10-29 02:05:58.245351,429.002609,"T1.Q1, T1.Q2, T1.Q3",1,1,0,0,0,0,4,8
ArgumentRelevance_2019_08_04,81c75cb5dd1a152ce73fa9755d8ca85a8d99e637fdcc67646cef632787057f82,c8dd981c-0cb0-41cf-baf7-668f18c99397,https://pe.goodlylabs.org/project/NYU_Arguments/task/2303,5,3,NYU_Articles/Pilot/ExplosiveReportRepAdamSchiff.txt,100029,ExplosiveReportRepAdamSchiff.txt,4c3b112770659ce6b8ac1363730d5843907463a9f5535277b674a6ad19e87364,38284854-7277-428d-bed6-01d9cff06083,3c97d749-8996-4a96-97af-73ecdc5a4716,2019-10-29 03:58:46.363155,2019-10-29 04:00:08.943570,82.580415,"T1.Q1, T1.Q2, T1.Q3",0,0,1,0,0,0,3,7
ArgumentRelevance_2019_08_04,81c75cb5dd1a152ce73fa9755d8ca85a8d99e637fdcc67646cef632787057f82,c8dd981c-0cb0-41cf-baf7-668f18c99397,https://pe.goodlylabs.org/project/NYU_Arguments/task/2303,5,3,NYU_Articles/Pilot/ExplosiveReportRepAdamSchiff.txt,100029,ExplosiveReportRepAdamSchiff.txt,4c3b112770659ce6b8ac1363730d5843907463a9f5535277b674a6ad19e87364,e8797236-4bac-4c21-9f6a-6f535544b1a7,45c40bb3-569d-4d6c-9067-bdf0cb3ce923,2019-10-29 21:57:49.561928,2019-10-29 22:01:35.299630,225.737702,"T1.Q1, T1.Q2, T1.Q3",1,1,0,0,0,0,6,6
ArgumentRelevance_2019_08_04,81c75cb5dd1a152ce73fa9755d8ca85a8d99e637fdcc67646cef632787057f82,c8dd981c-0cb0-41cf-baf7-668f18c99397,https://pe.goodlylabs.org/project/NYU_Arguments/task/2303,5,3,NYU_Articles/Pilot/ExplosiveReportRepAdamSchiff.txt,100029,ExplosiveReportRepAdamSchiff.txt,4c3b112770659ce6b8ac1363730d5843907463a9f5535277b674a6ad19e87364,e4f012a5-84d3-41a9-ba15-73f4f812d25f,c56a533a-deab-4c1a-a516-e8994c45e84c,2019-11-13 21:21:47.861786,2019-11-13 21:23:23.921114,96.059328,"T1.Q1, T1.Q2, T1.Q3",0,1,0,0,0,0,5: Middling difficulty,5: 50-50
ArgumentRelevance_2019_08_04,81c75cb5dd1a152ce73fa9755d8ca85a8d99e637fdcc67646cef632787057f82,c8dd981c-0cb0-41cf-baf7-668f18c99397,https://pe.goodlylabs.org/project/NYU_Arguments/task/2303,5,3,NYU_Articles/Pilot/ExplosiveReportRepAdamSchiff.txt,100029,ExplosiveReportRepAdamSchiff.txt,4c3b112770659ce6b8ac1363730d5843907463a9f5535277b674a6ad19e87364,8db3de7c-3878-4ac4-84c4-b66e5ab03c93,0e4b8a3e-2714-4b5f-ba10-bb576aaa5cc6,2019-11-13 21:29:26.403368,2019-11-13 21:29:50.616197,24.212829,"T1.Q1, T1.Q2, T1.Q3",1,1,0,0,0,0,5: Middling difficulty,9
ArgumentRelevance_2019_08_04,81c75cb5dd1a152ce73fa9755d8ca85a8d99e637fdcc67646cef632787057f82,f1bd5018-8ebc-40f8-8921-d1975b3596ea,https://pe.goodlylabs.org/project/NYU_Arguments/task/2313,5,3,NYU_Articles/Pilot/CongressAnnouncesSeizureOfTrump.txt,100031,CongressAnnouncesSeizureOfTrump.txt,729c16dbf760152f8bb67a7ecfbb15a25ae7f594fe35bd711c1d5e1ef1ff5c1f,0acd80bf-8773-478e-9a09-9b02c8f62492,3c97d749-8996-4a96-97af-73ecdc5a4716,2019-10-29 04:06:34.240783,2019-10-29 04:07:37.453786,63.213003,"T1.Q1, T1.Q2, T1.Q3",0,0,1,0,0,0,7,7
ArgumentRelevance_2019_08_04,81c75cb5dd1a152ce73fa9755d8ca85a8d99e637fdcc67646cef632787057f82,f1bd5018-8ebc-40f8-8921-d1975b3596ea,https://pe.goodlylabs.org/project/NYU_Arguments/task/2313,5,3,NYU_Articles/Pilot/CongressAnnouncesSeizureOfTrump.txt,100031,CongressAnnouncesSeizureOfTrump.txt,729c16dbf760152f8bb67a7ecfbb15a25ae7f594fe35bd711c1d5e1ef1ff5c1f,7dcb899a-8b43-4a80-b53c-f38e0db4128f,45c40bb3-569d-4d6c-9067-bdf0cb3ce923,2019-10-29 22:17:25.113469,2019-10-29 22:19:46.867873,141.754404,"T1.Q1, T1.Q2, T1.Q3",0,0,1,0,0,0,4,6
ArgumentRelevance_2019_08_04,81c75cb5dd1a152ce73fa9755d8ca85a8d99e637fdcc67646cef632787057f82,f1bd5018-8ebc-40f8-8921-d1975b3596ea,https://pe.goodlylabs.org/project/NYU_Arguments/task/2313,5,3,NYU_Articles/Pilot/CongressAnnouncesSeizureOfTrump.txt,100031,CongressAnnouncesSeizureOfTrump.txt,729c16dbf760152f8bb67a7ecfbb15a25ae7f594fe35bd711c1d5e1ef1ff5c1f,986286c7-218b-424f-9bd6-5078de29fccd,6a76c935-dac8-40f8-88b1-97cf893331ad,2019-10-30 00:49:24.540995,2019-10-30 00:51:22.217923,117.676928,"T1.Q1, T1.Q2, T1.Q3",0,1,0,0,0,0,3,8
ArgumentRelevance_2019_08_04,81c75cb5dd1a152ce73fa9755d8ca85a8d99e637fdcc67646cef632787057f82,f1bd5018-8ebc-40f8-8921-d1975b3596ea,https://pe.goodlylabs.org/project/NYU_Arguments/task/2313,5,3,NYU_Articles/Pilot/CongressAnnouncesSeizureOfTrump.txt,100031,CongressAnnouncesSeizureOfTrump.txt,729c16dbf760152f8bb67a7ecfbb15a25ae7f594fe35bd711c1d5e1ef1ff5c1f,6870125a-aebc-4996-ac67-a82f7c2e3c90,0e4b8a3e-2714-4b5f-ba10-bb576aaa5cc6,2019-11-13 21:32:53.490521,2019-11-13 21:33:27.852828,34.362307,"T1.Q1, T1.Q2, T1.Q3",0,0,1,0,0,0,5: Middling difficulty,9
ArgumentRelevance_2019_08_04,81c75cb5dd1a152ce73fa9755d8ca85a8d99e637fdcc67646cef632787057f82,f1bd5018-8ebc-40f8-8921-d1975b3596ea,https://pe.goodlylabs.org/project/NYU_Arguments/task/2313,5,3,NYU_Articles/Pilot/CongressAnnouncesSeizureOfTrump.txt,100031,CongressAnnouncesSeizureOfTrump.txt,729c16dbf760152f8bb67a7ecfbb15a25ae7f594fe35bd711c1d5e1ef1ff5c1f,aca9350f-dd67-46cb-812f-25dddf642b75,bba6ae56-fae7-4c7f-993a-866ea4c3efc2,2019-11-13 22:51:24.129028,2019-11-13 22:53:55.916356,151.787328,"T1.Q1, T1.Q2, T1.Q3",0,0,1,0,0,0,5: Middling difficulty,4
ArgumentRelevance_2019_08_04,81c75cb5dd1a152ce73fa9755d8ca85a8d99e637fdcc67646cef632787057f82,adaf2c22-9fc8-401f-abc4-f36a47337505,https://pe.goodlylabs.org/project/NYU_Arguments/task/2430,2,3,NYU_Articles/Day1/UkrainianOfficialsReleaseRecordsOf.txt,100035,UkrainianOfficialsReleaseRecordsOf.txt,d7a866ba4b0104b93dc030d98d2416a336e37ef90f6c073c339e05cd47d19e24,1f22b6e4-0d8f-4429-8505-ff9abad5f94a,0e4b8a3e-2714-4b5f-ba10-bb576aaa5cc6,2019-11-13 21:37:06.268793,2019-11-13 21:38:16.332657,70.063864,"T1.Q1, T1.Q2, T1.Q3",1,1,1,0,0,0,5: Middling difficulty,9
ArgumentRelevance_2019_08_04,81c75cb5dd1a152ce73fa9755d8ca85a8d99e637fdcc67646cef632787057f82,adaf2c22-9fc8-401f-abc4-f36a47337505,https://pe.goodlylabs.org/project/NYU_Arguments/task/2430,2,3,NYU_Articles/Day1/UkrainianOfficialsReleaseRecordsOf.txt,100035,UkrainianOfficialsReleaseRecordsOf.txt,d7a866ba4b0104b93dc030d98d2416a336e37ef90f6c073c339e05cd47d19e24,664ed3aa-890b-4acc-a5ab-37dacc7259c5,bba6ae56-fae7-4c7f-993a-866ea4c3efc2,2019-11-13 23:05:03.239389,2019-11-13 23:07:23.127873,139.888484,"T1.Q1, T1.Q2, T1.Q3",1,1,1,0,0,0,5: Middling difficulty,5: 50-50
ArgumentRelevance_2019_08_04,81c75cb5dd1a152ce73fa9755d8ca85a8d99e637fdcc67646cef632787057f82,dd3e7528-5a88-410a-bc76-924ef5513e41,https://pe.goodlylabs.org/project/NYU_Arguments/task/2428,2,3,NYU_Articles/Day1/NBCABCAndCBSAppear.txt,100034,NBCABCAndCBSAppear.txt,3b9c291d9345c8221a497206a766483bf78df474550f0c50c58df9ad4c20ff75,8b171a52-6d74-4431-8a80-f7c34c5ccf6a,0e4b8a3e-2714-4b5f-ba10-bb576aaa5cc6,2019-11-13 21:36:03.863572,2019-11-13 21:37:06.078012,62.21444,"T1.Q1, T1.Q2, T1.Q3",0,1,1,0,0,0,5: Middling difficulty,6
ArgumentRelevance_2019_08_04,81c75cb5dd1a152ce73fa9755d8ca85a8d99e637fdcc67646cef632787057f82,dd3e7528-5a88-410a-bc76-924ef5513e41,https://pe.goodlylabs.org/project/NYU_Arguments/task/2428,2,3,NYU_Articles/Day1/NBCABCAndCBSAppear.txt,100034,NBCABCAndCBSAppear.txt,3b9c291d9345c8221a497206a766483bf78df474550f0c50c58df9ad4c20ff75,e24b6908-61ba-42ca-9fd3-a76b0cd3a9ad,bba6ae56-fae7-4c7f-993a-866ea4c3efc2,2019-11-13 23:00:16.424772,2019-11-13 23:05:02.081386,285.656614,"T1.Q1, T1.Q2, T1.Q3",0,0,1,0,0,1,5: Middling difficulty,6
ArgumentRelevance_2019_08_04,81c75cb5dd1a152ce73fa9755d8ca85a8d99e637fdcc67646cef632787057f82,5993de44-233b-457d-9565-cdd5a2bcea8b,https://pe.goodlylabs.org/project/NYU_Arguments/task/2311,5,3,NYU_Articles/Pilot/CongressAnnouncesSeizureOfTrump.txt,100031,CongressAnnouncesSeizureOfTrump.txt,729c16dbf760152f8bb67a7ecfbb15a25ae7f594fe35bd711c1d5e1ef1ff5c1f,906f6598-900f-4b63-9d19-51c7e51421c8,3c97d749-8996-4a96-97af-73ecdc5a4716,2019-10-29 04:05:39.236929,2019-10-29 04:06:33.855794,54.618865,"T1.Q1, T1.Q2, T1.Q3",0,0,0,0,1,0,7,4
ArgumentRelevance_2019_08_04,81c75cb5dd1a152ce73fa9755d8ca85a8d99e637fdcc67646cef632787057f82,5993de44-233b-457d-9565-cdd5a2bcea8b,https://pe.goodlylabs.org/project/NYU_Arguments/task/2311,5,3,NYU_Articles/Pilot/CongressAnnouncesSeizureOfTrump.txt,100031,CongressAnnouncesSeizureOfTrump.txt,729c16dbf760152f8bb67a7ecfbb15a25ae7f594fe35bd711c1d5e1ef1ff5c1f,f8ae116f-37a9-4848-926b-065dd19f797d,45c40bb3-569d-4d6c-9067-bdf0cb3ce923,2019-10-29 22:07:40.251915,2019-10-29 22:09:34.602095,114.35018,"T1.Q1, T1.Q2, T1.Q3",0,0,1,0,0,0,5: Middling difficulty,5: 50-50
ArgumentRelevance_2019_08_04,81c75cb5dd1a152ce73fa9755d8ca85a8d99e637fdcc67646cef632787057f82,5993de44-233b-457d-9565-cdd5a2bcea8b,https://pe.goodlylabs.org/project/NYU_Arguments/task/2311,5,3,NYU_Articles/Pilot/CongressAnnouncesSeizureOfTrump.txt,100031,CongressAnnouncesSeizureOfTrump.txt,729c16dbf760152f8bb67a7ecfbb15a25ae7f594fe35bd711c1d5e1ef1ff5c1f,6a61eb38-75dc-4e31-92ba-8ac314056de8,6a76c935-dac8-40f8-88b1-97cf893331ad,2019-10-30 00:39:25.525228,2019-10-30 00:49:24.197268,598.67204,"T1.Q1, T1.Q2, T1.Q3",0,0,1,0,0,0,1: Easier than anything I've ever done in a classroom setting,10: 100% certain about all my answers
ArgumentRelevance_2019_08_04,81c75cb5dd1a152ce73fa9755d8ca85a8d99e637fdcc67646cef632787057f82,5993de44-233b-457d-9565-cdd5a2bcea8b,https://pe.goodlylabs.org/project/NYU_Arguments/task/2311,5,3,NYU_Articles/Pilot/CongressAnnouncesSeizureOfTrump.txt,100031,CongressAnnouncesSeizureOfTrump.txt,729c16dbf760152f8bb67a7ecfbb15a25ae7f594fe35bd711c1d5e1ef1ff5c1f,1c093277-8c73-4f43-aa66-c0827b070b31,0e4b8a3e-2714-4b5f-ba10-bb576aaa5cc6,2019-11-13 21:31:56.711030,2019-11-13 21:32:53.295768,56.584738,"T1.Q1, T1.Q2, T1.Q3",0,0,0,0,1,0,5: Middling difficulty,9
ArgumentRelevance_2019_08_04,81c75cb5dd1a152ce73fa9755d8ca85a8d99e637fdcc67646cef632787057f82,5993de44-233b-457d-9565-cdd5a2bcea8b,https://pe.goodlylabs.org/project/NYU_Arguments/task/2311,5,3,NYU_Articles/Pilot/CongressAnnouncesSeizureOfTrump.txt,100031,CongressAnnouncesSeizureOfTrump.txt,729c16dbf760152f8bb67a7ecfbb15a25ae7f594fe35bd711c1d5e1ef1ff5c1f,54f6d2e6-56e6-436f-b6e1-d81c66b9e00f,bba6ae56-fae7-4c7f-993a-866ea4c3efc2,2019-11-13 22:48:17.726185,2019-11-13 22:51:23.875390,186.149205,"T1.Q1, T1.Q2, T1.Q3",0,0,1,1,0,0,4,7
ArgumentRelevance_2019_08_04,81c75cb5dd1a152ce73fa9755d8ca85a8d99e637fdcc67646cef632787057f82,09a5e8da-5709-40c6-85cd-2468b7eb8690,https://pe.goodlylabs.org/project/NYU_Arguments/task/2310,5,3,NYU_Articles/Pilot/CongressAnnouncesSeizureOfTrump.txt,100031,CongressAnnouncesSeizureOfTrump.txt,729c16dbf760152f8bb67a7ecfbb15a25ae7f594fe35bd711c1d5e1ef1ff5c1f,91d5a014-5a80-47e2-9bc3-be550ecaa3b5,3c97d749-8996-4a96-97af-73ecdc5a4716,2019-10-29 04:04:39.936638,2019-10-29 04:06:05.985343,86.048705,"T1.Q1, T1.Q2, T1.Q3",0,0,1,0,0,0,5: Middling difficulty,5: 50-50
ArgumentRelevance_2019_08_04,81c75cb5dd1a152ce73fa9755d8ca85a8d99e637fdcc67646cef632787057f82,09a5e8da-5709-40c6-85cd-2468b7eb8690,https://pe.goodlylabs.org/project/NYU_Arguments/task/2310,5,3,NYU_Articles/Pilot/CongressAnnouncesSeizureOfTrump.txt,100031,CongressAnnouncesSeizureOfTrump.txt,729c16dbf760152f8bb67a7ecfbb15a25ae7f594fe35bd711c1d5e1ef1ff5c1f,7410768d-5b94-4bbb-9a01-4daf29a70737,45c40bb3-569d-4d6c-9067-bdf0cb3ce923,2019-10-29 22:06:43.291525,2019-10-29 22:08:58.384692,135.093167,"T1.Q1, T1.Q2, T1.Q3",1,0,0,0,0,0,4,8
ArgumentRelevance_2019_08_04,81c75cb5dd1a152ce73fa9755d8ca85a8d99e637fdcc67646cef632787057f82,09a5e8da-5709-40c6-85cd-2468b7eb8690,https://pe.goodlylabs.org/project/NYU_Arguments/task/2310,5,3,NYU_Articles/Pilot/CongressAnnouncesSeizureOfTrump.txt,100031,CongressAnnouncesSeizureOfTrump.txt,729c16dbf760152f8bb67a7ecfbb15a25ae7f594fe35bd711c1d5e1ef1ff5c1f,2f30f9cb-d748-45d2-86ea-f06f43f968a8,6a76c935-dac8-40f8-88b1-97cf893331ad,2019-10-30 00:32:01.962165,2019-10-30 00:48:45.191967,1003.229802,"T1.Q1, T1.Q2, T1.Q3",1,1,0,0,0,0,8,5: 50-50
ArgumentRelevance_2019_08_04,81c75cb5dd1a152ce73fa9755d8ca85a8d99e637fdcc67646cef632787057f82,09a5e8da-5709-40c6-85cd-2468b7eb8690,https://pe.goodlylabs.org/project/NYU_Arguments/task/2310,5,3,NYU_Articles/Pilot/CongressAnnouncesSeizureOfTrump.txt,100031,CongressAnnouncesSeizureOfTrump.txt,729c16dbf760152f8bb67a7ecfbb15a25ae7f594fe35bd711c1d5e1ef1ff5c1f,2f73a604-eb4d-4476-983a-a96479c3e574,0e4b8a3e-2714-4b5f-ba10-bb576aaa5cc6,2019-11-13 21:31:29.159974,2019-11-13 21:32:30.564273,61.404299,"T1.Q1, T1.Q2, T1.Q3",0,1,0,0,0,0,5: Middling difficulty,7
ArgumentRelevance_2019_08_04,81c75cb5dd1a152ce73fa9755d8ca85a8d99e637fdcc67646cef632787057f82,09a5e8da-5709-40c6-85cd-2468b7eb8690,https://pe.goodlylabs.org/project/NYU_Arguments/task/2310,5,3,NYU_Articles/Pilot/CongressAnnouncesSeizureOfTrump.txt,100031,CongressAnnouncesSeizureOfTrump.txt,729c16dbf760152f8bb67a7ecfbb15a25ae7f594fe35bd711c1d5e1ef1ff5c1f,1c3303f9-7219-408d-967b-bc874bd26398,bba6ae56-fae7-4c7f-993a-866ea4c3efc2,2019-11-13 22:48:17.591259,2019-11-13 22:50:40.788599,143.19734,"T1.Q1, T1.Q2, T1.Q3",1,1,0,0,0,0,4,5: 50-50
ArgumentRelevance_2019_08_04,81c75cb5dd1a152ce73fa9755d8ca85a8d99e637fdcc67646cef632787057f82,aaafc799-617e-4877-8e7e-c112711868a0,https://pe.goodlylabs.org/project/NYU_Arguments/task/2426,2,3,NYU_Articles/Day1/RogerStoneTrialEndsRick.txt,100033,RogerStoneTrialEndsRick.txt,86d0e1839d825b8b56f2c7430efa716f4777e45dd001dd29ff68a3d232069e4c,e33ae246-a8f9-4c4a-8536-c8847d79077b,0e4b8a3e-2714-4b5f-ba10-bb576aaa5cc6,2019-11-13 21:35:10.978681,2019-11-13 21:36:03.654941,52.67626,"T1.Q1, T1.Q2, T1.Q3",1,1,0,0,0,0,5: Middling difficulty,9
ArgumentRelevance_2019_08_04,81c75cb5dd1a152ce73fa9755d8ca85a8d99e637fdcc67646cef632787057f82,aaafc799-617e-4877-8e7e-c112711868a0,https://pe.goodlylabs.org/project/NYU_Arguments/task/2426,2,3,NYU_Articles/Day1/RogerStoneTrialEndsRick.txt,100033,RogerStoneTrialEndsRick.txt,86d0e1839d825b8b56f2c7430efa716f4777e45dd001dd29ff68a3d232069e4c,1c8b21a7-b991-46a5-b9d5-e93346b9876b,bba6ae56-fae7-4c7f-993a-866ea4c3efc2,2019-11-13 22:57:37.179072,2019-11-13 23:00:15.889887,158.710815,"T1.Q1, T1.Q2, T1.Q3",0,1,0,0,0,0,4,5: 50-50
ArgumentRelevance_2019_08_04,81c75cb5dd1a152ce73fa9755d8ca85a8d99e637fdcc67646cef632787057f82,e7fee8d9-6f15-49ae-8c64-6c495e9e4bc9,https://pe.goodlylabs.org/project/NYU_Arguments/task/2425,2,3,NYU_Articles/Day1/RogerStoneTrialEndsRick.txt,100033,RogerStoneTrialEndsRick.txt,86d0e1839d825b8b56f2c7430efa716f4777e45dd001dd29ff68a3d232069e4c,31969c3a-503c-44ae-91c9-cffd990a5ee8,0e4b8a3e-2714-4b5f-ba10-bb576aaa5cc6,2019-11-13 21:34:43.394459,2019-11-13 21:35:24.996927,41.602468,"T1.Q1, T1.Q2, T1.Q3",0,0,1,0,0,0,5: Middling difficulty,9
ArgumentRelevance_2019_08_04,81c75cb5dd1a152ce73fa9755d8ca85a8d99e637fdcc67646cef632787057f82,e7fee8d9-6f15-49ae-8c64-6c495e9e4bc9,https://pe.goodlylabs.org/project/NYU_Arguments/task/2425,2,3,NYU_Articles/Day1/RogerStoneTrialEndsRick.txt,100033,RogerStoneTrialEndsRick.txt,86d0e1839d825b8b56f2c7430efa716f4777e45dd001dd29ff68a3d232069e4c,336e536c-c2c2-49c4-9d6a-a14aeef1461b,bba6ae56-fae7-4c7f-993a-866ea4c3efc2,2019-11-13 22:56:50.179651,2019-11-13 22:59:02.593001,132.41335,"T1.Q1, T1.Q2, T1.Q3",0,0,1,0,0,0,5: Middling difficulty,5: 50-50
ArgumentRelevance_2019_08_04,81c75cb5dd1a152ce73fa9755d8ca85a8d99e637fdcc67646cef632787057f82,34336096-f9fe-4127-b5a6-14d00c013e2e,https://pe.goodlylabs.org/project/NYU_Arguments/task/2301,5,3,NYU_Articles/Pilot/FormerUkraineProsecutorSaysHe.txt,100028,FormerUkraineProsecutorSaysHe.txt,f7eb2314bb13aae4542caf7ee10c336890c3e911c50093d575b1849e107abfb7,9e61cd90-eea4-401b-887a-5bad4b37599c,782cf148-ffac-43f1-99aa-27a9d64b5212,2019-10-27 05:51:06.067733,2019-10-27 06:30:12.023772,2345.956039,"T1.Q1, T1.Q2, T1.Q3",1,1,1,0,0,0,8,3
ArgumentRelevance_2019_08_04,81c75cb5dd1a152ce73fa9755d8ca85a8d99e637fdcc67646cef632787057f82,34336096-f9fe-4127-b5a6-14d00c013e2e,https://pe.goodlylabs.org/project/NYU_Arguments/task/2301,5,3,NYU_Articles/Pilot/FormerUkraineProsecutorSaysHe.txt,100028,FormerUkraineProsecutorSaysHe.txt,f7eb2314bb13aae4542caf7ee10c336890c3e911c50093d575b1849e107abfb7,d0c19039-9c71-4121-89d2-fc3da50ce625,50b97722-8671-4131-8a54-409491b48a1e,2019-10-29 01:54:38.399604,2019-10-29 01:58:48.823877,250.424273,"T1.Q1, T1.Q2, T1.Q3",1,1,0,0,0,0,4,8
ArgumentRelevance_2019_08_04,81c75cb5dd1a152ce73fa9755d8ca85a8d99e637fdcc67646cef632787057f82,34336096-f9fe-4127-b5a6-14d00c013e2e,https://pe.goodlylabs.org/project/NYU_Arguments/task/2301,5,3,NYU_Articles/Pilot/FormerUkraineProsecutorSaysHe.txt,100028,FormerUkraineProsecutorSaysHe.txt,f7eb2314bb13aae4542caf7ee10c336890c3e911c50093d575b1849e107abfb7,dcb6cd53-ea70-4f6f-b2c4-082f2fd2696e,3c97d749-8996-4a96-97af-73ecdc5a4716,2019-10-29 03:56:08.613518,2019-10-29 03:58:45.987499,157.373981,"T1.Q1, T1.Q2, T1.Q3",1,0,0,0,0,0,7,4
ArgumentRelevance_2019_08_04,81c75cb5dd1a152ce73fa9755d8ca85a8d99e637fdcc67646cef632787057f82,34336096-f9fe-4127-b5a6-14d00c013e2e,https://pe.goodlylabs.org/project/NYU_Arguments/task/2301,5,3,NYU_Articles/Pilot/FormerUkraineProsecutorSaysHe.txt,100028,FormerUkraineProsecutorSaysHe.txt,f7eb2314bb13aae4542caf7ee10c336890c3e911c50093d575b1849e107abfb7,c7f6baf2-8d77-4be4-b990-33a66be2f391,c56a533a-deab-4c1a-a516-e8994c45e84c,2019-11-13 21:19:12.599526,2019-11-13 21:21:47.667604,155.068078,"T1.Q1, T1.Q2, T1.Q3",0,1,0,0,0,0,5: Middling difficulty,5: 50-50
ArgumentRelevance_2019_08_04,81c75cb5dd1a152ce73fa9755d8ca85a8d99e637fdcc67646cef632787057f82,34336096-f9fe-4127-b5a6-14d00c013e2e,https://pe.goodlylabs.org/project/NYU_Arguments/task/2301,5,3,NYU_Articles/Pilot/FormerUkraineProsecutorSaysHe.txt,100028,FormerUkraineProsecutorSaysHe.txt,f7eb2314bb13aae4542caf7ee10c336890c3e911c50093d575b1849e107abfb7,9f5303ea-9cc5-40d4-b506-a3c847c78e0d,0e4b8a3e-2714-4b5f-ba10-bb576aaa5cc6,2019-11-13 21:24:55.783229,2019-11-13 21:25:50.419452,54.636223,"T1.Q1, T1.Q2, T1.Q3",0,1,1,0,0,0,5: Middling difficulty,7
ArgumentRelevance_2019_08_04,81c75cb5dd1a152ce73fa9755d8ca85a8d99e637fdcc67646cef632787057f82,5bbe7f41-ba9a-4712-9bb9-dd3172e7aa34,https://pe.goodlylabs.org/project/NYU_Arguments/task/2299,5,3,NYU_Articles/Pilot/FormerUkraineProsecutorSaysHe.txt,100028,FormerUkraineProsecutorSaysHe.txt,f7eb2314bb13aae4542caf7ee10c336890c3e911c50093d575b1849e107abfb7,184f14c8-cc3b-44d0-9847-5c75db68630f,782cf148-ffac-43f1-99aa-27a9d64b5212,2019-10-27 05:47:20.360316,2019-10-27 05:51:05.709590,225.349274,"T1.Q1, T1.Q2, T1.Q3",0,1,1,0,0,0,7,5: 50-50
ArgumentRelevance_2019_08_04,81c75cb5dd1a152ce73fa9755d8ca85a8d99e637fdcc67646cef632787057f82,5bbe7f41-ba9a-4712-9bb9-dd3172e7aa34,https://pe.goodlylabs.org/project/NYU_Arguments/task/2299,5,3,NYU_Articles/Pilot/FormerUkraineProsecutorSaysHe.txt,100028,FormerUkraineProsecutorSaysHe.txt,f7eb2314bb13aae4542caf7ee10c336890c3e911c50093d575b1849e107abfb7,a5797626-a769-407f-a2c9-a5842e2e3abd,294a6c7b-515a-495b-b8c9-2ec7df3ef46b,2019-10-28 04:39:33.338982,2019-10-28 04:49:01.308407,567.969425,"T1.Q1, T1.Q2, T1.Q3",0,1,0,0,0,0,9,9
ArgumentRelevance_2019_08_04,81c75cb5dd1a152ce73fa9755d8ca85a8d99e637fdcc67646cef632787057f82,5bbe7f41-ba9a-4712-9bb9-dd3172e7aa34,https://pe.goodlylabs.org/project/NYU_Arguments/task/2299,5,3,NYU_Articles/Pilot/FormerUkraineProsecutorSaysHe.txt,100028,FormerUkraineProsecutorSaysHe.txt,f7eb2314bb13aae4542caf7ee10c336890c3e911c50093d575b1849e107abfb7,991c1f6a-e79e-49d0-a437-f80a628236ec,50b97722-8671-4131-8a54-409491b48a1e,2019-10-29 01:36:32.392268,2019-10-29 01:54:38.167437,1085.775169,"T1.Q1, T1.Q2, T1.Q3",0,1,0,0,0,0,5: Middling difficulty,6
ArgumentRelevance_2019_08_04,81c75cb5dd1a152ce73fa9755d8ca85a8d99e637fdcc67646cef632787057f82,5bbe7f41-ba9a-4712-9bb9-dd3172e7aa34,https://pe.goodlylabs.org/project/NYU_Arguments/task/2299,5,3,NYU_Articles/Pilot/FormerUkraineProsecutorSaysHe.txt,100028,FormerUkraineProsecutorSaysHe.txt,f7eb2314bb13aae4542caf7ee10c336890c3e911c50093d575b1849e107abfb7,dbaba546-5256-48f6-b5ff-c8a78e77ba86,c56a533a-deab-4c1a-a516-e8994c45e84c,2019-11-13 21:15:11.928705,2019-11-13 21:19:12.397174,240.468469,"T1.Q1, T1.Q2, T1.Q3",0,1,0,0,0,0,5: Middling difficulty,5: 50-50
ArgumentRelevance_2019_08_04,81c75cb5dd1a152ce73fa9755d8ca85a8d99e637fdcc67646cef632787057f82,5bbe7f41-ba9a-4712-9bb9-dd3172e7aa34,https://pe.goodlylabs.org/project/NYU_Arguments/task/2299,5,3,NYU_Articles/Pilot/FormerUkraineProsecutorSaysHe.txt,100028,FormerUkraineProsecutorSaysHe.txt,f7eb2314bb13aae4542caf7ee10c336890c3e911c50093d575b1849e107abfb7,12914226-14d8-4c51-b573-af6898f8498e,0e4b8a3e-2714-4b5f-ba10-bb576aaa5cc6,2019-11-13 21:22:50.125427,2019-11-13 21:24:55.580134,125.454707,"T1.Q1, T1.Q2, T1.Q3",0,1,0,0,0,0,5: Middling difficulty,8
ArgumentRelevance_2019_08_04,81c75cb5dd1a152ce73fa9755d8ca85a8d99e637fdcc67646cef632787057f82,769a7cdf-c582-4b11-95a1-dab093471555,https://pe.goodlylabs.org/project/NYU_Arguments/task/2429,2,3,NYU_Articles/Day1/NBCABCAndCBSAppear.txt,100034,NBCABCAndCBSAppear.txt,3b9c291d9345c8221a497206a766483bf78df474550f0c50c58df9ad4c20ff75,3c00fb9e-0bce-4c04-89ba-0f87367a910e,0e4b8a3e-2714-4b5f-ba10-bb576aaa5cc6,2019-11-13 21:36:24.432564,2019-11-13 21:37:44.981788,80.549224,"T1.Q1, T1.Q2, T1.Q3",0,1,1,0,0,0,5: Middling difficulty,9
ArgumentRelevance_2019_08_04,81c75cb5dd1a152ce73fa9755d8ca85a8d99e637fdcc67646cef632787057f82,769a7cdf-c582-4b11-95a1-dab093471555,https://pe.goodlylabs.org/project/NYU_Arguments/task/2429,2,3,NYU_Articles/Day1/NBCABCAndCBSAppear.txt,100034,NBCABCAndCBSAppear.txt,3b9c291d9345c8221a497206a766483bf78df474550f0c50c58df9ad4c20ff75,71591c7f-a848-4e2c-b6a2-8af91fd2f704,bba6ae56-fae7-4c7f-993a-866ea4c3efc2,2019-11-13 23:03:02.199013,2019-11-13 23:05:53.750393,171.55138,"T1.Q1, T1.Q2, T1.Q3",0,1,0,0,0,0,6,3
ArgumentRelevance_2019_08_04,81c75cb5dd1a152ce73fa9755d8ca85a8d99e637fdcc67646cef632787057f82,ead568e9-5bb0-4793-8069-61c656054982,https://pe.goodlylabs.org/project/NYU_Arguments/task/2306,5,3,NYU_Articles/Pilot/CouldTrumpsImpeachmentPushHilary.txt,100030,CouldTrumpsImpeachmentPushHilary.txt,dafa2bb8de86d276aa69797936139a5fdb4c067ef5353f586b53fab36bdd360b,d0721ee7-5f0b-4984-a2ac-a457eaa35950,50b97722-8671-4131-8a54-409491b48a1e,2019-10-29 02:06:54.707558,2019-10-29 02:16:13.985228,559.27767,"T1.Q1, T1.Q2, T1.Q3",0,1,1,0,0,0,6,6
ArgumentRelevance_2019_08_04,81c75cb5dd1a152ce73fa9755d8ca85a8d99e637fdcc67646cef632787057f82,ead568e9-5bb0-4793-8069-61c656054982,https://pe.goodlylabs.org/project/NYU_Arguments/task/2306,5,3,NYU_Articles/Pilot/CouldTrumpsImpeachmentPushHilary.txt,100030,CouldTrumpsImpeachmentPushHilary.txt,dafa2bb8de86d276aa69797936139a5fdb4c067ef5353f586b53fab36bdd360b,5995a9c0-b094-4321-95fd-db5362fd14d6,3c97d749-8996-4a96-97af-73ecdc5a4716,2019-10-29 04:00:51.080492,2019-10-29 04:03:32.895754,161.815262,"T1.Q1, T1.Q2, T1.Q3",0,0,1,0,0,0,5: Middling difficulty,5: 50-50
ArgumentRelevance_2019_08_04,81c75cb5dd1a152ce73fa9755d8ca85a8d99e637fdcc67646cef632787057f82,ead568e9-5bb0-4793-8069-61c656054982,https://pe.goodlylabs.org/project/NYU_Arguments/task/2306,5,3,NYU_Articles/Pilot/CouldTrumpsImpeachmentPushHilary.txt,100030,CouldTrumpsImpeachmentPushHilary.txt,dafa2bb8de86d276aa69797936139a5fdb4c067ef5353f586b53fab36bdd360b,f9e5f25d-ccfe-46d0-9e83-4fb760678593,45c40bb3-569d-4d6c-9067-bdf0cb3ce923,2019-10-29 22:02:11.750841,2019-10-29 22:05:08.474571,176.72373,"T1.Q1, T1.Q2, T1.Q3",0,1,0,0,0,0,5: Middling difficulty,7
ArgumentRelevance_2019_08_04,81c75cb5dd1a152ce73fa9755d8ca85a8d99e637fdcc67646cef632787057f82,ead568e9-5bb0-4793-8069-61c656054982,https://pe.goodlylabs.org/project/NYU_Arguments/task/2306,5,3,NYU_Articles/Pilot/CouldTrumpsImpeachmentPushHilary.txt,100030,CouldTrumpsImpeachmentPushHilary.txt,dafa2bb8de86d276aa69797936139a5fdb4c067ef5353f586b53fab36bdd360b,a813a2f2-25fb-4b8f-93a9-06a61f4d312a,c56a533a-deab-4c1a-a516-e8994c45e84c,2019-11-13 21:24:20.309903,2019-11-13 21:25:15.196403,54.8865,"T1.Q1, T1.Q2, T1.Q3",0,1,0,0,0,0,5: Middling difficulty,5: 50-50
ArgumentRelevance_2019_08_04,81c75cb5dd1a152ce73fa9755d8ca85a8d99e637fdcc67646cef632787057f82,ead568e9-5bb0-4793-8069-61c656054982,https://pe.goodlylabs.org/project/NYU_Arguments/task/2306,5,3,NYU_Articles/Pilot/CouldTrumpsImpeachmentPushHilary.txt,100030,CouldTrumpsImpeachmentPushHilary.txt,dafa2bb8de86d276aa69797936139a5fdb4c067ef5353f586b53fab36bdd360b,6fc39d7f-d62d-4883-974c-53347f63afc2,0e4b8a3e-2714-4b5f-ba10-bb576aaa5cc6,2019-11-13 21:30:09.060604,2019-11-13 21:31:03.645273,54.584669,"T1.Q1, T1.Q2, T1.Q3",0,0,1,0,0,0,5: Middling difficulty,9
ArgumentRelevance_2019_08_04,81c75cb5dd1a152ce73fa9755d8ca85a8d99e637fdcc67646cef632787057f82,70fd7942-93b9-4cec-abe5-7d3dd57e9994,https://pe.goodlylabs.org/project/NYU_Arguments/task/2304,5,3,NYU_Articles/Pilot/ExplosiveReportRepAdamSchiff.txt,100029,ExplosiveReportRepAdamSchiff.txt,4c3b112770659ce6b8ac1363730d5843907463a9f5535277b674a6ad19e87364,616dd652-f6ba-4d8e-9545-91f609ab48e4,50b97722-8671-4131-8a54-409491b48a1e,2019-10-29 02:04:21.860877,2019-10-29 02:06:54.491741,152.630864,"T1.Q1, T1.Q2, T1.Q3",0,0,1,0,0,0,5: Middling difficulty,8
ArgumentRelevance_2019_08_04,81c75cb5dd1a152ce73fa9755d8ca85a8d99e637fdcc67646cef632787057f82,70fd7942-93b9-4cec-abe5-7d3dd57e9994,https://pe.goodlylabs.org/project/NYU_Arguments/task/2304,5,3,NYU_Articles/Pilot/ExplosiveReportRepAdamSchiff.txt,100029,ExplosiveReportRepAdamSchiff.txt,4c3b112770659ce6b8ac1363730d5843907463a9f5535277b674a6ad19e87364,c660a596-1823-4399-afa5-765c22cb3a64,3c97d749-8996-4a96-97af-73ecdc5a4716,2019-10-29 03:59:31.263920,2019-10-29 04:00:50.820809,79.556889,"T1.Q1, T1.Q2, T1.Q3",0,0,1,0,0,0,3,7
ArgumentRelevance_2019_08_04,81c75cb5dd1a152ce73fa9755d8ca85a8d99e637fdcc67646cef632787057f82,70fd7942-93b9-4cec-abe5-7d3dd57e9994,https://pe.goodlylabs.org/project/NYU_Arguments/task/2304,5,3,NYU_Articles/Pilot/ExplosiveReportRepAdamSchiff.txt,100029,ExplosiveReportRepAdamSchiff.txt,4c3b112770659ce6b8ac1363730d5843907463a9f5535277b674a6ad19e87364,379b2ca0-1ce3-41cb-abf9-534213ad943b,45c40bb3-569d-4d6c-9067-bdf0cb3ce923,2019-10-29 21:59:43.230173,2019-10-29 22:02:11.465883,148.23571,"T1.Q1, T1.Q2, T1.Q3",1,0,0,0,0,0,2,9
ArgumentRelevance_2019_08_04,81c75cb5dd1a152ce73fa9755d8ca85a8d99e637fdcc67646cef632787057f82,70fd7942-93b9-4cec-abe5-7d3dd57e9994,https://pe.goodlylabs.org/project/NYU_Arguments/task/2304,5,3,NYU_Articles/Pilot/ExplosiveReportRepAdamSchiff.txt,100029,ExplosiveReportRepAdamSchiff.txt,4c3b112770659ce6b8ac1363730d5843907463a9f5535277b674a6ad19e87364,51d32757-6d1a-483c-a8cb-a094e11f2c56,c56a533a-deab-4c1a-a516-e8994c45e84c,2019-11-13 21:22:11.699552,2019-11-13 21:24:20.088471,128.388919,"T1.Q1, T1.Q2, T1.Q3",0,1,0,0,0,0,5: Middling difficulty,5: 50-50
ArgumentRelevance_2019_08_04,81c75cb5dd1a152ce73fa9755d8ca85a8d99e637fdcc67646cef632787057f82,70fd7942-93b9-4cec-abe5-7d3dd57e9994,https://pe.goodlylabs.org/project/NYU_Arguments/task/2304,5,3,NYU_Articles/Pilot/ExplosiveReportRepAdamSchiff.txt,100029,ExplosiveReportRepAdamSchiff.txt,4c3b112770659ce6b8ac1363730d5843907463a9f5535277b674a6ad19e87364,cfab1b16-4502-4fbf-a5e9-1b95d3830364,0e4b8a3e-2714-4b5f-ba10-bb576aaa5cc6,2019-11-13 21:29:26.521673,2019-11-13 21:30:08.811096,42.289423,"T1.Q1, T1.Q2, T1.Q3",0,1,0,0,0,0,5: Middling difficulty,9
