schema_namespace,schema_sha256,topic_uuid,topic_name,topic_options,question_uuid,question_label,question_text,question_type,question_hint_type,question_next_questions,alpha_distance,question_options,answer_count,answer_uuid,answer_label,answer_content,answer_next_questions,highlight,require_highlight,answer_options
SourceSpecialist2019_08_04,db4839b972de024425cd9cefd48cef529dc437c140c5df7a03a6401bd0853135,b4ff29af-44fc-431d-9d39-f7aa3ad66e92,Source relevance,"{""highlight"": true, ""version"": ""4"", ""hint_type"": """"}",46bfff51-31c9-4013-9e85-196d1aaa0a89,T1.Q1,Highlight whatever parts of the quoted or paraphrased source are...(check & highlight all that apply),CHECKBOX,,,nominal,"{""version"": ""4"", ""alpha_distance"": ""nominal"", ""require_one_or_more"": true, ""hint_type"": """"}",9,14f6f796-9a31-4ec4-ade6-f03f31fd2608,T1.Q1.A1,"Honorific (e.g. Mr. Mrs., Dr.)",,1,1,"{""case_numbers"": true, ""highlight"": true, ""version"": ""4"", ""require_highlight"": true}"
SourceSpecialist2019_08_04,db4839b972de024425cd9cefd48cef529dc437c140c5df7a03a6401bd0853135,b4ff29af-44fc-431d-9d39-f7aa3ad66e92,Source relevance,"{""highlight"": true, ""version"": ""4"", ""hint_type"": """"}",46bfff51-31c9-4013-9e85-196d1aaa0a89,T1.Q1,Highlight whatever parts of the quoted or paraphrased source are...(check & highlight all that apply),CHECKBOX,,,nominal,"{""version"": ""4"", ""alpha_distance"": ""nominal"", ""require_one_or_more"": true, ""hint_type"": """"}",9,36602f94-ba1b-4675-b5fa-373f54513e57,T1.Q1.A2,"Title, role, or position (e.g. ""Professor of Paleontology"")",,1,1,"{""case_numbers"": true, ""highlight"": true, ""version"": ""4"", ""require_highlight"": true}"
SourceSpecialist2019_08_04,db4839b972de024425cd9cefd48cef529dc437c140c5df7a03a6401bd0853135,b4ff29af-44fc-431d-9d39-f7aa3ad66e92,Source relevance,"{""highlight"": true, ""version"": ""4"", ""hint_type"": """"}",46bfff51-31c9-4013-9e85-196d1aaa0a89,T1.Q1,Highlight whatever parts of the quoted or paraphrased source are...(check & highlight all that apply),CHECKBOX,,,nominal,"{""version"": ""4"", ""alpha_distance"": ""nominal"", ""require_one_or_more"": true, ""hint_type"": """"}",9,b95987a0-79fa-4717-8c82-0a6b3a8f789e,T1.Q1.A3,"First name (e.g. ""Jon"")",,1,1,"{""case_numbers"": true, ""highlight"": true, ""version"": ""4"", ""require_highlight"": true}"
SourceSpecialist2019_08_04,db4839b972de024425cd9cefd48cef529dc437c140c5df7a03a6401bd0853135,b4ff29af-44fc-431d-9d39-f7aa3ad66e92,Source relevance,"{""highlight"": true, ""version"": ""4"", ""hint_type"": """"}",46bfff51-31c9-4013-9e85-196d1aaa0a89,T1.Q1,Highlight whatever parts of the quoted or paraphrased source are...(check & highlight all that apply),CHECKBOX,,,nominal,"{""version"": ""4"", ""alpha_distance"": ""nominal"", ""require_one_or_more"": true, ""hint_type"": """"}",9,841ff0be-6f0c-4b6b-a1e6-d5481a8b2af6,T1.Q1.A4,Middle name or initial,,1,1,"{""case_numbers"": true, ""highlight"": true, ""version"": ""4"", ""require_highlight"": true}"
SourceSpecialist2019_08_04,db4839b972de024425cd9cefd48cef529dc437c140c5df7a03a6401bd0853135,b4ff29af-44fc-431d-9d39-f7aa3ad66e92,Source relevance,"{""highlight"": true, ""version"": ""4"", ""hint_type"": """"}",46bfff51-31c9-4013-9e85-196d1aaa0a89,T1.Q1,Highlight whatever parts of the quoted or paraphrased source are...(check & highlight all that apply),CHECKBOX,,,nominal,"{""version"": ""4"", ""alpha_distance"": ""nominal"", ""require_one_or_more"": true, ""hint_type"": """"}",9,258f8fcc-3119-45cc-8f3f-d0e58d7bc94e,T1.Q1.A5,"Last name (e.g. ""Snow"")",,1,1,"{""case_numbers"": true, ""highlight"": true, ""version"": ""4"", ""require_highlight"": true}"
SourceSpecialist2019_08_04,db4839b972de024425cd9cefd48cef529dc437c140c5df7a03a6401bd0853135,b4ff29af-44fc-431d-9d39-f7aa3ad66e92,Source relevance,"{""highlight"": true, ""version"": ""4"", ""hint_type"": """"}",46bfff51-31c9-4013-9e85-196d1aaa0a89,T1.Q1,Highlight whatever parts of the quoted or paraphrased source are...(check & highlight all that apply),CHECKBOX,,,nominal,"{""version"": ""4"", ""alpha_distance"": ""nominal"", ""require_one_or_more"": true, ""hint_type"": """"}",9,0428d5d8-c147-4963-a77f-0b7175007a7a,T1.Q1.A6,"Other description of person (e.g. ""Boston's favorite ice cream heiress"")",,1,1,"{""case_numbers"": true, ""highlight"": true, ""version"": ""4"", ""require_highlight"": true}"
SourceSpecialist2019_08_04,db4839b972de024425cd9cefd48cef529dc437c140c5df7a03a6401bd0853135,b4ff29af-44fc-431d-9d39-f7aa3ad66e92,Source relevance,"{""highlight"": true, ""version"": ""4"", ""hint_type"": """"}",46bfff51-31c9-4013-9e85-196d1aaa0a89,T1.Q1,Highlight whatever parts of the quoted or paraphrased source are...(check & highlight all that apply),CHECKBOX,,,nominal,"{""version"": ""4"", ""alpha_distance"": ""nominal"", ""require_one_or_more"": true, ""hint_type"": """"}",9,0905ede6-d253-4ab5-a44b-b6cf2e256b5b,T1.Q1.A7,"Organization (e.g. ""from House Stark"" or ""of the University of Lichfield"")",,1,1,"{""case_numbers"": true, ""highlight"": true, ""version"": ""4"", ""require_highlight"": true}"
SourceSpecialist2019_08_04,db4839b972de024425cd9cefd48cef529dc437c140c5df7a03a6401bd0853135,b4ff29af-44fc-431d-9d39-f7aa3ad66e92,Source relevance,"{""highlight"": true, ""version"": ""4"", ""hint_type"": """"}",46bfff51-31c9-4013-9e85-196d1aaa0a89,T1.Q1,Highlight whatever parts of the quoted or paraphrased source are...(check & highlight all that apply),CHECKBOX,,,nominal,"{""version"": ""4"", ""alpha_distance"": ""nominal"", ""require_one_or_more"": true, ""hint_type"": """"}",9,4ad0a527-fba0-42d5-9239-01df5f74c89a,T1.Q1.A8,"Description of Organization (i.e. ""a Springfield institution"")",,1,1,"{""case_numbers"": true, ""highlight"": true, ""version"": ""4"", ""require_highlight"": true}"
SourceSpecialist2019_08_04,db4839b972de024425cd9cefd48cef529dc437c140c5df7a03a6401bd0853135,b4ff29af-44fc-431d-9d39-f7aa3ad66e92,Source relevance,"{""highlight"": true, ""version"": ""4"", ""hint_type"": """"}",46bfff51-31c9-4013-9e85-196d1aaa0a89,T1.Q1,Highlight whatever parts of the quoted or paraphrased source are...(check & highlight all that apply),CHECKBOX,,,nominal,"{""version"": ""4"", ""alpha_distance"": ""nominal"", ""require_one_or_more"": true, ""hint_type"": """"}",9,fea028a3-e9f5-449c-990d-f97df2f8e956,T1.Q1.A9,"Only a vague description (e.g. ""experts say ..."")",,1,1,"{""case_numbers"": true, ""highlight"": true, ""version"": ""4"", ""require_highlight"": true}"
SourceSpecialist2019_08_04,db4839b972de024425cd9cefd48cef529dc437c140c5df7a03a6401bd0853135,b4ff29af-44fc-431d-9d39-f7aa3ad66e92,Source relevance,"{""highlight"": true, ""version"": ""4"", ""hint_type"": """"}",db30ea33-eb31-4467-886d-34b24a161824,T1.Q2,"Using the highlight options below, indicate which portions of the bolded text are:",CHECKBOX,,,nominal,"{""version"": ""4"", ""alpha_distance"": ""nominal"", ""require_one_or_more"": true, ""hint_type"": """"}",2,5fe25f51-9a02-43a8-af55-661fa548b99c,T1.Q2.A1,Direct quote,,1,1,"{""case_numbers"": true, ""highlight"": true, ""version"": ""4"", ""require_highlight"": true}"
SourceSpecialist2019_08_04,db4839b972de024425cd9cefd48cef529dc437c140c5df7a03a6401bd0853135,b4ff29af-44fc-431d-9d39-f7aa3ad66e92,Source relevance,"{""highlight"": true, ""version"": ""4"", ""hint_type"": """"}",db30ea33-eb31-4467-886d-34b24a161824,T1.Q2,"Using the highlight options below, indicate which portions of the bolded text are:",CHECKBOX,,,nominal,"{""version"": ""4"", ""alpha_distance"": ""nominal"", ""require_one_or_more"": true, ""hint_type"": """"}",2,6dfe050f-08be-41b8-9948-ae75532c57e8,T1.Q2.A2,Paraphrase,,1,1,"{""case_numbers"": true, ""highlight"": true, ""version"": ""4"", ""require_highlight"": true}"
SourceSpecialist2019_08_04,db4839b972de024425cd9cefd48cef529dc437c140c5df7a03a6401bd0853135,b4ff29af-44fc-431d-9d39-f7aa3ad66e92,Source relevance,"{""highlight"": true, ""version"": ""4"", ""hint_type"": """"}",0c99b48b-50ef-4cb7-a5c1-4bb2594469f7,T1.Q3,"Using the highlight options below, indicate how the quotes/paraphrases were gathered by the reporter:",CHECKBOX,,,nominal,"{""version"": ""4"", ""alpha_distance"": ""nominal"", ""require_one_or_more"": true, ""hint_type"": """"}",6,b9e74f9d-86a9-4383-9716-d57b2e5e0e9a,T1.Q3.A1,Spoken directly to the reporter,,1,1,"{""case_numbers"": true, ""highlight"": true, ""version"": ""4"", ""require_highlight"": true}"
SourceSpecialist2019_08_04,db4839b972de024425cd9cefd48cef529dc437c140c5df7a03a6401bd0853135,b4ff29af-44fc-431d-9d39-f7aa3ad66e92,Source relevance,"{""highlight"": true, ""version"": ""4"", ""hint_type"": """"}",0c99b48b-50ef-4cb7-a5c1-4bb2594469f7,T1.Q3,"Using the highlight options below, indicate how the quotes/paraphrases were gathered by the reporter:",CHECKBOX,,,nominal,"{""version"": ""4"", ""alpha_distance"": ""nominal"", ""require_one_or_more"": true, ""hint_type"": """"}",6,426887f9-b1d2-4a4c-8c86-4de87aeabe0b,T1.Q3.A2,Spoken into a video and/or audio recording device,,1,1,"{""case_numbers"": true, ""highlight"": true, ""version"": ""4"", ""require_highlight"": true}"
SourceSpecialist2019_08_04,db4839b972de024425cd9cefd48cef529dc437c140c5df7a03a6401bd0853135,b4ff29af-44fc-431d-9d39-f7aa3ad66e92,Source relevance,"{""highlight"": true, ""version"": ""4"", ""hint_type"": """"}",0c99b48b-50ef-4cb7-a5c1-4bb2594469f7,T1.Q3,"Using the highlight options below, indicate how the quotes/paraphrases were gathered by the reporter:",CHECKBOX,,,nominal,"{""version"": ""4"", ""alpha_distance"": ""nominal"", ""require_one_or_more"": true, ""hint_type"": """"}",6,d097afb6-a3df-4bb9-8a62-483ff587f4c8,T1.Q3.A3,Heard or read by third party.,,1,1,"{""case_numbers"": true, ""highlight"": true, ""version"": ""4"", ""require_highlight"": true}"
SourceSpecialist2019_08_04,db4839b972de024425cd9cefd48cef529dc437c140c5df7a03a6401bd0853135,b4ff29af-44fc-431d-9d39-f7aa3ad66e92,Source relevance,"{""highlight"": true, ""version"": ""4"", ""hint_type"": """"}",0c99b48b-50ef-4cb7-a5c1-4bb2594469f7,T1.Q3,"Using the highlight options below, indicate how the quotes/paraphrases were gathered by the reporter:",CHECKBOX,,,nominal,"{""version"": ""4"", ""alpha_distance"": ""nominal"", ""require_one_or_more"": true, ""hint_type"": """"}",6,0efa8efe-4926-4305-9b7d-6eea6e3f1a93,T1.Q3.A4,"Written public material  (e.g. book, social media, etc.)",,1,1,"{""case_numbers"": true, ""highlight"": true, ""version"": ""4"", ""require_highlight"": true}"
SourceSpecialist2019_08_04,db4839b972de024425cd9cefd48cef529dc437c140c5df7a03a6401bd0853135,b4ff29af-44fc-431d-9d39-f7aa3ad66e92,Source relevance,"{""highlight"": true, ""version"": ""4"", ""hint_type"": """"}",0c99b48b-50ef-4cb7-a5c1-4bb2594469f7,T1.Q3,"Using the highlight options below, indicate how the quotes/paraphrases were gathered by the reporter:",CHECKBOX,,,nominal,"{""version"": ""4"", ""alpha_distance"": ""nominal"", ""require_one_or_more"": true, ""hint_type"": """"}",6,8ec7d5d6-91bb-4171-a2eb-bc4cdb7e35dd,T1.Q3.A5,Written private correspondence (e.g. email),,1,1,"{""case_numbers"": true, ""highlight"": true, ""version"": ""4"", ""require_highlight"": true}"
SourceSpecialist2019_08_04,db4839b972de024425cd9cefd48cef529dc437c140c5df7a03a6401bd0853135,b4ff29af-44fc-431d-9d39-f7aa3ad66e92,Source relevance,"{""highlight"": true, ""version"": ""4"", ""hint_type"": """"}",0c99b48b-50ef-4cb7-a5c1-4bb2594469f7,T1.Q3,"Using the highlight options below, indicate how the quotes/paraphrases were gathered by the reporter:",CHECKBOX,,,nominal,"{""version"": ""4"", ""alpha_distance"": ""nominal"", ""require_one_or_more"": true, ""hint_type"": """"}",6,18e70007-9e19-4498-a794-b8d1baad12f6,T1.Q3.A6,Can't tell,,0,1,"{""case_numbers"": true, ""highlight"": false, ""version"": ""4"", ""require_highlight"": true}"
SourceSpecialist2019_08_04,db4839b972de024425cd9cefd48cef529dc437c140c5df7a03a6401bd0853135,b4ff29af-44fc-431d-9d39-f7aa3ad66e92,Source relevance,"{""highlight"": true, ""version"": ""4"", ""hint_type"": """"}",45d73a14-2865-421a-b347-03c696b6dc78,T1.Q4,How are the quoted sources' ideas important to the article?,RADIO,,,nominal,"{""version"": ""4"", ""alpha_distance"": ""nominal"", ""require_one_or_more"": true, ""hint_type"": """"}",7,9bd0470a-0541-4bbd-ac9e-03f49722fce4,T1.Q4.A1,Central idea/s of article.,,0,1,"{""case_numbers"": true, ""highlight"": false, ""version"": ""4"", ""require_highlight"": true}"
SourceSpecialist2019_08_04,db4839b972de024425cd9cefd48cef529dc437c140c5df7a03a6401bd0853135,b4ff29af-44fc-431d-9d39-f7aa3ad66e92,Source relevance,"{""highlight"": true, ""version"": ""4"", ""hint_type"": """"}",45d73a14-2865-421a-b347-03c696b6dc78,T1.Q4,How are the quoted sources' ideas important to the article?,RADIO,,,nominal,"{""version"": ""4"", ""alpha_distance"": ""nominal"", ""require_one_or_more"": true, ""hint_type"": """"}",7,d37298d1-bd6d-4426-94be-088521a37f04,T1.Q4.A2,Provide important support to central claim of article.,,0,1,"{""case_numbers"": true, ""highlight"": false, ""version"": ""4"", ""require_highlight"": true}"
SourceSpecialist2019_08_04,db4839b972de024425cd9cefd48cef529dc437c140c5df7a03a6401bd0853135,b4ff29af-44fc-431d-9d39-f7aa3ad66e92,Source relevance,"{""highlight"": true, ""version"": ""4"", ""hint_type"": """"}",45d73a14-2865-421a-b347-03c696b6dc78,T1.Q4,How are the quoted sources' ideas important to the article?,RADIO,,,nominal,"{""version"": ""4"", ""alpha_distance"": ""nominal"", ""require_one_or_more"": true, ""hint_type"": """"}",7,69cf088e-b2fa-447b-9374-ecd1e1e4554a,T1.Q4.A3,Provide non-essential context for article.,,0,1,"{""case_numbers"": true, ""highlight"": false, ""version"": ""4"", ""require_highlight"": true}"
SourceSpecialist2019_08_04,db4839b972de024425cd9cefd48cef529dc437c140c5df7a03a6401bd0853135,b4ff29af-44fc-431d-9d39-f7aa3ad66e92,Source relevance,"{""highlight"": true, ""version"": ""4"", ""hint_type"": """"}",45d73a14-2865-421a-b347-03c696b6dc78,T1.Q4,How are the quoted sources' ideas important to the article?,RADIO,,,nominal,"{""version"": ""4"", ""alpha_distance"": ""nominal"", ""require_one_or_more"": true, ""hint_type"": """"}",7,0bdb0016-7215-45eb-bdcb-aea785327f1e,T1.Q4.A4,Irrelevant to central claim,,0,1,"{""case_numbers"": true, ""highlight"": false, ""version"": ""4"", ""require_highlight"": true}"
SourceSpecialist2019_08_04,db4839b972de024425cd9cefd48cef529dc437c140c5df7a03a6401bd0853135,b4ff29af-44fc-431d-9d39-f7aa3ad66e92,Source relevance,"{""highlight"": true, ""version"": ""4"", ""hint_type"": """"}",45d73a14-2865-421a-b347-03c696b6dc78,T1.Q4,How are the quoted sources' ideas important to the article?,RADIO,,,nominal,"{""version"": ""4"", ""alpha_distance"": ""nominal"", ""require_one_or_more"": true, ""hint_type"": """"}",7,6c02ddca-6002-4802-9efa-c045c0bfdff4,T1.Q4.A5,Conflicts with claims/arguments of other sources in article.,,0,1,"{""case_numbers"": true, ""highlight"": false, ""version"": ""4"", ""require_highlight"": true}"
SourceSpecialist2019_08_04,db4839b972de024425cd9cefd48cef529dc437c140c5df7a03a6401bd0853135,b4ff29af-44fc-431d-9d39-f7aa3ad66e92,Source relevance,"{""highlight"": true, ""version"": ""4"", ""hint_type"": """"}",45d73a14-2865-421a-b347-03c696b6dc78,T1.Q4,How are the quoted sources' ideas important to the article?,RADIO,,,nominal,"{""version"": ""4"", ""alpha_distance"": ""nominal"", ""require_one_or_more"": true, ""hint_type"": """"}",7,de992696-b56d-440a-9288-483ff628ad93,T1.Q4.A6,"Conflicts somewhat with claims/arguments of author, but refuted.",,0,1,"{""case_numbers"": true, ""highlight"": false, ""version"": ""4"", ""require_highlight"": true}"
SourceSpecialist2019_08_04,db4839b972de024425cd9cefd48cef529dc437c140c5df7a03a6401bd0853135,b4ff29af-44fc-431d-9d39-f7aa3ad66e92,Source relevance,"{""highlight"": true, ""version"": ""4"", ""hint_type"": """"}",45d73a14-2865-421a-b347-03c696b6dc78,T1.Q4,How are the quoted sources' ideas important to the article?,RADIO,,,nominal,"{""version"": ""4"", ""alpha_distance"": ""nominal"", ""require_one_or_more"": true, ""hint_type"": """"}",7,9a95340d-ea0d-45ab-879e-7133381b9a0d,T1.Q4.A7,"Conflicts strongly with claims/arguments of author, & not refuted.",,0,1,"{""case_numbers"": true, ""highlight"": false, ""version"": ""4"", ""require_highlight"": true}"
SourceSpecialist2019_08_04,db4839b972de024425cd9cefd48cef529dc437c140c5df7a03a6401bd0853135,b4ff29af-44fc-431d-9d39-f7aa3ad66e92,Source relevance,"{""highlight"": true, ""version"": ""4"", ""hint_type"": """"}",fce617da-10b0-4656-bcb5-93759c71ba09,T1.Q5,"How difficult was this task for you, on the whole?",RADIO,,,nominal,"{""version"": ""4"", ""alpha_distance"": ""nominal"", ""require_one_or_more"": true, ""hint_type"": """"}",10,8e2cd639-db70-4921-bec3-90cadcd87b52,T1.Q5.A1,1: Easier than anything I've ever done in a classroom setting,,0,1,"{""case_numbers"": true, ""highlight"": false, ""version"": ""4"", ""require_highlight"": true}"
SourceSpecialist2019_08_04,db4839b972de024425cd9cefd48cef529dc437c140c5df7a03a6401bd0853135,b4ff29af-44fc-431d-9d39-f7aa3ad66e92,Source relevance,"{""highlight"": true, ""version"": ""4"", ""hint_type"": """"}",fce617da-10b0-4656-bcb5-93759c71ba09,T1.Q5,"How difficult was this task for you, on the whole?",RADIO,,,nominal,"{""version"": ""4"", ""alpha_distance"": ""nominal"", ""require_one_or_more"": true, ""hint_type"": """"}",10,80f382e9-d567-4a21-9847-c6c3e695529b,T1.Q5.A2,2,,0,1,"{""case_numbers"": true, ""highlight"": false, ""version"": ""4"", ""require_highlight"": true}"
SourceSpecialist2019_08_04,db4839b972de024425cd9cefd48cef529dc437c140c5df7a03a6401bd0853135,b4ff29af-44fc-431d-9d39-f7aa3ad66e92,Source relevance,"{""highlight"": true, ""version"": ""4"", ""hint_type"": """"}",fce617da-10b0-4656-bcb5-93759c71ba09,T1.Q5,"How difficult was this task for you, on the whole?",RADIO,,,nominal,"{""version"": ""4"", ""alpha_distance"": ""nominal"", ""require_one_or_more"": true, ""hint_type"": """"}",10,f3408c6e-d722-4793-8903-a439594ba045,T1.Q5.A3,3,,0,1,"{""case_numbers"": true, ""highlight"": false, ""version"": ""4"", ""require_highlight"": true}"
SourceSpecialist2019_08_04,db4839b972de024425cd9cefd48cef529dc437c140c5df7a03a6401bd0853135,b4ff29af-44fc-431d-9d39-f7aa3ad66e92,Source relevance,"{""highlight"": true, ""version"": ""4"", ""hint_type"": """"}",fce617da-10b0-4656-bcb5-93759c71ba09,T1.Q5,"How difficult was this task for you, on the whole?",RADIO,,,nominal,"{""version"": ""4"", ""alpha_distance"": ""nominal"", ""require_one_or_more"": true, ""hint_type"": """"}",10,60bb3c7a-aaba-484a-8c56-541839d4e425,T1.Q5.A4,4,,0,1,"{""case_numbers"": true, ""highlight"": false, ""version"": ""4"", ""require_highlight"": true}"
SourceSpecialist2019_08_04,db4839b972de024425cd9cefd48cef529dc437c140c5df7a03a6401bd0853135,b4ff29af-44fc-431d-9d39-f7aa3ad66e92,Source relevance,"{""highlight"": true, ""version"": ""4"", ""hint_type"": """"}",fce617da-10b0-4656-bcb5-93759c71ba09,T1.Q5,"How difficult was this task for you, on the whole?",RADIO,,,nominal,"{""version"": ""4"", ""alpha_distance"": ""nominal"", ""require_one_or_more"": true, ""hint_type"": """"}",10,83f62085-9249-44b2-95b7-acda5709d5cc,T1.Q5.A5,5: Middling difficulty,,0,1,"{""case_numbers"": true, ""highlight"": false, ""version"": ""4"", ""require_highlight"": true}"
SourceSpecialist2019_08_04,db4839b972de024425cd9cefd48cef529dc437c140c5df7a03a6401bd0853135,b4ff29af-44fc-431d-9d39-f7aa3ad66e92,Source relevance,"{""highlight"": true, ""version"": ""4"", ""hint_type"": """"}",fce617da-10b0-4656-bcb5-93759c71ba09,T1.Q5,"How difficult was this task for you, on the whole?",RADIO,,,nominal,"{""version"": ""4"", ""alpha_distance"": ""nominal"", ""require_one_or_more"": true, ""hint_type"": """"}",10,978c0f8a-404e-4666-954b-69e516f03577,T1.Q5.A6,6,,0,1,"{""case_numbers"": true, ""highlight"": false, ""version"": ""4"", ""require_highlight"": true}"
SourceSpecialist2019_08_04,db4839b972de024425cd9cefd48cef529dc437c140c5df7a03a6401bd0853135,b4ff29af-44fc-431d-9d39-f7aa3ad66e92,Source relevance,"{""highlight"": true, ""version"": ""4"", ""hint_type"": """"}",fce617da-10b0-4656-bcb5-93759c71ba09,T1.Q5,"How difficult was this task for you, on the whole?",RADIO,,,nominal,"{""version"": ""4"", ""alpha_distance"": ""nominal"", ""require_one_or_more"": true, ""hint_type"": """"}",10,d4b5ae92-6f84-4220-b336-7d6324e613bf,T1.Q5.A7,7,,0,1,"{""case_numbers"": true, ""highlight"": false, ""version"": ""4"", ""require_highlight"": true}"
SourceSpecialist2019_08_04,db4839b972de024425cd9cefd48cef529dc437c140c5df7a03a6401bd0853135,b4ff29af-44fc-431d-9d39-f7aa3ad66e92,Source relevance,"{""highlight"": true, ""version"": ""4"", ""hint_type"": """"}",fce617da-10b0-4656-bcb5-93759c71ba09,T1.Q5,"How difficult was this task for you, on the whole?",RADIO,,,nominal,"{""version"": ""4"", ""alpha_distance"": ""nominal"", ""require_one_or_more"": true, ""hint_type"": """"}",10,81c37145-a0e9-47dc-8ca9-c70c1acf6011,T1.Q5.A8,8,,0,1,"{""case_numbers"": true, ""highlight"": false, ""version"": ""4"", ""require_highlight"": true}"
SourceSpecialist2019_08_04,db4839b972de024425cd9cefd48cef529dc437c140c5df7a03a6401bd0853135,b4ff29af-44fc-431d-9d39-f7aa3ad66e92,Source relevance,"{""highlight"": true, ""version"": ""4"", ""hint_type"": """"}",fce617da-10b0-4656-bcb5-93759c71ba09,T1.Q5,"How difficult was this task for you, on the whole?",RADIO,,,nominal,"{""version"": ""4"", ""alpha_distance"": ""nominal"", ""require_one_or_more"": true, ""hint_type"": """"}",10,8a4710c5-8624-473c-af8c-a3f17e011258,T1.Q5.A9,9,,0,1,"{""case_numbers"": true, ""highlight"": false, ""version"": ""4"", ""require_highlight"": true}"
SourceSpecialist2019_08_04,db4839b972de024425cd9cefd48cef529dc437c140c5df7a03a6401bd0853135,b4ff29af-44fc-431d-9d39-f7aa3ad66e92,Source relevance,"{""highlight"": true, ""version"": ""4"", ""hint_type"": """"}",fce617da-10b0-4656-bcb5-93759c71ba09,T1.Q5,"How difficult was this task for you, on the whole?",RADIO,,,nominal,"{""version"": ""4"", ""alpha_distance"": ""nominal"", ""require_one_or_more"": true, ""hint_type"": """"}",10,b57fa3dc-5af5-4275-af5e-49a4ad32fb79,T1.Q5.A10,10: Harder than anything I've ever done in a classroom setting,,0,1,"{""case_numbers"": true, ""highlight"": false, ""version"": ""4"", ""require_highlight"": true}"
SourceSpecialist2019_08_04,db4839b972de024425cd9cefd48cef529dc437c140c5df7a03a6401bd0853135,b4ff29af-44fc-431d-9d39-f7aa3ad66e92,Source relevance,"{""highlight"": true, ""version"": ""4"", ""hint_type"": """"}",8d71e133-2ce3-4065-a022-11bbfb43f62e,T1.Q6,"How confident are you about your answers, on the whole?",RADIO,,,nominal,"{""version"": ""4"", ""alpha_distance"": ""nominal"", ""require_one_or_more"": true, ""hint_type"": """"}",10,562fa893-5725-4bbb-81ac-8dd01260aac6,T1.Q6.A1,1: I was guessing randomly for everything,,0,1,"{""case_numbers"": true, ""highlight"": false, ""version"": ""4"", ""require_highlight"": true}"
SourceSpecialist2019_08_04,db4839b972de024425cd9cefd48cef529dc437c140c5df7a03a6401bd0853135,b4ff29af-44fc-431d-9d39-f7aa3ad66e92,Source relevance,"{""highlight"": true, ""version"": ""4"", ""hint_type"": """"}",8d71e133-2ce3-4065-a022-11bbfb43f62e,T1.Q6,"How confident are you about your answers, on the whole?",RADIO,,,nominal,"{""version"": ""4"", ""alpha_distance"": ""nominal"", ""require_one_or_more"": true, ""hint_type"": """"}",10,a00e1f8b-10c4-483b-b90d-f67944376d67,T1.Q6.A2,2,,0,1,"{""case_numbers"": true, ""highlight"": false, ""version"": ""4"", ""require_highlight"": true}"
SourceSpecialist2019_08_04,db4839b972de024425cd9cefd48cef529dc437c140c5df7a03a6401bd0853135,b4ff29af-44fc-431d-9d39-f7aa3ad66e92,Source relevance,"{""highlight"": true, ""version"": ""4"", ""hint_type"": """"}",8d71e133-2ce3-4065-a022-11bbfb43f62e,T1.Q6,"How confident are you about your answers, on the whole?",RADIO,,,nominal,"{""version"": ""4"", ""alpha_distance"": ""nominal"", ""require_one_or_more"": true, ""hint_type"": """"}",10,cc3434c6-b83c-4580-839c-fce46cc94f23,T1.Q6.A3,3,,0,1,"{""case_numbers"": true, ""highlight"": false, ""version"": ""4"", ""require_highlight"": true}"
SourceSpecialist2019_08_04,db4839b972de024425cd9cefd48cef529dc437c140c5df7a03a6401bd0853135,b4ff29af-44fc-431d-9d39-f7aa3ad66e92,Source relevance,"{""highlight"": true, ""version"": ""4"", ""hint_type"": """"}",8d71e133-2ce3-4065-a022-11bbfb43f62e,T1.Q6,"How confident are you about your answers, on the whole?",RADIO,,,nominal,"{""version"": ""4"", ""alpha_distance"": ""nominal"", ""require_one_or_more"": true, ""hint_type"": """"}",10,187e5bf6-f49e-4012-bdbd-5c0cd038734b,T1.Q6.A4,4,,0,1,"{""case_numbers"": true, ""highlight"": false, ""version"": ""4"", ""require_highlight"": true}"
SourceSpecialist2019_08_04,db4839b972de024425cd9cefd48cef529dc437c140c5df7a03a6401bd0853135,b4ff29af-44fc-431d-9d39-f7aa3ad66e92,Source relevance,"{""highlight"": true, ""version"": ""4"", ""hint_type"": """"}",8d71e133-2ce3-4065-a022-11bbfb43f62e,T1.Q6,"How confident are you about your answers, on the whole?",RADIO,,,nominal,"{""version"": ""4"", ""alpha_distance"": ""nominal"", ""require_one_or_more"": true, ""hint_type"": """"}",10,b80c689e-e145-4df3-9363-47ac4e8676b2,T1.Q6.A5,5: 50-50,,0,1,"{""case_numbers"": true, ""highlight"": false, ""version"": ""4"", ""require_highlight"": true}"
SourceSpecialist2019_08_04,db4839b972de024425cd9cefd48cef529dc437c140c5df7a03a6401bd0853135,b4ff29af-44fc-431d-9d39-f7aa3ad66e92,Source relevance,"{""highlight"": true, ""version"": ""4"", ""hint_type"": """"}",8d71e133-2ce3-4065-a022-11bbfb43f62e,T1.Q6,"How confident are you about your answers, on the whole?",RADIO,,,nominal,"{""version"": ""4"", ""alpha_distance"": ""nominal"", ""require_one_or_more"": true, ""hint_type"": """"}",10,f621dbc4-6ffa-4fee-9fc6-f1c9d41b3f7e,T1.Q6.A6,6,,0,1,"{""case_numbers"": true, ""highlight"": false, ""version"": ""4"", ""require_highlight"": true}"
SourceSpecialist2019_08_04,db4839b972de024425cd9cefd48cef529dc437c140c5df7a03a6401bd0853135,b4ff29af-44fc-431d-9d39-f7aa3ad66e92,Source relevance,"{""highlight"": true, ""version"": ""4"", ""hint_type"": """"}",8d71e133-2ce3-4065-a022-11bbfb43f62e,T1.Q6,"How confident are you about your answers, on the whole?",RADIO,,,nominal,"{""version"": ""4"", ""alpha_distance"": ""nominal"", ""require_one_or_more"": true, ""hint_type"": """"}",10,0423a277-eb46-482c-9a7a-a9ebd80a457d,T1.Q6.A7,7,,0,1,"{""case_numbers"": true, ""highlight"": false, ""version"": ""4"", ""require_highlight"": true}"
SourceSpecialist2019_08_04,db4839b972de024425cd9cefd48cef529dc437c140c5df7a03a6401bd0853135,b4ff29af-44fc-431d-9d39-f7aa3ad66e92,Source relevance,"{""highlight"": true, ""version"": ""4"", ""hint_type"": """"}",8d71e133-2ce3-4065-a022-11bbfb43f62e,T1.Q6,"How confident are you about your answers, on the whole?",RADIO,,,nominal,"{""version"": ""4"", ""alpha_distance"": ""nominal"", ""require_one_or_more"": true, ""hint_type"": """"}",10,0c6cbcb7-3dd8-48bf-b27c-0ba541cfe5c4,T1.Q6.A8,8,,0,1,"{""case_numbers"": true, ""highlight"": false, ""version"": ""4"", ""require_highlight"": true}"
SourceSpecialist2019_08_04,db4839b972de024425cd9cefd48cef529dc437c140c5df7a03a6401bd0853135,b4ff29af-44fc-431d-9d39-f7aa3ad66e92,Source relevance,"{""highlight"": true, ""version"": ""4"", ""hint_type"": """"}",8d71e133-2ce3-4065-a022-11bbfb43f62e,T1.Q6,"How confident are you about your answers, on the whole?",RADIO,,,nominal,"{""version"": ""4"", ""alpha_distance"": ""nominal"", ""require_one_or_more"": true, ""hint_type"": """"}",10,e93541a5-3a1b-4d91-810c-a9013f07157f,T1.Q6.A9,9,,0,1,"{""case_numbers"": true, ""highlight"": false, ""version"": ""4"", ""require_highlight"": true}"
SourceSpecialist2019_08_04,db4839b972de024425cd9cefd48cef529dc437c140c5df7a03a6401bd0853135,b4ff29af-44fc-431d-9d39-f7aa3ad66e92,Source relevance,"{""highlight"": true, ""version"": ""4"", ""hint_type"": """"}",8d71e133-2ce3-4065-a022-11bbfb43f62e,T1.Q6,"How confident are you about your answers, on the whole?",RADIO,,,nominal,"{""version"": ""4"", ""alpha_distance"": ""nominal"", ""require_one_or_more"": true, ""hint_type"": """"}",10,bf2e849e-44fd-4619-83c9-3193c2dcf6bd,T1.Q6.A10,10: 100% certain about all my answers,,0,1,"{""case_numbers"": true, ""highlight"": false, ""version"": ""4"", ""require_highlight"": true}"
