article_batch_name,article_number,article_filename,article_sha256,article_text_length,tua_group_uuid,tua_group_name,tua_batch_uuid,tua_batch_name,tua_batch_final,task_uuid,tua_uuid,namespace,topic_name,case_number,answer_uuid,extra,highlight_count,start_pos,end_pos,target_text
NYU_Articles/Pilot/FormerUkraineProsecutorSaysHe.txt,100028,FormerUkraineProsecutorSaysHe.txt,f7eb2314bb13aae4542caf7ee10c336890c3e911c50093d575b1849e107abfb7,8477,1eb2228d-4038-4671-8655-fb1aa9301f91,NYU_Semantics.adjudicated,30533b18-8c5c-440b-84d5-9592afd29328,Adjudicator nick task 1783 article number 100028,True,e318f36a-40f8-4a9f-bb21-3708e751e181,e8cd3a4b-7d82-41f0-8eaa-8d701f524c58,NYU_Semantics,Language,1,,{},5,918,926,vendetta
NYU_Articles/Pilot/FormerUkraineProsecutorSaysHe.txt,100028,FormerUkraineProsecutorSaysHe.txt,f7eb2314bb13aae4542caf7ee10c336890c3e911c50093d575b1849e107abfb7,8477,1eb2228d-4038-4671-8655-fb1aa9301f91,NYU_Semantics.adjudicated,30533b18-8c5c-440b-84d5-9592afd29328,Adjudicator nick task 1783 article number 100028,True,e318f36a-40f8-4a9f-bb21-3708e751e181,e8cd3a4b-7d82-41f0-8eaa-8d701f524c58,NYU_Semantics,Language,1,,{},5,975,1033,"Let\u2019s put this through prosecutors, not through presidents"
NYU_Articles/Pilot/FormerUkraineProsecutorSaysHe.txt,100028,FormerUkraineProsecutorSaysHe.txt,f7eb2314bb13aae4542caf7ee10c336890c3e911c50093d575b1849e107abfb7,8477,1eb2228d-4038-4671-8655-fb1aa9301f91,NYU_Semantics.adjudicated,30533b18-8c5c-440b-84d5-9592afd29328,Adjudicator nick task 1783 article number 100028,True,e318f36a-40f8-4a9f-bb21-3708e751e181,e8cd3a4b-7d82-41f0-8eaa-8d701f524c58,NYU_Semantics,Language,1,,{},5,1112,1134,just for the interests
NYU_Articles/Pilot/FormerUkraineProsecutorSaysHe.txt,100028,FormerUkraineProsecutorSaysHe.txt,f7eb2314bb13aae4542caf7ee10c336890c3e911c50093d575b1849e107abfb7,8477,1eb2228d-4038-4671-8655-fb1aa9301f91,NYU_Semantics.adjudicated,30533b18-8c5c-440b-84d5-9592afd29328,Adjudicator nick task 1783 article number 100028,True,e318f36a-40f8-4a9f-bb21-3708e751e181,e8cd3a4b-7d82-41f0-8eaa-8d701f524c58,NYU_Semantics,Language,1,,{},5,1573,1581,obsessed
NYU_Articles/Pilot/FormerUkraineProsecutorSaysHe.txt,100028,FormerUkraineProsecutorSaysHe.txt,f7eb2314bb13aae4542caf7ee10c336890c3e911c50093d575b1849e107abfb7,8477,1eb2228d-4038-4671-8655-fb1aa9301f91,NYU_Semantics.adjudicated,30533b18-8c5c-440b-84d5-9592afd29328,Adjudicator nick task 1783 article number 100028,True,e318f36a-40f8-4a9f-bb21-3708e751e181,e8cd3a4b-7d82-41f0-8eaa-8d701f524c58,NYU_Semantics,Language,1,,{},5,3114,3121,dropped
NYU_Articles/Pilot/FormerUkraineProsecutorSaysHe.txt,100028,FormerUkraineProsecutorSaysHe.txt,f7eb2314bb13aae4542caf7ee10c336890c3e911c50093d575b1849e107abfb7,8477,1eb2228d-4038-4671-8655-fb1aa9301f91,NYU_Semantics.adjudicated,30533b18-8c5c-440b-84d5-9592afd29328,Adjudicator nick task 1783 article number 100028,True,e318f36a-40f8-4a9f-bb21-3708e751e181,8390627c-c51b-46ad-a89e-05f4d03a0fee,NYU_Semantics,Language,2,,{},2,2431,2451,insufficiently loyal
NYU_Articles/Pilot/FormerUkraineProsecutorSaysHe.txt,100028,FormerUkraineProsecutorSaysHe.txt,f7eb2314bb13aae4542caf7ee10c336890c3e911c50093d575b1849e107abfb7,8477,1eb2228d-4038-4671-8655-fb1aa9301f91,NYU_Semantics.adjudicated,30533b18-8c5c-440b-84d5-9592afd29328,Adjudicator nick task 1783 article number 100028,True,e318f36a-40f8-4a9f-bb21-3708e751e181,8390627c-c51b-46ad-a89e-05f4d03a0fee,NYU_Semantics,Language,2,,{},2,2462,2530,apparently because she resisted pressuring Ukraine on his priorities
NYU_Articles/Pilot/FormerUkraineProsecutorSaysHe.txt,100028,FormerUkraineProsecutorSaysHe.txt,f7eb2314bb13aae4542caf7ee10c336890c3e911c50093d575b1849e107abfb7,8477,1eb2228d-4038-4671-8655-fb1aa9301f91,NYU_Semantics.adjudicated,30533b18-8c5c-440b-84d5-9592afd29328,Adjudicator nick task 1783 article number 100028,True,e318f36a-40f8-4a9f-bb21-3708e751e181,744c7cbe-cf44-4cbb-bbb0-901b0d4f35a3,NYU_Semantics,Language,3,,{},2,4278,4309,we will get to the bottom of it
NYU_Articles/Pilot/FormerUkraineProsecutorSaysHe.txt,100028,FormerUkraineProsecutorSaysHe.txt,f7eb2314bb13aae4542caf7ee10c336890c3e911c50093d575b1849e107abfb7,8477,1eb2228d-4038-4671-8655-fb1aa9301f91,NYU_Semantics.adjudicated,30533b18-8c5c-440b-84d5-9592afd29328,Adjudicator nick task 1783 article number 100028,True,e318f36a-40f8-4a9f-bb21-3708e751e181,744c7cbe-cf44-4cbb-bbb0-901b0d4f35a3,NYU_Semantics,Language,3,,{},2,4334,4365,"I\u2019m sure you will figure it out"
NYU_Articles/Pilot/FormerUkraineProsecutorSaysHe.txt,100028,FormerUkraineProsecutorSaysHe.txt,f7eb2314bb13aae4542caf7ee10c336890c3e911c50093d575b1849e107abfb7,8477,1eb2228d-4038-4671-8655-fb1aa9301f91,NYU_Semantics.adjudicated,30533b18-8c5c-440b-84d5-9592afd29328,Adjudicator nick task 1783 article number 100028,True,e318f36a-40f8-4a9f-bb21-3708e751e181,c8b06e53-82b4-429f-882e-df7fad43369d,NYU_Semantics,Language,5,,{},1,5022,5029,bragged
NYU_Articles/Pilot/FormerUkraineProsecutorSaysHe.txt,100028,FormerUkraineProsecutorSaysHe.txt,f7eb2314bb13aae4542caf7ee10c336890c3e911c50093d575b1849e107abfb7,8477,1eb2228d-4038-4671-8655-fb1aa9301f91,NYU_Semantics.adjudicated,30533b18-8c5c-440b-84d5-9592afd29328,Adjudicator nick task 1783 article number 100028,True,e318f36a-40f8-4a9f-bb21-3708e751e181,4e569d5c-3bb7-4e68-8a0d-d6127bf0fcfb,NYU_Semantics,Language,6,,{},3,7466,7527,Both men are pivotal characters in the Trump impeachment saga
NYU_Articles/Pilot/FormerUkraineProsecutorSaysHe.txt,100028,FormerUkraineProsecutorSaysHe.txt,f7eb2314bb13aae4542caf7ee10c336890c3e911c50093d575b1849e107abfb7,8477,1eb2228d-4038-4671-8655-fb1aa9301f91,NYU_Semantics.adjudicated,30533b18-8c5c-440b-84d5-9592afd29328,Adjudicator nick task 1783 article number 100028,True,e318f36a-40f8-4a9f-bb21-3708e751e181,4e569d5c-3bb7-4e68-8a0d-d6127bf0fcfb,NYU_Semantics,Language,6,,{},3,7549,7565,checkered career
NYU_Articles/Pilot/FormerUkraineProsecutorSaysHe.txt,100028,FormerUkraineProsecutorSaysHe.txt,f7eb2314bb13aae4542caf7ee10c336890c3e911c50093d575b1849e107abfb7,8477,1eb2228d-4038-4671-8655-fb1aa9301f91,NYU_Semantics.adjudicated,30533b18-8c5c-440b-84d5-9592afd29328,Adjudicator nick task 1783 article number 100028,True,e318f36a-40f8-4a9f-bb21-3708e751e181,4e569d5c-3bb7-4e68-8a0d-d6127bf0fcfb,NYU_Semantics,Language,6,,{},3,7643,7653,trumped up
NYU_Articles/Pilot/FormerUkraineProsecutorSaysHe.txt,100028,FormerUkraineProsecutorSaysHe.txt,f7eb2314bb13aae4542caf7ee10c336890c3e911c50093d575b1849e107abfb7,8477,1eb2228d-4038-4671-8655-fb1aa9301f91,NYU_Semantics.adjudicated,30533b18-8c5c-440b-84d5-9592afd29328,Adjudicator nick task 1783 article number 100028,True,e318f36a-40f8-4a9f-bb21-3708e751e181,762b001a-45af-4cd8-84a9-3168755d2bcf,NYU_Semantics,Probability,1,,{},3,1587,1595,possible
NYU_Articles/Pilot/FormerUkraineProsecutorSaysHe.txt,100028,FormerUkraineProsecutorSaysHe.txt,f7eb2314bb13aae4542caf7ee10c336890c3e911c50093d575b1849e107abfb7,8477,1eb2228d-4038-4671-8655-fb1aa9301f91,NYU_Semantics.adjudicated,30533b18-8c5c-440b-84d5-9592afd29328,Adjudicator nick task 1783 article number 100028,True,e318f36a-40f8-4a9f-bb21-3708e751e181,762b001a-45af-4cd8-84a9-3168755d2bcf,NYU_Semantics,Probability,1,,{},3,1680,1714,no evidence has emerged to suggest
NYU_Articles/Pilot/FormerUkraineProsecutorSaysHe.txt,100028,FormerUkraineProsecutorSaysHe.txt,f7eb2314bb13aae4542caf7ee10c336890c3e911c50093d575b1849e107abfb7,8477,1eb2228d-4038-4671-8655-fb1aa9301f91,NYU_Semantics.adjudicated,30533b18-8c5c-440b-84d5-9592afd29328,Adjudicator nick task 1783 article number 100028,True,e318f36a-40f8-4a9f-bb21-3708e751e181,762b001a-45af-4cd8-84a9-3168755d2bcf,NYU_Semantics,Probability,1,,{},3,1957,1997,could be signs of a conflict of interest
NYU_Articles/Pilot/FormerUkraineProsecutorSaysHe.txt,100028,FormerUkraineProsecutorSaysHe.txt,f7eb2314bb13aae4542caf7ee10c336890c3e911c50093d575b1849e107abfb7,8477,1eb2228d-4038-4671-8655-fb1aa9301f91,NYU_Semantics.adjudicated,30533b18-8c5c-440b-84d5-9592afd29328,Adjudicator nick task 1783 article number 100028,True,e318f36a-40f8-4a9f-bb21-3708e751e181,5bb581c4-7408-417a-8956-405c0a7298a8,NYU_Semantics,Probability,2,,{},1,2057,2090,since he is believed to have been
NYU_Articles/Pilot/FormerUkraineProsecutorSaysHe.txt,100028,FormerUkraineProsecutorSaysHe.txt,f7eb2314bb13aae4542caf7ee10c336890c3e911c50093d575b1849e107abfb7,8477,1eb2228d-4038-4671-8655-fb1aa9301f91,NYU_Semantics.adjudicated,30533b18-8c5c-440b-84d5-9592afd29328,Adjudicator nick task 1783 article number 100028,True,e318f36a-40f8-4a9f-bb21-3708e751e181,328e6c74-02dd-4ec4-97b4-48cb3262747a,NYU_Semantics,Probability,3,,{},1,4732,4742,apparently
NYU_Articles/Pilot/FormerUkraineProsecutorSaysHe.txt,100028,FormerUkraineProsecutorSaysHe.txt,f7eb2314bb13aae4542caf7ee10c336890c3e911c50093d575b1849e107abfb7,8477,1eb2228d-4038-4671-8655-fb1aa9301f91,NYU_Semantics.adjudicated,30533b18-8c5c-440b-84d5-9592afd29328,Adjudicator nick task 1783 article number 100028,True,e318f36a-40f8-4a9f-bb21-3708e751e181,c296c8e1-dbcb-439c-99de-08772c490da7,NYU_Semantics,Probability,4,,{},1,8383,8402,appeared to startle
NYU_Articles/Pilot/FormerUkraineProsecutorSaysHe.txt,100028,FormerUkraineProsecutorSaysHe.txt,f7eb2314bb13aae4542caf7ee10c336890c3e911c50093d575b1849e107abfb7,8477,1eb2228d-4038-4671-8655-fb1aa9301f91,NYU_Semantics.adjudicated,30533b18-8c5c-440b-84d5-9592afd29328,Adjudicator nick task 1783 article number 100028,True,e318f36a-40f8-4a9f-bb21-3708e751e181,d3b4cb18-4306-4d80-b1d5-aa36a5ede9e3,NYU_Semantics,Reasoning,1,,{},1,218,392,"he repeatedly rebuffed demands by President Trump\u2019s personal lawyer to investigate Joe Biden and his son, insisting he had seen no evidence of wrongdoing that he could pursue"
NYU_Articles/Pilot/FormerUkraineProsecutorSaysHe.txt,100028,FormerUkraineProsecutorSaysHe.txt,f7eb2314bb13aae4542caf7ee10c336890c3e911c50093d575b1849e107abfb7,8477,1eb2228d-4038-4671-8655-fb1aa9301f91,NYU_Semantics.adjudicated,30533b18-8c5c-440b-84d5-9592afd29328,Adjudicator nick task 1783 article number 100028,True,e318f36a-40f8-4a9f-bb21-3708e751e181,58d33a1a-04b2-4758-84f3-620eae72a03f,NYU_Semantics,Reasoning,2,,{},1,2057,2090,since he is believed to have been
NYU_Articles/Pilot/FormerUkraineProsecutorSaysHe.txt,100028,FormerUkraineProsecutorSaysHe.txt,f7eb2314bb13aae4542caf7ee10c336890c3e911c50093d575b1849e107abfb7,8477,1eb2228d-4038-4671-8655-fb1aa9301f91,NYU_Semantics.adjudicated,30533b18-8c5c-440b-84d5-9592afd29328,Adjudicator nick task 1783 article number 100028,True,e318f36a-40f8-4a9f-bb21-3708e751e181,b76af44e-f473-4522-970d-d2202c2141f0,NYU_Semantics,Reasoning,3,,{},3,5292,5562,"Giuliani has acknowledged broadly asking Ukraine to investigate the Bidens and defended the move as appropriate. Although he is a private citizen, not a government employee, he has claimed he acted at the State Department\u2019s behest. The State Department has not commented"
NYU_Articles/Pilot/FormerUkraineProsecutorSaysHe.txt,100028,FormerUkraineProsecutorSaysHe.txt,f7eb2314bb13aae4542caf7ee10c336890c3e911c50093d575b1849e107abfb7,8477,1eb2228d-4038-4671-8655-fb1aa9301f91,NYU_Semantics.adjudicated,30533b18-8c5c-440b-84d5-9592afd29328,Adjudicator nick task 1783 article number 100028,True,e318f36a-40f8-4a9f-bb21-3708e751e181,b76af44e-f473-4522-970d-d2202c2141f0,NYU_Semantics,Reasoning,3,,{},3,5566,5696,"I did not do this on my own, I did it at the request of the State Department \u2014 I have a \u2018thank you\u2019 from them for doing a good job"
NYU_Articles/Pilot/FormerUkraineProsecutorSaysHe.txt,100028,FormerUkraineProsecutorSaysHe.txt,f7eb2314bb13aae4542caf7ee10c336890c3e911c50093d575b1849e107abfb7,8477,1eb2228d-4038-4671-8655-fb1aa9301f91,NYU_Semantics.adjudicated,30533b18-8c5c-440b-84d5-9592afd29328,Adjudicator nick task 1783 article number 100028,True,e318f36a-40f8-4a9f-bb21-3708e751e181,b76af44e-f473-4522-970d-d2202c2141f0,NYU_Semantics,Reasoning,3,,{},3,5793,5808,was aware of it
NYU_Articles/Pilot/FormerUkraineProsecutorSaysHe.txt,100028,FormerUkraineProsecutorSaysHe.txt,f7eb2314bb13aae4542caf7ee10c336890c3e911c50093d575b1849e107abfb7,8477,1eb2228d-4038-4671-8655-fb1aa9301f91,NYU_Semantics.adjudicated,30533b18-8c5c-440b-84d5-9592afd29328,Adjudicator nick task 1783 article number 100028,True,e318f36a-40f8-4a9f-bb21-3708e751e181,d22f4300-d0e6-4eae-8f4e-5153463b9548,NYU_Semantics,Reasoning,4,,{},1,6588,6786,"He was wondering why the case was closed,\u201d he said. \u201cI had to tell him how law enforcement functions here.\u201d\n\nHe said his hands were tied and he could not reopen the case just because Trump wanted it"
NYU_Articles/Pilot/FormerUkraineProsecutorSaysHe.txt,100028,FormerUkraineProsecutorSaysHe.txt,f7eb2314bb13aae4542caf7ee10c336890c3e911c50093d575b1849e107abfb7,8477,1eb2228d-4038-4671-8655-fb1aa9301f91,NYU_Semantics.adjudicated,30533b18-8c5c-440b-84d5-9592afd29328,Adjudicator nick task 1783 article number 100028,True,e318f36a-40f8-4a9f-bb21-3708e751e181,58b8c1c9-60be-400a-95fb-9176e5a84748,NYU_Semantics,Reasoning,5,,{},1,7239,7361,Giuliani was scheduled to travel to Kyiv in May but canceled the trip when Democrats raised questions about his activities
NYU_Articles/Pilot/ExplosiveReportRepAdamSchiff.txt,100029,ExplosiveReportRepAdamSchiff.txt,4c3b112770659ce6b8ac1363730d5843907463a9f5535277b674a6ad19e87364,3095,1eb2228d-4038-4671-8655-fb1aa9301f91,NYU_Semantics.adjudicated,97377aca-eb2d-40b7-b1e0-830ccebd9332,Adjudicator nick task 1784 article number 100029,True,d433492b-d7fd-4018-8823-b39cea55edda,eb6b4683-1445-452b-82a0-fd545f579420,NYU_Semantics,Language,1,,{},3,7,23,EXPLOSIVE REPORT
NYU_Articles/Pilot/ExplosiveReportRepAdamSchiff.txt,100029,ExplosiveReportRepAdamSchiff.txt,4c3b112770659ce6b8ac1363730d5843907463a9f5535277b674a6ad19e87364,3095,1eb2228d-4038-4671-8655-fb1aa9301f91,NYU_Semantics.adjudicated,97377aca-eb2d-40b7-b1e0-830ccebd9332,Adjudicator nick task 1784 article number 100029,True,d433492b-d7fd-4018-8823-b39cea55edda,eb6b4683-1445-452b-82a0-fd545f579420,NYU_Semantics,Language,1,,{},3,83,84,!
NYU_Articles/Pilot/ExplosiveReportRepAdamSchiff.txt,100029,ExplosiveReportRepAdamSchiff.txt,4c3b112770659ce6b8ac1363730d5843907463a9f5535277b674a6ad19e87364,3095,1eb2228d-4038-4671-8655-fb1aa9301f91,NYU_Semantics.adjudicated,97377aca-eb2d-40b7-b1e0-830ccebd9332,Adjudicator nick task 1784 article number 100029,True,d433492b-d7fd-4018-8823-b39cea55edda,eb6b4683-1445-452b-82a0-fd545f579420,NYU_Semantics,Language,1,,{},3,1048,1049,!
NYU_Articles/Pilot/ExplosiveReportRepAdamSchiff.txt,100029,ExplosiveReportRepAdamSchiff.txt,4c3b112770659ce6b8ac1363730d5843907463a9f5535277b674a6ad19e87364,3095,1eb2228d-4038-4671-8655-fb1aa9301f91,NYU_Semantics.adjudicated,97377aca-eb2d-40b7-b1e0-830ccebd9332,Adjudicator nick task 1784 article number 100029,True,d433492b-d7fd-4018-8823-b39cea55edda,352a7135-e111-4746-ada2-91add1ee10f0,NYU_Semantics,Language,2,,{},7,198,292,"Is this why he\u2019s willing to lie in front of the nation when accusing President Trump of crimes"
NYU_Articles/Pilot/ExplosiveReportRepAdamSchiff.txt,100029,ExplosiveReportRepAdamSchiff.txt,4c3b112770659ce6b8ac1363730d5843907463a9f5535277b674a6ad19e87364,3095,1eb2228d-4038-4671-8655-fb1aa9301f91,NYU_Semantics.adjudicated,97377aca-eb2d-40b7-b1e0-830ccebd9332,Adjudicator nick task 1784 article number 100029,True,d433492b-d7fd-4018-8823-b39cea55edda,352a7135-e111-4746-ada2-91add1ee10f0,NYU_Semantics,Language,2,,{},7,295,354,"Adam Schiff is arguably the biggest liar in Congress\u2026. ever"
NYU_Articles/Pilot/ExplosiveReportRepAdamSchiff.txt,100029,ExplosiveReportRepAdamSchiff.txt,4c3b112770659ce6b8ac1363730d5843907463a9f5535277b674a6ad19e87364,3095,1eb2228d-4038-4671-8655-fb1aa9301f91,NYU_Semantics.adjudicated,97377aca-eb2d-40b7-b1e0-830ccebd9332,Adjudicator nick task 1784 article number 100029,True,d433492b-d7fd-4018-8823-b39cea55edda,352a7135-e111-4746-ada2-91add1ee10f0,NYU_Semantics,Language,2,,{},7,505,516,"trumped\u2019 up"
NYU_Articles/Pilot/ExplosiveReportRepAdamSchiff.txt,100029,ExplosiveReportRepAdamSchiff.txt,4c3b112770659ce6b8ac1363730d5843907463a9f5535277b674a6ad19e87364,3095,1eb2228d-4038-4671-8655-fb1aa9301f91,NYU_Semantics.adjudicated,97377aca-eb2d-40b7-b1e0-830ccebd9332,Adjudicator nick task 1784 article number 100029,True,d433492b-d7fd-4018-8823-b39cea55edda,352a7135-e111-4746-ada2-91add1ee10f0,NYU_Semantics,Language,2,,{},7,591,741,"Schiff lied in his opening remarks and claimed numerous falsehoods about the President\u2019s call in spite of the transcript being provided the day before"
NYU_Articles/Pilot/ExplosiveReportRepAdamSchiff.txt,100029,ExplosiveReportRepAdamSchiff.txt,4c3b112770659ce6b8ac1363730d5843907463a9f5535277b674a6ad19e87364,3095,1eb2228d-4038-4671-8655-fb1aa9301f91,NYU_Semantics.adjudicated,97377aca-eb2d-40b7-b1e0-830ccebd9332,Adjudicator nick task 1784 article number 100029,True,d433492b-d7fd-4018-8823-b39cea55edda,352a7135-e111-4746-ada2-91add1ee10f0,NYU_Semantics,Language,2,,{},7,744,848,"His entire description of the President\u2019s call was a lie \u2013 we have the transcript and this was not in it"
NYU_Articles/Pilot/ExplosiveReportRepAdamSchiff.txt,100029,ExplosiveReportRepAdamSchiff.txt,4c3b112770659ce6b8ac1363730d5843907463a9f5535277b674a6ad19e87364,3095,1eb2228d-4038-4671-8655-fb1aa9301f91,NYU_Semantics.adjudicated,97377aca-eb2d-40b7-b1e0-830ccebd9332,Adjudicator nick task 1784 article number 100029,True,d433492b-d7fd-4018-8823-b39cea55edda,352a7135-e111-4746-ada2-91add1ee10f0,NYU_Semantics,Language,2,,{},7,935,967,after this dishonest performance
NYU_Articles/Pilot/ExplosiveReportRepAdamSchiff.txt,100029,ExplosiveReportRepAdamSchiff.txt,4c3b112770659ce6b8ac1363730d5843907463a9f5535277b674a6ad19e87364,3095,1eb2228d-4038-4671-8655-fb1aa9301f91,NYU_Semantics.adjudicated,97377aca-eb2d-40b7-b1e0-830ccebd9332,Adjudicator nick task 1784 article number 100029,True,d433492b-d7fd-4018-8823-b39cea55edda,352a7135-e111-4746-ada2-91add1ee10f0,NYU_Semantics,Language,2,,{},7,2855,3056,"What the hell is going on with Shifty Lying Schiff and his Ukraine Arms Dealer \u2013 Is Schiff being paid off?  Is this why he is willing to lie on national TV about President Trump\u2019s action in the Ukraine"
NYU_Articles/Pilot/ExplosiveReportRepAdamSchiff.txt,100029,ExplosiveReportRepAdamSchiff.txt,4c3b112770659ce6b8ac1363730d5843907463a9f5535277b674a6ad19e87364,3095,1eb2228d-4038-4671-8655-fb1aa9301f91,NYU_Semantics.adjudicated,97377aca-eb2d-40b7-b1e0-830ccebd9332,Adjudicator nick task 1784 article number 100029,True,d433492b-d7fd-4018-8823-b39cea55edda,520cf393-5869-4c79-a9da-eab42f4c3bf9,NYU_Semantics,Language,3,,{},1,867,874,rightly
NYU_Articles/Pilot/ExplosiveReportRepAdamSchiff.txt,100029,ExplosiveReportRepAdamSchiff.txt,4c3b112770659ce6b8ac1363730d5843907463a9f5535277b674a6ad19e87364,3095,1eb2228d-4038-4671-8655-fb1aa9301f91,NYU_Semantics.adjudicated,97377aca-eb2d-40b7-b1e0-830ccebd9332,Adjudicator nick task 1784 article number 100029,True,d433492b-d7fd-4018-8823-b39cea55edda,b0c29927-7d3b-4a7e-a8b6-1dd949f92c6b,NYU_Semantics,Language,5,,{},1,1180,1190,Pasternack
NYU_Articles/Pilot/ExplosiveReportRepAdamSchiff.txt,100029,ExplosiveReportRepAdamSchiff.txt,4c3b112770659ce6b8ac1363730d5843907463a9f5535277b674a6ad19e87364,3095,1eb2228d-4038-4671-8655-fb1aa9301f91,NYU_Semantics.adjudicated,97377aca-eb2d-40b7-b1e0-830ccebd9332,Adjudicator nick task 1784 article number 100029,True,d433492b-d7fd-4018-8823-b39cea55edda,14f181bd-f4d1-4ef9-9624-07055e7767a4,NYU_Semantics,Language,6,,{},1,1322,1412,"Joe Biden had his son appointed to the Board of the Ukraine\u2019s largest oil and gas producer"
NYU_Articles/Pilot/ExplosiveReportRepAdamSchiff.txt,100029,ExplosiveReportRepAdamSchiff.txt,4c3b112770659ce6b8ac1363730d5843907463a9f5535277b674a6ad19e87364,3095,1eb2228d-4038-4671-8655-fb1aa9301f91,NYU_Semantics.adjudicated,97377aca-eb2d-40b7-b1e0-830ccebd9332,Adjudicator nick task 1784 article number 100029,True,d433492b-d7fd-4018-8823-b39cea55edda,d71b5b21-0e6b-42fd-a479-5032b443b7f1,NYU_Semantics,Language,7,,{},1,1897,1907,personally
NYU_Articles/Pilot/ExplosiveReportRepAdamSchiff.txt,100029,ExplosiveReportRepAdamSchiff.txt,4c3b112770659ce6b8ac1363730d5843907463a9f5535277b674a6ad19e87364,3095,1eb2228d-4038-4671-8655-fb1aa9301f91,NYU_Semantics.adjudicated,97377aca-eb2d-40b7-b1e0-830ccebd9332,Adjudicator nick task 1784 article number 100029,True,d433492b-d7fd-4018-8823-b39cea55edda,0d1a7b45-6e09-4efc-b467-22f5e3cfd7e2,NYU_Semantics,Probability,1,,{},1,971,982,Now we know
NYU_Articles/Pilot/ExplosiveReportRepAdamSchiff.txt,100029,ExplosiveReportRepAdamSchiff.txt,4c3b112770659ce6b8ac1363730d5843907463a9f5535277b674a6ad19e87364,3095,1eb2228d-4038-4671-8655-fb1aa9301f91,NYU_Semantics.adjudicated,97377aca-eb2d-40b7-b1e0-830ccebd9332,Adjudicator nick task 1784 article number 100029,True,d433492b-d7fd-4018-8823-b39cea55edda,ea707282-0420-45fc-8e22-76405b434c45,NYU_Semantics,Probability,2,,{},1,2327,2354,Pasternak is an arms dealer
NYU_Articles/Pilot/ExplosiveReportRepAdamSchiff.txt,100029,ExplosiveReportRepAdamSchiff.txt,4c3b112770659ce6b8ac1363730d5843907463a9f5535277b674a6ad19e87364,3095,1eb2228d-4038-4671-8655-fb1aa9301f91,NYU_Semantics.adjudicated,97377aca-eb2d-40b7-b1e0-830ccebd9332,Adjudicator nick task 1784 article number 100029,True,d433492b-d7fd-4018-8823-b39cea55edda,ad281778-db6c-42e1-8c49-402748ffd73c,NYU_Semantics,Probability,3,,{},3,2490,2500,reportedly
NYU_Articles/Pilot/ExplosiveReportRepAdamSchiff.txt,100029,ExplosiveReportRepAdamSchiff.txt,4c3b112770659ce6b8ac1363730d5843907463a9f5535277b674a6ad19e87364,3095,1eb2228d-4038-4671-8655-fb1aa9301f91,NYU_Semantics.adjudicated,97377aca-eb2d-40b7-b1e0-830ccebd9332,Adjudicator nick task 1784 article number 100029,True,d433492b-d7fd-4018-8823-b39cea55edda,ad281778-db6c-42e1-8c49-402748ffd73c,NYU_Semantics,Probability,3,,{},3,2810,2820,reportedly
NYU_Articles/Pilot/ExplosiveReportRepAdamSchiff.txt,100029,ExplosiveReportRepAdamSchiff.txt,4c3b112770659ce6b8ac1363730d5843907463a9f5535277b674a6ad19e87364,3095,1eb2228d-4038-4671-8655-fb1aa9301f91,NYU_Semantics.adjudicated,97377aca-eb2d-40b7-b1e0-830ccebd9332,Adjudicator nick task 1784 article number 100029,True,d433492b-d7fd-4018-8823-b39cea55edda,ad281778-db6c-42e1-8c49-402748ffd73c,NYU_Semantics,Probability,3,,{},3,2776,2798,at the exact same time
NYU_Articles/Pilot/CouldTrumpsImpeachmentPushHilary.txt,100030,CouldTrumpsImpeachmentPushHilary.txt,dafa2bb8de86d276aa69797936139a5fdb4c067ef5353f586b53fab36bdd360b,3181,1eb2228d-4038-4671-8655-fb1aa9301f91,NYU_Semantics.adjudicated,37c52466-1013-476b-bfbd-6169874eb0eb,Adjudicator nick task 1785 article number 100030,True,b141b50e-9471-4163-9eb3-f646083af9e6,9337c4bd-2fa1-40c4-ab48-0c132689965f,NYU_Semantics,Language,1,,{},2,1215,1221,though
NYU_Articles/Pilot/CouldTrumpsImpeachmentPushHilary.txt,100030,CouldTrumpsImpeachmentPushHilary.txt,dafa2bb8de86d276aa69797936139a5fdb4c067ef5353f586b53fab36bdd360b,3181,1eb2228d-4038-4671-8655-fb1aa9301f91,NYU_Semantics.adjudicated,37c52466-1013-476b-bfbd-6169874eb0eb,Adjudicator nick task 1785 article number 100030,True,b141b50e-9471-4163-9eb3-f646083af9e6,9337c4bd-2fa1-40c4-ab48-0c132689965f,NYU_Semantics,Language,1,,{},2,2012,2224,"However, for his part, President Trump says that he did nothing wrong, and that he was in fact doing his job as president by investigating possible corruption that people within the establishment were involved in"
NYU_Articles/Pilot/CouldTrumpsImpeachmentPushHilary.txt,100030,CouldTrumpsImpeachmentPushHilary.txt,dafa2bb8de86d276aa69797936139a5fdb4c067ef5353f586b53fab36bdd360b,3181,1eb2228d-4038-4671-8655-fb1aa9301f91,NYU_Semantics.adjudicated,37c52466-1013-476b-bfbd-6169874eb0eb,Adjudicator nick task 1785 article number 100030,True,b141b50e-9471-4163-9eb3-f646083af9e6,7fef1e3e-8d18-4a0e-8f89-977c9c3ce72b,NYU_Semantics,Language,2,,{},1,2227,2535,"The Trump administration does not think that this impeachment issue will negatively affect their campaign at all, and in fact, they actually think it will improve their chances of winning, because they believe the situation proves that Trump is fulfilling his promise of \u201cdraining the swamp\u201d in Washington DC"
NYU_Articles/Pilot/CouldTrumpsImpeachmentPushHilary.txt,100030,CouldTrumpsImpeachmentPushHilary.txt,dafa2bb8de86d276aa69797936139a5fdb4c067ef5353f586b53fab36bdd360b,3181,1eb2228d-4038-4671-8655-fb1aa9301f91,NYU_Semantics.adjudicated,37c52466-1013-476b-bfbd-6169874eb0eb,Adjudicator nick task 1785 article number 100030,True,b141b50e-9471-4163-9eb3-f646083af9e6,f2f56150-fa6e-46c8-9c45-fdfc5a4e595f,NYU_Semantics,Language,3,,{},1,2538,2729,"With Joe Biden out of the way, Hillary might think that she actually has a shot, despite missing the first few rounds of debates, and despite being extremely unpopular since her last campaign"
NYU_Articles/Pilot/CouldTrumpsImpeachmentPushHilary.txt,100030,CouldTrumpsImpeachmentPushHilary.txt,dafa2bb8de86d276aa69797936139a5fdb4c067ef5353f586b53fab36bdd360b,3181,1eb2228d-4038-4671-8655-fb1aa9301f91,NYU_Semantics.adjudicated,37c52466-1013-476b-bfbd-6169874eb0eb,Adjudicator nick task 1785 article number 100030,True,b141b50e-9471-4163-9eb3-f646083af9e6,e82b387c-eb68-4582-979b-2b9cf3d4e46e,NYU_Semantics,Language,4,,{},2,2890,2914,simply posturing herself
NYU_Articles/Pilot/CouldTrumpsImpeachmentPushHilary.txt,100030,CouldTrumpsImpeachmentPushHilary.txt,dafa2bb8de86d276aa69797936139a5fdb4c067ef5353f586b53fab36bdd360b,3181,1eb2228d-4038-4671-8655-fb1aa9301f91,NYU_Semantics.adjudicated,37c52466-1013-476b-bfbd-6169874eb0eb,Adjudicator nick task 1785 article number 100030,True,b141b50e-9471-4163-9eb3-f646083af9e6,e82b387c-eb68-4582-979b-2b9cf3d4e46e,NYU_Semantics,Language,4,,{},2,2927,2936,relevancy
NYU_Articles/Pilot/CouldTrumpsImpeachmentPushHilary.txt,100030,CouldTrumpsImpeachmentPushHilary.txt,dafa2bb8de86d276aa69797936139a5fdb4c067ef5353f586b53fab36bdd360b,3181,1eb2228d-4038-4671-8655-fb1aa9301f91,NYU_Semantics.adjudicated,37c52466-1013-476b-bfbd-6169874eb0eb,Adjudicator nick task 1785 article number 100030,True,b141b50e-9471-4163-9eb3-f646083af9e6,47222edd-67a7-4d3d-9e3c-ec19bc36ba5e,NYU_Semantics,Language,5,,{},1,3119,3136,relating the case
NYU_Articles/Pilot/CouldTrumpsImpeachmentPushHilary.txt,100030,CouldTrumpsImpeachmentPushHilary.txt,dafa2bb8de86d276aa69797936139a5fdb4c067ef5353f586b53fab36bdd360b,3181,1eb2228d-4038-4671-8655-fb1aa9301f91,NYU_Semantics.adjudicated,37c52466-1013-476b-bfbd-6169874eb0eb,Adjudicator nick task 1785 article number 100030,True,b141b50e-9471-4163-9eb3-f646083af9e6,bec3f95b-c917-42b3-9619-0c9a31132479,NYU_Semantics,Language,6,,{},2,2686,2705,extremely unpopular
NYU_Articles/Pilot/CouldTrumpsImpeachmentPushHilary.txt,100030,CouldTrumpsImpeachmentPushHilary.txt,dafa2bb8de86d276aa69797936139a5fdb4c067ef5353f586b53fab36bdd360b,3181,1eb2228d-4038-4671-8655-fb1aa9301f91,NYU_Semantics.adjudicated,37c52466-1013-476b-bfbd-6169874eb0eb,Adjudicator nick task 1785 article number 100030,True,b141b50e-9471-4163-9eb3-f646083af9e6,bec3f95b-c917-42b3-9619-0c9a31132479,NYU_Semantics,Language,6,,{},2,2786,2804,extremely unlikely
NYU_Articles/Pilot/CouldTrumpsImpeachmentPushHilary.txt,100030,CouldTrumpsImpeachmentPushHilary.txt,dafa2bb8de86d276aa69797936139a5fdb4c067ef5353f586b53fab36bdd360b,3181,1eb2228d-4038-4671-8655-fb1aa9301f91,NYU_Semantics.adjudicated,37c52466-1013-476b-bfbd-6169874eb0eb,Adjudicator nick task 1785 article number 100030,True,b141b50e-9471-4163-9eb3-f646083af9e6,0ab1b8ae-c3a5-49d7-b84c-29d8067d877b,NYU_Semantics,Probability,1,,{},2,1175,1184,seem like
NYU_Articles/Pilot/CouldTrumpsImpeachmentPushHilary.txt,100030,CouldTrumpsImpeachmentPushHilary.txt,dafa2bb8de86d276aa69797936139a5fdb4c067ef5353f586b53fab36bdd360b,3181,1eb2228d-4038-4671-8655-fb1aa9301f91,NYU_Semantics.adjudicated,37c52466-1013-476b-bfbd-6169874eb0eb,Adjudicator nick task 1785 article number 100030,True,b141b50e-9471-4163-9eb3-f646083af9e6,0ab1b8ae-c3a5-49d7-b84c-29d8067d877b,NYU_Semantics,Probability,1,,{},2,1243,1247,seem
NYU_Articles/Pilot/CouldTrumpsImpeachmentPushHilary.txt,100030,CouldTrumpsImpeachmentPushHilary.txt,dafa2bb8de86d276aa69797936139a5fdb4c067ef5353f586b53fab36bdd360b,3181,1eb2228d-4038-4671-8655-fb1aa9301f91,NYU_Semantics.adjudicated,37c52466-1013-476b-bfbd-6169874eb0eb,Adjudicator nick task 1785 article number 100030,True,b141b50e-9471-4163-9eb3-f646083af9e6,b620fa65-6dc8-469d-a657-26a523b6a4f1,NYU_Semantics,Probability,2,,{},1,2731,2841,"However, it is important to note that this would be an extremely unlikely, if not unprecedented turn of events"
NYU_Articles/Pilot/CouldTrumpsImpeachmentPushHilary.txt,100030,CouldTrumpsImpeachmentPushHilary.txt,dafa2bb8de86d276aa69797936139a5fdb4c067ef5353f586b53fab36bdd360b,3181,1eb2228d-4038-4671-8655-fb1aa9301f91,NYU_Semantics.adjudicated,37c52466-1013-476b-bfbd-6169874eb0eb,Adjudicator nick task 1785 article number 100030,True,b141b50e-9471-4163-9eb3-f646083af9e6,1e5069d4-d3cf-4346-aacb-6b13c590b3ea,NYU_Semantics,Probability,3,,{},2,1496,1510,it seemed that
NYU_Articles/Pilot/CouldTrumpsImpeachmentPushHilary.txt,100030,CouldTrumpsImpeachmentPushHilary.txt,dafa2bb8de86d276aa69797936139a5fdb4c067ef5353f586b53fab36bdd360b,3181,1eb2228d-4038-4671-8655-fb1aa9301f91,NYU_Semantics.adjudicated,37c52466-1013-476b-bfbd-6169874eb0eb,Adjudicator nick task 1785 article number 100030,True,b141b50e-9471-4163-9eb3-f646083af9e6,1e5069d4-d3cf-4346-aacb-6b13c590b3ea,NYU_Semantics,Probability,3,,{},2,1605,1613,seems to
NYU_Articles/Pilot/CouldTrumpsImpeachmentPushHilary.txt,100030,CouldTrumpsImpeachmentPushHilary.txt,dafa2bb8de86d276aa69797936139a5fdb4c067ef5353f586b53fab36bdd360b,3181,1eb2228d-4038-4671-8655-fb1aa9301f91,NYU_Semantics.adjudicated,37c52466-1013-476b-bfbd-6169874eb0eb,Adjudicator nick task 1785 article number 100030,True,b141b50e-9471-4163-9eb3-f646083af9e6,df331ed8-23a3-4278-b6e5-79b843b29ce3,NYU_Semantics,Probability,4,,{},1,2980,2999,It is also possible
NYU_Articles/Pilot/CouldTrumpsImpeachmentPushHilary.txt,100030,CouldTrumpsImpeachmentPushHilary.txt,dafa2bb8de86d276aa69797936139a5fdb4c067ef5353f586b53fab36bdd360b,3181,1eb2228d-4038-4671-8655-fb1aa9301f91,NYU_Semantics.adjudicated,37c52466-1013-476b-bfbd-6169874eb0eb,Adjudicator nick task 1785 article number 100030,True,b141b50e-9471-4163-9eb3-f646083af9e6,16e71501-d223-4497-ad8f-98f41d098653,NYU_Semantics,Probability,5,,{},1,2843,2865,It is much more likely
NYU_Articles/Pilot/CouldTrumpsImpeachmentPushHilary.txt,100030,CouldTrumpsImpeachmentPushHilary.txt,dafa2bb8de86d276aa69797936139a5fdb4c067ef5353f586b53fab36bdd360b,3181,1eb2228d-4038-4671-8655-fb1aa9301f91,NYU_Semantics.adjudicated,37c52466-1013-476b-bfbd-6169874eb0eb,Adjudicator nick task 1785 article number 100030,True,b141b50e-9471-4163-9eb3-f646083af9e6,2ef30b76-d77a-4ee2-ba0d-f3df31aa0677,NYU_Semantics,Reasoning,1,,{},1,550,713,"In fact, Donald Trump was friends with many politicians before he took office, it was only after he announced his candidacy that he became such a polarizing figure"
NYU_Articles/Pilot/CouldTrumpsImpeachmentPushHilary.txt,100030,CouldTrumpsImpeachmentPushHilary.txt,dafa2bb8de86d276aa69797936139a5fdb4c067ef5353f586b53fab36bdd360b,3181,1eb2228d-4038-4671-8655-fb1aa9301f91,NYU_Semantics.adjudicated,37c52466-1013-476b-bfbd-6169874eb0eb,Adjudicator nick task 1785 article number 100030,True,b141b50e-9471-4163-9eb3-f646083af9e6,76905bd8-272e-4a50-b1cb-c79b7864169e,NYU_Semantics,Reasoning,2,,{},1,959,1161,"However, she has continued to position herself against Trump since the election, and has continued to insist that she should have actually won, and that the country would have been better off if she had"
NYU_Articles/Pilot/CongressAnnouncesSeizureOfTrump.txt,100031,CongressAnnouncesSeizureOfTrump.txt,729c16dbf760152f8bb67a7ecfbb15a25ae7f594fe35bd711c1d5e1ef1ff5c1f,4491,1eb2228d-4038-4671-8655-fb1aa9301f91,NYU_Semantics.adjudicated,a5b533e1-2210-41af-8f3b-4997155c66e5,Adjudicator nick task 1786 article number 100031,True,907f1c70-aac7-4733-afc5-9153996f4cf7,2e028b45-2249-4efb-8a4f-87daca5cd774,NYU_Semantics,Language,1,,{},1,7,64,Congress Announces Seizure Of Trump/Putin Call Power Move
NYU_Articles/Pilot/CongressAnnouncesSeizureOfTrump.txt,100031,CongressAnnouncesSeizureOfTrump.txt,729c16dbf760152f8bb67a7ecfbb15a25ae7f594fe35bd711c1d5e1ef1ff5c1f,4491,1eb2228d-4038-4671-8655-fb1aa9301f91,NYU_Semantics.adjudicated,a5b533e1-2210-41af-8f3b-4997155c66e5,Adjudicator nick task 1786 article number 100031,True,907f1c70-aac7-4733-afc5-9153996f4cf7,eda38606-a9f2-4159-941f-24b213dff056,NYU_Semantics,Language,2,,{},1,1393,1934,"THE PARAMOUNT NEED HERE IS TO PROTECT THE NATIONAL SECURITY OF THE UNITED STATES AND SEE WHETHER, IN THE CONVERSATIONS WITH OTHER WORLD LEADERS AND, IN PARTICULAR, WITH PUTIN, THAT THE PRESIDENT WAS ALSO UNDERMINING OUR SECURITY IN A WAY THAT HE THOUGHT WOULD PERSONALLY BENEFIT HIS CAMPAIGN. IF THOSE CONVERSATIONS WITH PUTIN OR WITH OTHER WORLD LEADERS ARE SEQUESTERED IN THAT SAME ELECTRONIC FILE THAT IS MEANT FOR COVERT ACTION, NOT MEANT FOR THIS, IF THERE\u2019S AN EFFORT TO HIDE THOSE AND COVER THOSE UP, YES, WE\u2019RE DETERMINED TO FIND OUT"
NYU_Articles/Pilot/CongressAnnouncesSeizureOfTrump.txt,100031,CongressAnnouncesSeizureOfTrump.txt,729c16dbf760152f8bb67a7ecfbb15a25ae7f594fe35bd711c1d5e1ef1ff5c1f,4491,1eb2228d-4038-4671-8655-fb1aa9301f91,NYU_Semantics.adjudicated,a5b533e1-2210-41af-8f3b-4997155c66e5,Adjudicator nick task 1786 article number 100031,True,907f1c70-aac7-4733-afc5-9153996f4cf7,9a5069d1-5b3d-4c1b-8505-9774a32647cd,NYU_Semantics,Language,3,,{},2,3669,3738,"THE CHAIRMAN SAID A LOT OF THINGS, MADE A LOT OF BASELESS ACCUSATIONS"
NYU_Articles/Pilot/CongressAnnouncesSeizureOfTrump.txt,100031,CongressAnnouncesSeizureOfTrump.txt,729c16dbf760152f8bb67a7ecfbb15a25ae7f594fe35bd711c1d5e1ef1ff5c1f,4491,1eb2228d-4038-4671-8655-fb1aa9301f91,NYU_Semantics.adjudicated,a5b533e1-2210-41af-8f3b-4997155c66e5,Adjudicator nick task 1786 article number 100031,True,907f1c70-aac7-4733-afc5-9153996f4cf7,9a5069d1-5b3d-4c1b-8505-9774a32647cd,NYU_Semantics,Language,3,,{},2,3786,3811,WAS RUNNING AROUND SAYING
NYU_Articles/Pilot/CongressAnnouncesSeizureOfTrump.txt,100031,CongressAnnouncesSeizureOfTrump.txt,729c16dbf760152f8bb67a7ecfbb15a25ae7f594fe35bd711c1d5e1ef1ff5c1f,4491,1eb2228d-4038-4671-8655-fb1aa9301f91,NYU_Semantics.adjudicated,a5b533e1-2210-41af-8f3b-4997155c66e5,Adjudicator nick task 1786 article number 100031,True,907f1c70-aac7-4733-afc5-9153996f4cf7,933a53ce-2735-4105-b767-d3114de7d0bf,NYU_Semantics,Language,4,,{},1,3478,3665,"Scalise also tried to frame the Democrats\u2019 efforts:\n\n\u2018AND HE FRAMED THE INVESTIGATION AS JUST THE LATEST ATTEMPT BY DEMOCRATS TO \u201cGO DOWN THIS ROAD OF IMPEACHMENT, REGARDLESS OF THE FACTS"
NYU_Articles/Pilot/CongressAnnouncesSeizureOfTrump.txt,100031,CongressAnnouncesSeizureOfTrump.txt,729c16dbf760152f8bb67a7ecfbb15a25ae7f594fe35bd711c1d5e1ef1ff5c1f,4491,1eb2228d-4038-4671-8655-fb1aa9301f91,NYU_Semantics.adjudicated,a5b533e1-2210-41af-8f3b-4997155c66e5,Adjudicator nick task 1786 article number 100031,True,907f1c70-aac7-4733-afc5-9153996f4cf7,fdc36128-449b-4699-8336-aad6ea3025dd,NYU_Semantics,Language,5,,{},1,2046,2091,formalize the opening the impeachment inquiry
NYU_Articles/Pilot/CongressAnnouncesSeizureOfTrump.txt,100031,CongressAnnouncesSeizureOfTrump.txt,729c16dbf760152f8bb67a7ecfbb15a25ae7f594fe35bd711c1d5e1ef1ff5c1f,4491,1eb2228d-4038-4671-8655-fb1aa9301f91,NYU_Semantics.adjudicated,a5b533e1-2210-41af-8f3b-4997155c66e5,Adjudicator nick task 1786 article number 100031,True,907f1c70-aac7-4733-afc5-9153996f4cf7,32224b0d-85e0-4906-9f85-19c48746b091,NYU_Semantics,Probability,1,,{},1,2249,2265,It appeared that
NYU_Articles/Pilot/CongressAnnouncesSeizureOfTrump.txt,100031,CongressAnnouncesSeizureOfTrump.txt,729c16dbf760152f8bb67a7ecfbb15a25ae7f594fe35bd711c1d5e1ef1ff5c1f,4491,1eb2228d-4038-4671-8655-fb1aa9301f91,NYU_Semantics.adjudicated,a5b533e1-2210-41af-8f3b-4997155c66e5,Adjudicator nick task 1786 article number 100031,True,907f1c70-aac7-4733-afc5-9153996f4cf7,a2800943-83ea-48ba-99c1-67d2ba1f360a,NYU_Semantics,Reasoning,1,,{},1,3961,4099,THE FRAMERS DID NOT PUT THE POWER OF IMPEACHMENT IN THE CONSTITUTION SO THAT YOU CAN STOP SOMEBODY FROM BEING ELECTED WHO WAS DULY ELECTED
NYU_Articles/Pilot/CongressAnnouncesSeizureOfTrump.txt,100031,CongressAnnouncesSeizureOfTrump.txt,729c16dbf760152f8bb67a7ecfbb15a25ae7f594fe35bd711c1d5e1ef1ff5c1f,4491,1eb2228d-4038-4671-8655-fb1aa9301f91,NYU_Semantics.adjudicated,a5b533e1-2210-41af-8f3b-4997155c66e5,Adjudicator nick task 1786 article number 100031,True,907f1c70-aac7-4733-afc5-9153996f4cf7,312f8854-3a2f-4b57-84cf-d99ad0a3926b,NYU_Semantics,Reasoning,2,,{},1,4145,4488,"THE PRESIDENT CAN\u2019T HAVE IT BOTH WAYS \u2014 HE CAN\u2019T BOTH PREVENT US FROM GETTING EVIDENCE ON THESE SERIOUS UNDERLYING CRIMES, OR POTENTIAL CRIMES, THIS SERIOUS BREACH OF HIS OATH OF OFFICE, AND AT THE SAME TIME OBSTRUCT OUR INVESTIGATION. EVEN AS HE TRIES TO WEAKEN OUR ABILITY TO GET FACTS ON ONE, HE\u2019S GOING TO STRENGTHEN THE FACTS ON THE OTHER"
NYU_Articles/Pilot/TIFinallyExplainsWhyHe.txt,100032,TIFinallyExplainsWhyHe.txt,832ecb4405a6c6ba17b9f5a67e9cdb91b07462cb9d723162fbcf3e114b66f791,3202,1eb2228d-4038-4671-8655-fb1aa9301f91,NYU_Semantics.adjudicated,b1c7c9cf-c125-463b-8867-0b881ec72224,Adjudicator nick task 1787 article number 100032,True,d3f8cb1b-593d-41b8-b918-83795000d85e,7dc6b045-95bd-410c-9bff-3f41f6ccfd5d,NYU_Semantics,Language,1,,{},8,369,389,shocking accusations
NYU_Articles/Pilot/TIFinallyExplainsWhyHe.txt,100032,TIFinallyExplainsWhyHe.txt,832ecb4405a6c6ba17b9f5a67e9cdb91b07462cb9d723162fbcf3e114b66f791,3202,1eb2228d-4038-4671-8655-fb1aa9301f91,NYU_Semantics.adjudicated,b1c7c9cf-c125-463b-8867-0b881ec72224,Adjudicator nick task 1787 article number 100032,True,d3f8cb1b-593d-41b8-b918-83795000d85e,7dc6b045-95bd-410c-9bff-3f41f6ccfd5d,NYU_Semantics,Language,1,,{},8,761,779,potential cash cow
NYU_Articles/Pilot/TIFinallyExplainsWhyHe.txt,100032,TIFinallyExplainsWhyHe.txt,832ecb4405a6c6ba17b9f5a67e9cdb91b07462cb9d723162fbcf3e114b66f791,3202,1eb2228d-4038-4671-8655-fb1aa9301f91,NYU_Semantics.adjudicated,b1c7c9cf-c125-463b-8867-0b881ec72224,Adjudicator nick task 1787 article number 100032,True,d3f8cb1b-593d-41b8-b918-83795000d85e,7dc6b045-95bd-410c-9bff-3f41f6ccfd5d,NYU_Semantics,Language,1,,{},8,813,863,very unpleasant impression of the whole experience
NYU_Articles/Pilot/TIFinallyExplainsWhyHe.txt,100032,TIFinallyExplainsWhyHe.txt,832ecb4405a6c6ba17b9f5a67e9cdb91b07462cb9d723162fbcf3e114b66f791,3202,1eb2228d-4038-4671-8655-fb1aa9301f91,NYU_Semantics.adjudicated,b1c7c9cf-c125-463b-8867-0b881ec72224,Adjudicator nick task 1787 article number 100032,True,d3f8cb1b-593d-41b8-b918-83795000d85e,7dc6b045-95bd-410c-9bff-3f41f6ccfd5d,NYU_Semantics,Language,1,,{},8,887,907,took it upon himself
NYU_Articles/Pilot/TIFinallyExplainsWhyHe.txt,100032,TIFinallyExplainsWhyHe.txt,832ecb4405a6c6ba17b9f5a67e9cdb91b07462cb9d723162fbcf3e114b66f791,3202,1eb2228d-4038-4671-8655-fb1aa9301f91,NYU_Semantics.adjudicated,b1c7c9cf-c125-463b-8867-0b881ec72224,Adjudicator nick task 1787 article number 100032,True,d3f8cb1b-593d-41b8-b918-83795000d85e,7dc6b045-95bd-410c-9bff-3f41f6ccfd5d,NYU_Semantics,Language,1,,{},8,938,981,changed the agenda completely at some point
NYU_Articles/Pilot/TIFinallyExplainsWhyHe.txt,100032,TIFinallyExplainsWhyHe.txt,832ecb4405a6c6ba17b9f5a67e9cdb91b07462cb9d723162fbcf3e114b66f791,3202,1eb2228d-4038-4671-8655-fb1aa9301f91,NYU_Semantics.adjudicated,b1c7c9cf-c125-463b-8867-0b881ec72224,Adjudicator nick task 1787 article number 100032,True,d3f8cb1b-593d-41b8-b918-83795000d85e,7dc6b045-95bd-410c-9bff-3f41f6ccfd5d,NYU_Semantics,Language,1,,{},8,993,999,extort
NYU_Articles/Pilot/TIFinallyExplainsWhyHe.txt,100032,TIFinallyExplainsWhyHe.txt,832ecb4405a6c6ba17b9f5a67e9cdb91b07462cb9d723162fbcf3e114b66f791,3202,1eb2228d-4038-4671-8655-fb1aa9301f91,NYU_Semantics.adjudicated,b1c7c9cf-c125-463b-8867-0b881ec72224,Adjudicator nick task 1787 article number 100032,True,d3f8cb1b-593d-41b8-b918-83795000d85e,7dc6b045-95bd-410c-9bff-3f41f6ccfd5d,NYU_Semantics,Language,1,,{},8,1556,1564,extorted
NYU_Articles/Pilot/TIFinallyExplainsWhyHe.txt,100032,TIFinallyExplainsWhyHe.txt,832ecb4405a6c6ba17b9f5a67e9cdb91b07462cb9d723162fbcf3e114b66f791,3202,1eb2228d-4038-4671-8655-fb1aa9301f91,NYU_Semantics.adjudicated,b1c7c9cf-c125-463b-8867-0b881ec72224,Adjudicator nick task 1787 article number 100032,True,d3f8cb1b-593d-41b8-b918-83795000d85e,7dc6b045-95bd-410c-9bff-3f41f6ccfd5d,NYU_Semantics,Language,1,,{},8,1769,1779,took a jab
NYU_Articles/Pilot/TIFinallyExplainsWhyHe.txt,100032,TIFinallyExplainsWhyHe.txt,832ecb4405a6c6ba17b9f5a67e9cdb91b07462cb9d723162fbcf3e114b66f791,3202,1eb2228d-4038-4671-8655-fb1aa9301f91,NYU_Semantics.adjudicated,b1c7c9cf-c125-463b-8867-0b881ec72224,Adjudicator nick task 1787 article number 100032,True,d3f8cb1b-593d-41b8-b918-83795000d85e,e8833dbe-360d-47d4-a341-a7ac1466fe03,NYU_Semantics,Language,3,,{},2,2033,2036,was
NYU_Articles/Pilot/TIFinallyExplainsWhyHe.txt,100032,TIFinallyExplainsWhyHe.txt,832ecb4405a6c6ba17b9f5a67e9cdb91b07462cb9d723162fbcf3e114b66f791,3202,1eb2228d-4038-4671-8655-fb1aa9301f91,NYU_Semantics.adjudicated,b1c7c9cf-c125-463b-8867-0b881ec72224,Adjudicator nick task 1787 article number 100032,True,d3f8cb1b-593d-41b8-b918-83795000d85e,e8833dbe-360d-47d4-a341-a7ac1466fe03,NYU_Semantics,Language,3,,{},2,2368,2500,To not give redress would be an assault to the body of Christ when I believe I am an ambassador as the two of you are for your field
NYU_Articles/Pilot/TIFinallyExplainsWhyHe.txt,100032,TIFinallyExplainsWhyHe.txt,832ecb4405a6c6ba17b9f5a67e9cdb91b07462cb9d723162fbcf3e114b66f791,3202,1eb2228d-4038-4671-8655-fb1aa9301f91,NYU_Semantics.adjudicated,b1c7c9cf-c125-463b-8867-0b881ec72224,Adjudicator nick task 1787 article number 100032,True,d3f8cb1b-593d-41b8-b918-83795000d85e,32855fb9-1f1a-40f9-9d7f-b201522cc3b4,NYU_Semantics,Probability,1,,{},1,301,306,might
NYU_Articles/Pilot/TIFinallyExplainsWhyHe.txt,100032,TIFinallyExplainsWhyHe.txt,832ecb4405a6c6ba17b9f5a67e9cdb91b07462cb9d723162fbcf3e114b66f791,3202,1eb2228d-4038-4671-8655-fb1aa9301f91,NYU_Semantics.adjudicated,b1c7c9cf-c125-463b-8867-0b881ec72224,Adjudicator nick task 1787 article number 100032,True,d3f8cb1b-593d-41b8-b918-83795000d85e,22525da2-74f2-42fe-bec1-535a1a1b44f6,NYU_Semantics,Reasoning,1,,{},1,1701,1758,but he did expect black people to stand up for each other
NYU_Articles/Pilot/TIFinallyExplainsWhyHe.txt,100032,TIFinallyExplainsWhyHe.txt,832ecb4405a6c6ba17b9f5a67e9cdb91b07462cb9d723162fbcf3e114b66f791,3202,1eb2228d-4038-4671-8655-fb1aa9301f91,NYU_Semantics.adjudicated,b1c7c9cf-c125-463b-8867-0b881ec72224,Adjudicator nick task 1787 article number 100032,True,d3f8cb1b-593d-41b8-b918-83795000d85e,c8197f0b-efbf-4deb-9823-3ad1fce796ba,NYU_Semantics,Reasoning,2,,{},1,2524,3166,"I don\u2019t want Sunday to be used as further ammunition as to why people don\u2019t go to church without them knowing at this same church we gave 5000 pairs of new back to school shoes to kids of #Atlanta, or that we spearheaded 9 million campaign to support @bennett_college , or that we bailed out nonviolent offenders or that we partnered with @delta to send 4 cargo to #Bahamas for hurricane release or that we\u2019ve partnered with @_hamptonu to place 95 displaced students or that we fed the furloughed workers for two weeks while the government was shut down or that we went into housing projects to feed kids of #dekalb county during spring break"
NYU_Articles/Pilot/TIFinallyExplainsWhyHe.txt,100032,TIFinallyExplainsWhyHe.txt,832ecb4405a6c6ba17b9f5a67e9cdb91b07462cb9d723162fbcf3e114b66f791,3202,1eb2228d-4038-4671-8655-fb1aa9301f91,NYU_Semantics.adjudicated,b1c7c9cf-c125-463b-8867-0b881ec72224,Adjudicator nick task 1787 article number 100032,True,d3f8cb1b-593d-41b8-b918-83795000d85e,f4b6b54e-2438-4aef-abf6-729078bb5987,NYU_Semantics,Reasoning,3,,{},1,438,629,"According to T.I., pastor Jamal Bryant has been trying to exploit the situation created by Kanye, attempting to take the money of various wealthy guests attending the event on a regular basis"
NYU_Articles/Day1/RogerStoneTrialEndsRick.txt,100033,RogerStoneTrialEndsRick.txt,86d0e1839d825b8b56f2c7430efa716f4777e45dd001dd29ff68a3d232069e4c,2442,1eb2228d-4038-4671-8655-fb1aa9301f91,NYU_Semantics.adjudicated,231b2789-ff4a-4c8b-8bc2-c32395e63c40,Adjudicator nick task 1898 article number 100033,True,dcfa440a-4c4a-4eab-8f02-d4ebb7ec8454,918e4193-4651-4733-9113-7a07d6b53760,NYU_Semantics,Language,1,,{},2,450,471,through the inaugural
NYU_Articles/Day1/RogerStoneTrialEndsRick.txt,100033,RogerStoneTrialEndsRick.txt,86d0e1839d825b8b56f2c7430efa716f4777e45dd001dd29ff68a3d232069e4c,2442,1eb2228d-4038-4671-8655-fb1aa9301f91,NYU_Semantics.adjudicated,231b2789-ff4a-4c8b-8bc2-c32395e63c40,Adjudicator nick task 1898 article number 100033,True,dcfa440a-4c4a-4eab-8f02-d4ebb7ec8454,918e4193-4651-4733-9113-7a07d6b53760,NYU_Semantics,Language,1,,{},2,519,524,in on
NYU_Articles/Day1/RogerStoneTrialEndsRick.txt,100033,RogerStoneTrialEndsRick.txt,86d0e1839d825b8b56f2c7430efa716f4777e45dd001dd29ff68a3d232069e4c,2442,1eb2228d-4038-4671-8655-fb1aa9301f91,NYU_Semantics.adjudicated,231b2789-ff4a-4c8b-8bc2-c32395e63c40,Adjudicator nick task 1898 article number 100033,True,dcfa440a-4c4a-4eab-8f02-d4ebb7ec8454,14156354-0cf7-48d3-ae94-db28a1c61a4f,NYU_Semantics,Language,2,,{},4,1164,1178,"Oh, my, my, my"
NYU_Articles/Day1/RogerStoneTrialEndsRick.txt,100033,RogerStoneTrialEndsRick.txt,86d0e1839d825b8b56f2c7430efa716f4777e45dd001dd29ff68a3d232069e4c,2442,1eb2228d-4038-4671-8655-fb1aa9301f91,NYU_Semantics.adjudicated,231b2789-ff4a-4c8b-8bc2-c32395e63c40,Adjudicator nick task 1898 article number 100033,True,dcfa440a-4c4a-4eab-8f02-d4ebb7ec8454,14156354-0cf7-48d3-ae94-db28a1c61a4f,NYU_Semantics,Language,2,,{},4,1595,1655,The Very Stable Genius with a better memory than anyone else
NYU_Articles/Day1/RogerStoneTrialEndsRick.txt,100033,RogerStoneTrialEndsRick.txt,86d0e1839d825b8b56f2c7430efa716f4777e45dd001dd29ff68a3d232069e4c,2442,1eb2228d-4038-4671-8655-fb1aa9301f91,NYU_Semantics.adjudicated,231b2789-ff4a-4c8b-8bc2-c32395e63c40,Adjudicator nick task 1898 article number 100033,True,dcfa440a-4c4a-4eab-8f02-d4ebb7ec8454,14156354-0cf7-48d3-ae94-db28a1c61a4f,NYU_Semantics,Language,2,,{},4,1669,1723,just enough wiggle room to sidle out of direct perjury
NYU_Articles/Day1/RogerStoneTrialEndsRick.txt,100033,RogerStoneTrialEndsRick.txt,86d0e1839d825b8b56f2c7430efa716f4777e45dd001dd29ff68a3d232069e4c,2442,1eb2228d-4038-4671-8655-fb1aa9301f91,NYU_Semantics.adjudicated,231b2789-ff4a-4c8b-8bc2-c32395e63c40,Adjudicator nick task 1898 article number 100033,True,dcfa440a-4c4a-4eab-8f02-d4ebb7ec8454,14156354-0cf7-48d3-ae94-db28a1c61a4f,NYU_Semantics,Language,2,,{},4,1725,1789,"Those ""do not recall"" disclaimers will save him, more's the pity"
NYU_Articles/Day1/RogerStoneTrialEndsRick.txt,100033,RogerStoneTrialEndsRick.txt,86d0e1839d825b8b56f2c7430efa716f4777e45dd001dd29ff68a3d232069e4c,2442,1eb2228d-4038-4671-8655-fb1aa9301f91,NYU_Semantics.adjudicated,231b2789-ff4a-4c8b-8bc2-c32395e63c40,Adjudicator nick task 1898 article number 100033,True,dcfa440a-4c4a-4eab-8f02-d4ebb7ec8454,c4692d72-62d6-43bb-8989-0b5640098950,NYU_Semantics,Language,3,,{},2,1856,1888,in spite of swearing up and down
NYU_Articles/Day1/RogerStoneTrialEndsRick.txt,100033,RogerStoneTrialEndsRick.txt,86d0e1839d825b8b56f2c7430efa716f4777e45dd001dd29ff68a3d232069e4c,2442,1eb2228d-4038-4671-8655-fb1aa9301f91,NYU_Semantics.adjudicated,231b2789-ff4a-4c8b-8bc2-c32395e63c40,Adjudicator nick task 1898 article number 100033,True,dcfa440a-4c4a-4eab-8f02-d4ebb7ec8454,c4692d72-62d6-43bb-8989-0b5640098950,NYU_Semantics,Language,3,,{},2,2190,2198,the loot
NYU_Articles/Day1/RogerStoneTrialEndsRick.txt,100033,RogerStoneTrialEndsRick.txt,86d0e1839d825b8b56f2c7430efa716f4777e45dd001dd29ff68a3d232069e4c,2442,1eb2228d-4038-4671-8655-fb1aa9301f91,NYU_Semantics.adjudicated,231b2789-ff4a-4c8b-8bc2-c32395e63c40,Adjudicator nick task 1898 article number 100033,True,dcfa440a-4c4a-4eab-8f02-d4ebb7ec8454,99182ea4-a87a-4339-b3ac-bc29f260ab22,NYU_Semantics,Probability,1,,{},1,485,496,to the fact
NYU_Articles/Day1/RogerStoneTrialEndsRick.txt,100033,RogerStoneTrialEndsRick.txt,86d0e1839d825b8b56f2c7430efa716f4777e45dd001dd29ff68a3d232069e4c,2442,1eb2228d-4038-4671-8655-fb1aa9301f91,NYU_Semantics.adjudicated,231b2789-ff4a-4c8b-8bc2-c32395e63c40,Adjudicator nick task 1898 article number 100033,True,dcfa440a-4c4a-4eab-8f02-d4ebb7ec8454,9f78d683-97cf-4a2b-9fe4-7c7e85039cca,NYU_Semantics,Probability,2,,{},1,2117,2144,the picture is pretty clear
NYU_Articles/Day1/RogerStoneTrialEndsRick.txt,100033,RogerStoneTrialEndsRick.txt,86d0e1839d825b8b56f2c7430efa716f4777e45dd001dd29ff68a3d232069e4c,2442,1eb2228d-4038-4671-8655-fb1aa9301f91,NYU_Semantics.adjudicated,231b2789-ff4a-4c8b-8bc2-c32395e63c40,Adjudicator nick task 1898 article number 100033,True,dcfa440a-4c4a-4eab-8f02-d4ebb7ec8454,f515fa73-0314-4e8a-b6cf-6642655c42d4,NYU_Semantics,Probability,3,,{},1,2410,2441,"From there, it's anyone's guess"
NYU_Articles/Day1/RogerStoneTrialEndsRick.txt,100033,RogerStoneTrialEndsRick.txt,86d0e1839d825b8b56f2c7430efa716f4777e45dd001dd29ff68a3d232069e4c,2442,1eb2228d-4038-4671-8655-fb1aa9301f91,NYU_Semantics.adjudicated,231b2789-ff4a-4c8b-8bc2-c32395e63c40,Adjudicator nick task 1898 article number 100033,True,dcfa440a-4c4a-4eab-8f02-d4ebb7ec8454,896b08c1-6d02-4bd5-886d-5e6045370fc3,NYU_Semantics,Reasoning,1,,{},2,845,1160,"Gates testified, Trump campaign chairman Paul Manafort said he was updating Trump and others regularly and directed Gates to keep following up with Stone. After Trump ended one phone call from Stone at the end of that month, Gates testified, the future president said to Gates that \u201cmore information would be coming"
NYU_Articles/Day1/RogerStoneTrialEndsRick.txt,100033,RogerStoneTrialEndsRick.txt,86d0e1839d825b8b56f2c7430efa716f4777e45dd001dd29ff68a3d232069e4c,2442,1eb2228d-4038-4671-8655-fb1aa9301f91,NYU_Semantics.adjudicated,231b2789-ff4a-4c8b-8bc2-c32395e63c40,Adjudicator nick task 1898 article number 100033,True,dcfa440a-4c4a-4eab-8f02-d4ebb7ec8454,896b08c1-6d02-4bd5-886d-5e6045370fc3,NYU_Semantics,Reasoning,1,,{},2,1230,1523,"Donald Trump said something completely different in his written responses to Robert Mueller. \u201cI do not recall discussing WikiLeaks with him,\u201d Trump wrote under penalty of perjury. \u201cNor do I recall being aware of Mr. Stone having discussed WikiLeaks with individuals associated with my campaign"
NYU_Articles/Day1/NBCABCAndCBSAppear.txt,100034,NBCABCAndCBSAppear.txt,3b9c291d9345c8221a497206a766483bf78df474550f0c50c58df9ad4c20ff75,7001,1eb2228d-4038-4671-8655-fb1aa9301f91,NYU_Semantics.adjudicated,52ea34fc-66d6-4d0c-8be2-31efef8caa52,Adjudicator nick task 1899 article number 100034,True,b3c48358-c4f1-4638-aec9-c3dad5e4adf2,b4bf9978-1a70-41dc-8859-0bcf2caa802e,NYU_Semantics,Language,1,,{},5,247,262,killing stories
NYU_Articles/Day1/NBCABCAndCBSAppear.txt,100034,NBCABCAndCBSAppear.txt,3b9c291d9345c8221a497206a766483bf78df474550f0c50c58df9ad4c20ff75,7001,1eb2228d-4038-4671-8655-fb1aa9301f91,NYU_Semantics.adjudicated,52ea34fc-66d6-4d0c-8be2-31efef8caa52,Adjudicator nick task 1899 article number 100034,True,b3c48358-c4f1-4638-aec9-c3dad5e4adf2,b4bf9978-1a70-41dc-8859-0bcf2caa802e,NYU_Semantics,Language,1,,{},5,590,612,killing entire stories
NYU_Articles/Day1/NBCABCAndCBSAppear.txt,100034,NBCABCAndCBSAppear.txt,3b9c291d9345c8221a497206a766483bf78df474550f0c50c58df9ad4c20ff75,7001,1eb2228d-4038-4671-8655-fb1aa9301f91,NYU_Semantics.adjudicated,52ea34fc-66d6-4d0c-8be2-31efef8caa52,Adjudicator nick task 1899 article number 100034,True,b3c48358-c4f1-4638-aec9-c3dad5e4adf2,b4bf9978-1a70-41dc-8859-0bcf2caa802e,NYU_Semantics,Language,1,,{},5,660,686,shutting down an interview
NYU_Articles/Day1/NBCABCAndCBSAppear.txt,100034,NBCABCAndCBSAppear.txt,3b9c291d9345c8221a497206a766483bf78df474550f0c50c58df9ad4c20ff75,7001,1eb2228d-4038-4671-8655-fb1aa9301f91,NYU_Semantics.adjudicated,52ea34fc-66d6-4d0c-8be2-31efef8caa52,Adjudicator nick task 1899 article number 100034,True,b3c48358-c4f1-4638-aec9-c3dad5e4adf2,b4bf9978-1a70-41dc-8859-0bcf2caa802e,NYU_Semantics,Language,1,,{},5,2750,2757,killing
NYU_Articles/Day1/NBCABCAndCBSAppear.txt,100034,NBCABCAndCBSAppear.txt,3b9c291d9345c8221a497206a766483bf78df474550f0c50c58df9ad4c20ff75,7001,1eb2228d-4038-4671-8655-fb1aa9301f91,NYU_Semantics.adjudicated,52ea34fc-66d6-4d0c-8be2-31efef8caa52,Adjudicator nick task 1899 article number 100034,True,b3c48358-c4f1-4638-aec9-c3dad5e4adf2,b4bf9978-1a70-41dc-8859-0bcf2caa802e,NYU_Semantics,Language,1,,{},5,4496,4516,killed her interview
NYU_Articles/Day1/NBCABCAndCBSAppear.txt,100034,NBCABCAndCBSAppear.txt,3b9c291d9345c8221a497206a766483bf78df474550f0c50c58df9ad4c20ff75,7001,1eb2228d-4038-4671-8655-fb1aa9301f91,NYU_Semantics.adjudicated,52ea34fc-66d6-4d0c-8be2-31efef8caa52,Adjudicator nick task 1899 article number 100034,True,b3c48358-c4f1-4638-aec9-c3dad5e4adf2,722dccbc-6454-4c2c-9b07-80692679ebd0,NYU_Semantics,Language,2,,{},1,3184,3469,Any former NBC News employee who believes that they cannot disclose their experience with sexual harassment as a result of a confidentiality or non-disparagement provision in their separation agreement should contact NBCUniversal and we will release them from that perceived obligation
NYU_Articles/Day1/NBCABCAndCBSAppear.txt,100034,NBCABCAndCBSAppear.txt,3b9c291d9345c8221a497206a766483bf78df474550f0c50c58df9ad4c20ff75,7001,1eb2228d-4038-4671-8655-fb1aa9301f91,NYU_Semantics.adjudicated,52ea34fc-66d6-4d0c-8be2-31efef8caa52,Adjudicator nick task 1899 article number 100034,True,b3c48358-c4f1-4638-aec9-c3dad5e4adf2,157ece74-6d01-4de4-8280-c5e9c4768e25,NYU_Semantics,Reasoning,1,,{},1,318,560,"As three of America\u2019s biggest networks, these outlets have each become embroiled in controversy in 2019 following multiple separate reports that they have played a part in covering up some of the world\u2019s most powerful rape and pedophile rings"
NYU_Articles/Day1/NBCABCAndCBSAppear.txt,100034,NBCABCAndCBSAppear.txt,3b9c291d9345c8221a497206a766483bf78df474550f0c50c58df9ad4c20ff75,7001,1eb2228d-4038-4671-8655-fb1aa9301f91,NYU_Semantics.adjudicated,52ea34fc-66d6-4d0c-8be2-31efef8caa52,Adjudicator nick task 1899 article number 100034,True,b3c48358-c4f1-4638-aec9-c3dad5e4adf2,aa4b5aaf-adef-427e-b1d5-a2bd43bb4047,NYU_Semantics,Reasoning,2,,{},1,5642,5924,"Robach added that ABC didn\u2019t run the interview \u201cbecause we could not obtain sufficient corroborating evidence to meet ABC\u2019s editorial standard about her allegations.\u201d This statement came after she said she \u201chad all of it\u201d and knew of the allegations against Epstein for \u201cthree years"
NYU_Articles/Day1/UkrainianOfficialsReleaseRecordsOf.txt,100035,UkrainianOfficialsReleaseRecordsOf.txt,d7a866ba4b0104b93dc030d98d2416a336e37ef90f6c073c339e05cd47d19e24,1626,1eb2228d-4038-4671-8655-fb1aa9301f91,NYU_Semantics.adjudicated,f86a0739-5425-4481-a3e3-542d0953f500,Adjudicator nick task 1900 article number 100035,True,bac41a2a-c460-4dde-be57-0e02c2ca8488,6b5f80c1-8c30-49a3-a132-105272536ca7,NYU_Semantics,Language,1,,{},3,669,680,covered for
NYU_Articles/Day1/UkrainianOfficialsReleaseRecordsOf.txt,100035,UkrainianOfficialsReleaseRecordsOf.txt,d7a866ba4b0104b93dc030d98d2416a336e37ef90f6c073c339e05cd47d19e24,1626,1eb2228d-4038-4671-8655-fb1aa9301f91,NYU_Semantics.adjudicated,f86a0739-5425-4481-a3e3-542d0953f500,Adjudicator nick task 1900 article number 100035,True,bac41a2a-c460-4dde-be57-0e02c2ca8488,6b5f80c1-8c30-49a3-a132-105272536ca7,NYU_Semantics,Language,1,,{},3,728,745,totally unrelated
NYU_Articles/Day1/UkrainianOfficialsReleaseRecordsOf.txt,100035,UkrainianOfficialsReleaseRecordsOf.txt,d7a866ba4b0104b93dc030d98d2416a336e37ef90f6c073c339e05cd47d19e24,1626,1eb2228d-4038-4671-8655-fb1aa9301f91,NYU_Semantics.adjudicated,f86a0739-5425-4481-a3e3-542d0953f500,Adjudicator nick task 1900 article number 100035,True,bac41a2a-c460-4dde-be57-0e02c2ca8488,6b5f80c1-8c30-49a3-a132-105272536ca7,NYU_Semantics,Language,1,,{},3,546,553,bragged
NYU_Articles/Day1/UkrainianOfficialsReleaseRecordsOf.txt,100035,UkrainianOfficialsReleaseRecordsOf.txt,d7a866ba4b0104b93dc030d98d2416a336e37ef90f6c073c339e05cd47d19e24,1626,1eb2228d-4038-4671-8655-fb1aa9301f91,NYU_Semantics.adjudicated,f86a0739-5425-4481-a3e3-542d0953f500,Adjudicator nick task 1900 article number 100035,True,bac41a2a-c460-4dde-be57-0e02c2ca8488,bea3d6b8-2f38-46f5-bfd3-8e93b0e53ee6,NYU_Semantics,Language,2,,{},1,1059,1106,"In fact, Burisma Holdings actually name-dropped"
