,article_batch_name,article_number,article_filename,article_sha256,article_text_length,tua_group_uuid,tua_group_name,tua_batch_uuid,tua_batch_name,tua_batch_final,task_uuid,tua_uuid,namespace,topic_name,case_number,answer_uuid,extra,highlight_count,start_pos,end_pos,target_text
1,NYU_Articles/Pilot/FormerUkraineProsecutorSaysHe.txt,100028,FormerUkraineProsecutorSaysHe.txt,f7eb2314bb13aae4542caf7ee10c336890c3e911c50093d575b1849e107abfb7,8477,27c9f907-e03b-4f8b-a51c-3a0ca4c675b5,NYU_Form.adjudicated,85c4a58f-ed38-42d2-9f46-ebffff46fed2,Adjudicator nick task 1788 article number 100028,True,a9bae9b6-6b98-4423-ae0f-88f1dda23b05,888d2981-1703-475c-bf51-f118efc0d691,NYU_Form,Arguments,2,,{},1,7863,8475,"The picture that is emerging of Giuliani\u2019s back-channel diplomacy suggests maneuvering that countered and ultimately undermined official U.S. foreign policy.\n\nThe U.S. Congress has voiced bipartisan support for Kyiv in its showdown with neighboring Russia, which seized the Crimea region in 2014 and has backed separatists in an armed insurgency in eastern Ukraine.\n\nTrump has been reluctant to criticize Moscow, and last week, when he met Zelensky on the sidelines of the United Nations General Assembly, the president appeared to startle the Ukrainian leader by urging him to settle his differences with Russia"
12,NYU_Articles/Pilot/FormerUkraineProsecutorSaysHe.txt,100028,FormerUkraineProsecutorSaysHe.txt,f7eb2314bb13aae4542caf7ee10c336890c3e911c50093d575b1849e107abfb7,8477,27c9f907-e03b-4f8b-a51c-3a0ca4c675b5,NYU_Form.adjudicated,85c4a58f-ed38-42d2-9f46-ebffff46fed2,Adjudicator nick task 1788 article number 100028,True,a9bae9b6-6b98-4423-ae0f-88f1dda23b05,0a6a6741-fac1-45fe-bd86-f790635e942b,NYU_Form,Arguments,7,,{},1,6789,7236,"Trump has suggested that one of Biden\u2019s misdeeds was to demand the firing of Lutsenko\u2019s predecessor, Viktor Shokin, to prevent him from investigating Hunter Biden.\n\nBut U.S. and European officials had demanded Shokin\u2019s ouster as part of a crackdown on widespread corruption in the former Soviet republic.\n\n\u201cThe thinking was Ukraine could do a lot more\u201d to fight corruption, David Cameron, the British prime minister at the time, said Sunday on CNN"
0,NYU_Articles/Pilot/FormerUkraineProsecutorSaysHe.txt,100028,FormerUkraineProsecutorSaysHe.txt,f7eb2314bb13aae4542caf7ee10c336890c3e911c50093d575b1849e107abfb7,8477,27c9f907-e03b-4f8b-a51c-3a0ca4c675b5,NYU_Form.adjudicated,85c4a58f-ed38-42d2-9f46-ebffff46fed2,Adjudicator nick task 1788 article number 100028,True,a9bae9b6-6b98-4423-ae0f-88f1dda23b05,94431384-457d-4f51-a053-fcf560c43067,NYU_Form,Arguments,1,,{},1,2305,2599,"Yovanovitch had pushed Ukraine\u2019s government to more aggressively crack down on corruption. But the White House considered her insufficiently loyal to Trump, apparently because she resisted pressuring Ukraine on his priorities, and she became a target of conservative critics, including Giuliani"
2,NYU_Articles/Pilot/FormerUkraineProsecutorSaysHe.txt,100028,FormerUkraineProsecutorSaysHe.txt,f7eb2314bb13aae4542caf7ee10c336890c3e911c50093d575b1849e107abfb7,8477,27c9f907-e03b-4f8b-a51c-3a0ca4c675b5,NYU_Form.adjudicated,85c4a58f-ed38-42d2-9f46-ebffff46fed2,Adjudicator nick task 1788 article number 100028,True,a9bae9b6-6b98-4423-ae0f-88f1dda23b05,4ae0e754-1bf1-46df-9c2a-18c1738219e8,NYU_Form,Arguments,3,,{},4,3572,4365,"On July 25, Trump spoke to Zelensky by telephone from the White House. According to a declassified memorandum released by the White House last week that reconstructed the conversation, Trump asked Zelensky for a \u201cfavor\u201d and urged him to \u201clook into\u201d Biden and his son.\n\nHe linked his comments directly to Zelensky\u2019s request to buy U.S. antitank weapons to help counter Russia-backed separatists in eastern Ukraine, and the new president\u2019s hopes of securing a White House meeting.\n\nDuring the 30-minute call, Trump asked Zelensky at least five times to work with Atty. Gen. William Barr in addition to Giuliani.\n\n\u201cI will have Mr. Giuliani give you a call and I am also going to have Atty. Gen. Barr call and we will get to the bottom of it,\u201d Trump told Zelensky. \u201cI\u2019m sure you will figure it out"
3,NYU_Articles/Pilot/FormerUkraineProsecutorSaysHe.txt,100028,FormerUkraineProsecutorSaysHe.txt,f7eb2314bb13aae4542caf7ee10c336890c3e911c50093d575b1849e107abfb7,8477,27c9f907-e03b-4f8b-a51c-3a0ca4c675b5,NYU_Form.adjudicated,85c4a58f-ed38-42d2-9f46-ebffff46fed2,Adjudicator nick task 1788 article number 100028,True,a9bae9b6-6b98-4423-ae0f-88f1dda23b05,4ae0e754-1bf1-46df-9c2a-18c1738219e8,NYU_Form,Arguments,3,,{},4,4519,5289,"Trump also asked Zelensky to look into CrowdStrike, a cybersecurity company that did work for the Democrats in the 2016 election and was the focus of conspiracy theories. The company is based in Irvine, but Trump apparently believed it operated from Ukraine.\n\nA week before the call, Trump had ordered aides to withhold disbursement of nearly $400 million in military and State Department assistance that Congress had approved for Ukraine. He gave no reason for blocking the aid.\n\nPreviously, Trump had bragged about having secured the aid, saying it showed he was more supportive of Ukraine than President Obama had been. The funds and material were finally released this month after Congress was notified of a whistleblower complaint involving Trump\u2019s call to Zelensky"
4,NYU_Articles/Pilot/FormerUkraineProsecutorSaysHe.txt,100028,FormerUkraineProsecutorSaysHe.txt,f7eb2314bb13aae4542caf7ee10c336890c3e911c50093d575b1849e107abfb7,8477,27c9f907-e03b-4f8b-a51c-3a0ca4c675b5,NYU_Form.adjudicated,85c4a58f-ed38-42d2-9f46-ebffff46fed2,Adjudicator nick task 1788 article number 100028,True,a9bae9b6-6b98-4423-ae0f-88f1dda23b05,4ae0e754-1bf1-46df-9c2a-18c1738219e8,NYU_Form,Arguments,3,,{},4,6320,6410,Giuliani quickly raised the issue of the Ukrainian gas company that had hired Hunter Biden
5,NYU_Articles/Pilot/FormerUkraineProsecutorSaysHe.txt,100028,FormerUkraineProsecutorSaysHe.txt,f7eb2314bb13aae4542caf7ee10c336890c3e911c50093d575b1849e107abfb7,8477,27c9f907-e03b-4f8b-a51c-3a0ca4c675b5,NYU_Form.adjudicated,85c4a58f-ed38-42d2-9f46-ebffff46fed2,Adjudicator nick task 1788 article number 100028,True,a9bae9b6-6b98-4423-ae0f-88f1dda23b05,4ae0e754-1bf1-46df-9c2a-18c1738219e8,NYU_Form,Arguments,3,,{},4,1431,1626,Lutsenko said he met Giuliani twice in person and had numerous conversations with him on the phone. He described the former New York mayor as obsessed with possible misconduct by Biden or his son
6,NYU_Articles/Pilot/FormerUkraineProsecutorSaysHe.txt,100028,FormerUkraineProsecutorSaysHe.txt,f7eb2314bb13aae4542caf7ee10c336890c3e911c50093d575b1849e107abfb7,8477,27c9f907-e03b-4f8b-a51c-3a0ca4c675b5,NYU_Form.adjudicated,85c4a58f-ed38-42d2-9f46-ebffff46fed2,Adjudicator nick task 1788 article number 100028,True,a9bae9b6-6b98-4423-ae0f-88f1dda23b05,8debf58f-e84e-4051-881b-7aa9f969805a,NYU_Form,Arguments,4,,{},1,5292,5802,"Giuliani has acknowledged broadly asking Ukraine to investigate the Bidens and defended the move as appropriate. Although he is a private citizen, not a government employee, he has claimed he acted at the State Department\u2019s behest. The State Department has not commented.\n\n\u201cI did not do this on my own, I did it at the request of the State Department \u2014 I have a \u2018thank you\u2019 from them for doing a good job,\u201d Giuliani said Sunday on CBS\u2019 \u201cFace the Nation.\u201d He said Secretary of State Michael R. Pompeo \u201cwas aware"
7,NYU_Articles/Pilot/FormerUkraineProsecutorSaysHe.txt,100028,FormerUkraineProsecutorSaysHe.txt,f7eb2314bb13aae4542caf7ee10c336890c3e911c50093d575b1849e107abfb7,8477,27c9f907-e03b-4f8b-a51c-3a0ca4c675b5,NYU_Form.adjudicated,85c4a58f-ed38-42d2-9f46-ebffff46fed2,Adjudicator nick task 1788 article number 100028,True,a9bae9b6-6b98-4423-ae0f-88f1dda23b05,986fdb1d-f5c7-44b3-8456-3445a0597598,NYU_Form,Arguments,6,,{},5,167,371,"Ukraine\u2019s former top law enforcement official says he repeatedly rebuffed demands by President Trump\u2019s personal lawyer to investigate Joe Biden and his son, insisting he had seen no evidence of wrongdoing"
8,NYU_Articles/Pilot/FormerUkraineProsecutorSaysHe.txt,100028,FormerUkraineProsecutorSaysHe.txt,f7eb2314bb13aae4542caf7ee10c336890c3e911c50093d575b1849e107abfb7,8477,27c9f907-e03b-4f8b-a51c-3a0ca4c675b5,NYU_Form.adjudicated,85c4a58f-ed38-42d2-9f46-ebffff46fed2,Adjudicator nick task 1788 article number 100028,True,a9bae9b6-6b98-4423-ae0f-88f1dda23b05,986fdb1d-f5c7-44b3-8456-3445a0597598,NYU_Form,Arguments,6,,{},5,506,720,he would be happy to cooperate if the FBI or other U.S. authorities began their own investigation of the former vice president and his son Hunter but insisted they had not broken any Ukrainian laws to his knowledge
9,NYU_Articles/Pilot/FormerUkraineProsecutorSaysHe.txt,100028,FormerUkraineProsecutorSaysHe.txt,f7eb2314bb13aae4542caf7ee10c336890c3e911c50093d575b1849e107abfb7,8477,27c9f907-e03b-4f8b-a51c-3a0ca4c675b5,NYU_Form.adjudicated,85c4a58f-ed38-42d2-9f46-ebffff46fed2,Adjudicator nick task 1788 article number 100028,True,a9bae9b6-6b98-4423-ae0f-88f1dda23b05,986fdb1d-f5c7-44b3-8456-3445a0597598,NYU_Form,Arguments,6,,{},5,786,1158,"he had urged Giuliani to launch a U.S. inquiry and go to court if he had any evidence but not to use Ukraine to conduct a political vendetta that could affect the U.S. election.\n\n\u201cI said, \u2018Let\u2019s put this through prosecutors, not through presidents,\u2019 \u201d Lutsenko told The Times.\n\n\n\u201cI told him I could not start an investigation just for the interests of an American official"
10,NYU_Articles/Pilot/FormerUkraineProsecutorSaysHe.txt,100028,FormerUkraineProsecutorSaysHe.txt,f7eb2314bb13aae4542caf7ee10c336890c3e911c50093d575b1849e107abfb7,8477,27c9f907-e03b-4f8b-a51c-3a0ca4c675b5,NYU_Form.adjudicated,85c4a58f-ed38-42d2-9f46-ebffff46fed2,Adjudicator nick task 1788 article number 100028,True,a9bae9b6-6b98-4423-ae0f-88f1dda23b05,986fdb1d-f5c7-44b3-8456-3445a0597598,NYU_Form,Arguments,6,,{},5,2957,3075,Lutsenko said he was eager to cooperate with Giuliani and Trump but did not have sufficient evidence to act on his own
11,NYU_Articles/Pilot/FormerUkraineProsecutorSaysHe.txt,100028,FormerUkraineProsecutorSaysHe.txt,f7eb2314bb13aae4542caf7ee10c336890c3e911c50093d575b1849e107abfb7,8477,27c9f907-e03b-4f8b-a51c-3a0ca4c675b5,NYU_Form.adjudicated,85c4a58f-ed38-42d2-9f46-ebffff46fed2,Adjudicator nick task 1788 article number 100028,True,a9bae9b6-6b98-4423-ae0f-88f1dda23b05,986fdb1d-f5c7-44b3-8456-3445a0597598,NYU_Form,Arguments,6,,{},5,6588,6770,"He was wondering why the case was closed,\u201d he said. \u201cI had to tell him how law enforcement functions here.\u201d\n\nHe said his hands were tied and he could not reopen the case just because"
49,NYU_Articles/Pilot/ExplosiveReportRepAdamSchiff.txt,100029,ExplosiveReportRepAdamSchiff.txt,4c3b112770659ce6b8ac1363730d5843907463a9f5535277b674a6ad19e87364,3095,27c9f907-e03b-4f8b-a51c-3a0ca4c675b5,NYU_Form.adjudicated,c663b849-a770-4bc8-aa32-221533dcc5a1,Adjudicator nick task 1789 article number 100029,True,5c72bafd-fef5-4000-a23e-4dfad412d96d,7a3065b1-31a3-43c5-aa55-c6950e0df218,NYU_Form,Arguments,2,,{},1,1416,2019,"Pasternak, who was raised and educated in Ukraine before immigrating to the United States, is a passionate promoter of Ukrainian culture and business. He has been active in both Los Angeles and Washington, D.C. to support increased bilateral ties between the two countries and has been especially active building awareness of Ukraine\u2019s strategic economic importance among Members of Congress. Since political protests broke out across Ukraine in late 2013, Pasternak has worked to personally inform and educate Members of Congress about the geostrategic importance of Ukraine to European and US security"
50,NYU_Articles/Pilot/ExplosiveReportRepAdamSchiff.txt,100029,ExplosiveReportRepAdamSchiff.txt,4c3b112770659ce6b8ac1363730d5843907463a9f5535277b674a6ad19e87364,3095,27c9f907-e03b-4f8b-a51c-3a0ca4c675b5,NYU_Form.adjudicated,c663b849-a770-4bc8-aa32-221533dcc5a1,Adjudicator nick task 1789 article number 100029,True,5c72bafd-fef5-4000-a23e-4dfad412d96d,cd9cdb16-957e-4504-97ab-63e437a40f3e,NYU_Form,Arguments,3,,{},2,2022,2324,"In late February 2014, during the final hours of the Yanukovych Presidency, Pasternak travelled to Kyiv for diplomatic reasons in response to the outbreak of violence that had started less than 48 hours earlier, and to support peaceful transitions amid the rapid changes now taking place across Ukraine"
51,NYU_Articles/Pilot/ExplosiveReportRepAdamSchiff.txt,100029,ExplosiveReportRepAdamSchiff.txt,4c3b112770659ce6b8ac1363730d5843907463a9f5535277b674a6ad19e87364,3095,27c9f907-e03b-4f8b-a51c-3a0ca4c675b5,NYU_Form.adjudicated,c663b849-a770-4bc8-aa32-221533dcc5a1,Adjudicator nick task 1789 article number 100029,True,5c72bafd-fef5-4000-a23e-4dfad412d96d,cd9cdb16-957e-4504-97ab-63e437a40f3e,NYU_Form,Arguments,3,,{},2,2479,2851,Schiff was reportedly scheduled to be in the Ukraine just last month with the Atlantic Counsel.\n\nAdam Schiff\u2019s staffer made the trip.\n\nhttps://twitter.com/sewwutnow/status/1177766806070517760\n\nThis is also the same time that Schiff tweeted that information on the Ukraine \u2013\n\nThe earlier tweet was at the exact same time Schiff was reportedly scheduled to be in the Ukraine
45,NYU_Articles/Pilot/ExplosiveReportRepAdamSchiff.txt,100029,ExplosiveReportRepAdamSchiff.txt,4c3b112770659ce6b8ac1363730d5843907463a9f5535277b674a6ad19e87364,3095,27c9f907-e03b-4f8b-a51c-3a0ca4c675b5,NYU_Form.adjudicated,c663b849-a770-4bc8-aa32-221533dcc5a1,Adjudicator nick task 1789 article number 100029,True,5c72bafd-fef5-4000-a23e-4dfad412d96d,a7fb23dd-5b91-48f9-a276-aadf80c01f36,NYU_Form,Arguments,1,,{},4,971,1048,Now we know why Schiff is lying \u2013 he\u2019s connected with a Ukrainian Arms Dealer
46,NYU_Articles/Pilot/ExplosiveReportRepAdamSchiff.txt,100029,ExplosiveReportRepAdamSchiff.txt,4c3b112770659ce6b8ac1363730d5843907463a9f5535277b674a6ad19e87364,3095,27c9f907-e03b-4f8b-a51c-3a0ca4c675b5,NYU_Form.adjudicated,c663b849-a770-4bc8-aa32-221533dcc5a1,Adjudicator nick task 1789 article number 100029,True,5c72bafd-fef5-4000-a23e-4dfad412d96d,a7fb23dd-5b91-48f9-a276-aadf80c01f36,NYU_Form,Arguments,1,,{},4,131,252,Democrat Rep. Adam Schiff is connected to a Ukrainian arms dealer. Is this why he\u2019s willing to lie in front of the nation
47,NYU_Articles/Pilot/ExplosiveReportRepAdamSchiff.txt,100029,ExplosiveReportRepAdamSchiff.txt,4c3b112770659ce6b8ac1363730d5843907463a9f5535277b674a6ad19e87364,3095,27c9f907-e03b-4f8b-a51c-3a0ca4c675b5,NYU_Form.adjudicated,c663b849-a770-4bc8-aa32-221533dcc5a1,Adjudicator nick task 1789 article number 100029,True,5c72bafd-fef5-4000-a23e-4dfad412d96d,a7fb23dd-5b91-48f9-a276-aadf80c01f36,NYU_Form,Arguments,1,,{},4,591,848,Schiff lied in his opening remarks and claimed numerous falsehoods about the President\u2019s call in spite of the transcript being provided the day before.\n\nHis entire description of the President\u2019s call was a lie \u2013 we have the transcript and this was not in it
48,NYU_Articles/Pilot/ExplosiveReportRepAdamSchiff.txt,100029,ExplosiveReportRepAdamSchiff.txt,4c3b112770659ce6b8ac1363730d5843907463a9f5535277b674a6ad19e87364,3095,27c9f907-e03b-4f8b-a51c-3a0ca4c675b5,NYU_Form.adjudicated,c663b849-a770-4bc8-aa32-221533dcc5a1,Adjudicator nick task 1789 article number 100029,True,5c72bafd-fef5-4000-a23e-4dfad412d96d,a7fb23dd-5b91-48f9-a276-aadf80c01f36,NYU_Form,Arguments,1,,{},4,2855,3056,What the hell is going on with Shifty Lying Schiff and his Ukraine Arms Dealer \u2013 Is Schiff being paid off?  Is this why he is willing to lie on national TV about President Trump\u2019s action in the Ukraine
59,NYU_Articles/Pilot/CouldTrumpsImpeachmentPushHilary.txt,100030,CouldTrumpsImpeachmentPushHilary.txt,dafa2bb8de86d276aa69797936139a5fdb4c067ef5353f586b53fab36bdd360b,3181,27c9f907-e03b-4f8b-a51c-3a0ca4c675b5,NYU_Form.adjudicated,81dcb6c6-2799-48fd-8406-b1074ecd727c,Adjudicator nick task 1790 article number 100030,True,93516d21-56f5-4b96-a8c4-1a51f12365f9,ec41783a-5e89-4b51-b5d8-967e78cac56e,NYU_Form,Arguments,2,,{},1,1721,2010,conversation that took place between Donald Trump and the Ukrainian President is the subject of the impeachment movement against Trump. Democrats are accusing Donald Trump of using his position as President to dig up dirt on his political opponent Joe Biden and thus influence the election
58,NYU_Articles/Pilot/CouldTrumpsImpeachmentPushHilary.txt,100030,CouldTrumpsImpeachmentPushHilary.txt,dafa2bb8de86d276aa69797936139a5fdb4c067ef5353f586b53fab36bdd360b,3181,27c9f907-e03b-4f8b-a51c-3a0ca4c675b5,NYU_Form.adjudicated,81dcb6c6-2799-48fd-8406-b1074ecd727c,Adjudicator nick task 1790 article number 100030,True,93516d21-56f5-4b96-a8c4-1a51f12365f9,6701cdc6-28ae-4df9-8e69-2618e0f3b374,NYU_Form,Arguments,1,,{},1,301,1161,"Hillary Clinton has been one of President Trump\u2019s most consistent rivals since they campaigned against each other in the election of 2016. That election destroyed what appeared to be a longstanding friendship between the Clinton and Trump families. In fact, Donald Trump was friends with many politicians before he took office, it was only after he announced his candidacy that he became such a polarizing figure.\n\nIn many respects, the election of 2016 had a negative impact on Clinton\u2019s reputation just as much as it did on Trump\u2019s. With the many scandals surrounding the Clinton team during the election, Hillary lost much of her credibility with voters. However, she has continued to position herself against Trump since the election, and has continued to insist that she should have actually won, and that the country would have been better off if she had"
60,NYU_Articles/Pilot/CouldTrumpsImpeachmentPushHilary.txt,100030,CouldTrumpsImpeachmentPushHilary.txt,dafa2bb8de86d276aa69797936139a5fdb4c067ef5353f586b53fab36bdd360b,3181,27c9f907-e03b-4f8b-a51c-3a0ca4c675b5,NYU_Form.adjudicated,81dcb6c6-2799-48fd-8406-b1074ecd727c,Adjudicator nick task 1790 article number 100030,True,93516d21-56f5-4b96-a8c4-1a51f12365f9,5bd46ef7-9efa-4fe3-8000-27ecdae5035d,NYU_Form,Arguments,3,,{},1,2012,2535,"However, for his part, President Trump says that he did nothing wrong, and that he was in fact doing his job as president by investigating possible corruption that people within the establishment were involved in.\n\nThe Trump administration does not think that this impeachment issue will negatively affect their campaign at all, and in fact, they actually think it will improve their chances of winning, because they believe the situation proves that Trump is fulfilling his promise of \u201cdraining the swamp\u201d in Washington DC"
28,NYU_Articles/Pilot/CongressAnnouncesSeizureOfTrump.txt,100031,CongressAnnouncesSeizureOfTrump.txt,729c16dbf760152f8bb67a7ecfbb15a25ae7f594fe35bd711c1d5e1ef1ff5c1f,4491,27c9f907-e03b-4f8b-a51c-3a0ca4c675b5,NYU_Form.adjudicated,e4140a70-34a6-40cc-a6f0-7b89bc3b2c48,Adjudicator nick task 1791 article number 100031,True,53944af0-7d56-4da7-830a-69bad263ef47,14853f9a-c7a7-4f96-af3f-8be7ffe477b4,NYU_Form,Arguments,1,,{},2,778,970,Congress had been considering Trump\u2019s calls with Russia\u2019s President Vladimir Putin along with other world leaders. These may have also been hidden in the top-secret stand-alone computer system
29,NYU_Articles/Pilot/CongressAnnouncesSeizureOfTrump.txt,100031,CongressAnnouncesSeizureOfTrump.txt,729c16dbf760152f8bb67a7ecfbb15a25ae7f594fe35bd711c1d5e1ef1ff5c1f,4491,27c9f907-e03b-4f8b-a51c-3a0ca4c675b5,NYU_Form.adjudicated,e4140a70-34a6-40cc-a6f0-7b89bc3b2c48,Adjudicator nick task 1791 article number 100031,True,53944af0-7d56-4da7-830a-69bad263ef47,14853f9a-c7a7-4f96-af3f-8be7ffe477b4,NYU_Form,Arguments,1,,{},2,1478,1934,"SEE WHETHER, IN THE CONVERSATIONS WITH OTHER WORLD LEADERS AND, IN PARTICULAR, WITH PUTIN, THAT THE PRESIDENT WAS ALSO UNDERMINING OUR SECURITY IN A WAY THAT HE THOUGHT WOULD PERSONALLY BENEFIT HIS CAMPAIGN. IF THOSE CONVERSATIONS WITH PUTIN OR WITH OTHER WORLD LEADERS ARE SEQUESTERED IN THAT SAME ELECTRONIC FILE THAT IS MEANT FOR COVERT ACTION, NOT MEANT FOR THIS, IF THERE\u2019S AN EFFORT TO HIDE THOSE AND COVER THOSE UP, YES, WE\u2019RE DETERMINED TO FIND OUT"
32,NYU_Articles/Pilot/CongressAnnouncesSeizureOfTrump.txt,100031,CongressAnnouncesSeizureOfTrump.txt,729c16dbf760152f8bb67a7ecfbb15a25ae7f594fe35bd711c1d5e1ef1ff5c1f,4491,27c9f907-e03b-4f8b-a51c-3a0ca4c675b5,NYU_Form.adjudicated,e4140a70-34a6-40cc-a6f0-7b89bc3b2c48,Adjudicator nick task 1791 article number 100031,True,53944af0-7d56-4da7-830a-69bad263ef47,2a6147dd-c46f-4dd9-be4b-881ac3f0d69e,NYU_Form,Arguments,4,,{},1,3248,3474,PRESIDENT TRUMP WAS LOOKING INTO THE 2016 COLLUSION AND INTERFERENCE THAT RUSSIA HAD WHEN BARACK OBAMA WAS PRESIDENT. WE ALL KNOW THAT HAPPENED UNDER BARACK OBAMA\u2019S WATCH. I\u2019M GLAD TRUMP CONTINUES TO LOOK INTO THE INTERFERENCE
33,NYU_Articles/Pilot/CongressAnnouncesSeizureOfTrump.txt,100031,CongressAnnouncesSeizureOfTrump.txt,729c16dbf760152f8bb67a7ecfbb15a25ae7f594fe35bd711c1d5e1ef1ff5c1f,4491,27c9f907-e03b-4f8b-a51c-3a0ca4c675b5,NYU_Form.adjudicated,e4140a70-34a6-40cc-a6f0-7b89bc3b2c48,Adjudicator nick task 1791 article number 100031,True,53944af0-7d56-4da7-830a-69bad263ef47,3305c53e-fa84-4b24-980c-660281ef45aa,NYU_Form,Arguments,5,,{},1,3567,4099,"JUST THE LATEST ATTEMPT BY DEMOCRATS TO \u201cGO DOWN THIS ROAD OF IMPEACHMENT, REGARDLESS OF THE FACTS.\n\n\u2018THE CHAIRMAN SAID A LOT OF THINGS, MADE A LOT OF BASELESS ACCUSATIONS. CHAIRMAN SCHIFF WAS THE ONE WHO FOR TWO YEARS WAS RUNNING AROUND SAYING HE HAD MORE THAN CIRCUMSTANTIAL EVIDENCE THAT PRESIDENT TRUMP COLLUDED WITH RUSSIA ON THE MUELLER INVESTIGATION. AND THAT TURNED OUT NOT TO BE TRUE. THE FRAMERS DID NOT PUT THE POWER OF IMPEACHMENT IN THE CONSTITUTION SO THAT YOU CAN STOP SOMEBODY FROM BEING ELECTED WHO WAS DULY ELECTED"
30,NYU_Articles/Pilot/CongressAnnouncesSeizureOfTrump.txt,100031,CongressAnnouncesSeizureOfTrump.txt,729c16dbf760152f8bb67a7ecfbb15a25ae7f594fe35bd711c1d5e1ef1ff5c1f,4491,27c9f907-e03b-4f8b-a51c-3a0ca4c675b5,NYU_Form.adjudicated,e4140a70-34a6-40cc-a6f0-7b89bc3b2c48,Adjudicator nick task 1791 article number 100031,True,53944af0-7d56-4da7-830a-69bad263ef47,43d24685-317f-43e7-b51f-4ead829b704e,NYU_Form,Arguments,2,,{},2,1960,2774,"the president\u2019s behavior was \u201cso egregious\u201d the Democratic House had no choice but to formalize the opening the impeachment inquiry. The reason for the hearings was due to:\n\n\u2018\u2026THE PRESIDENT USING THE POWER OF HIS OFFICE TO COERCE A FOREIGN NATION INTO HELPING HIS PRESIDENTIAL CAMPAIGN.\u2019\n\nIt appeared that the president wanted the young democracy to find or create some dirt on the man that Trump saw as his top contender in the race for president in the 2020 presidential election, former vice president Joe Biden:\n\n\u2018THE GRAVAMEN OF THE OFFENSE HERE IS THE PRESIDENT USING THE POWER OF HIS OFFICE TO COERCE A FOREIGN NATION INTO HELPING HIS PRESIDENTIAL CAMPAIGN TO ONCE AGAIN INTERFERE IN OUR ELECTION, AND AT THE SAME TIME WITHHOLDING FOREIGN AID THAT COUNTRY SO DESPERATELY NEEDS TO FIGHT OFF WHO? THE RUSSIANS"
31,NYU_Articles/Pilot/CongressAnnouncesSeizureOfTrump.txt,100031,CongressAnnouncesSeizureOfTrump.txt,729c16dbf760152f8bb67a7ecfbb15a25ae7f594fe35bd711c1d5e1ef1ff5c1f,4491,27c9f907-e03b-4f8b-a51c-3a0ca4c675b5,NYU_Form.adjudicated,e4140a70-34a6-40cc-a6f0-7b89bc3b2c48,Adjudicator nick task 1791 article number 100031,True,53944af0-7d56-4da7-830a-69bad263ef47,43d24685-317f-43e7-b51f-4ead829b704e,NYU_Form,Arguments,2,,{},2,2946,3112,the whistleblower alleged:\n\n\u2018[TRUMP WAS] PRESSURING A FOREIGN COUNTRY TO INVESTIGATE ONE OF THE PRESIDENT\u2019S MAIN DOMESTIC POLITICAL RIVALS [WHEN HE FROZE MILITARY AID
34,NYU_Articles/Pilot/CongressAnnouncesSeizureOfTrump.txt,100031,CongressAnnouncesSeizureOfTrump.txt,729c16dbf760152f8bb67a7ecfbb15a25ae7f594fe35bd711c1d5e1ef1ff5c1f,4491,27c9f907-e03b-4f8b-a51c-3a0ca4c675b5,NYU_Form.adjudicated,e4140a70-34a6-40cc-a6f0-7b89bc3b2c48,Adjudicator nick task 1791 article number 100031,True,53944af0-7d56-4da7-830a-69bad263ef47,c8cb019b-b96e-48f4-9fe7-32ebdd60a79f,NYU_Form,Arguments,6,,{},1,4145,4488,"THE PRESIDENT CAN\u2019T HAVE IT BOTH WAYS \u2014 HE CAN\u2019T BOTH PREVENT US FROM GETTING EVIDENCE ON THESE SERIOUS UNDERLYING CRIMES, OR POTENTIAL CRIMES, THIS SERIOUS BREACH OF HIS OATH OF OFFICE, AND AT THE SAME TIME OBSTRUCT OUR INVESTIGATION. EVEN AS HE TRIES TO WEAKEN OUR ABILITY TO GET FACTS ON ONE, HE\u2019S GOING TO STRENGTHEN THE FACTS ON THE OTHER"
70,NYU_Articles/Pilot/TIFinallyExplainsWhyHe.txt,100032,TIFinallyExplainsWhyHe.txt,832ecb4405a6c6ba17b9f5a67e9cdb91b07462cb9d723162fbcf3e114b66f791,3202,27c9f907-e03b-4f8b-a51c-3a0ca4c675b5,NYU_Form.adjudicated,33df6629-73b1-499e-8255-1f3118c62a3d,Adjudicator nick task 1792 article number 100032,True,8ee4618c-f1c1-480c-8b23-db1e2d22103c,f0ee1f13-8f59-4740-afd4-7594d5739099,NYU_Form,Arguments,2,,{},1,1657,1943,"he was not trying to grab anyone\u2019s money \u2013\u2013 but he did expect black people to stand up for each other, and even took a jab at the podcast by T.I., referencing it by name in his statement.\n\nHe finished his post by stating he was more interested in a person\u2019s life than their life savings"
67,NYU_Articles/Pilot/TIFinallyExplainsWhyHe.txt,100032,TIFinallyExplainsWhyHe.txt,832ecb4405a6c6ba17b9f5a67e9cdb91b07462cb9d723162fbcf3e114b66f791,3202,27c9f907-e03b-4f8b-a51c-3a0ca4c675b5,NYU_Form.adjudicated,33df6629-73b1-499e-8255-1f3118c62a3d,Adjudicator nick task 1792 article number 100032,True,8ee4618c-f1c1-480c-8b23-db1e2d22103c,d14055e7-9184-4159-ab13-b1460e827aa2,NYU_Form,Arguments,1,,{},3,334,1266,"rapper T.I. has come out with some shocking accusations related to pastors participating in the event.\n\nAccording to T.I., pastor Jamal Bryant has been trying to exploit the situation created by Kanye, attempting to take the money of various wealthy guests attending the event on a regular basis.\n\nT.I. explained that he arrived at the church to support Kanye in his endeavors. Instead, he was almost immediately targeted as a potential cash cow, something which left him with a very unpleasant impression of the whole experience.\n\nHe added that Bryant took it upon himself to increase the offering, and changed the agenda completely at some point, trying to extort a lot of money out of T.I. and apparently other prominent figures at the event.\n\nIn the end, T.I. went as far as to say that he was disappointed for taking his time to attend, as his interaction with the pastor ruined the whole performance delivered by Kanye for him"
68,NYU_Articles/Pilot/TIFinallyExplainsWhyHe.txt,100032,TIFinallyExplainsWhyHe.txt,832ecb4405a6c6ba17b9f5a67e9cdb91b07462cb9d723162fbcf3e114b66f791,3202,27c9f907-e03b-4f8b-a51c-3a0ca4c675b5,NYU_Form.adjudicated,33df6629-73b1-499e-8255-1f3118c62a3d,Adjudicator nick task 1792 article number 100032,True,8ee4618c-f1c1-480c-8b23-db1e2d22103c,d14055e7-9184-4159-ab13-b1460e827aa2,NYU_Form,Arguments,1,,{},3,1444,1564,"ve been raised in the trenches, and I was taught to peep game. You ain\u2019t finna run no game on me. I will not be extorted"
69,NYU_Articles/Pilot/TIFinallyExplainsWhyHe.txt,100032,TIFinallyExplainsWhyHe.txt,832ecb4405a6c6ba17b9f5a67e9cdb91b07462cb9d723162fbcf3e114b66f791,3202,27c9f907-e03b-4f8b-a51c-3a0ca4c675b5,NYU_Form.adjudicated,33df6629-73b1-499e-8255-1f3118c62a3d,Adjudicator nick task 1792 article number 100032,True,8ee4618c-f1c1-480c-8b23-db1e2d22103c,d14055e7-9184-4159-ab13-b1460e827aa2,NYU_Form,Arguments,1,,{},3,1432,1443,It\u2019s just I
71,NYU_Articles/Pilot/TIFinallyExplainsWhyHe.txt,100032,TIFinallyExplainsWhyHe.txt,832ecb4405a6c6ba17b9f5a67e9cdb91b07462cb9d723162fbcf3e114b66f791,3202,27c9f907-e03b-4f8b-a51c-3a0ca4c675b5,NYU_Form.adjudicated,33df6629-73b1-499e-8255-1f3118c62a3d,Adjudicator nick task 1792 article number 100032,True,8ee4618c-f1c1-480c-8b23-db1e2d22103c,c39fa510-7f68-4f8b-bad0-02c494c59bb4,NYU_Form,Arguments,3,,{},1,2526,3166,"don\u2019t want Sunday to be used as further ammunition as to why people don\u2019t go to church without them knowing at this same church we gave 5000 pairs of new back to school shoes to kids of #Atlanta, or that we spearheaded 9 million campaign to support @bennett_college , or that we bailed out nonviolent offenders or that we partnered with @delta to send 4 cargo to #Bahamas for hurricane release or that we\u2019ve partnered with @_hamptonu to place 95 displaced students or that we fed the furloughed workers for two weeks while the government was shut down or that we went into housing projects to feed kids of #dekalb county during spring break"
114,NYU_Articles/Day1/RogerStoneTrialEndsRick.txt,100033,RogerStoneTrialEndsRick.txt,86d0e1839d825b8b56f2c7430efa716f4777e45dd001dd29ff68a3d232069e4c,2442,27c9f907-e03b-4f8b-a51c-3a0ca4c675b5,NYU_Form.adjudicated,e4f72cac-1e5d-4313-b955-ff2f4267e576,Adjudicator nick task 1895 article number 100033,True,fcccfcd4-62aa-4d4c-a22d-63b2c20bd99a,b1d6460c-e774-4fe6-a612-07551217e8ed,NYU_Form,Arguments,2,,{},1,274,1523,"On Tuesday, the prosecution rested in the Roger Stone trial after putting on one final witness: Rick Gates, former partner with Paul Manafort, consultant to the Trump campaign through the inaugural, and witness to the fact that Donald Trump was in on the Wikileaks dump before they made the emails public.\n\nRick Gates, who served as Trump\u2019s deputy campaign chairman, testified Tuesday that Stone began discussing Clinton leaks with the campaign in April 2016 and that from May onward Gates understood Stone to be the campaign\u2019s intermediary with WikiLeaks. By July 2016, Gates testified, Trump campaign chairman Paul Manafort said he was updating Trump and others regularly and directed Gates to keep following up with Stone. After Trump ended one phone call from Stone at the end of that month, Gates testified, the future president said to Gates that \u201cmore information would be coming.\u201d\n\nOh, my, my, my. As Rachel Maddow points out in the segment above, Donald Trump said something completely different in his written responses to Robert Mueller. \u201cI do not recall discussing WikiLeaks with him,\u201d Trump wrote under penalty of perjury. \u201cNor do I recall being aware of Mr. Stone having discussed WikiLeaks with individuals associated with my campaign"
113,NYU_Articles/Day1/RogerStoneTrialEndsRick.txt,100033,RogerStoneTrialEndsRick.txt,86d0e1839d825b8b56f2c7430efa716f4777e45dd001dd29ff68a3d232069e4c,2442,27c9f907-e03b-4f8b-a51c-3a0ca4c675b5,NYU_Form.adjudicated,e4f72cac-1e5d-4313-b955-ff2f4267e576,Adjudicator nick task 1895 article number 100033,True,fcccfcd4-62aa-4d4c-a22d-63b2c20bd99a,74861b34-0c82-41fe-9315-a4a57f4bd51e,NYU_Form,Arguments,1,,{},1,1595,1789,"The Very Stable Genius with a better memory than anyone else left himself just enough wiggle room to sidle out of direct perjury. Those ""do not recall"" disclaimers will save him, more's the pity"
84,NYU_Articles/Day1/NBCABCAndCBSAppear.txt,100034,NBCABCAndCBSAppear.txt,3b9c291d9345c8221a497206a766483bf78df474550f0c50c58df9ad4c20ff75,7001,27c9f907-e03b-4f8b-a51c-3a0ca4c675b5,NYU_Form.adjudicated,f017526a-ec44-487a-8980-d4e0436432a7,Adjudicator nick task 1896 article number 100034,True,7f300d46-59df-400f-b0ba-6727bc45292f,705c8a35-a46f-45e9-b786-a845b4593c1d,NYU_Form,Arguments,2,,{},6,1336,1462,"He was allowed to publish his story in The New Yorker while still working at NBC News, the outlet said in a previous statement"
85,NYU_Articles/Day1/NBCABCAndCBSAppear.txt,100034,NBCABCAndCBSAppear.txt,3b9c291d9345c8221a497206a766483bf78df474550f0c50c58df9ad4c20ff75,7001,27c9f907-e03b-4f8b-a51c-3a0ca4c675b5,NYU_Form.adjudicated,f017526a-ec44-487a-8980-d4e0436432a7,Adjudicator nick task 1896 article number 100034,True,7f300d46-59df-400f-b0ba-6727bc45292f,705c8a35-a46f-45e9-b786-a845b4593c1d,NYU_Form,Arguments,2,,{},6,2734,2785,NBC News denied killing the story to protect itself
86,NYU_Articles/Day1/NBCABCAndCBSAppear.txt,100034,NBCABCAndCBSAppear.txt,3b9c291d9345c8221a497206a766483bf78df474550f0c50c58df9ad4c20ff75,7001,27c9f907-e03b-4f8b-a51c-3a0ca4c675b5,NYU_Form.adjudicated,f017526a-ec44-487a-8980-d4e0436432a7,Adjudicator nick task 1896 article number 100034,True,7f300d46-59df-400f-b0ba-6727bc45292f,705c8a35-a46f-45e9-b786-a845b4593c1d,NYU_Form,Arguments,2,,{},6,2958,3073,NBC News agreeing to release former employees who had made sexual assault accusations against people at the network
87,NYU_Articles/Day1/NBCABCAndCBSAppear.txt,100034,NBCABCAndCBSAppear.txt,3b9c291d9345c8221a497206a766483bf78df474550f0c50c58df9ad4c20ff75,7001,27c9f907-e03b-4f8b-a51c-3a0ca4c675b5,NYU_Form.adjudicated,f017526a-ec44-487a-8980-d4e0436432a7,Adjudicator nick task 1896 article number 100034,True,7f300d46-59df-400f-b0ba-6727bc45292f,705c8a35-a46f-45e9-b786-a845b4593c1d,NYU_Form,Arguments,2,,{},6,3184,3487,"Any former NBC News employee who believes that they cannot disclose their experience with sexual harassment as a result of a confidentiality or non-disparagement provision in their separation agreement should contact NBCUniversal and we will release them from that perceived obligation,\u201d an NBCUniversal"
88,NYU_Articles/Day1/NBCABCAndCBSAppear.txt,100034,NBCABCAndCBSAppear.txt,3b9c291d9345c8221a497206a766483bf78df474550f0c50c58df9ad4c20ff75,7001,27c9f907-e03b-4f8b-a51c-3a0ca4c675b5,NYU_Form.adjudicated,f017526a-ec44-487a-8980-d4e0436432a7,Adjudicator nick task 1896 article number 100034,True,7f300d46-59df-400f-b0ba-6727bc45292f,705c8a35-a46f-45e9-b786-a845b4593c1d,NYU_Form,Arguments,2,,{},6,5004,5520,"ABC News denied this, saying in a statement that it has \u201cnever stopped investigating the story.\u201d They added that it has employed a team to uncover the truth about Epstein, whom authorities arrested on accusations of child sex-trafficking in July.\n\nThe network said it plans to release extensive reports on Epstein in the new year. Robach also walked back her on-camera remarks, releasing a statement echoing the network\u2019s comments. She attributed to her previous accusations as being \u201ca private moment of frustration"
89,NYU_Articles/Day1/NBCABCAndCBSAppear.txt,100034,NBCABCAndCBSAppear.txt,3b9c291d9345c8221a497206a766483bf78df474550f0c50c58df9ad4c20ff75,7001,27c9f907-e03b-4f8b-a51c-3a0ca4c675b5,NYU_Form.adjudicated,f017526a-ec44-487a-8980-d4e0436432a7,Adjudicator nick task 1896 article number 100034,True,7f300d46-59df-400f-b0ba-6727bc45292f,705c8a35-a46f-45e9-b786-a845b4593c1d,NYU_Form,Arguments,2,,{},6,5642,5806,Robach added that ABC didn\u2019t run the interview \u201cbecause we could not obtain sufficient corroborating evidence to meet ABC\u2019s editorial standard about her allegations
90,NYU_Articles/Day1/NBCABCAndCBSAppear.txt,100034,NBCABCAndCBSAppear.txt,3b9c291d9345c8221a497206a766483bf78df474550f0c50c58df9ad4c20ff75,7001,27c9f907-e03b-4f8b-a51c-3a0ca4c675b5,NYU_Form.adjudicated,f017526a-ec44-487a-8980-d4e0436432a7,Adjudicator nick task 1896 article number 100034,True,7f300d46-59df-400f-b0ba-6727bc45292f,a2b994d7-ab11-4377-b441-711b852fd98a,NYU_Form,Arguments,3,,{},4,2221,2313,Two sources familiar with the matter tell me that CBS News has fired the staffer in question
91,NYU_Articles/Day1/NBCABCAndCBSAppear.txt,100034,NBCABCAndCBSAppear.txt,3b9c291d9345c8221a497206a766483bf78df474550f0c50c58df9ad4c20ff75,7001,27c9f907-e03b-4f8b-a51c-3a0ca4c675b5,NYU_Form.adjudicated,f017526a-ec44-487a-8980-d4e0436432a7,Adjudicator nick task 1896 article number 100034,True,7f300d46-59df-400f-b0ba-6727bc45292f,a2b994d7-ab11-4377-b441-711b852fd98a,NYU_Form,Arguments,3,,{},4,1763,1835,ABC News has confirmed they're conducting an investigation into the leak
92,NYU_Articles/Day1/NBCABCAndCBSAppear.txt,100034,NBCABCAndCBSAppear.txt,3b9c291d9345c8221a497206a766483bf78df474550f0c50c58df9ad4c20ff75,7001,27c9f907-e03b-4f8b-a51c-3a0ca4c675b5,NYU_Form.adjudicated,f017526a-ec44-487a-8980-d4e0436432a7,Adjudicator nick task 1896 article number 100034,True,7f300d46-59df-400f-b0ba-6727bc45292f,a2b994d7-ab11-4377-b441-711b852fd98a,NYU_Form,Arguments,3,,{},4,6075,6127,The outlet is now investigating who leaked the video
93,NYU_Articles/Day1/NBCABCAndCBSAppear.txt,100034,NBCABCAndCBSAppear.txt,3b9c291d9345c8221a497206a766483bf78df474550f0c50c58df9ad4c20ff75,7001,27c9f907-e03b-4f8b-a51c-3a0ca4c675b5,NYU_Form.adjudicated,f017526a-ec44-487a-8980-d4e0436432a7,Adjudicator nick task 1896 article number 100034,True,7f300d46-59df-400f-b0ba-6727bc45292f,a2b994d7-ab11-4377-b441-711b852fd98a,NYU_Form,Arguments,3,,{},4,6193,6342,"We take violations of company policy very seriously, and we\u2019re pursuing all avenues to determine the source of the leak,\u201d a spokesperson for ABC News"
76,NYU_Articles/Day1/NBCABCAndCBSAppear.txt,100034,NBCABCAndCBSAppear.txt,3b9c291d9345c8221a497206a766483bf78df474550f0c50c58df9ad4c20ff75,7001,27c9f907-e03b-4f8b-a51c-3a0ca4c675b5,NYU_Form.adjudicated,f017526a-ec44-487a-8980-d4e0436432a7,Adjudicator nick task 1896 article number 100034,True,7f300d46-59df-400f-b0ba-6727bc45292f,c9fdc229-d861-4482-926b-33950c13eec6,NYU_Form,Arguments,1,,{},8,130,835,"NBC, ABC and CBS News have all now appeared to run cover for some of the world\u2019s most powerful rape rings, allegedly killing stories and firing employees who tried to expose the outlets.\n\nAs three of America\u2019s biggest networks, these outlets have each become embroiled in controversy in 2019 following multiple separate reports that they have played a part in covering up some of the world\u2019s most powerful rape and pedophile rings.\n\nThe allegations range from killing entire stories outing disgraced movie mogul Harvey Weinstein, shutting down an interview detailing accusations against alleged child sex-trafficker Jeffrey Epstein and firing an employee who might have tried to hold an outlet responsible"
77,NYU_Articles/Day1/NBCABCAndCBSAppear.txt,100034,NBCABCAndCBSAppear.txt,3b9c291d9345c8221a497206a766483bf78df474550f0c50c58df9ad4c20ff75,7001,27c9f907-e03b-4f8b-a51c-3a0ca4c675b5,NYU_Form.adjudicated,f017526a-ec44-487a-8980-d4e0436432a7,Adjudicator nick task 1896 article number 100034,True,7f300d46-59df-400f-b0ba-6727bc45292f,c9fdc229-d861-4482-926b-33950c13eec6,NYU_Form,Arguments,1,,{},8,967,1334,"First, investigative reporter Ronan Farrow came out with a book on Oct. 15 titled \u201cCatch and Kill: Lies, Spies and a Conspiracy to Protect Predators.\u201d The book accused NBC News of covering up Farrow\u2019s story about the sexual assault allegations surrounding now-disgraced movie mogul Harvey Weinstein. It is based on Farrow\u2019s article published in The New Yorker in 2017"
78,NYU_Articles/Day1/NBCABCAndCBSAppear.txt,100034,NBCABCAndCBSAppear.txt,3b9c291d9345c8221a497206a766483bf78df474550f0c50c58df9ad4c20ff75,7001,27c9f907-e03b-4f8b-a51c-3a0ca4c675b5,NYU_Form.adjudicated,f017526a-ec44-487a-8980-d4e0436432a7,Adjudicator nick task 1896 article number 100034,True,7f300d46-59df-400f-b0ba-6727bc45292f,c9fdc229-d861-4482-926b-33950c13eec6,NYU_Form,Arguments,1,,{},8,3547,4014,"The outlet also received pushback for refusing to allow an outside investigation into NBC News following the allegations. Journalist Megyn Kelly went after NBC News on Oct. 16, saying the network should \u201cshow us the money\u201d and come clean about any and all agreements made to former staffers. She added that there \u201cneeds to be an outside investigation into\u201d the network, mentioning that several other outlets with allegations of scandals have done the same in the past"
79,NYU_Articles/Day1/NBCABCAndCBSAppear.txt,100034,NBCABCAndCBSAppear.txt,3b9c291d9345c8221a497206a766483bf78df474550f0c50c58df9ad4c20ff75,7001,27c9f907-e03b-4f8b-a51c-3a0ca4c675b5,NYU_Form.adjudicated,f017526a-ec44-487a-8980-d4e0436432a7,Adjudicator nick task 1896 article number 100034,True,7f300d46-59df-400f-b0ba-6727bc45292f,c9fdc229-d861-4482-926b-33950c13eec6,NYU_Form,Arguments,1,,{},8,4241,4586,"Just a few months later, ABC News was accused of killing a story about the late alleged child sex-trafficker Jeffrey Epstein after Project Veritas released a video of anchor Amy Robach complaining about the network. Robach was caught on camera saying ABC killed her interview with Epstein accuser Virginia Roberts Giuffre, according to the video"
80,NYU_Articles/Day1/NBCABCAndCBSAppear.txt,100034,NBCABCAndCBSAppear.txt,3b9c291d9345c8221a497206a766483bf78df474550f0c50c58df9ad4c20ff75,7001,27c9f907-e03b-4f8b-a51c-3a0ca4c675b5,NYU_Form.adjudicated,f017526a-ec44-487a-8980-d4e0436432a7,Adjudicator nick task 1896 article number 100034,True,7f300d46-59df-400f-b0ba-6727bc45292f,c9fdc229-d861-4482-926b-33950c13eec6,NYU_Form,Arguments,1,,{},8,4592,5002,"ve had this story for three years,\u201d Robach said in the unearthed video. \u201cI tried for three years to get it on to no avail, and now it\u2019s all coming out and it\u2019s like these new revelations. And I freaking had all of it. I\u2019m so pissed right now.\u201d\n\nThe anchor said Buckingham Palace threatened ABC News after finding out Prince Andrew was a part of the story and added that she \u201chad all of\u201d the reporting years ago"
81,NYU_Articles/Day1/NBCABCAndCBSAppear.txt,100034,NBCABCAndCBSAppear.txt,3b9c291d9345c8221a497206a766483bf78df474550f0c50c58df9ad4c20ff75,7001,27c9f907-e03b-4f8b-a51c-3a0ca4c675b5,NYU_Form.adjudicated,f017526a-ec44-487a-8980-d4e0436432a7,Adjudicator nick task 1896 article number 100034,True,7f300d46-59df-400f-b0ba-6727bc45292f,c9fdc229-d861-4482-926b-33950c13eec6,NYU_Form,Arguments,1,,{},8,5809,5924,This statement came after she said she \u201chad all of it\u201d and knew of the allegations against Epstein for \u201cthree years
82,NYU_Articles/Day1/NBCABCAndCBSAppear.txt,100034,NBCABCAndCBSAppear.txt,3b9c291d9345c8221a497206a766483bf78df474550f0c50c58df9ad4c20ff75,7001,27c9f907-e03b-4f8b-a51c-3a0ca4c675b5,NYU_Form.adjudicated,f017526a-ec44-487a-8980-d4e0436432a7,Adjudicator nick task 1896 article number 100034,True,7f300d46-59df-400f-b0ba-6727bc45292f,c9fdc229-d861-4482-926b-33950c13eec6,NYU_Form,Arguments,1,,{},8,6481,6633,CBS News is the latest to appear to have run cover for a huge rape ring when it allegedly fired a former ABC employee Wednesday who had access to Robach
83,NYU_Articles/Day1/NBCABCAndCBSAppear.txt,100034,NBCABCAndCBSAppear.txt,3b9c291d9345c8221a497206a766483bf78df474550f0c50c58df9ad4c20ff75,7001,27c9f907-e03b-4f8b-a51c-3a0ca4c675b5,NYU_Form.adjudicated,f017526a-ec44-487a-8980-d4e0436432a7,Adjudicator nick task 1896 article number 100034,True,7f300d46-59df-400f-b0ba-6727bc45292f,c9fdc229-d861-4482-926b-33950c13eec6,NYU_Form,Arguments,1,,{},8,6709,6921,"The employee who reportedly accessed the tape moved on to a job at CBS News, anonymous sources told Ali. CBS fired that employee, a woman, Wednesday after ABC executives notified CBS of the situation, a TV source"
120,NYU_Articles/Day1/UkrainianOfficialsReleaseRecordsOf.txt,100035,UkrainianOfficialsReleaseRecordsOf.txt,d7a866ba4b0104b93dc030d98d2416a336e37ef90f6c073c339e05cd47d19e24,1626,27c9f907-e03b-4f8b-a51c-3a0ca4c675b5,NYU_Form.adjudicated,67c90a12-e90a-4550-af5e-861bb9905b05,Adjudicator nick task 1897 article number 100035,True,3f45520f-4fec-470f-983c-837fc14fbb2c,6049f498-cc7a-4d0f-a28b-728e4d9a5f30,NYU_Form,Arguments,1,,{},2,197,644,"New memos released last week reveal Burisma Holdings, Hunter Biden\u2019s Ukrainian natural gas company, pressured the Obama State Department to help end the corruption investigation during the 2016 election cycle just one month before then-Vice President Joe Biden forced Ukraine to fire Viktor Shokin, the prosecutor probing his son Hunter.\n\nJoe Biden bragged about getting Viktor Shokin fired during a 2018 speech to the Council on Foreign Relations"
121,NYU_Articles/Day1/UkrainianOfficialsReleaseRecordsOf.txt,100035,UkrainianOfficialsReleaseRecordsOf.txt,d7a866ba4b0104b93dc030d98d2416a336e37ef90f6c073c339e05cd47d19e24,1626,27c9f907-e03b-4f8b-a51c-3a0ca4c675b5,NYU_Form.adjudicated,67c90a12-e90a-4550-af5e-861bb9905b05,Adjudicator nick task 1897 article number 100035,True,3f45520f-4fec-470f-983c-837fc14fbb2c,6049f498-cc7a-4d0f-a28b-728e4d9a5f30,NYU_Form,Arguments,1,,{},2,1059,1625,"In fact, Burisma Holdings actually name-dropped Hunter Biden when requesting help from the State Department.\n\nAccording to CD Media last week former Ukrainian official Oleksandr Onyshchenko said Hunter Biden was receiving \u201coff the books\u201d payments from Burisma in the millions.\n\nOn Tuesday CD Media posted leaked records of payments to Hunter Biden from Burisma Holdings totaling millions.\n\nVia CD Media:\n\nThe documents show 46 payments to Hunter Biden\u2019s company from November 2014 to November 2015.\n\nThere were 38 payments for $83,333 totaling more than $3.1 million"
122,NYU_Articles/Day1/UkrainianOfficialsReleaseRecordsOf.txt,100035,UkrainianOfficialsReleaseRecordsOf.txt,d7a866ba4b0104b93dc030d98d2416a336e37ef90f6c073c339e05cd47d19e24,1626,27c9f907-e03b-4f8b-a51c-3a0ca4c675b5,NYU_Form.adjudicated,67c90a12-e90a-4550-af5e-861bb9905b05,Adjudicator nick task 1897 article number 100035,True,3f45520f-4fec-470f-983c-837fc14fbb2c,315be556-20a6-409b-a9ab-077a27ce551b,NYU_Form,Arguments,2,,{},1,647,823,The media immediately covered for Biden and said his targeting of Mr. Shokin was totally unrelated to the prosecutor\u2019s corruption investigation into Hunter and Burisma Holdings
27,NYU_Articles/Pilot/FormerUkraineProsecutorSaysHe.txt,100028,FormerUkraineProsecutorSaysHe.txt,f7eb2314bb13aae4542caf7ee10c336890c3e911c50093d575b1849e107abfb7,8477,27c9f907-e03b-4f8b-a51c-3a0ca4c675b5,NYU_Form.adjudicated,85c4a58f-ed38-42d2-9f46-ebffff46fed2,Adjudicator nick task 1788 article number 100028,True,a9bae9b6-6b98-4423-ae0f-88f1dda23b05,4f730435-1606-491d-9092-74654ea5e5ab,NYU_Form,Quoted Sources,5,,{},1,4369,4516,The Justice Department said last week that Barr was not aware of Trump\u2019s comments at the time and that he had no contact with Ukrainian authorities
15,NYU_Articles/Pilot/FormerUkraineProsecutorSaysHe.txt,100028,FormerUkraineProsecutorSaysHe.txt,f7eb2314bb13aae4542caf7ee10c336890c3e911c50093d575b1849e107abfb7,8477,27c9f907-e03b-4f8b-a51c-3a0ca4c675b5,NYU_Form.adjudicated,85c4a58f-ed38-42d2-9f46-ebffff46fed2,Adjudicator nick task 1788 article number 100028,True,a9bae9b6-6b98-4423-ae0f-88f1dda23b05,6d7b4a2e-9fd2-49a8-9690-f2bff9fbfa65,NYU_Form,Quoted Sources,1,,{},7,167,1168,"Ukraine\u2019s former top law enforcement official says he repeatedly rebuffed demands by President Trump\u2019s personal lawyer to investigate Joe Biden and his son, insisting he had seen no evidence of wrongdoing that he could pursue.\n\nIn an interview, Yuri Lutsenko said while he was Ukraine\u2019s prosecutor general he told Rudolph W. Giuliani that he would be happy to cooperate if the FBI or other U.S. authorities began their own investigation of the former vice president and his son Hunter but insisted they had not broken any Ukrainian laws to his knowledge.\n\nLutsenko, who was fired as prosecutor general last month, said he had urged Giuliani to launch a U.S. inquiry and go to court if he had any evidence but not to use Ukraine to conduct a political vendetta that could affect the U.S. election.\n\n\u201cI said, \u2018Let\u2019s put this through prosecutors, not through presidents,\u2019 \u201d Lutsenko told The Times.\n\n\n\u201cI told him I could not start an investigation just for the interests of an American official,\u201d he said"
16,NYU_Articles/Pilot/FormerUkraineProsecutorSaysHe.txt,100028,FormerUkraineProsecutorSaysHe.txt,f7eb2314bb13aae4542caf7ee10c336890c3e911c50093d575b1849e107abfb7,8477,27c9f907-e03b-4f8b-a51c-3a0ca4c675b5,NYU_Form.adjudicated,85c4a58f-ed38-42d2-9f46-ebffff46fed2,Adjudicator nick task 1788 article number 100028,True,a9bae9b6-6b98-4423-ae0f-88f1dda23b05,6d7b4a2e-9fd2-49a8-9690-f2bff9fbfa65,NYU_Form,Quoted Sources,1,,{},7,1431,1633,Lutsenko said he met Giuliani twice in person and had numerous conversations with him on the phone. He described the former New York mayor as obsessed with possible misconduct by Biden or his son Hunter
17,NYU_Articles/Pilot/FormerUkraineProsecutorSaysHe.txt,100028,FormerUkraineProsecutorSaysHe.txt,f7eb2314bb13aae4542caf7ee10c336890c3e911c50093d575b1849e107abfb7,8477,27c9f907-e03b-4f8b-a51c-3a0ca4c675b5,NYU_Form.adjudicated,85c4a58f-ed38-42d2-9f46-ebffff46fed2,Adjudicator nick task 1788 article number 100028,True,a9bae9b6-6b98-4423-ae0f-88f1dda23b05,6d7b4a2e-9fd2-49a8-9690-f2bff9fbfa65,NYU_Form,Quoted Sources,1,,{},7,1738,2018,"Lutsenko said he told Giuliani that Hunter Biden\u2019s position on the board of Ukraine\u2019s largest natural gas company, Burisma Holdings, while his father was involved in steering Obama administration policy toward Ukraine \u201ccould be signs of a conflict of interest\u201d but was not illegal"
18,NYU_Articles/Pilot/FormerUkraineProsecutorSaysHe.txt,100028,FormerUkraineProsecutorSaysHe.txt,f7eb2314bb13aae4542caf7ee10c336890c3e911c50093d575b1849e107abfb7,8477,27c9f907-e03b-4f8b-a51c-3a0ca4c675b5,NYU_Form.adjudicated,85c4a58f-ed38-42d2-9f46-ebffff46fed2,Adjudicator nick task 1788 article number 100028,True,a9bae9b6-6b98-4423-ae0f-88f1dda23b05,6d7b4a2e-9fd2-49a8-9690-f2bff9fbfa65,NYU_Form,Quoted Sources,1,,{},7,2957,3510,"Lutsenko said he was eager to cooperate with Giuliani and Trump but did not have sufficient evidence to act on his own.\n\nThe former prosecutor said Giuliani dropped the Biden requests at some point last year but apparently saw a new opportunity with the election in April of Volodymyr Zelensky, a former actor and political neophyte who defeated incumbent President Petro Poroshenko.\n\nLutsenko said Giuliani again began contacting him to sound him out about the new president and gauge whether Zelensky might be more cooperative in going after Democrats"
19,NYU_Articles/Pilot/FormerUkraineProsecutorSaysHe.txt,100028,FormerUkraineProsecutorSaysHe.txt,f7eb2314bb13aae4542caf7ee10c336890c3e911c50093d575b1849e107abfb7,8477,27c9f907-e03b-4f8b-a51c-3a0ca4c675b5,NYU_Form.adjudicated,85c4a58f-ed38-42d2-9f46-ebffff46fed2,Adjudicator nick task 1788 article number 100028,True,a9bae9b6-6b98-4423-ae0f-88f1dda23b05,6d7b4a2e-9fd2-49a8-9690-f2bff9fbfa65,NYU_Form,Quoted Sources,1,,{},7,5812,5824,"Lutsenko, 54"
20,NYU_Articles/Pilot/FormerUkraineProsecutorSaysHe.txt,100028,FormerUkraineProsecutorSaysHe.txt,f7eb2314bb13aae4542caf7ee10c336890c3e911c50093d575b1849e107abfb7,8477,27c9f907-e03b-4f8b-a51c-3a0ca4c675b5,NYU_Form.adjudicated,85c4a58f-ed38-42d2-9f46-ebffff46fed2,Adjudicator nick task 1788 article number 100028,True,a9bae9b6-6b98-4423-ae0f-88f1dda23b05,6d7b4a2e-9fd2-49a8-9690-f2bff9fbfa65,NYU_Form,Quoted Sources,1,,{},7,5985,6786,"He said he met unofficially with Giuliani in New York and in Warsaw last year. Other accounts put the New York meeting earlier this year, but he insisted it was January 2018. The Warsaw meeting was in March, he said.\n\n\u201cI went to his office and was there for several hours over three days,\u201d Lutsenko said. \u201cHe was certainly prepared.\u201d\n\nGiuliani quickly raised the issue of the Ukrainian gas company that had hired Hunter Biden. Burisma is run by a Ukrainian oligarch who had been under investigation for tax evasion and lives abroad. But once back taxes were paid, Lutsenko said, the case was shelved.\n\n\u201cHe was wondering why the case was closed,\u201d he said. \u201cI had to tell him how law enforcement functions here.\u201d\n\nHe said his hands were tied and he could not reopen the case just because Trump wanted it"
21,NYU_Articles/Pilot/FormerUkraineProsecutorSaysHe.txt,100028,FormerUkraineProsecutorSaysHe.txt,f7eb2314bb13aae4542caf7ee10c336890c3e911c50093d575b1849e107abfb7,8477,27c9f907-e03b-4f8b-a51c-3a0ca4c675b5,NYU_Form.adjudicated,85c4a58f-ed38-42d2-9f46-ebffff46fed2,Adjudicator nick task 1788 article number 100028,True,a9bae9b6-6b98-4423-ae0f-88f1dda23b05,6d7b4a2e-9fd2-49a8-9690-f2bff9fbfa65,NYU_Form,Quoted Sources,1,,{},7,7364,7432,Lutsenko served as prosecutor general from May 2016 until last month
22,NYU_Articles/Pilot/FormerUkraineProsecutorSaysHe.txt,100028,FormerUkraineProsecutorSaysHe.txt,f7eb2314bb13aae4542caf7ee10c336890c3e911c50093d575b1849e107abfb7,8477,27c9f907-e03b-4f8b-a51c-3a0ca4c675b5,NYU_Form.adjudicated,85c4a58f-ed38-42d2-9f46-ebffff46fed2,Adjudicator nick task 1788 article number 100028,True,a9bae9b6-6b98-4423-ae0f-88f1dda23b05,d3f698d2-93d3-4ea1-9dbe-08c20a5521d8,NYU_Form,Quoted Sources,2,,{},2,4184,4365,"I will have Mr. Giuliani give you a call and I am also going to have Atty. Gen. Barr call and we will get to the bottom of it,\u201d Trump told Zelensky. \u201cI\u2019m sure you will figure it out"
23,NYU_Articles/Pilot/FormerUkraineProsecutorSaysHe.txt,100028,FormerUkraineProsecutorSaysHe.txt,f7eb2314bb13aae4542caf7ee10c336890c3e911c50093d575b1849e107abfb7,8477,27c9f907-e03b-4f8b-a51c-3a0ca4c675b5,NYU_Form.adjudicated,85c4a58f-ed38-42d2-9f46-ebffff46fed2,Adjudicator nick task 1788 article number 100028,True,a9bae9b6-6b98-4423-ae0f-88f1dda23b05,d3f698d2-93d3-4ea1-9dbe-08c20a5521d8,NYU_Form,Quoted Sources,2,,{},2,6789,6951,"Trump has suggested that one of Biden\u2019s misdeeds was to demand the firing of Lutsenko\u2019s predecessor, Viktor Shokin, to prevent him from investigating Hunter Biden"
24,NYU_Articles/Pilot/FormerUkraineProsecutorSaysHe.txt,100028,FormerUkraineProsecutorSaysHe.txt,f7eb2314bb13aae4542caf7ee10c336890c3e911c50093d575b1849e107abfb7,8477,27c9f907-e03b-4f8b-a51c-3a0ca4c675b5,NYU_Form.adjudicated,85c4a58f-ed38-42d2-9f46-ebffff46fed2,Adjudicator nick task 1788 article number 100028,True,a9bae9b6-6b98-4423-ae0f-88f1dda23b05,6559c6aa-a8fd-4bc4-9538-414ec291248f,NYU_Form,Quoted Sources,3,,{},2,5292,5403,Giuliani has acknowledged broadly asking Ukraine to investigate the Bidens and defended the move as appropriate
25,NYU_Articles/Pilot/FormerUkraineProsecutorSaysHe.txt,100028,FormerUkraineProsecutorSaysHe.txt,f7eb2314bb13aae4542caf7ee10c336890c3e911c50093d575b1849e107abfb7,8477,27c9f907-e03b-4f8b-a51c-3a0ca4c675b5,NYU_Form.adjudicated,85c4a58f-ed38-42d2-9f46-ebffff46fed2,Adjudicator nick task 1788 article number 100028,True,a9bae9b6-6b98-4423-ae0f-88f1dda23b05,6559c6aa-a8fd-4bc4-9538-414ec291248f,NYU_Form,Quoted Sources,3,,{},2,5566,5808,"I did not do this on my own, I did it at the request of the State Department \u2014 I have a \u2018thank you\u2019 from them for doing a good job,\u201d Giuliani said Sunday on CBS\u2019 \u201cFace the Nation.\u201d He said Secretary of State Michael R. Pompeo \u201cwas aware of it"
26,NYU_Articles/Pilot/FormerUkraineProsecutorSaysHe.txt,100028,FormerUkraineProsecutorSaysHe.txt,f7eb2314bb13aae4542caf7ee10c336890c3e911c50093d575b1849e107abfb7,8477,27c9f907-e03b-4f8b-a51c-3a0ca4c675b5,NYU_Form.adjudicated,85c4a58f-ed38-42d2-9f46-ebffff46fed2,Adjudicator nick task 1788 article number 100028,True,a9bae9b6-6b98-4423-ae0f-88f1dda23b05,8765a8f7-846d-40b4-b5a5-efca6b8f4f4f,NYU_Form,Quoted Sources,4,,{},1,7096,7216,"The thinking was Ukraine could do a lot more\u201d to fight corruption, David Cameron, the British prime minister at the time"
43,NYU_Articles/Pilot/CongressAnnouncesSeizureOfTrump.txt,100031,CongressAnnouncesSeizureOfTrump.txt,729c16dbf760152f8bb67a7ecfbb15a25ae7f594fe35bd711c1d5e1ef1ff5c1f,4491,27c9f907-e03b-4f8b-a51c-3a0ca4c675b5,NYU_Form.adjudicated,e4140a70-34a6-40cc-a6f0-7b89bc3b2c48,Adjudicator nick task 1791 article number 100031,True,53944af0-7d56-4da7-830a-69bad263ef47,eb844087-8535-4db7-9a33-7a4a2aa9ced3,NYU_Form,Quoted Sources,4,,{},2,3117,3474,House Minority Whip Steve Scalise (R-LA) stood up for the president and how he handled the Zelensky interview on Meet the Press:\n\n\u2018PRESIDENT TRUMP WAS LOOKING INTO THE 2016 COLLUSION AND INTERFERENCE THAT RUSSIA HAD WHEN BARACK OBAMA WAS PRESIDENT. WE ALL KNOW THAT HAPPENED UNDER BARACK OBAMA\u2019S WATCH. I\u2019M GLAD TRUMP CONTINUES TO LOOK INTO THE INTERFERENCE
44,NYU_Articles/Pilot/CongressAnnouncesSeizureOfTrump.txt,100031,CongressAnnouncesSeizureOfTrump.txt,729c16dbf760152f8bb67a7ecfbb15a25ae7f594fe35bd711c1d5e1ef1ff5c1f,4491,27c9f907-e03b-4f8b-a51c-3a0ca4c675b5,NYU_Form.adjudicated,e4140a70-34a6-40cc-a6f0-7b89bc3b2c48,Adjudicator nick task 1791 article number 100031,True,53944af0-7d56-4da7-830a-69bad263ef47,eb844087-8535-4db7-9a33-7a4a2aa9ced3,NYU_Form,Quoted Sources,4,,{},2,3567,4099,"JUST THE LATEST ATTEMPT BY DEMOCRATS TO \u201cGO DOWN THIS ROAD OF IMPEACHMENT, REGARDLESS OF THE FACTS.\n\n\u2018THE CHAIRMAN SAID A LOT OF THINGS, MADE A LOT OF BASELESS ACCUSATIONS. CHAIRMAN SCHIFF WAS THE ONE WHO FOR TWO YEARS WAS RUNNING AROUND SAYING HE HAD MORE THAN CIRCUMSTANTIAL EVIDENCE THAT PRESIDENT TRUMP COLLUDED WITH RUSSIA ON THE MUELLER INVESTIGATION. AND THAT TURNED OUT NOT TO BE TRUE. THE FRAMERS DID NOT PUT THE POWER OF IMPEACHMENT IN THE CONSTITUTION SO THAT YOU CAN STOP SOMEBODY FROM BEING ELECTED WHO WAS DULY ELECTED"
37,NYU_Articles/Pilot/CongressAnnouncesSeizureOfTrump.txt,100031,CongressAnnouncesSeizureOfTrump.txt,729c16dbf760152f8bb67a7ecfbb15a25ae7f594fe35bd711c1d5e1ef1ff5c1f,4491,27c9f907-e03b-4f8b-a51c-3a0ca4c675b5,NYU_Form.adjudicated,e4140a70-34a6-40cc-a6f0-7b89bc3b2c48,Adjudicator nick task 1791 article number 100031,True,53944af0-7d56-4da7-830a-69bad263ef47,a17402cb-3aaa-4617-99fb-d4a7ab0cd525,NYU_Form,Quoted Sources,1,,{},5,711,988,"Schiff said on NBC\u2019s Meet the Press show with host Chuck Todd that Congress had been considering Trump\u2019s calls with Russia\u2019s President Vladimir Putin along with other world leaders. These may have also been hidden in the top-secret stand-alone computer system, Schiff continued"
38,NYU_Articles/Pilot/CongressAnnouncesSeizureOfTrump.txt,100031,CongressAnnouncesSeizureOfTrump.txt,729c16dbf760152f8bb67a7ecfbb15a25ae7f594fe35bd711c1d5e1ef1ff5c1f,4491,27c9f907-e03b-4f8b-a51c-3a0ca4c675b5,NYU_Form.adjudicated,e4140a70-34a6-40cc-a6f0-7b89bc3b2c48,Adjudicator nick task 1791 article number 100031,True,53944af0-7d56-4da7-830a-69bad263ef47,a17402cb-3aaa-4617-99fb-d4a7ab0cd525,NYU_Form,Quoted Sources,1,,{},5,1393,2245,"THE PARAMOUNT NEED HERE IS TO PROTECT THE NATIONAL SECURITY OF THE UNITED STATES AND SEE WHETHER, IN THE CONVERSATIONS WITH OTHER WORLD LEADERS AND, IN PARTICULAR, WITH PUTIN, THAT THE PRESIDENT WAS ALSO UNDERMINING OUR SECURITY IN A WAY THAT HE THOUGHT WOULD PERSONALLY BENEFIT HIS CAMPAIGN. IF THOSE CONVERSATIONS WITH PUTIN OR WITH OTHER WORLD LEADERS ARE SEQUESTERED IN THAT SAME ELECTRONIC FILE THAT IS MEANT FOR COVERT ACTION, NOT MEANT FOR THIS, IF THERE\u2019S AN EFFORT TO HIDE THOSE AND COVER THOSE UP, YES, WE\u2019RE DETERMINED TO FIND OUT.\u2019\n\nSchiff told Todd that the president\u2019s behavior was \u201cso egregious\u201d the Democratic House had no choice but to formalize the opening the impeachment inquiry. The reason for the hearings was due to:\n\n\u2018\u2026THE PRESIDENT USING THE POWER OF HIS OFFICE TO COERCE A FOREIGN NATION INTO HELPING HIS PRESIDENTIAL CAMPAIGN"
39,NYU_Articles/Pilot/CongressAnnouncesSeizureOfTrump.txt,100031,CongressAnnouncesSeizureOfTrump.txt,729c16dbf760152f8bb67a7ecfbb15a25ae7f594fe35bd711c1d5e1ef1ff5c1f,4491,27c9f907-e03b-4f8b-a51c-3a0ca4c675b5,NYU_Form.adjudicated,e4140a70-34a6-40cc-a6f0-7b89bc3b2c48,Adjudicator nick task 1791 article number 100031,True,53944af0-7d56-4da7-830a-69bad263ef47,a17402cb-3aaa-4617-99fb-d4a7ab0cd525,NYU_Form,Quoted Sources,1,,{},5,652,707,a \u201cfundamental breach of the president\u2019s oath of office
40,NYU_Articles/Pilot/CongressAnnouncesSeizureOfTrump.txt,100031,CongressAnnouncesSeizureOfTrump.txt,729c16dbf760152f8bb67a7ecfbb15a25ae7f594fe35bd711c1d5e1ef1ff5c1f,4491,27c9f907-e03b-4f8b-a51c-3a0ca4c675b5,NYU_Form.adjudicated,e4140a70-34a6-40cc-a6f0-7b89bc3b2c48,Adjudicator nick task 1791 article number 100031,True,53944af0-7d56-4da7-830a-69bad263ef47,a17402cb-3aaa-4617-99fb-d4a7ab0cd525,NYU_Form,Quoted Sources,1,,{},5,4103,4488,"The Intelligence Committee chair added:\n\n\u2018THE PRESIDENT CAN\u2019T HAVE IT BOTH WAYS \u2014 HE CAN\u2019T BOTH PREVENT US FROM GETTING EVIDENCE ON THESE SERIOUS UNDERLYING CRIMES, OR POTENTIAL CRIMES, THIS SERIOUS BREACH OF HIS OATH OF OFFICE, AND AT THE SAME TIME OBSTRUCT OUR INVESTIGATION. EVEN AS HE TRIES TO WEAKEN OUR ABILITY TO GET FACTS ON ONE, HE\u2019S GOING TO STRENGTHEN THE FACTS ON THE OTHER"
41,NYU_Articles/Pilot/CongressAnnouncesSeizureOfTrump.txt,100031,CongressAnnouncesSeizureOfTrump.txt,729c16dbf760152f8bb67a7ecfbb15a25ae7f594fe35bd711c1d5e1ef1ff5c1f,4491,27c9f907-e03b-4f8b-a51c-3a0ca4c675b5,NYU_Form.adjudicated,e4140a70-34a6-40cc-a6f0-7b89bc3b2c48,Adjudicator nick task 1791 article number 100031,True,53944af0-7d56-4da7-830a-69bad263ef47,a17402cb-3aaa-4617-99fb-d4a7ab0cd525,NYU_Form,Quoted Sources,1,,{},5,2478,2855,"THE GRAVAMEN OF THE OFFENSE HERE IS THE PRESIDENT USING THE POWER OF HIS OFFICE TO COERCE A FOREIGN NATION INTO HELPING HIS PRESIDENTIAL CAMPAIGN TO ONCE AGAIN INTERFERE IN OUR ELECTION, AND AT THE SAME TIME WITHHOLDING FOREIGN AID THAT COUNTRY SO DESPERATELY NEEDS TO FIGHT OFF WHO? THE RUSSIANS.\u2019\n\nThen, he added:\n\n\u2018THE SITUATION DEMANDS THAT WE MOVE FORWARD WITH THE INQUIRY"
42,NYU_Articles/Pilot/CongressAnnouncesSeizureOfTrump.txt,100031,CongressAnnouncesSeizureOfTrump.txt,729c16dbf760152f8bb67a7ecfbb15a25ae7f594fe35bd711c1d5e1ef1ff5c1f,4491,27c9f907-e03b-4f8b-a51c-3a0ca4c675b5,NYU_Form.adjudicated,e4140a70-34a6-40cc-a6f0-7b89bc3b2c48,Adjudicator nick task 1791 article number 100031,True,53944af0-7d56-4da7-830a-69bad263ef47,06802013-6b55-4f9d-88eb-e67ff9c4c5fb,NYU_Form,Quoted Sources,3,,{},1,2946,3112,the whistleblower alleged:\n\n\u2018[TRUMP WAS] PRESSURING A FOREIGN COUNTRY TO INVESTIGATE ONE OF THE PRESIDENT\u2019S MAIN DOMESTIC POLITICAL RIVALS [WHEN HE FROZE MILITARY AID
75,NYU_Articles/Pilot/TIFinallyExplainsWhyHe.txt,100032,TIFinallyExplainsWhyHe.txt,832ecb4405a6c6ba17b9f5a67e9cdb91b07462cb9d723162fbcf3e114b66f791,3202,27c9f907-e03b-4f8b-a51c-3a0ca4c675b5,NYU_Form.adjudicated,33df6629-73b1-499e-8255-1f3118c62a3d,Adjudicator nick task 1792 article number 100032,True,8ee4618c-f1c1-480c-8b23-db1e2d22103c,92b3adfa-f3a1-48c7-b3f3-048c72c88914,NYU_Form,Quoted Sources,2,,{},1,1603,3166,"Bryant has attempted to defend himself, claiming that he was not trying to grab anyone\u2019s money \u2013\u2013 but he did expect black people to stand up for each other, and even took a jab at the podcast by T.I., referencing it by name in his statement.\n\nHe finished his post by stating he was more interested in a person\u2019s life than their life savings.\n\nHe said: \u201cWe have echoed the same sentiments on many issues down through the years and was energized by the partnership. I was awakened to your clip this morning and felt compelled to lend context. To have both of you in the church was meaningful for many reasons. This is the largest demographic of blacks who don\u2019t buy into organized religion in our history and in large measure because of reasons you have illuminated. To not give redress would be an assault to the body of Christ when I believe I am an ambassador as the two of you are for your field.\u201d\n\nHe went on to say: \u201cI don\u2019t want Sunday to be used as further ammunition as to why people don\u2019t go to church without them knowing at this same church we gave 5000 pairs of new back to school shoes to kids of #Atlanta, or that we spearheaded 9 million campaign to support @bennett_college , or that we bailed out nonviolent offenders or that we partnered with @delta to send 4 cargo to #Bahamas for hurricane release or that we\u2019ve partnered with @_hamptonu to place 95 displaced students or that we fed the furloughed workers for two weeks while the government was shut down or that we went into housing projects to feed kids of #dekalb county during spring break"
73,NYU_Articles/Pilot/TIFinallyExplainsWhyHe.txt,100032,TIFinallyExplainsWhyHe.txt,832ecb4405a6c6ba17b9f5a67e9cdb91b07462cb9d723162fbcf3e114b66f791,3202,27c9f907-e03b-4f8b-a51c-3a0ca4c675b5,NYU_Form.adjudicated,33df6629-73b1-499e-8255-1f3118c62a3d,Adjudicator nick task 1792 article number 100032,True,8ee4618c-f1c1-480c-8b23-db1e2d22103c,eb9bd1f2-d062-4d03-8be7-3022127af484,NYU_Form,Quoted Sources,1,,{},2,1269,1274,T.I.P
74,NYU_Articles/Pilot/TIFinallyExplainsWhyHe.txt,100032,TIFinallyExplainsWhyHe.txt,832ecb4405a6c6ba17b9f5a67e9cdb91b07462cb9d723162fbcf3e114b66f791,3202,27c9f907-e03b-4f8b-a51c-3a0ca4c675b5,NYU_Form.adjudicated,33df6629-73b1-499e-8255-1f3118c62a3d,Adjudicator nick task 1792 article number 100032,True,8ee4618c-f1c1-480c-8b23-db1e2d22103c,eb9bd1f2-d062-4d03-8be7-3022127af484,NYU_Form,Quoted Sources,1,,{},2,1346,1599,"said: \u201cIt\u2019s not that I have a thing against pastors or against preachers so-to-speak. It\u2019s just I\u2019ve been raised in the trenches, and I was taught to peep game. You ain\u2019t finna run no game on me. I will not be extorted. I felt like I shouldn\u2019t have come"
119,NYU_Articles/Day1/RogerStoneTrialEndsRick.txt,100033,RogerStoneTrialEndsRick.txt,86d0e1839d825b8b56f2c7430efa716f4777e45dd001dd29ff68a3d232069e4c,2442,27c9f907-e03b-4f8b-a51c-3a0ca4c675b5,NYU_Form.adjudicated,e4f72cac-1e5d-4313-b955-ff2f4267e576,Adjudicator nick task 1895 article number 100033,True,fcccfcd4-62aa-4d4c-a22d-63b2c20bd99a,6a714edc-f201-4d33-b1ee-bdb2a03bc7f7,NYU_Form,Quoted Sources,3,,{},1,1324,1523,"I do not recall discussing WikiLeaks with him,\u201d Trump wrote under penalty of perjury. \u201cNor do I recall being aware of Mr. Stone having discussed WikiLeaks with individuals associated with my campaign"
117,NYU_Articles/Day1/RogerStoneTrialEndsRick.txt,100033,RogerStoneTrialEndsRick.txt,86d0e1839d825b8b56f2c7430efa716f4777e45dd001dd29ff68a3d232069e4c,2442,27c9f907-e03b-4f8b-a51c-3a0ca4c675b5,NYU_Form.adjudicated,e4f72cac-1e5d-4313-b955-ff2f4267e576,Adjudicator nick task 1895 article number 100033,True,fcccfcd4-62aa-4d4c-a22d-63b2c20bd99a,27e30adb-fa03-4918-b228-a16916739001,NYU_Form,Quoted Sources,1,,{},1,581,1160,"Rick Gates, who served as Trump\u2019s deputy campaign chairman, testified Tuesday that Stone began discussing Clinton leaks with the campaign in April 2016 and that from May onward Gates understood Stone to be the campaign\u2019s intermediary with WikiLeaks. By July 2016, Gates testified, Trump campaign chairman Paul Manafort said he was updating Trump and others regularly and directed Gates to keep following up with Stone. After Trump ended one phone call from Stone at the end of that month, Gates testified, the future president said to Gates that \u201cmore information would be coming"
118,NYU_Articles/Day1/RogerStoneTrialEndsRick.txt,100033,RogerStoneTrialEndsRick.txt,86d0e1839d825b8b56f2c7430efa716f4777e45dd001dd29ff68a3d232069e4c,2442,27c9f907-e03b-4f8b-a51c-3a0ca4c675b5,NYU_Form.adjudicated,e4f72cac-1e5d-4313-b955-ff2f4267e576,Adjudicator nick task 1895 article number 100033,True,fcccfcd4-62aa-4d4c-a22d-63b2c20bd99a,273cd347-2beb-4d1a-b011-f30d94139123,NYU_Form,Quoted Sources,2,,{},1,1180,1321,"As Rachel Maddow points out in the segment above, Donald Trump said something completely different in his written responses to Robert Mueller"
106,NYU_Articles/Day1/NBCABCAndCBSAppear.txt,100034,NBCABCAndCBSAppear.txt,3b9c291d9345c8221a497206a766483bf78df474550f0c50c58df9ad4c20ff75,7001,27c9f907-e03b-4f8b-a51c-3a0ca4c675b5,NYU_Form.adjudicated,f017526a-ec44-487a-8980-d4e0436432a7,Adjudicator nick task 1896 article number 100034,True,7f300d46-59df-400f-b0ba-6727bc45292f,a5ade5da-a0b1-4990-844f-0f6b2582757d,NYU_Form,Quoted Sources,5,,{},3,5004,5333,"ABC News denied this, saying in a statement that it has \u201cnever stopped investigating the story.\u201d They added that it has employed a team to uncover the truth about Epstein, whom authorities arrested on accusations of child sex-trafficking in July.\n\nThe network said it plans to release extensive reports on Epstein in the new year"
107,NYU_Articles/Day1/NBCABCAndCBSAppear.txt,100034,NBCABCAndCBSAppear.txt,3b9c291d9345c8221a497206a766483bf78df474550f0c50c58df9ad4c20ff75,7001,27c9f907-e03b-4f8b-a51c-3a0ca4c675b5,NYU_Form.adjudicated,f017526a-ec44-487a-8980-d4e0436432a7,Adjudicator nick task 1896 article number 100034,True,7f300d46-59df-400f-b0ba-6727bc45292f,a5ade5da-a0b1-4990-844f-0f6b2582757d,NYU_Form,Quoted Sources,5,,{},3,6075,6165,"The outlet is now investigating who leaked the video, it said in a statement to journalist"
108,NYU_Articles/Day1/NBCABCAndCBSAppear.txt,100034,NBCABCAndCBSAppear.txt,3b9c291d9345c8221a497206a766483bf78df474550f0c50c58df9ad4c20ff75,7001,27c9f907-e03b-4f8b-a51c-3a0ca4c675b5,NYU_Form.adjudicated,f017526a-ec44-487a-8980-d4e0436432a7,Adjudicator nick task 1896 article number 100034,True,7f300d46-59df-400f-b0ba-6727bc45292f,a5ade5da-a0b1-4990-844f-0f6b2582757d,NYU_Form,Quoted Sources,5,,{},3,6193,6347,"We take violations of company policy very seriously, and we\u2019re pursuing all avenues to determine the source of the leak,\u201d a spokesperson for ABC News said"
100,NYU_Articles/Day1/NBCABCAndCBSAppear.txt,100034,NBCABCAndCBSAppear.txt,3b9c291d9345c8221a497206a766483bf78df474550f0c50c58df9ad4c20ff75,7001,27c9f907-e03b-4f8b-a51c-3a0ca4c675b5,NYU_Form.adjudicated,f017526a-ec44-487a-8980-d4e0436432a7,Adjudicator nick task 1896 article number 100034,True,7f300d46-59df-400f-b0ba-6727bc45292f,91f34d95-2774-4bc6-b5e9-d1e2c625575e,NYU_Form,Quoted Sources,3,,{},1,3669,4014,"Journalist Megyn Kelly went after NBC News on Oct. 16, saying the network should \u201cshow us the money\u201d and come clean about any and all agreements made to former staffers. She added that there \u201cneeds to be an outside investigation into\u201d the network, mentioning that several other outlets with allegations of scandals have done the same in the past"
98,NYU_Articles/Day1/NBCABCAndCBSAppear.txt,100034,NBCABCAndCBSAppear.txt,3b9c291d9345c8221a497206a766483bf78df474550f0c50c58df9ad4c20ff75,7001,27c9f907-e03b-4f8b-a51c-3a0ca4c675b5,NYU_Form.adjudicated,f017526a-ec44-487a-8980-d4e0436432a7,Adjudicator nick task 1896 article number 100034,True,7f300d46-59df-400f-b0ba-6727bc45292f,594ea432-89ae-4ba0-bac4-5aa51f62d55a,NYU_Form,Quoted Sources,1,,{},1,3184,3505,"Any former NBC News employee who believes that they cannot disclose their experience with sexual harassment as a result of a confidentiality or non-disparagement provision in their separation agreement should contact NBCUniversal and we will release them from that perceived obligation,\u201d an NBCUniversal spokesperson said"
109,NYU_Articles/Day1/NBCABCAndCBSAppear.txt,100034,NBCABCAndCBSAppear.txt,3b9c291d9345c8221a497206a766483bf78df474550f0c50c58df9ad4c20ff75,7001,27c9f907-e03b-4f8b-a51c-3a0ca4c675b5,NYU_Form.adjudicated,f017526a-ec44-487a-8980-d4e0436432a7,Adjudicator nick task 1896 article number 100034,True,7f300d46-59df-400f-b0ba-6727bc45292f,7e1be6ae-d0c4-451e-806d-2847170a9209,NYU_Form,Quoted Sources,6,,{},1,6814,6926,"CBS fired that employee, a woman, Wednesday after ABC executives notified CBS of the situation, a TV source said"
99,NYU_Articles/Day1/NBCABCAndCBSAppear.txt,100034,NBCABCAndCBSAppear.txt,3b9c291d9345c8221a497206a766483bf78df474550f0c50c58df9ad4c20ff75,7001,27c9f907-e03b-4f8b-a51c-3a0ca4c675b5,NYU_Form.adjudicated,f017526a-ec44-487a-8980-d4e0436432a7,Adjudicator nick task 1896 article number 100034,True,7f300d46-59df-400f-b0ba-6727bc45292f,9c05d70a-36f0-4a37-893c-35140c0395a6,NYU_Form,Quoted Sources,2,,{},1,3507,3544,according to Rachel Maddow on Oct. 25
110,NYU_Articles/Day1/NBCABCAndCBSAppear.txt,100034,NBCABCAndCBSAppear.txt,3b9c291d9345c8221a497206a766483bf78df474550f0c50c58df9ad4c20ff75,7001,27c9f907-e03b-4f8b-a51c-3a0ca4c675b5,NYU_Form.adjudicated,f017526a-ec44-487a-8980-d4e0436432a7,Adjudicator nick task 1896 article number 100034,True,7f300d46-59df-400f-b0ba-6727bc45292f,38da5533-b2a0-472e-aa60-8f7c5c3d3c8d,NYU_Form,Quoted Sources,7,,{},3,997,1115,"Ronan Farrow came out with a book on Oct. 15 titled \u201cCatch and Kill: Lies, Spies and a Conspiracy to Protect Predators"
111,NYU_Articles/Day1/NBCABCAndCBSAppear.txt,100034,NBCABCAndCBSAppear.txt,3b9c291d9345c8221a497206a766483bf78df474550f0c50c58df9ad4c20ff75,7001,27c9f907-e03b-4f8b-a51c-3a0ca4c675b5,NYU_Form.adjudicated,f017526a-ec44-487a-8980-d4e0436432a7,Adjudicator nick task 1896 article number 100034,True,7f300d46-59df-400f-b0ba-6727bc45292f,38da5533-b2a0-472e-aa60-8f7c5c3d3c8d,NYU_Form,Quoted Sources,7,,{},3,1466,1676,"Catch and Kill\u201d makes serious allegations against NBC News, detailing how Weinstein allegedly pressured the outlet into dropping a story because he knew of former NBC host Matt Lauer\u2019s alleged sexual misconduct"
112,NYU_Articles/Day1/NBCABCAndCBSAppear.txt,100034,NBCABCAndCBSAppear.txt,3b9c291d9345c8221a497206a766483bf78df474550f0c50c58df9ad4c20ff75,7001,27c9f907-e03b-4f8b-a51c-3a0ca4c675b5,NYU_Form.adjudicated,f017526a-ec44-487a-8980-d4e0436432a7,Adjudicator nick task 1896 article number 100034,True,7f300d46-59df-400f-b0ba-6727bc45292f,38da5533-b2a0-472e-aa60-8f7c5c3d3c8d,NYU_Form,Quoted Sources,7,,{},3,2791,2864,Farrow noted that \u201cthere is proof and a paper trail\u201d detailed in the book
101,NYU_Articles/Day1/NBCABCAndCBSAppear.txt,100034,NBCABCAndCBSAppear.txt,3b9c291d9345c8221a497206a766483bf78df474550f0c50c58df9ad4c20ff75,7001,27c9f907-e03b-4f8b-a51c-3a0ca4c675b5,NYU_Form.adjudicated,f017526a-ec44-487a-8980-d4e0436432a7,Adjudicator nick task 1896 article number 100034,True,7f300d46-59df-400f-b0ba-6727bc45292f,0e2259e6-c914-47fb-9f6b-fc8637ee34f9,NYU_Form,Quoted Sources,4,,{},5,4457,4537,Robach was caught on camera saying ABC killed her interview with Epstein accuser
102,NYU_Articles/Day1/NBCABCAndCBSAppear.txt,100034,NBCABCAndCBSAppear.txt,3b9c291d9345c8221a497206a766483bf78df474550f0c50c58df9ad4c20ff75,7001,27c9f907-e03b-4f8b-a51c-3a0ca4c675b5,NYU_Form.adjudicated,f017526a-ec44-487a-8980-d4e0436432a7,Adjudicator nick task 1896 article number 100034,True,7f300d46-59df-400f-b0ba-6727bc45292f,0e2259e6-c914-47fb-9f6b-fc8637ee34f9,NYU_Form,Quoted Sources,4,,{},5,4592,4833,"ve had this story for three years,\u201d Robach said in the unearthed video. \u201cI tried for three years to get it on to no avail, and now it\u2019s all coming out and it\u2019s like these new revelations. And I freaking had all of it. I\u2019m so pissed right now"
103,NYU_Articles/Day1/NBCABCAndCBSAppear.txt,100034,NBCABCAndCBSAppear.txt,3b9c291d9345c8221a497206a766483bf78df474550f0c50c58df9ad4c20ff75,7001,27c9f907-e03b-4f8b-a51c-3a0ca4c675b5,NYU_Form.adjudicated,f017526a-ec44-487a-8980-d4e0436432a7,Adjudicator nick task 1896 article number 100034,True,7f300d46-59df-400f-b0ba-6727bc45292f,0e2259e6-c914-47fb-9f6b-fc8637ee34f9,NYU_Form,Quoted Sources,4,,{},5,4837,5002,The anchor said Buckingham Palace threatened ABC News after finding out Prince Andrew was a part of the story and added that she \u201chad all of\u201d the reporting years ago
104,NYU_Articles/Day1/NBCABCAndCBSAppear.txt,100034,NBCABCAndCBSAppear.txt,3b9c291d9345c8221a497206a766483bf78df474550f0c50c58df9ad4c20ff75,7001,27c9f907-e03b-4f8b-a51c-3a0ca4c675b5,NYU_Form.adjudicated,f017526a-ec44-487a-8980-d4e0436432a7,Adjudicator nick task 1896 article number 100034,True,7f300d46-59df-400f-b0ba-6727bc45292f,0e2259e6-c914-47fb-9f6b-fc8637ee34f9,NYU_Form,Quoted Sources,4,,{},5,5335,5520,"Robach also walked back her on-camera remarks, releasing a statement echoing the network\u2019s comments. She attributed to her previous accusations as being \u201ca private moment of frustration"
105,NYU_Articles/Day1/NBCABCAndCBSAppear.txt,100034,NBCABCAndCBSAppear.txt,3b9c291d9345c8221a497206a766483bf78df474550f0c50c58df9ad4c20ff75,7001,27c9f907-e03b-4f8b-a51c-3a0ca4c675b5,NYU_Form.adjudicated,f017526a-ec44-487a-8980-d4e0436432a7,Adjudicator nick task 1896 article number 100034,True,7f300d46-59df-400f-b0ba-6727bc45292f,0e2259e6-c914-47fb-9f6b-fc8637ee34f9,NYU_Form,Quoted Sources,4,,{},5,5642,5924,Robach added that ABC didn\u2019t run the interview \u201cbecause we could not obtain sufficient corroborating evidence to meet ABC\u2019s editorial standard about her allegations.\u201d This statement came after she said she \u201chad all of it\u201d and knew of the allegations against Epstein for \u201cthree years
131,NYU_Articles/Day1/UkrainianOfficialsReleaseRecordsOf.txt,100035,UkrainianOfficialsReleaseRecordsOf.txt,d7a866ba4b0104b93dc030d98d2416a336e37ef90f6c073c339e05cd47d19e24,1626,27c9f907-e03b-4f8b-a51c-3a0ca4c675b5,NYU_Form.adjudicated,67c90a12-e90a-4550-af5e-861bb9905b05,Adjudicator nick task 1897 article number 100035,True,3f45520f-4fec-470f-983c-837fc14fbb2c,4a82710c-c8a7-4044-8d4b-7d109f56b4d7,NYU_Form,Quoted Sources,1,,{},1,1449,1625,"Via CD Media:\n\nThe documents show 46 payments to Hunter Biden\u2019s company from November 2014 to November 2015.\n\nThere were 38 payments for $83,333 totaling more than $3.1 million"
