,article_num,article_sha256,quiz_task_uuid,tua_uuid,schema_namespace,schema_sha256,question_Number,answer_uuid,question_type,agreed_Answer,coding_perc_agreement,one_two_diff,highlighted_indices,alpha_unitizing_score,alpha_unitizing_score_inclusive,agreement_score,num_users,num_answer_choices,target_text,question_text,answer_content,prereq_passed
0,100033,86d0e1839d825b8b56f2c7430efa716f4777e45dd001dd29ff68a3d232069e4c,4f3bca38-79d9-4a37-aebd-db9a33657fe8,896b08c1-6d02-4bd5-886d-5e6045370fc3,Reasoning Specialist V4,eace698d45562a4832f0753fc291ea8199df836c5c98517a897c6d112e9f1545,1,0,checklist,L,0.25,0.75,L,L,L,0.125,4,6,L,Does the passage contain... (check all that apply):,L,True
12,100033,86d0e1839d825b8b56f2c7430efa716f4777e45dd001dd29ff68a3d232069e4c,4f3bca38-79d9-4a37-aebd-db9a33657fe8,896b08c1-6d02-4bd5-886d-5e6045370fc3,Reasoning Specialist V4,eace698d45562a4832f0753fc291ea8199df836c5c98517a897c6d112e9f1545,9,669c039c-500b-4046-a096-e5bab0f17827,ordinal,2,0.6752486235420666,0.6752486235420666,[],,,0.6752486235420666,4,10,,"How difficult was this task for you, on the whole?",2,True
5,100033,86d0e1839d825b8b56f2c7430efa716f4777e45dd001dd29ff68a3d232069e4c,4f3bca38-79d9-4a37-aebd-db9a33657fe8,896b08c1-6d02-4bd5-886d-5e6045370fc3,Reasoning Specialist V4,eace698d45562a4832f0753fc291ea8199df836c5c98517a897c6d112e9f1545,1,0,checklist,L,0.25,0.75,L,L,L,0.125,4,6,L,Does the passage contain... (check all that apply):,L,True
4,100033,86d0e1839d825b8b56f2c7430efa716f4777e45dd001dd29ff68a3d232069e4c,4f3bca38-79d9-4a37-aebd-db9a33657fe8,896b08c1-6d02-4bd5-886d-5e6045370fc3,Reasoning Specialist V4,eace698d45562a4832f0753fc291ea8199df836c5c98517a897c6d112e9f1545,1,0,checklist,L,0.25,0.75,L,L,L,0.125,4,6,L,Does the passage contain... (check all that apply):,L,True
3,100033,86d0e1839d825b8b56f2c7430efa716f4777e45dd001dd29ff68a3d232069e4c,4f3bca38-79d9-4a37-aebd-db9a33657fe8,896b08c1-6d02-4bd5-886d-5e6045370fc3,Reasoning Specialist V4,eace698d45562a4832f0753fc291ea8199df836c5c98517a897c6d112e9f1545,1,0,checklist,M,0.5,0.5,M,M,M,0.25,4,6,M,Does the passage contain... (check all that apply):,M,True
1,100033,86d0e1839d825b8b56f2c7430efa716f4777e45dd001dd29ff68a3d232069e4c,4f3bca38-79d9-4a37-aebd-db9a33657fe8,896b08c1-6d02-4bd5-886d-5e6045370fc3,Reasoning Specialist V4,eace698d45562a4832f0753fc291ea8199df836c5c98517a897c6d112e9f1545,1,0,checklist,L,0.0,1.0,L,L,L,0.0,4,6,L,Does the passage contain... (check all that apply):,L,True
2,100033,86d0e1839d825b8b56f2c7430efa716f4777e45dd001dd29ff68a3d232069e4c,4f3bca38-79d9-4a37-aebd-db9a33657fe8,896b08c1-6d02-4bd5-886d-5e6045370fc3,Reasoning Specialist V4,eace698d45562a4832f0753fc291ea8199df836c5c98517a897c6d112e9f1545,1,0,checklist,L,0.0,1.0,L,L,L,0.0,4,6,L,Does the passage contain... (check all that apply):,L,True
13,100033,86d0e1839d825b8b56f2c7430efa716f4777e45dd001dd29ff68a3d232069e4c,4f3bca38-79d9-4a37-aebd-db9a33657fe8,896b08c1-6d02-4bd5-886d-5e6045370fc3,Reasoning Specialist V4,eace698d45562a4832f0753fc291ea8199df836c5c98517a897c6d112e9f1545,10,eb339ff2-62c0-4a21-9ff6-c0007cbfdc55,ordinal,6,0.8390359525563189,0.8390359525563189,[],,,0.8390359525563189,4,10,,"How confident are you about your answers, on the whole?",6,True
21,100034,3b9c291d9345c8221a497206a766483bf78df474550f0c50c58df9ad4c20ff75,c3be92ee-3e6f-48d4-b097-a3801a1d99e4,aa4b5aaf-adef-427e-b1d5-a2bd43bb4047,Reasoning Specialist V4,eace698d45562a4832f0753fc291ea8199df836c5c98517a897c6d112e9f1545,10,eb339ff2-62c0-4a21-9ff6-c0007cbfdc55,ordinal,6,0.925999418556223,0.925999418556223,[],,,0.925999418556223,4,10,,"How confident are you about your answers, on the whole?",6,True
20,100034,3b9c291d9345c8221a497206a766483bf78df474550f0c50c58df9ad4c20ff75,c3be92ee-3e6f-48d4-b097-a3801a1d99e4,aa4b5aaf-adef-427e-b1d5-a2bd43bb4047,Reasoning Specialist V4,eace698d45562a4832f0753fc291ea8199df836c5c98517a897c6d112e9f1545,9,be3ef7ad-280a-4448-8d04-289a57a967ec,ordinal,4,0.8641922986196168,0.8641922986196168,[],,,0.8641922986196168,4,10,,"How difficult was this task for you, on the whole?",4,True
41,100034,3b9c291d9345c8221a497206a766483bf78df474550f0c50c58df9ad4c20ff75,ff62dc00-85e0-4d67-acf4-13bc60ac04a4,157ece74-6d01-4de4-8280-c5e9c4768e25,Reasoning Specialist V4,eace698d45562a4832f0753fc291ea8199df836c5c98517a897c6d112e9f1545,9,be3ef7ad-280a-4448-8d04-289a57a967ec,ordinal,4,0.7554809596386897,0.7554809596386897,[],,,0.7554809596386897,4,10,,"How difficult was this task for you, on the whole?",4,True
19,100034,3b9c291d9345c8221a497206a766483bf78df474550f0c50c58df9ad4c20ff75,c3be92ee-3e6f-48d4-b097-a3801a1d99e4,aa4b5aaf-adef-427e-b1d5-a2bd43bb4047,Reasoning Specialist V4,eace698d45562a4832f0753fc291ea8199df836c5c98517a897c6d112e9f1545,1,0,checklist,L,0.25,0.75,L,L,L,0.125,4,6,L,Does the passage contain... (check all that apply):,L,True
14,100034,3b9c291d9345c8221a497206a766483bf78df474550f0c50c58df9ad4c20ff75,c3be92ee-3e6f-48d4-b097-a3801a1d99e4,aa4b5aaf-adef-427e-b1d5-a2bd43bb4047,Reasoning Specialist V4,eace698d45562a4832f0753fc291ea8199df836c5c98517a897c6d112e9f1545,1,0,checklist,L,0.0,1.0,L,L,L,0.0,4,6,L,Does the passage contain... (check all that apply):,L,True
16,100034,3b9c291d9345c8221a497206a766483bf78df474550f0c50c58df9ad4c20ff75,c3be92ee-3e6f-48d4-b097-a3801a1d99e4,aa4b5aaf-adef-427e-b1d5-a2bd43bb4047,Reasoning Specialist V4,eace698d45562a4832f0753fc291ea8199df836c5c98517a897c6d112e9f1545,1,0,checklist,L,0.0,1.0,L,L,L,0.0,4,6,L,Does the passage contain... (check all that apply):,L,True
17,100034,3b9c291d9345c8221a497206a766483bf78df474550f0c50c58df9ad4c20ff75,c3be92ee-3e6f-48d4-b097-a3801a1d99e4,aa4b5aaf-adef-427e-b1d5-a2bd43bb4047,Reasoning Specialist V4,eace698d45562a4832f0753fc291ea8199df836c5c98517a897c6d112e9f1545,1,0,checklist,M,0.5,0.5,M,M,M,0.25,4,6,M,Does the passage contain... (check all that apply):,M,True
18,100034,3b9c291d9345c8221a497206a766483bf78df474550f0c50c58df9ad4c20ff75,c3be92ee-3e6f-48d4-b097-a3801a1d99e4,aa4b5aaf-adef-427e-b1d5-a2bd43bb4047,Reasoning Specialist V4,eace698d45562a4832f0753fc291ea8199df836c5c98517a897c6d112e9f1545,1,0,checklist,L,0.25,0.75,L,L,L,0.125,4,6,L,Does the passage contain... (check all that apply):,L,True
22,100034,3b9c291d9345c8221a497206a766483bf78df474550f0c50c58df9ad4c20ff75,ff62dc00-85e0-4d67-acf4-13bc60ac04a4,157ece74-6d01-4de4-8280-c5e9c4768e25,Reasoning Specialist V4,eace698d45562a4832f0753fc291ea8199df836c5c98517a897c6d112e9f1545,1,0,checklist,L,0.25,0.75,L,L,L,0.125,4,6,L,Does the passage contain... (check all that apply):,L,True
23,100034,3b9c291d9345c8221a497206a766483bf78df474550f0c50c58df9ad4c20ff75,ff62dc00-85e0-4d67-acf4-13bc60ac04a4,157ece74-6d01-4de4-8280-c5e9c4768e25,Reasoning Specialist V4,eace698d45562a4832f0753fc291ea8199df836c5c98517a897c6d112e9f1545,1,0,checklist,L,0.25,0.75,L,L,L,0.125,4,6,L,Does the passage contain... (check all that apply):,L,True
24,100034,3b9c291d9345c8221a497206a766483bf78df474550f0c50c58df9ad4c20ff75,ff62dc00-85e0-4d67-acf4-13bc60ac04a4,157ece74-6d01-4de4-8280-c5e9c4768e25,Reasoning Specialist V4,eace698d45562a4832f0753fc291ea8199df836c5c98517a897c6d112e9f1545,1,0,checklist,L,0.0,1.0,L,L,L,0.0,4,6,L,Does the passage contain... (check all that apply):,L,True
25,100034,3b9c291d9345c8221a497206a766483bf78df474550f0c50c58df9ad4c20ff75,ff62dc00-85e0-4d67-acf4-13bc60ac04a4,157ece74-6d01-4de4-8280-c5e9c4768e25,Reasoning Specialist V4,eace698d45562a4832f0753fc291ea8199df836c5c98517a897c6d112e9f1545,1,0,checklist,L,0.0,1.0,L,L,L,0.0,4,6,L,Does the passage contain... (check all that apply):,L,True
26,100034,3b9c291d9345c8221a497206a766483bf78df474550f0c50c58df9ad4c20ff75,ff62dc00-85e0-4d67-acf4-13bc60ac04a4,157ece74-6d01-4de4-8280-c5e9c4768e25,Reasoning Specialist V4,eace698d45562a4832f0753fc291ea8199df836c5c98517a897c6d112e9f1545,1,0,checklist,L,0.0,1.0,L,L,L,0.0,4,6,L,Does the passage contain... (check all that apply):,L,True
27,100034,3b9c291d9345c8221a497206a766483bf78df474550f0c50c58df9ad4c20ff75,ff62dc00-85e0-4d67-acf4-13bc60ac04a4,157ece74-6d01-4de4-8280-c5e9c4768e25,Reasoning Specialist V4,eace698d45562a4832f0753fc291ea8199df836c5c98517a897c6d112e9f1545,1,0,checklist,M,0.5,0.5,M,M,M,0.25,4,6,M,Does the passage contain... (check all that apply):,M,True
15,100034,3b9c291d9345c8221a497206a766483bf78df474550f0c50c58df9ad4c20ff75,c3be92ee-3e6f-48d4-b097-a3801a1d99e4,aa4b5aaf-adef-427e-b1d5-a2bd43bb4047,Reasoning Specialist V4,eace698d45562a4832f0753fc291ea8199df836c5c98517a897c6d112e9f1545,1,0,checklist,L,0.0,1.0,L,L,L,0.0,4,6,L,Does the passage contain... (check all that apply):,L,True
42,100034,3b9c291d9345c8221a497206a766483bf78df474550f0c50c58df9ad4c20ff75,ff62dc00-85e0-4d67-acf4-13bc60ac04a4,157ece74-6d01-4de4-8280-c5e9c4768e25,Reasoning Specialist V4,eace698d45562a4832f0753fc291ea8199df836c5c98517a897c6d112e9f1545,10,eb339ff2-62c0-4a21-9ff6-c0007cbfdc55,ordinal,6,0.7605078530008333,0.7605078530008333,[],,,0.7605078530008333,4,10,,"How confident are you about your answers, on the whole?",6,True
