,Schema,Question_Number,Question_Number_V2,Question_Type,Answer_Number,Point_Recommendation,Label,Unnamed: 0,article_num,article_sha256,quiz_task_uuid,tua_uuid,schema_namespace,schema_sha256,answer_uuid,question_type,agreed_Answer,coding_perc_agreement,one_two_diff,highlighted_indices,alpha_unitizing_score,alpha_unitizing_score_inclusive,agreement_score,num_users,num_answer_choices,target_text,question_text,answer_content,prereq_passed,agreement_adjusted_points,schema
0,Probability,2,,ordinal,3,-1.0,Inappropriate confidence,8,100033,86d0e1839d825b8b56f2c7430efa716f4777e45dd001dd29ff68a3d232069e4c,538be16d-6f08-44ce-bf72-36583c4e528f,99182ea4-a87a-4339-b3ac-bc29f260ab22,Probability Specialist V4,420dc8660318a2f5335151c374ae2aaafb958a7b677e094fed1373a8954468f9,e1c45989-f0aa-4490-bd2b-0836b199bc34,ordinal,3,0.631517202916897,0.631517202916897,"[485.0, 486.0, 487.0, 488.0, 489.0, 490.0, 491.0, 492.0, 493.0, 494.0, 495.0]",0.24295459711504053,0.24295459711504053,0.631517202916897,4,5,nan,To what extent does the confidence seem justified?,Somewhat justified,True,-0.631517202916897,Probability
1,Probability,5,,ordinal,3,-2.0,Doesn’t acknowledge uncertainty,9,100033,86d0e1839d825b8b56f2c7430efa716f4777e45dd001dd29ff68a3d232069e4c,538be16d-6f08-44ce-bf72-36583c4e528f,99182ea4-a87a-4339-b3ac-bc29f260ab22,Probability Specialist V4,420dc8660318a2f5335151c374ae2aaafb958a7b677e094fed1373a8954468f9,a8ab9ba4-6aad-4109-8072-52f5a51bbba9,ordinal,3,0.8020924636173948,0.8020924636173948,[],nan,nan,0.8020924636173948,4,3,nan,"Does the text acknowledge that their favored theory is in any way uncertain? If so, highlight the relevant section.",No,True,-1.6041849272347897,Probability
2,Probability,5,,ordinal,3,-2.0,Doesn’t acknowledge uncertainty,16,100033,86d0e1839d825b8b56f2c7430efa716f4777e45dd001dd29ff68a3d232069e4c,cfecc271-3fc7-4fde-be29-ae3c743c2826,9f78d683-97cf-4a2b-9fe4-7c7e85039cca,Probability Specialist V4,420dc8660318a2f5335151c374ae2aaafb958a7b677e094fed1373a8954468f9,a8ab9ba4-6aad-4109-8072-52f5a51bbba9,ordinal,3,1.0,1.0,[],nan,nan,1.0,4,3,nan,"Does the text acknowledge that their favored theory is in any way uncertain? If so, highlight the relevant section.",No,True,-2.0,Probability
3,Probability,5,,ordinal,3,-2.0,Doesn’t acknowledge uncertainty,2,100033,86d0e1839d825b8b56f2c7430efa716f4777e45dd001dd29ff68a3d232069e4c,0f21a204-85a9-497a-89d5-3d65cfd95c75,f515fa73-0314-4e8a-b6cf-6642655c42d4,Probability Specialist V4,420dc8660318a2f5335151c374ae2aaafb958a7b677e094fed1373a8954468f9,a8ab9ba4-6aad-4109-8072-52f5a51bbba9,ordinal,3,0.8020924636173948,0.8020924636173948,[],nan,nan,0.8020924636173948,4,3,nan,"Does the text acknowledge that their favored theory is in any way uncertain? If so, highlight the relevant section.",No,True,-1.6041849272347897,Probability
