,Schema,Question_Number,Question_Number_V2,Question_Type,Answer_Number,Point_Recommendation,Label,Unnamed: 0,article_num,article_sha256,quiz_task_uuid,tua_uuid,schema_namespace,schema_sha256,answer_uuid,question_type,agreed_Answer,coding_perc_agreement,one_two_diff,highlighted_indices,alpha_unitizing_score,alpha_unitizing_score_inclusive,agreement_score,num_users,num_answer_choices,target_text,question_text,answer_content,prereq_passed,agreement_adjusted_points,schema
0,Language,2,,ordinal,3,-2.0,Metaphor unhelpful,415,100032,832ecb4405a6c6ba17b9f5a67e9cdb91b07462cb9d723162fbcf3e114b66f791,c3247759-6acc-470c-abad-363a6ddf71cf,7dc6b045-95bd-410c-9bff-3f41f6ccfd5d,Language Specialist V4,c61fde1e9a2fcf6f097f0d93b27f7f53fd89c4e5771654f4bdd2711376b3dad6,bfe63c0d-f476-4d2e-950a-15166ca335e2,ordinal,3,0.8479969065549499,0.8479969065549499,[],nan,nan,0.8479969065549499,2,5,nan,"The use of metaphorical language (e.g., metaphors of war, disease, infection, invasion, alien, decay, etc) is....",SOMEWHAT excessive/inappropriate,True,-1.6959938131098997,Language
1,Language,3,,ordinal,1,-5.0,Exaggeration,457,100029,4c3b112770659ce6b8ac1363730d5843907463a9f5535277b674a6ad19e87364,c5ded0a6-42b7-4a2e-96e7-1c29c5ee8e19,352a7135-e111-4746-ada2-91add1ee10f0,Language Specialist V4,c61fde1e9a2fcf6f097f0d93b27f7f53fd89c4e5771654f4bdd2711376b3dad6,1058c09b-d8bb-426a-be1d-71f7c1d2186e,ordinal,1,0.7853812700750918,0.7853812700750918,"[295.0, 296.0, 297.0, 298.0, 299.0, 300.0, 301.0, 302.0, 303.0, 304.0, 305.0, 306.0, 307.0, 308.0, 309.0, 310.0, 311.0, 312.0, 313.0, 314.0, 315.0, 316.0, 317.0, 318.0, 319.0, 320.0, 321.0, 322.0, 323.0, 324.0, 325.0, 326.0, 327.0, 328.0, 329.0, 330.0, 331.0, 332.0, 333.0, 334.0, 335.0, 336.0, 337.0, 338.0, 339.0, 340.0, 341.0, 342.0, 343.0, 344.0, 345.0, 346.0, 347.0, 348.0, 349.0, 350.0, 351.0, 352.0, 353.0, 638.0, 639.0, 640.0, 641.0, 642.0, 643.0, 644.0, 645.0]",0.37338092012055657,0.37338092012055657,0.7853812700750918,3,5,nan,How much does the exaggeration misrepresent reality?,Enormous misrepresentation,True,-3.926906350375459,Language
2,Language,3,,ordinal,3,-2.5,Exaggeration,480,100030,dafa2bb8de86d276aa69797936139a5fdb4c067ef5353f586b53fab36bdd360b,cb82f1f9-9383-49c9-a244-65e044e642d7,bec3f95b-c917-42b3-9619-0c9a31132479,Language Specialist V4,c61fde1e9a2fcf6f097f0d93b27f7f53fd89c4e5771654f4bdd2711376b3dad6,eeb1946c-0054-45ae-ae67-ace18d009fa0,ordinal,3,0.8479969065549499,0.8479969065549499,"[2686.0, 2687.0, 2688.0, 2689.0, 2690.0, 2691.0, 2692.0, 2693.0, 2694.0, 2695.0, 2696.0, 2697.0, 2698.0, 2699.0, 2700.0, 2701.0, 2702.0, 2703.0, 2704.0, 2786.0, 2787.0, 2788.0, 2789.0, 2790.0, 2791.0, 2792.0, 2793.0, 2794.0, 2795.0, 2796.0, 2797.0, 2798.0, 2799.0, 2800.0, 2801.0, 2802.0, 2803.0]",1.0,1.0,0.8479969065549499,2,5,nan,How much does the exaggeration misrepresent reality?,Some misrepresentation,True,-2.1199922663873747,Language
3,Language,3,,ordinal,3,-2.5,Exaggeration,32,100031,729c16dbf760152f8bb67a7ecfbb15a25ae7f594fe35bd711c1d5e1ef1ff5c1f,0251a8d9-7e15-4521-8353-5ff620c8f113,9a5069d1-5b3d-4c1b-8505-9774a32647cd,Language Specialist V4,c61fde1e9a2fcf6f097f0d93b27f7f53fd89c4e5771654f4bdd2711376b3dad6,eeb1946c-0054-45ae-ae67-ace18d009fa0,ordinal,3,0.8479969065549499,0.8479969065549499,"[3709.0, 3710.0, 3711.0, 3712.0, 3713.0, 3714.0, 3715.0, 3716.0]",0.27618851049191606,0.27618851049191606,0.8479969065549499,2,5,nan,How much does the exaggeration misrepresent reality?,Some misrepresentation,True,-2.1199922663873747,Language
4,Language,5,,ordinal,1,-6.0,Inappropriately emotional,458,100029,4c3b112770659ce6b8ac1363730d5843907463a9f5535277b674a6ad19e87364,c5ded0a6-42b7-4a2e-96e7-1c29c5ee8e19,352a7135-e111-4746-ada2-91add1ee10f0,Language Specialist V4,c61fde1e9a2fcf6f097f0d93b27f7f53fd89c4e5771654f4bdd2711376b3dad6,53c72a31-02ef-4001-9c53-5a36e947d3ae,ordinal,1,0.8648259251435817,0.8648259251435817,"[744.0, 745.0, 746.0, 747.0, 748.0, 749.0, 750.0, 751.0, 752.0, 753.0, 754.0, 755.0, 756.0, 757.0, 758.0, 759.0, 760.0, 761.0, 762.0, 763.0, 764.0, 765.0, 766.0, 767.0, 768.0, 769.0, 770.0, 771.0, 772.0, 773.0, 774.0, 775.0, 776.0, 777.0, 778.0, 779.0, 780.0, 781.0, 782.0, 783.0, 784.0, 785.0, 786.0, 787.0, 788.0, 789.0, 790.0, 791.0, 792.0, 793.0, 794.0, 795.0, 796.0, 797.0, 798.0, 799.0]",0.1799093957141864,0.1799093957141864,0.8648259251435817,3,5,nan,How strong is the emotional tone?,Very strong,True,-5.18895555086149,Language
5,Language,5,,ordinal,2,-4.5,Inappropriately emotional,247,100028,f7eb2314bb13aae4542caf7ee10c336890c3e911c50093d575b1849e107abfb7,54c0bd02-0a38-4390-8825-867e46e85b56,e8cd3a4b-7d82-41f0-8eaa-8d701f524c58,Language Specialist V4,c61fde1e9a2fcf6f097f0d93b27f7f53fd89c4e5771654f4bdd2711376b3dad6,9588b82a-f13c-4738-a7d8-73271f38426a,ordinal,2,0.6547945540147673,0.6547945540147673,"[1573.0, 1574.0, 1575.0, 1576.0, 1577.0, 1578.0, 1579.0, 1580.0]",0.44328416370028856,0.22581900116283626,0.6547945540147673,4,5,nan,How strong is the emotional tone?,Somewhat strong,True,-2.9465754930664527,Language
6,Language,9,,ordinal,3,-0.5,Inappropriate slang,378,100033,86d0e1839d825b8b56f2c7430efa716f4777e45dd001dd29ff68a3d232069e4c,a5cd74e5-0be8-4307-96dd-52a197308fdf,c4692d72-62d6-43bb-8989-0b5640098950,Language Specialist V4,c61fde1e9a2fcf6f097f0d93b27f7f53fd89c4e5771654f4bdd2711376b3dad6,a342a447-6fed-4069-8fac-b979ad44f8b0,ordinal,3,0.8479969065549499,0.8479969065549499,[],nan,nan,0.8479969065549499,2,5,nan,How appropriate is the slang?,Moderately inappropriate,True,-0.42399845327747493,Language
7,Language,9,,ordinal,4,-0.25,Inappropriate slang,419,100032,832ecb4405a6c6ba17b9f5a67e9cdb91b07462cb9d723162fbcf3e114b66f791,c3247759-6acc-470c-abad-363a6ddf71cf,7dc6b045-95bd-410c-9bff-3f41f6ccfd5d,Language Specialist V4,c61fde1e9a2fcf6f097f0d93b27f7f53fd89c4e5771654f4bdd2711376b3dad6,14a4bb20-dde1-498a-8e29-f80bb0f07760,ordinal,4,0.8479969065549499,0.8479969065549499,"[1769.0, 1770.0, 1771.0, 1772.0, 1774.0, 1775.0, 1776.0, 1777.0, 1778.0]",0.9472200469851214,0.9472200469851214,0.8479969065549499,2,5,nan,How appropriate is the slang?,Mildly inappropriate,True,-0.21199922663873746,Language
8,Language,9,,ordinal,5,0.0,Inappropriate slang,13,100028,f7eb2314bb13aae4542caf7ee10c336890c3e911c50093d575b1849e107abfb7,0120f692-0e1d-4943-94ce-b9d3983d35d7,744c7cbe-cf44-4cbb-bbb0-901b0d4f35a3,Language Specialist V4,c61fde1e9a2fcf6f097f0d93b27f7f53fd89c4e5771654f4bdd2711376b3dad6,3356b504-ad15-4b82-a826-499d1bcb57ee,ordinal,5,0.8858832505079115,0.8858832505079115,"[4286.0, 4287.0, 4288.0, 4289.0, 4290.0, 4291.0, 4292.0, 4293.0, 4294.0, 4295.0, 4296.0, 4297.0, 4298.0, 4299.0, 4300.0, 4301.0, 4302.0, 4303.0, 4304.0, 4305.0, 4306.0, 4307.0, 4308.0]",0.6603862461539698,0.6603862461539698,0.8858832505079115,4,5,nan,How appropriate is the slang?,Completely appropriate,True,0.0,Language
9,Language,10,,ordinal,2,-0.75,Denigration,14,100028,f7eb2314bb13aae4542caf7ee10c336890c3e911c50093d575b1849e107abfb7,0120f692-0e1d-4943-94ce-b9d3983d35d7,744c7cbe-cf44-4cbb-bbb0-901b0d4f35a3,Language Specialist V4,c61fde1e9a2fcf6f097f0d93b27f7f53fd89c4e5771654f4bdd2711376b3dad6,e82bde65-4d6b-4499-9444-310d56f8480e,ordinal,2,0.691800412632,0.691800412632,"[4286.0, 4287.0, 4288.0, 4289.0, 4290.0, 4291.0, 4292.0, 4293.0, 4294.0, 4295.0, 4296.0, 4297.0, 4298.0, 4299.0, 4300.0, 4301.0, 4302.0, 4303.0, 4304.0, 4305.0, 4306.0, 4307.0, 4308.0]",0.6603862461539698,0.6603862461539698,0.691800412632,4,4,nan,Is the slang used to denigrate a group or perspective?,"Yes, somewhat",True,-0.518850309474,Language
10,Language,10,,ordinal,3,-0.5,Denigration,420,100032,832ecb4405a6c6ba17b9f5a67e9cdb91b07462cb9d723162fbcf3e114b66f791,c3247759-6acc-470c-abad-363a6ddf71cf,7dc6b045-95bd-410c-9bff-3f41f6ccfd5d,Language Specialist V4,c61fde1e9a2fcf6f097f0d93b27f7f53fd89c4e5771654f4bdd2711376b3dad6,4a43fe27-528a-44b5-8fce-c56840850293,ordinal,3,0.8073549220576041,0.8073549220576041,"[1769.0, 1770.0, 1771.0, 1772.0, 1774.0, 1775.0, 1776.0, 1777.0, 1778.0]",0.9472200469851214,0.9472200469851214,0.8073549220576041,2,4,nan,Is the slang used to denigrate a group or perspective?,Maybe,True,-0.40367746102880203,Language
11,Language,10,,ordinal,3,-0.5,Denigration,379,100033,86d0e1839d825b8b56f2c7430efa716f4777e45dd001dd29ff68a3d232069e4c,a5cd74e5-0be8-4307-96dd-52a197308fdf,c4692d72-62d6-43bb-8989-0b5640098950,Language Specialist V4,c61fde1e9a2fcf6f097f0d93b27f7f53fd89c4e5771654f4bdd2711376b3dad6,4a43fe27-528a-44b5-8fce-c56840850293,ordinal,3,1.0,1.0,[],nan,nan,1.0,2,4,nan,Is the slang used to denigrate a group or perspective?,Maybe,True,-0.5,Language
12,Language,11,,ordinal,2,-3.75,Writing errors,535,100031,729c16dbf760152f8bb67a7ecfbb15a25ae7f594fe35bd711c1d5e1ef1ff5c1f,dd66b198-cc1f-49c6-94b7-cf57aa439f18,fdc36128-449b-4699-8336-aad6ea3025dd,Language Specialist V4,c61fde1e9a2fcf6f097f0d93b27f7f53fd89c4e5771654f4bdd2711376b3dad6,274beb80-f1e3-4a98-8729-816fd58ef765,ordinal,2,0.6780719051126377,0.6780719051126377,[],nan,nan,0.6780719051126377,2,5,nan,Do the errors in the writing make understanding the text more difficult?,Considerably,True,-2.5427696441723913,Language
13,Language,11,,ordinal,3,-2.5,Writing errors,194,100033,86d0e1839d825b8b56f2c7430efa716f4777e45dd001dd29ff68a3d232069e4c,39aaccaa-b9d1-4c38-8913-46ad31ae5a87,918e4193-4651-4733-9113-7a07d6b53760,Language Specialist V4,c61fde1e9a2fcf6f097f0d93b27f7f53fd89c4e5771654f4bdd2711376b3dad6,00e67cc2-9d8d-495d-844d-21bc01d43a16,ordinal,3,0.6780719051126377,0.6780719051126377,[],nan,nan,0.6780719051126377,2,5,nan,Do the errors in the writing make understanding the text more difficult?,Somewhat,True,-1.6951797627815943,Language
14,Language,11,,ordinal,4,-1.25,Writing errors,116,100032,832ecb4405a6c6ba17b9f5a67e9cdb91b07462cb9d723162fbcf3e114b66f791,21f97050-e76d-445c-a261-df489009c51c,e8833dbe-360d-47d4-a341-a7ac1466fe03,Language Specialist V4,c61fde1e9a2fcf6f097f0d93b27f7f53fd89c4e5771654f4bdd2711376b3dad6,6d78bdba-327d-485c-bad5-7bfbc73ada48,ordinal,4,1.0,1.0,[],nan,nan,1.0,2,5,nan,Do the errors in the writing make understanding the text more difficult?,Mildly,True,-1.25,Language
15,Language,12,,ordinal,1,0.5,Well-balanced,229,100028,f7eb2314bb13aae4542caf7ee10c336890c3e911c50093d575b1849e107abfb7,53e6ea09-002a-4c64-857f-3e7a077f528b,c8b06e53-82b4-429f-882e-df7fad43369d,Language Specialist V4,c61fde1e9a2fcf6f097f0d93b27f7f53fd89c4e5771654f4bdd2711376b3dad6,3db66758-c91d-4d42-9df0-c5adcd8e1cf3,ordinal,1,0.8150120424781608,0.8150120424781608,[],nan,nan,0.8150120424781608,5,4,nan,"Does the passage contain a particularly neutral, circumspect, or measured account of a frequently heated issue? If so, please offer them kudos.",Nope,True,0.4075060212390804,Language
16,Language,12,,ordinal,1,0.5,Well-balanced,251,100028,f7eb2314bb13aae4542caf7ee10c336890c3e911c50093d575b1849e107abfb7,54c0bd02-0a38-4390-8825-867e46e85b56,e8cd3a4b-7d82-41f0-8eaa-8d701f524c58,Language Specialist V4,c61fde1e9a2fcf6f097f0d93b27f7f53fd89c4e5771654f4bdd2711376b3dad6,3db66758-c91d-4d42-9df0-c5adcd8e1cf3,ordinal,1,0.9718981665512229,0.9718981665512229,[],nan,nan,0.9718981665512229,5,4,nan,"Does the passage contain a particularly neutral, circumspect, or measured account of a frequently heated issue? If so, please offer them kudos.",Nope,True,0.4859490832756114,Language
17,Language,12,,ordinal,1,0.5,Well-balanced,156,100028,f7eb2314bb13aae4542caf7ee10c336890c3e911c50093d575b1849e107abfb7,25826f59-1fe3-440f-868d-ce59cc15b977,8390627c-c51b-46ad-a89e-05f4d03a0fee,Language Specialist V4,c61fde1e9a2fcf6f097f0d93b27f7f53fd89c4e5771654f4bdd2711376b3dad6,3db66758-c91d-4d42-9df0-c5adcd8e1cf3,ordinal,1,0.6339850002884624,0.6339850002884624,[],nan,nan,0.6339850002884624,5,4,nan,"Does the passage contain a particularly neutral, circumspect, or measured account of a frequently heated issue? If so, please offer them kudos.",Nope,True,0.3169925001442312,Language
18,Language,12,,ordinal,1,0.5,Well-balanced,518,100028,f7eb2314bb13aae4542caf7ee10c336890c3e911c50093d575b1849e107abfb7,db54e1c8-65e5-4155-bfb8-09c8121b4850,4e569d5c-3bb7-4e68-8a0d-d6127bf0fcfb,Language Specialist V4,c61fde1e9a2fcf6f097f0d93b27f7f53fd89c4e5771654f4bdd2711376b3dad6,3db66758-c91d-4d42-9df0-c5adcd8e1cf3,ordinal,1,0.8150120424781608,0.8150120424781608,"[7479, 7480, 7481, 7482, 7483, 7484, 7485, 7549, 7550, 7551, 7552, 7553, 7554, 7555, 7556, 7557, 7558, 7559, 7560, 7561, 7562, 7563, 7564, 7643, 7644, 7645, 7646, 7647, 7648, 7649, 7650, 7651, 7652]",nan,nan,,5,4,pivotal//checkered career//trumped up,"Does the passage contain a particularly neutral, circumspect, or measured account of a frequently heated issue? If so, please offer them kudos.",Nope,True,,Language
19,Language,12,,ordinal,1,0.5,Well-balanced,399,100029,4c3b112770659ce6b8ac1363730d5843907463a9f5535277b674a6ad19e87364,bc20c95d-adbe-4273-9799-88e1646cfe2f,14f181bd-f4d1-4ef9-9624-07055e7767a4,Language Specialist V4,c61fde1e9a2fcf6f097f0d93b27f7f53fd89c4e5771654f4bdd2711376b3dad6,3db66758-c91d-4d42-9df0-c5adcd8e1cf3,ordinal,1,0.8073549220576041,0.8073549220576041,[],nan,nan,0.8073549220576041,4,4,nan,"Does the passage contain a particularly neutral, circumspect, or measured account of a frequently heated issue? If so, please offer them kudos.",Nope,True,0.40367746102880203,Language
20,Language,12,,ordinal,1,0.5,Well-balanced,323,100029,4c3b112770659ce6b8ac1363730d5843907463a9f5535277b674a6ad19e87364,7f159a74-1dc9-4b42-b4c0-5ce25f383d86,520cf393-5869-4c79-a9da-eab42f4c3bf9,Language Specialist V4,c61fde1e9a2fcf6f097f0d93b27f7f53fd89c4e5771654f4bdd2711376b3dad6,3db66758-c91d-4d42-9df0-c5adcd8e1cf3,ordinal,1,0.8552778762416621,0.8552778762416621,[],nan,nan,0.8552778762416621,4,4,nan,"Does the passage contain a particularly neutral, circumspect, or measured account of a frequently heated issue? If so, please offer them kudos.",Nope,True,0.42763893812083104,Language
21,Language,12,,ordinal,1,0.5,Well-balanced,463,100029,4c3b112770659ce6b8ac1363730d5843907463a9f5535277b674a6ad19e87364,c5ded0a6-42b7-4a2e-96e7-1c29c5ee8e19,352a7135-e111-4746-ada2-91add1ee10f0,Language Specialist V4,c61fde1e9a2fcf6f097f0d93b27f7f53fd89c4e5771654f4bdd2711376b3dad6,3db66758-c91d-4d42-9df0-c5adcd8e1cf3,ordinal,1,0.8552778762416621,0.8552778762416621,[],nan,nan,0.8552778762416621,4,4,nan,"Does the passage contain a particularly neutral, circumspect, or measured account of a frequently heated issue? If so, please offer them kudos.",Nope,True,0.42763893812083104,Language
22,Language,12,,ordinal,1,0.5,Well-balanced,441,100030,dafa2bb8de86d276aa69797936139a5fdb4c067ef5353f586b53fab36bdd360b,c5d5ab67-ac06-49c8-8cb6-be6b53897584,e82b387c-eb68-4582-979b-2b9cf3d4e46e,Language Specialist V4,c61fde1e9a2fcf6f097f0d93b27f7f53fd89c4e5771654f4bdd2711376b3dad6,3db66758-c91d-4d42-9df0-c5adcd8e1cf3,ordinal,1,0.8073549220576041,0.8073549220576041,[],nan,nan,0.8073549220576041,2,4,nan,"Does the passage contain a particularly neutral, circumspect, or measured account of a frequently heated issue? If so, please offer them kudos.",Nope,True,0.40367746102880203,Language
23,Language,12,,ordinal,1,0.5,Well-balanced,481,100030,dafa2bb8de86d276aa69797936139a5fdb4c067ef5353f586b53fab36bdd360b,cb82f1f9-9383-49c9-a244-65e044e642d7,bec3f95b-c917-42b3-9619-0c9a31132479,Language Specialist V4,c61fde1e9a2fcf6f097f0d93b27f7f53fd89c4e5771654f4bdd2711376b3dad6,3db66758-c91d-4d42-9df0-c5adcd8e1cf3,ordinal,1,0.8073549220576041,0.8073549220576041,[],nan,nan,0.8073549220576041,2,4,nan,"Does the passage contain a particularly neutral, circumspect, or measured account of a frequently heated issue? If so, please offer them kudos.",Nope,True,0.40367746102880203,Language
24,Language,12,,ordinal,1,0.5,Well-balanced,340,100030,dafa2bb8de86d276aa69797936139a5fdb4c067ef5353f586b53fab36bdd360b,8d42e8fc-8515-4e9e-bf10-43cb6b7842ae,47222edd-67a7-4d3d-9e3c-ec19bc36ba5e,Language Specialist V4,c61fde1e9a2fcf6f097f0d93b27f7f53fd89c4e5771654f4bdd2711376b3dad6,3db66758-c91d-4d42-9df0-c5adcd8e1cf3,ordinal,1,0.8073549220576041,0.8073549220576041,[],nan,nan,0.8073549220576041,2,4,nan,"Does the passage contain a particularly neutral, circumspect, or measured account of a frequently heated issue? If so, please offer them kudos.",Nope,True,0.40367746102880203,Language
25,Language,12,,ordinal,1,0.5,Well-balanced,178,100030,dafa2bb8de86d276aa69797936139a5fdb4c067ef5353f586b53fab36bdd360b,36d26207-daca-4955-bca8-ea3a60a3b5d9,f2f56150-fa6e-46c8-9c45-fdfc5a4e595f,Language Specialist V4,c61fde1e9a2fcf6f097f0d93b27f7f53fd89c4e5771654f4bdd2711376b3dad6,3db66758-c91d-4d42-9df0-c5adcd8e1cf3,ordinal,1,0.8073549220576041,0.8073549220576041,[],nan,nan,0.8073549220576041,2,4,nan,"Does the passage contain a particularly neutral, circumspect, or measured account of a frequently heated issue? If so, please offer them kudos.",Nope,True,0.40367746102880203,Language
26,Language,12,,ordinal,1,0.5,Well-balanced,97,100030,dafa2bb8de86d276aa69797936139a5fdb4c067ef5353f586b53fab36bdd360b,1f1f4f61-9dca-442a-be51-02ed0e5f7ec8,7fef1e3e-8d18-4a0e-8f89-977c9c3ce72b,Language Specialist V4,c61fde1e9a2fcf6f097f0d93b27f7f53fd89c4e5771654f4bdd2711376b3dad6,3db66758-c91d-4d42-9df0-c5adcd8e1cf3,ordinal,1,0.8073549220576041,0.8073549220576041,[],nan,nan,0.8073549220576041,2,4,nan,"Does the passage contain a particularly neutral, circumspect, or measured account of a frequently heated issue? If so, please offer them kudos.",Nope,True,0.40367746102880203,Language
27,Language,12,,ordinal,1,0.5,Well-balanced,360,100030,dafa2bb8de86d276aa69797936139a5fdb4c067ef5353f586b53fab36bdd360b,924fddfe-5cb3-4c24-bb8c-3402a1087c2e,9337c4bd-2fa1-40c4-ab48-0c132689965f,Language Specialist V4,c61fde1e9a2fcf6f097f0d93b27f7f53fd89c4e5771654f4bdd2711376b3dad6,3db66758-c91d-4d42-9df0-c5adcd8e1cf3,ordinal,1,0.828634609999496,0.828634609999496,[],nan,nan,0.828634609999496,3,4,nan,"Does the passage contain a particularly neutral, circumspect, or measured account of a frequently heated issue? If so, please offer them kudos.",Nope,True,0.414317304999748,Language
28,Language,12,,ordinal,1,0.5,Well-balanced,38,100031,729c16dbf760152f8bb67a7ecfbb15a25ae7f594fe35bd711c1d5e1ef1ff5c1f,0251a8d9-7e15-4521-8353-5ff620c8f113,9a5069d1-5b3d-4c1b-8505-9774a32647cd,Language Specialist V4,c61fde1e9a2fcf6f097f0d93b27f7f53fd89c4e5771654f4bdd2711376b3dad6,3db66758-c91d-4d42-9df0-c5adcd8e1cf3,ordinal,1,1.0,1.0,[],nan,nan,1.0,2,4,nan,"Does the passage contain a particularly neutral, circumspect, or measured account of a frequently heated issue? If so, please offer them kudos.",Nope,True,0.5,Language
29,Language,12,,ordinal,1,0.5,Well-balanced,536,100031,729c16dbf760152f8bb67a7ecfbb15a25ae7f594fe35bd711c1d5e1ef1ff5c1f,dd66b198-cc1f-49c6-94b7-cf57aa439f18,fdc36128-449b-4699-8336-aad6ea3025dd,Language Specialist V4,c61fde1e9a2fcf6f097f0d93b27f7f53fd89c4e5771654f4bdd2711376b3dad6,3db66758-c91d-4d42-9df0-c5adcd8e1cf3,ordinal,1,0.8073549220576041,0.8073549220576041,[],nan,nan,0.8073549220576041,2,4,nan,"Does the passage contain a particularly neutral, circumspect, or measured account of a frequently heated issue? If so, please offer them kudos.",Nope,True,0.40367746102880203,Language
30,Language,12,,ordinal,1,0.5,Well-balanced,77,100031,729c16dbf760152f8bb67a7ecfbb15a25ae7f594fe35bd711c1d5e1ef1ff5c1f,1ceb21a3-1252-44ea-ba08-38b97dc7e869,933a53ce-2735-4105-b767-d3114de7d0bf,Language Specialist V4,c61fde1e9a2fcf6f097f0d93b27f7f53fd89c4e5771654f4bdd2711376b3dad6,3db66758-c91d-4d42-9df0-c5adcd8e1cf3,ordinal,1,1.0,1.0,[],nan,nan,1.0,2,4,nan,"Does the passage contain a particularly neutral, circumspect, or measured account of a frequently heated issue? If so, please offer them kudos.",Nope,True,0.5,Language
31,Language,12,,ordinal,1,0.5,Well-balanced,576,100031,729c16dbf760152f8bb67a7ecfbb15a25ae7f594fe35bd711c1d5e1ef1ff5c1f,f5c224f1-da19-41d3-951d-46945c93bd95,eda38606-a9f2-4159-941f-24b213dff056,Language Specialist V4,c61fde1e9a2fcf6f097f0d93b27f7f53fd89c4e5771654f4bdd2711376b3dad6,3db66758-c91d-4d42-9df0-c5adcd8e1cf3,ordinal,1,0.8073549220576041,0.8073549220576041,[],nan,nan,0.8073549220576041,2,4,nan,"Does the passage contain a particularly neutral, circumspect, or measured account of a frequently heated issue? If so, please offer them kudos.",Nope,True,0.40367746102880203,Language
32,Language,12,,ordinal,1,0.5,Well-balanced,498,100031,729c16dbf760152f8bb67a7ecfbb15a25ae7f594fe35bd711c1d5e1ef1ff5c1f,d85013c6-3301-49e8-97a4-7fa73ac0a50e,2e028b45-2249-4efb-8a4f-87daca5cd774,Language Specialist V4,c61fde1e9a2fcf6f097f0d93b27f7f53fd89c4e5771654f4bdd2711376b3dad6,3db66758-c91d-4d42-9df0-c5adcd8e1cf3,ordinal,1,0.8073549220576041,0.8073549220576041,[],nan,nan,0.8073549220576041,2,4,nan,"Does the passage contain a particularly neutral, circumspect, or measured account of a frequently heated issue? If so, please offer them kudos.",Nope,True,0.40367746102880203,Language
33,Language,12,,ordinal,1,0.5,Well-balanced,117,100032,832ecb4405a6c6ba17b9f5a67e9cdb91b07462cb9d723162fbcf3e114b66f791,21f97050-e76d-445c-a261-df489009c51c,e8833dbe-360d-47d4-a341-a7ac1466fe03,Language Specialist V4,c61fde1e9a2fcf6f097f0d93b27f7f53fd89c4e5771654f4bdd2711376b3dad6,3db66758-c91d-4d42-9df0-c5adcd8e1cf3,ordinal,1,0.8073549220576041,0.8073549220576041,[],nan,nan,0.8073549220576041,2,4,nan,"Does the passage contain a particularly neutral, circumspect, or measured account of a frequently heated issue? If so, please offer them kudos.",Nope,True,0.40367746102880203,Language
34,Language,12,,ordinal,1,0.5,Well-balanced,422,100032,832ecb4405a6c6ba17b9f5a67e9cdb91b07462cb9d723162fbcf3e114b66f791,c3247759-6acc-470c-abad-363a6ddf71cf,7dc6b045-95bd-410c-9bff-3f41f6ccfd5d,Language Specialist V4,c61fde1e9a2fcf6f097f0d93b27f7f53fd89c4e5771654f4bdd2711376b3dad6,3db66758-c91d-4d42-9df0-c5adcd8e1cf3,ordinal,1,1.0,1.0,[],nan,nan,1.0,2,4,nan,"Does the passage contain a particularly neutral, circumspect, or measured account of a frequently heated issue? If so, please offer them kudos.",Nope,True,0.5,Language
35,Language,12,,ordinal,1,0.5,Well-balanced,195,100033,86d0e1839d825b8b56f2c7430efa716f4777e45dd001dd29ff68a3d232069e4c,39aaccaa-b9d1-4c38-8913-46ad31ae5a87,918e4193-4651-4733-9113-7a07d6b53760,Language Specialist V4,c61fde1e9a2fcf6f097f0d93b27f7f53fd89c4e5771654f4bdd2711376b3dad6,3db66758-c91d-4d42-9df0-c5adcd8e1cf3,ordinal,1,0.8073549220576041,0.8073549220576041,[],nan,nan,0.8073549220576041,2,4,nan,"Does the passage contain a particularly neutral, circumspect, or measured account of a frequently heated issue? If so, please offer them kudos.",Nope,True,0.40367746102880203,Language
36,Language,12,,ordinal,1,0.5,Well-balanced,137,100033,86d0e1839d825b8b56f2c7430efa716f4777e45dd001dd29ff68a3d232069e4c,251a3d9b-bc13-4faa-9a8c-dc316b6de570,14156354-0cf7-48d3-ae94-db28a1c61a4f,Language Specialist V4,c61fde1e9a2fcf6f097f0d93b27f7f53fd89c4e5771654f4bdd2711376b3dad6,3db66758-c91d-4d42-9df0-c5adcd8e1cf3,ordinal,1,1.0,1.0,[],nan,nan,1.0,2,4,nan,"Does the passage contain a particularly neutral, circumspect, or measured account of a frequently heated issue? If so, please offer them kudos.",Nope,True,0.5,Language
37,Language,12,,ordinal,1,0.5,Well-balanced,380,100033,86d0e1839d825b8b56f2c7430efa716f4777e45dd001dd29ff68a3d232069e4c,a5cd74e5-0be8-4307-96dd-52a197308fdf,c4692d72-62d6-43bb-8989-0b5640098950,Language Specialist V4,c61fde1e9a2fcf6f097f0d93b27f7f53fd89c4e5771654f4bdd2711376b3dad6,3db66758-c91d-4d42-9df0-c5adcd8e1cf3,ordinal,1,0.8073549220576041,0.8073549220576041,[],nan,nan,0.8073549220576041,2,4,nan,"Does the passage contain a particularly neutral, circumspect, or measured account of a frequently heated issue? If so, please offer them kudos.",Nope,True,0.40367746102880203,Language
38,Language,12,,ordinal,1,0.5,Well-balanced,592,100034,3b9c291d9345c8221a497206a766483bf78df474550f0c50c58df9ad4c20ff75,fe13a17d-96d8-4734-9c95-48f2ef0a386e,722dccbc-6454-4c2c-9b07-80692679ebd0,Language Specialist V4,c61fde1e9a2fcf6f097f0d93b27f7f53fd89c4e5771654f4bdd2711376b3dad6,3db66758-c91d-4d42-9df0-c5adcd8e1cf3,ordinal,1,0.9708536543404837,0.9708536543404837,[],nan,nan,0.9708536543404837,2,4,nan,"Does the passage contain a particularly neutral, circumspect, or measured account of a frequently heated issue? If so, please offer them kudos.",Nope,True,0.4854268271702418,Language
39,Language,12,,ordinal,1,0.5,Well-balanced,269,100034,3b9c291d9345c8221a497206a766483bf78df474550f0c50c58df9ad4c20ff75,5dd1205f-a9d6-4676-bd05-deda3d3b9c8d,b4bf9978-1a70-41dc-8859-0bcf2caa802e,Language Specialist V4,c61fde1e9a2fcf6f097f0d93b27f7f53fd89c4e5771654f4bdd2711376b3dad6,3db66758-c91d-4d42-9df0-c5adcd8e1cf3,ordinal,1,0.8073549220576041,0.8073549220576041,[],nan,nan,0.8073549220576041,2,4,nan,"Does the passage contain a particularly neutral, circumspect, or measured account of a frequently heated issue? If so, please offer them kudos.",Nope,True,0.40367746102880203,Language
40,Language,12,,ordinal,1,0.5,Well-balanced,57,100035,d7a866ba4b0104b93dc030d98d2416a336e37ef90f6c073c339e05cd47d19e24,0d3fca42-138f-4925-b124-4863e9c71019,6b5f80c1-8c30-49a3-a132-105272536ca7,Language Specialist V4,c61fde1e9a2fcf6f097f0d93b27f7f53fd89c4e5771654f4bdd2711376b3dad6,3db66758-c91d-4d42-9df0-c5adcd8e1cf3,ordinal,1,0.8073549220576041,0.8073549220576041,[],nan,nan,0.8073549220576041,2,4,nan,"Does the passage contain a particularly neutral, circumspect, or measured account of a frequently heated issue? If so, please offer them kudos.",Nope,True,0.40367746102880203,Language
41,Language,12,,ordinal,1,0.5,Well-balanced,288,100035,d7a866ba4b0104b93dc030d98d2416a336e37ef90f6c073c339e05cd47d19e24,6c3ecd39-8d50-42f2-8350-27eb19db3670,bea3d6b8-2f38-46f5-bfd3-8e93b0e53ee6,Language Specialist V4,c61fde1e9a2fcf6f097f0d93b27f7f53fd89c4e5771654f4bdd2711376b3dad6,3db66758-c91d-4d42-9df0-c5adcd8e1cf3,ordinal,1,0.8073549220576041,0.8073549220576041,[],nan,nan,0.8073549220576041,2,4,nan,"Does the passage contain a particularly neutral, circumspect, or measured account of a frequently heated issue? If so, please offer them kudos.",Nope,True,0.40367746102880203,Language
42,Language,12,,ordinal,2,1.0,Well-balanced,15,100028,f7eb2314bb13aae4542caf7ee10c336890c3e911c50093d575b1849e107abfb7,0120f692-0e1d-4943-94ce-b9d3983d35d7,744c7cbe-cf44-4cbb-bbb0-901b0d4f35a3,Language Specialist V4,c61fde1e9a2fcf6f097f0d93b27f7f53fd89c4e5771654f4bdd2711376b3dad6,0f9edcfe-ecd6-47d8-835a-16222fbfb076,ordinal,2,0.8150120424781608,0.8150120424781608,"[4297, 4298, 4299, 4300, 4301, 4302, 4303, 4304, 4305, 4306, 4307, 4308]",0.3214022671961061,0.3214022671961061,0.5682071548371335,5,4,bottom of it,"Does the passage contain a particularly neutral, circumspect, or measured account of a frequently heated issue? If so, please offer them kudos.",Good job!,True,0.5682071548371335,Language
43,Language,12,,ordinal,2,1.0,Well-balanced,304,100029,4c3b112770659ce6b8ac1363730d5843907463a9f5535277b674a6ad19e87364,72f98450-79e3-47a9-97a1-7055f6748e1e,d71b5b21-0e6b-42fd-a479-5032b443b7f1,Language Specialist V4,c61fde1e9a2fcf6f097f0d93b27f7f53fd89c4e5771654f4bdd2711376b3dad6,0f9edcfe-ecd6-47d8-835a-16222fbfb076,ordinal,2,0.8552778762416621,0.8552778762416621,[],nan,nan,0.8552778762416621,4,4,nan,"Does the passage contain a particularly neutral, circumspect, or measured account of a frequently heated issue? If so, please offer them kudos.",Good job!,True,0.8552778762416621,Language
44,Language,12,,ordinal,2,1.0,Well-balanced,211,100029,4c3b112770659ce6b8ac1363730d5843907463a9f5535277b674a6ad19e87364,4a30be9a-24a9-44d6-8cba-aa66ae586a13,0,Language Specialist V4,c61fde1e9a2fcf6f097f0d93b27f7f53fd89c4e5771654f4bdd2711376b3dad6,0f9edcfe-ecd6-47d8-835a-16222fbfb076,ordinal,2,0.8552778762416621,0.8552778762416621,[],nan,nan,0.8552778762416621,4,4,nan,"Does the passage contain a particularly neutral, circumspect, or measured account of a frequently heated issue? If so, please offer them kudos.",Good job!,True,0.8552778762416621,Language
45,Language,12,,ordinal,2,1.0,Well-balanced,556,100029,4c3b112770659ce6b8ac1363730d5843907463a9f5535277b674a6ad19e87364,df6abdd6-a419-43d6-b862-df0bf37706aa,eb6b4683-1445-452b-82a0-fd545f579420,Language Specialist V4,c61fde1e9a2fcf6f097f0d93b27f7f53fd89c4e5771654f4bdd2711376b3dad6,0f9edcfe-ecd6-47d8-835a-16222fbfb076,ordinal,2,0.8552778762416621,0.8552778762416621,[],nan,nan,0.8552778762416621,4,4,nan,"Does the passage contain a particularly neutral, circumspect, or measured account of a frequently heated issue? If so, please offer them kudos.",Good job!,True,0.8552778762416621,Language
