,article_num,article_sha256,quiz_task_uuid,tua_uuid,schema_namespace,schema_sha256,question_Number,answer_uuid,question_type,agreed_Answer,coding_perc_agreement,one_two_diff,highlighted_indices,alpha_unitizing_score,alpha_unitizing_score_inclusive,agreement_score,num_users,num_answer_choices,target_text,question_text,answer_content,prereq_passed
210,100033,86d0e1839d825b8b56f2c7430efa716f4777e45dd001dd29ff68a3d232069e4c,4f3bca38-79d9-4a37-aebd-db9a33657fe8,896b08c1-6d02-4bd5-886d-5e6045370fc3,Reasoning Specialist V4,eace698d45562a4832f0753fc291ea8199df836c5c98517a897c6d112e9f1545,1,0,checklist,L,0.2,0.8,L,L,L,0.1,5,6,L,Does the passage contain... (check all that apply):,L,True
222,100033,86d0e1839d825b8b56f2c7430efa716f4777e45dd001dd29ff68a3d232069e4c,4f3bca38-79d9-4a37-aebd-db9a33657fe8,896b08c1-6d02-4bd5-886d-5e6045370fc3,Reasoning Specialist V4,eace698d45562a4832f0753fc291ea8199df836c5c98517a897c6d112e9f1545,9,0,ordinal,M,0.7283289216801851,0.7283289216801851,M,M,M,0.3641644608400926,5,10,M,"How difficult was this task for you, on the whole?",M,True
211,100033,86d0e1839d825b8b56f2c7430efa716f4777e45dd001dd29ff68a3d232069e4c,4f3bca38-79d9-4a37-aebd-db9a33657fe8,896b08c1-6d02-4bd5-886d-5e6045370fc3,Reasoning Specialist V4,eace698d45562a4832f0753fc291ea8199df836c5c98517a897c6d112e9f1545,1,0,checklist,L,0.0,1.0,L,L,L,0.0,5,6,L,Does the passage contain... (check all that apply):,L,True
215,100033,86d0e1839d825b8b56f2c7430efa716f4777e45dd001dd29ff68a3d232069e4c,4f3bca38-79d9-4a37-aebd-db9a33657fe8,896b08c1-6d02-4bd5-886d-5e6045370fc3,Reasoning Specialist V4,eace698d45562a4832f0753fc291ea8199df836c5c98517a897c6d112e9f1545,1,0,checklist,L,0.2,0.8,L,L,L,0.1,5,6,L,Does the passage contain... (check all that apply):,L,True
212,100033,86d0e1839d825b8b56f2c7430efa716f4777e45dd001dd29ff68a3d232069e4c,4f3bca38-79d9-4a37-aebd-db9a33657fe8,896b08c1-6d02-4bd5-886d-5e6045370fc3,Reasoning Specialist V4,eace698d45562a4832f0753fc291ea8199df836c5c98517a897c6d112e9f1545,1,0,checklist,L,0.0,1.0,L,L,L,0.0,5,6,L,Does the passage contain... (check all that apply):,L,True
223,100033,86d0e1839d825b8b56f2c7430efa716f4777e45dd001dd29ff68a3d232069e4c,4f3bca38-79d9-4a37-aebd-db9a33657fe8,896b08c1-6d02-4bd5-886d-5e6045370fc3,Reasoning Specialist V4,eace698d45562a4832f0753fc291ea8199df836c5c98517a897c6d112e9f1545,10,eb339ff2-62c0-4a21-9ff6-c0007cbfdc55,ordinal,6,0.8353309837788275,0.8353309837788275,[],,,0.8353309837788275,5,10,,"How confident are you about your answers, on the whole?",6,True
213,100033,86d0e1839d825b8b56f2c7430efa716f4777e45dd001dd29ff68a3d232069e4c,4f3bca38-79d9-4a37-aebd-db9a33657fe8,896b08c1-6d02-4bd5-886d-5e6045370fc3,Reasoning Specialist V4,eace698d45562a4832f0753fc291ea8199df836c5c98517a897c6d112e9f1545,1,0,checklist,M,0.4,0.6,M,M,M,0.2,5,6,M,Does the passage contain... (check all that apply):,M,True
214,100033,86d0e1839d825b8b56f2c7430efa716f4777e45dd001dd29ff68a3d232069e4c,4f3bca38-79d9-4a37-aebd-db9a33657fe8,896b08c1-6d02-4bd5-886d-5e6045370fc3,Reasoning Specialist V4,eace698d45562a4832f0753fc291ea8199df836c5c98517a897c6d112e9f1545,1,0,checklist,M,0.4,0.6,M,M,M,0.2,5,6,M,Does the passage contain... (check all that apply):,M,True
633,100034,3b9c291d9345c8221a497206a766483bf78df474550f0c50c58df9ad4c20ff75,ff62dc00-85e0-4d67-acf4-13bc60ac04a4,157ece74-6d01-4de4-8280-c5e9c4768e25,Reasoning Specialist V4,eace698d45562a4832f0753fc291ea8199df836c5c98517a897c6d112e9f1545,10,0,ordinal,M,0.7089324849140702,0.7089324849140702,M,M,M,0.3544662424570351,5,10,M,"How confident are you about your answers, on the whole?",M,True
508,100034,3b9c291d9345c8221a497206a766483bf78df474550f0c50c58df9ad4c20ff75,c3be92ee-3e6f-48d4-b097-a3801a1d99e4,aa4b5aaf-adef-427e-b1d5-a2bd43bb4047,Reasoning Specialist V4,eace698d45562a4832f0753fc291ea8199df836c5c98517a897c6d112e9f1545,1,0,checklist,M,0.4,0.6,M,M,M,0.2,5,6,M,Does the passage contain... (check all that apply):,M,True
613,100034,3b9c291d9345c8221a497206a766483bf78df474550f0c50c58df9ad4c20ff75,ff62dc00-85e0-4d67-acf4-13bc60ac04a4,157ece74-6d01-4de4-8280-c5e9c4768e25,Reasoning Specialist V4,eace698d45562a4832f0753fc291ea8199df836c5c98517a897c6d112e9f1545,1,0,checklist,L,0.2,0.8,L,L,L,0.1,5,6,L,Does the passage contain... (check all that apply):,L,True
632,100034,3b9c291d9345c8221a497206a766483bf78df474550f0c50c58df9ad4c20ff75,ff62dc00-85e0-4d67-acf4-13bc60ac04a4,157ece74-6d01-4de4-8280-c5e9c4768e25,Reasoning Specialist V4,eace698d45562a4832f0753fc291ea8199df836c5c98517a897c6d112e9f1545,9,45abdcc4-00d7-44f0-affe-03cfaec271fa,ordinal,6,0.7925227566637723,0.7925227566637723,[],,,0.7925227566637723,5,10,,"How difficult was this task for you, on the whole?",6,True
614,100034,3b9c291d9345c8221a497206a766483bf78df474550f0c50c58df9ad4c20ff75,ff62dc00-85e0-4d67-acf4-13bc60ac04a4,157ece74-6d01-4de4-8280-c5e9c4768e25,Reasoning Specialist V4,eace698d45562a4832f0753fc291ea8199df836c5c98517a897c6d112e9f1545,1,0,checklist,L,0.2,0.8,L,L,L,0.1,5,6,L,Does the passage contain... (check all that apply):,L,True
510,100034,3b9c291d9345c8221a497206a766483bf78df474550f0c50c58df9ad4c20ff75,c3be92ee-3e6f-48d4-b097-a3801a1d99e4,aa4b5aaf-adef-427e-b1d5-a2bd43bb4047,Reasoning Specialist V4,eace698d45562a4832f0753fc291ea8199df836c5c98517a897c6d112e9f1545,10,eb339ff2-62c0-4a21-9ff6-c0007cbfdc55,ordinal,6,0.9033388540216232,0.9033388540216232,[],,,0.9033388540216232,5,10,,"How confident are you about your answers, on the whole?",6,True
615,100034,3b9c291d9345c8221a497206a766483bf78df474550f0c50c58df9ad4c20ff75,ff62dc00-85e0-4d67-acf4-13bc60ac04a4,157ece74-6d01-4de4-8280-c5e9c4768e25,Reasoning Specialist V4,eace698d45562a4832f0753fc291ea8199df836c5c98517a897c6d112e9f1545,1,0,checklist,L,0.0,1.0,L,L,L,0.0,5,6,L,Does the passage contain... (check all that apply):,L,True
507,100034,3b9c291d9345c8221a497206a766483bf78df474550f0c50c58df9ad4c20ff75,c3be92ee-3e6f-48d4-b097-a3801a1d99e4,aa4b5aaf-adef-427e-b1d5-a2bd43bb4047,Reasoning Specialist V4,eace698d45562a4832f0753fc291ea8199df836c5c98517a897c6d112e9f1545,1,0,checklist,L,0.2,0.8,L,L,L,0.1,5,6,L,Does the passage contain... (check all that apply):,L,True
616,100034,3b9c291d9345c8221a497206a766483bf78df474550f0c50c58df9ad4c20ff75,ff62dc00-85e0-4d67-acf4-13bc60ac04a4,157ece74-6d01-4de4-8280-c5e9c4768e25,Reasoning Specialist V4,eace698d45562a4832f0753fc291ea8199df836c5c98517a897c6d112e9f1545,1,0,checklist,L,0.0,1.0,L,L,L,0.0,5,6,L,Does the passage contain... (check all that apply):,L,True
618,100034,3b9c291d9345c8221a497206a766483bf78df474550f0c50c58df9ad4c20ff75,ff62dc00-85e0-4d67-acf4-13bc60ac04a4,157ece74-6d01-4de4-8280-c5e9c4768e25,Reasoning Specialist V4,eace698d45562a4832f0753fc291ea8199df836c5c98517a897c6d112e9f1545,1,0,checklist,M,0.6,0.4,M,M,M,0.3,5,6,M,Does the passage contain... (check all that apply):,M,True
617,100034,3b9c291d9345c8221a497206a766483bf78df474550f0c50c58df9ad4c20ff75,ff62dc00-85e0-4d67-acf4-13bc60ac04a4,157ece74-6d01-4de4-8280-c5e9c4768e25,Reasoning Specialist V4,eace698d45562a4832f0753fc291ea8199df836c5c98517a897c6d112e9f1545,1,0,checklist,L,0.0,1.0,L,L,L,0.0,5,6,L,Does the passage contain... (check all that apply):,L,True
503,100034,3b9c291d9345c8221a497206a766483bf78df474550f0c50c58df9ad4c20ff75,c3be92ee-3e6f-48d4-b097-a3801a1d99e4,aa4b5aaf-adef-427e-b1d5-a2bd43bb4047,Reasoning Specialist V4,eace698d45562a4832f0753fc291ea8199df836c5c98517a897c6d112e9f1545,1,0,checklist,L,0.0,1.0,L,L,L,0.0,5,6,L,Does the passage contain... (check all that apply):,L,True
509,100034,3b9c291d9345c8221a497206a766483bf78df474550f0c50c58df9ad4c20ff75,c3be92ee-3e6f-48d4-b097-a3801a1d99e4,aa4b5aaf-adef-427e-b1d5-a2bd43bb4047,Reasoning Specialist V4,eace698d45562a4832f0753fc291ea8199df836c5c98517a897c6d112e9f1545,9,cf96f03f-a18b-448e-81f2-67015c432b63,ordinal,3,0.8748131436445076,0.8748131436445076,[],,,0.8748131436445076,5,10,,"How difficult was this task for you, on the whole?",3,True
505,100034,3b9c291d9345c8221a497206a766483bf78df474550f0c50c58df9ad4c20ff75,c3be92ee-3e6f-48d4-b097-a3801a1d99e4,aa4b5aaf-adef-427e-b1d5-a2bd43bb4047,Reasoning Specialist V4,eace698d45562a4832f0753fc291ea8199df836c5c98517a897c6d112e9f1545,1,0,checklist,L,0.0,1.0,L,L,L,0.0,5,6,L,Does the passage contain... (check all that apply):,L,True
506,100034,3b9c291d9345c8221a497206a766483bf78df474550f0c50c58df9ad4c20ff75,c3be92ee-3e6f-48d4-b097-a3801a1d99e4,aa4b5aaf-adef-427e-b1d5-a2bd43bb4047,Reasoning Specialist V4,eace698d45562a4832f0753fc291ea8199df836c5c98517a897c6d112e9f1545,1,0,checklist,M,0.4,0.6,M,M,M,0.2,5,6,M,Does the passage contain... (check all that apply):,M,True
504,100034,3b9c291d9345c8221a497206a766483bf78df474550f0c50c58df9ad4c20ff75,c3be92ee-3e6f-48d4-b097-a3801a1d99e4,aa4b5aaf-adef-427e-b1d5-a2bd43bb4047,Reasoning Specialist V4,eace698d45562a4832f0753fc291ea8199df836c5c98517a897c6d112e9f1545,1,0,checklist,L,0.0,1.0,L,L,L,0.0,5,6,L,Does the passage contain... (check all that apply):,L,True
546,100036,95e59347e8dd79fe6656dad63f1a495731158f5d629350decb9d78a7739e19cd,e3a609e0-3aba-4eb2-9438-365a750d6a93,9859501b-85f5-4107-9e35-0b7a74d0724c,Reasoning Specialist V4,eace698d45562a4832f0753fc291ea8199df836c5c98517a897c6d112e9f1545,1,0,checklist,L,0.0,1.0,L,L,L,0.0,3,6,L,Does the passage contain... (check all that apply):,L,True
358,100036,95e59347e8dd79fe6656dad63f1a495731158f5d629350decb9d78a7739e19cd,977c2de2-a710-43f5-876b-7fd7c33c398f,45f75957-fef2-4f64-9046-d9026941e82a,Reasoning Specialist V4,eace698d45562a4832f0753fc291ea8199df836c5c98517a897c6d112e9f1545,9,669c039c-500b-4046-a096-e5bab0f17827,ordinal,2,0.8648259251435817,0.8648259251435817,[],,,0.8648259251435817,3,10,,"How difficult was this task for you, on the whole?",2,True
127,100036,95e59347e8dd79fe6656dad63f1a495731158f5d629350decb9d78a7739e19cd,40e0026d-15d3-4ba8-a9e5-f9062a67952a,95ec8a96-be0a-4969-8fcc-c7b4168cac7a,Reasoning Specialist V4,eace698d45562a4832f0753fc291ea8199df836c5c98517a897c6d112e9f1545,1,0,checklist,L,0.0,1.0,L,L,L,0.0,3,6,L,Does the passage contain... (check all that apply):,L,True
562,100036,95e59347e8dd79fe6656dad63f1a495731158f5d629350decb9d78a7739e19cd,e3a609e0-3aba-4eb2-9438-365a750d6a93,9859501b-85f5-4107-9e35-0b7a74d0724c,Reasoning Specialist V4,eace698d45562a4832f0753fc291ea8199df836c5c98517a897c6d112e9f1545,9,0,ordinal,M,0.8272017054059445,0.8272017054059445,M,M,M,0.41360085270297225,3,10,M,"How difficult was this task for you, on the whole?",M,True
544,100036,95e59347e8dd79fe6656dad63f1a495731158f5d629350decb9d78a7739e19cd,e3a609e0-3aba-4eb2-9438-365a750d6a93,9859501b-85f5-4107-9e35-0b7a74d0724c,Reasoning Specialist V4,eace698d45562a4832f0753fc291ea8199df836c5c98517a897c6d112e9f1545,1,0,checklist,L,0.0,1.0,L,L,L,0.0,3,6,L,Does the passage contain... (check all that apply):,L,True
543,100036,95e59347e8dd79fe6656dad63f1a495731158f5d629350decb9d78a7739e19cd,e3a609e0-3aba-4eb2-9438-365a750d6a93,9859501b-85f5-4107-9e35-0b7a74d0724c,Reasoning Specialist V4,eace698d45562a4832f0753fc291ea8199df836c5c98517a897c6d112e9f1545,1,0,checklist,L,0.3333333333333333,0.6666666666666667,L,L,L,0.16666666666666666,3,6,L,Does the passage contain... (check all that apply):,L,True
142,100036,95e59347e8dd79fe6656dad63f1a495731158f5d629350decb9d78a7739e19cd,40e0026d-15d3-4ba8-a9e5-f9062a67952a,95ec8a96-be0a-4969-8fcc-c7b4168cac7a,Reasoning Specialist V4,eace698d45562a4832f0753fc291ea8199df836c5c98517a897c6d112e9f1545,9,0,ordinal,M,0.7913552394075126,0.7913552394075126,M,M,M,0.3956776197037563,3,10,M,"How difficult was this task for you, on the whole?",M,True
547,100036,95e59347e8dd79fe6656dad63f1a495731158f5d629350decb9d78a7739e19cd,e3a609e0-3aba-4eb2-9438-365a750d6a93,9859501b-85f5-4107-9e35-0b7a74d0724c,Reasoning Specialist V4,eace698d45562a4832f0753fc291ea8199df836c5c98517a897c6d112e9f1545,1,0,checklist,L,0.0,1.0,L,L,L,0.0,3,6,L,Does the passage contain... (check all that apply):,L,True
542,100036,95e59347e8dd79fe6656dad63f1a495731158f5d629350decb9d78a7739e19cd,e3a609e0-3aba-4eb2-9438-365a750d6a93,9859501b-85f5-4107-9e35-0b7a74d0724c,Reasoning Specialist V4,eace698d45562a4832f0753fc291ea8199df836c5c98517a897c6d112e9f1545,1,0,checklist,M,0.6666666666666666,0.33333333333333337,M,M,M,0.3333333333333333,3,6,M,Does the passage contain... (check all that apply):,M,True
545,100036,95e59347e8dd79fe6656dad63f1a495731158f5d629350decb9d78a7739e19cd,e3a609e0-3aba-4eb2-9438-365a750d6a93,9859501b-85f5-4107-9e35-0b7a74d0724c,Reasoning Specialist V4,eace698d45562a4832f0753fc291ea8199df836c5c98517a897c6d112e9f1545,1,0,checklist,L,0.0,1.0,L,L,L,0.0,3,6,L,Does the passage contain... (check all that apply):,L,True
128,100036,95e59347e8dd79fe6656dad63f1a495731158f5d629350decb9d78a7739e19cd,40e0026d-15d3-4ba8-a9e5-f9062a67952a,95ec8a96-be0a-4969-8fcc-c7b4168cac7a,Reasoning Specialist V4,eace698d45562a4832f0753fc291ea8199df836c5c98517a897c6d112e9f1545,1,0,checklist,M,0.6666666666666666,0.33333333333333337,M,M,M,0.3333333333333333,3,6,M,Does the passage contain... (check all that apply):,M,True
354,100036,95e59347e8dd79fe6656dad63f1a495731158f5d629350decb9d78a7739e19cd,977c2de2-a710-43f5-876b-7fd7c33c398f,45f75957-fef2-4f64-9046-d9026941e82a,Reasoning Specialist V4,eace698d45562a4832f0753fc291ea8199df836c5c98517a897c6d112e9f1545,1,0,checklist,L,0.0,1.0,L,L,L,0.0,3,6,L,Does the passage contain... (check all that apply):,L,True
357,100036,95e59347e8dd79fe6656dad63f1a495731158f5d629350decb9d78a7739e19cd,977c2de2-a710-43f5-876b-7fd7c33c398f,45f75957-fef2-4f64-9046-d9026941e82a,Reasoning Specialist V4,eace698d45562a4832f0753fc291ea8199df836c5c98517a897c6d112e9f1545,1,0,checklist,L,0.3333333333333333,0.6666666666666667,L,L,L,0.16666666666666666,3,6,L,Does the passage contain... (check all that apply):,L,True
131,100036,95e59347e8dd79fe6656dad63f1a495731158f5d629350decb9d78a7739e19cd,40e0026d-15d3-4ba8-a9e5-f9062a67952a,95ec8a96-be0a-4969-8fcc-c7b4168cac7a,Reasoning Specialist V4,eace698d45562a4832f0753fc291ea8199df836c5c98517a897c6d112e9f1545,1,0,checklist,L,0.0,1.0,L,L,L,0.0,3,6,L,Does the passage contain... (check all that apply):,L,True
356,100036,95e59347e8dd79fe6656dad63f1a495731158f5d629350decb9d78a7739e19cd,977c2de2-a710-43f5-876b-7fd7c33c398f,45f75957-fef2-4f64-9046-d9026941e82a,Reasoning Specialist V4,eace698d45562a4832f0753fc291ea8199df836c5c98517a897c6d112e9f1545,1,0,checklist,L,0.0,1.0,L,L,L,0.0,3,6,L,Does the passage contain... (check all that apply):,L,True
129,100036,95e59347e8dd79fe6656dad63f1a495731158f5d629350decb9d78a7739e19cd,40e0026d-15d3-4ba8-a9e5-f9062a67952a,95ec8a96-be0a-4969-8fcc-c7b4168cac7a,Reasoning Specialist V4,eace698d45562a4832f0753fc291ea8199df836c5c98517a897c6d112e9f1545,1,0,checklist,L,0.0,1.0,L,L,L,0.0,3,6,L,Does the passage contain... (check all that apply):,L,True
355,100036,95e59347e8dd79fe6656dad63f1a495731158f5d629350decb9d78a7739e19cd,977c2de2-a710-43f5-876b-7fd7c33c398f,45f75957-fef2-4f64-9046-d9026941e82a,Reasoning Specialist V4,eace698d45562a4832f0753fc291ea8199df836c5c98517a897c6d112e9f1545,1,0,checklist,M,0.6666666666666666,0.33333333333333337,M,M,M,0.3333333333333333,3,6,M,Does the passage contain... (check all that apply):,M,True
130,100036,95e59347e8dd79fe6656dad63f1a495731158f5d629350decb9d78a7739e19cd,40e0026d-15d3-4ba8-a9e5-f9062a67952a,95ec8a96-be0a-4969-8fcc-c7b4168cac7a,Reasoning Specialist V4,eace698d45562a4832f0753fc291ea8199df836c5c98517a897c6d112e9f1545,1,0,checklist,L,0.0,1.0,L,L,L,0.0,3,6,L,Does the passage contain... (check all that apply):,L,True
353,100036,95e59347e8dd79fe6656dad63f1a495731158f5d629350decb9d78a7739e19cd,977c2de2-a710-43f5-876b-7fd7c33c398f,45f75957-fef2-4f64-9046-d9026941e82a,Reasoning Specialist V4,eace698d45562a4832f0753fc291ea8199df836c5c98517a897c6d112e9f1545,1,0,checklist,L,0.0,1.0,L,L,L,0.0,3,6,L,Does the passage contain... (check all that apply):,L,True
563,100036,95e59347e8dd79fe6656dad63f1a495731158f5d629350decb9d78a7739e19cd,e3a609e0-3aba-4eb2-9438-365a750d6a93,9859501b-85f5-4107-9e35-0b7a74d0724c,Reasoning Specialist V4,eace698d45562a4832f0753fc291ea8199df836c5c98517a897c6d112e9f1545,10,eb339ff2-62c0-4a21-9ff6-c0007cbfdc55,ordinal,6,0.8986646043699666,0.8986646043699666,[],,,0.8986646043699666,3,10,,"How confident are you about your answers, on the whole?",6,True
132,100036,95e59347e8dd79fe6656dad63f1a495731158f5d629350decb9d78a7739e19cd,40e0026d-15d3-4ba8-a9e5-f9062a67952a,95ec8a96-be0a-4969-8fcc-c7b4168cac7a,Reasoning Specialist V4,eace698d45562a4832f0753fc291ea8199df836c5c98517a897c6d112e9f1545,1,0,checklist,L,0.3333333333333333,0.6666666666666667,L,L,L,0.16666666666666666,3,6,L,Does the passage contain... (check all that apply):,L,True
359,100036,95e59347e8dd79fe6656dad63f1a495731158f5d629350decb9d78a7739e19cd,977c2de2-a710-43f5-876b-7fd7c33c398f,45f75957-fef2-4f64-9046-d9026941e82a,Reasoning Specialist V4,eace698d45562a4832f0753fc291ea8199df836c5c98517a897c6d112e9f1545,10,1817f20e-d46c-4cce-8503-7a51e2d0f39b,ordinal,9,1.0,1.0,[],,,1.0,3,10,,"How confident are you about your answers, on the whole?",9,True
143,100036,95e59347e8dd79fe6656dad63f1a495731158f5d629350decb9d78a7739e19cd,40e0026d-15d3-4ba8-a9e5-f9062a67952a,95ec8a96-be0a-4969-8fcc-c7b4168cac7a,Reasoning Specialist V4,eace698d45562a4832f0753fc291ea8199df836c5c98517a897c6d112e9f1545,10,0,ordinal,M,0.7913552394075126,0.7913552394075126,M,M,M,0.3956776197037563,3,10,M,"How confident are you about your answers, on the whole?",M,True
352,100036,95e59347e8dd79fe6656dad63f1a495731158f5d629350decb9d78a7739e19cd,977c2de2-a710-43f5-876b-7fd7c33c398f,45f75957-fef2-4f64-9046-d9026941e82a,Reasoning Specialist V4,eace698d45562a4832f0753fc291ea8199df836c5c98517a897c6d112e9f1545,1,0,checklist,L,0.0,1.0,L,L,L,0.0,3,6,L,Does the passage contain... (check all that apply):,L,True
316,100037,dffe5d7618e02096848897a44be4304eeef2fc09af7e33852dd71113a6c61bf2,79cba18d-9fba-4492-9986-fc65f566ad5c,0,Reasoning Specialist V4,eace698d45562a4832f0753fc291ea8199df836c5c98517a897c6d112e9f1545,1,dbc1959f-22a2-4a14-afe9-7b470563fc14,checklist,6,1.0,0.0,[],,,1.0,3,6,,Does the passage contain... (check all that apply):,None of the above,True
318,100037,dffe5d7618e02096848897a44be4304eeef2fc09af7e33852dd71113a6c61bf2,79cba18d-9fba-4492-9986-fc65f566ad5c,0,Reasoning Specialist V4,eace698d45562a4832f0753fc291ea8199df836c5c98517a897c6d112e9f1545,10,1817f20e-d46c-4cce-8503-7a51e2d0f39b,ordinal,9,0.9342150418290642,0.9342150418290642,[],,,0.9342150418290642,3,10,,"How confident are you about your answers, on the whole?",9,True
311,100037,dffe5d7618e02096848897a44be4304eeef2fc09af7e33852dd71113a6c61bf2,79cba18d-9fba-4492-9986-fc65f566ad5c,0,Reasoning Specialist V4,eace698d45562a4832f0753fc291ea8199df836c5c98517a897c6d112e9f1545,1,0,checklist,L,0.0,1.0,L,L,L,0.0,3,6,L,Does the passage contain... (check all that apply):,L,True
315,100037,dffe5d7618e02096848897a44be4304eeef2fc09af7e33852dd71113a6c61bf2,79cba18d-9fba-4492-9986-fc65f566ad5c,0,Reasoning Specialist V4,eace698d45562a4832f0753fc291ea8199df836c5c98517a897c6d112e9f1545,1,0,checklist,L,0.0,1.0,L,L,L,0.0,3,6,L,Does the passage contain... (check all that apply):,L,True
312,100037,dffe5d7618e02096848897a44be4304eeef2fc09af7e33852dd71113a6c61bf2,79cba18d-9fba-4492-9986-fc65f566ad5c,0,Reasoning Specialist V4,eace698d45562a4832f0753fc291ea8199df836c5c98517a897c6d112e9f1545,1,0,checklist,L,0.0,1.0,L,L,L,0.0,3,6,L,Does the passage contain... (check all that apply):,L,True
317,100037,dffe5d7618e02096848897a44be4304eeef2fc09af7e33852dd71113a6c61bf2,79cba18d-9fba-4492-9986-fc65f566ad5c,0,Reasoning Specialist V4,eace698d45562a4832f0753fc291ea8199df836c5c98517a897c6d112e9f1545,9,669c039c-500b-4046-a096-e5bab0f17827,ordinal,2,0.8648259251435817,0.8648259251435817,[],,,0.8648259251435817,3,10,,"How difficult was this task for you, on the whole?",2,True
314,100037,dffe5d7618e02096848897a44be4304eeef2fc09af7e33852dd71113a6c61bf2,79cba18d-9fba-4492-9986-fc65f566ad5c,0,Reasoning Specialist V4,eace698d45562a4832f0753fc291ea8199df836c5c98517a897c6d112e9f1545,1,0,checklist,L,0.0,1.0,L,L,L,0.0,3,6,L,Does the passage contain... (check all that apply):,L,True
313,100037,dffe5d7618e02096848897a44be4304eeef2fc09af7e33852dd71113a6c61bf2,79cba18d-9fba-4492-9986-fc65f566ad5c,0,Reasoning Specialist V4,eace698d45562a4832f0753fc291ea8199df836c5c98517a897c6d112e9f1545,1,0,checklist,L,0.0,1.0,L,L,L,0.0,3,6,L,Does the passage contain... (check all that apply):,L,True
397,100038,68c644ee4676eeca87052755ec73bde24a957e12dc1d1fcba93795f08063520d,ae749cb2-0ccb-4efb-895c-2da67224449d,b51a9436-6508-4d56-aee9-f24c017f7189,Reasoning Specialist V4,eace698d45562a4832f0753fc291ea8199df836c5c98517a897c6d112e9f1545,1,0,checklist,L,0.3333333333333333,0.6666666666666667,L,L,L,0.16666666666666666,3,6,L,Does the passage contain... (check all that apply):,L,True
407,100038,68c644ee4676eeca87052755ec73bde24a957e12dc1d1fcba93795f08063520d,ae749cb2-0ccb-4efb-895c-2da67224449d,b51a9436-6508-4d56-aee9-f24c017f7189,Reasoning Specialist V4,eace698d45562a4832f0753fc291ea8199df836c5c98517a897c6d112e9f1545,10,1817f20e-d46c-4cce-8503-7a51e2d0f39b,ordinal,9,0.9342150418290642,0.9342150418290642,[],,,0.9342150418290642,3,10,,"How confident are you about your answers, on the whole?",9,True
243,100038,68c644ee4676eeca87052755ec73bde24a957e12dc1d1fcba93795f08063520d,58be75d1-f6d2-4319-b654-c947a387cf5b,26a83086-9b92-4f7e-9dd7-d07f391e8bff,Reasoning Specialist V4,eace698d45562a4832f0753fc291ea8199df836c5c98517a897c6d112e9f1545,1,0,checklist,L,0.0,1.0,L,L,L,0.0,3,6,L,Does the passage contain... (check all that apply):,L,True
242,100038,68c644ee4676eeca87052755ec73bde24a957e12dc1d1fcba93795f08063520d,58be75d1-f6d2-4319-b654-c947a387cf5b,26a83086-9b92-4f7e-9dd7-d07f391e8bff,Reasoning Specialist V4,eace698d45562a4832f0753fc291ea8199df836c5c98517a897c6d112e9f1545,1,0,checklist,L,0.0,1.0,L,L,L,0.0,3,6,L,Does the passage contain... (check all that apply):,L,True
244,100038,68c644ee4676eeca87052755ec73bde24a957e12dc1d1fcba93795f08063520d,58be75d1-f6d2-4319-b654-c947a387cf5b,26a83086-9b92-4f7e-9dd7-d07f391e8bff,Reasoning Specialist V4,eace698d45562a4832f0753fc291ea8199df836c5c98517a897c6d112e9f1545,1,0,checklist,M,0.6666666666666666,0.33333333333333337,M,M,M,0.3333333333333333,3,6,M,Does the passage contain... (check all that apply):,M,True
247,100038,68c644ee4676eeca87052755ec73bde24a957e12dc1d1fcba93795f08063520d,58be75d1-f6d2-4319-b654-c947a387cf5b,26a83086-9b92-4f7e-9dd7-d07f391e8bff,Reasoning Specialist V4,eace698d45562a4832f0753fc291ea8199df836c5c98517a897c6d112e9f1545,1,0,checklist,L,0.0,1.0,L,L,L,0.0,3,6,L,Does the passage contain... (check all that apply):,L,True
246,100038,68c644ee4676eeca87052755ec73bde24a957e12dc1d1fcba93795f08063520d,58be75d1-f6d2-4319-b654-c947a387cf5b,26a83086-9b92-4f7e-9dd7-d07f391e8bff,Reasoning Specialist V4,eace698d45562a4832f0753fc291ea8199df836c5c98517a897c6d112e9f1545,1,0,checklist,L,0.0,1.0,L,L,L,0.0,3,6,L,Does the passage contain... (check all that apply):,L,True
260,100038,68c644ee4676eeca87052755ec73bde24a957e12dc1d1fcba93795f08063520d,58be75d1-f6d2-4319-b654-c947a387cf5b,26a83086-9b92-4f7e-9dd7-d07f391e8bff,Reasoning Specialist V4,eace698d45562a4832f0753fc291ea8199df836c5c98517a897c6d112e9f1545,10,b52a8b58-54e4-4362-9272-e4fe92559ae4,ordinal,7,0.8986646043699666,0.8986646043699666,[],,,0.8986646043699666,3,10,,"How confident are you about your answers, on the whole?",7,True
395,100038,68c644ee4676eeca87052755ec73bde24a957e12dc1d1fcba93795f08063520d,ae749cb2-0ccb-4efb-895c-2da67224449d,b51a9436-6508-4d56-aee9-f24c017f7189,Reasoning Specialist V4,eace698d45562a4832f0753fc291ea8199df836c5c98517a897c6d112e9f1545,1,0,checklist,L,0.0,1.0,L,L,L,0.0,3,6,L,Does the passage contain... (check all that apply):,L,True
396,100038,68c644ee4676eeca87052755ec73bde24a957e12dc1d1fcba93795f08063520d,ae749cb2-0ccb-4efb-895c-2da67224449d,b51a9436-6508-4d56-aee9-f24c017f7189,Reasoning Specialist V4,eace698d45562a4832f0753fc291ea8199df836c5c98517a897c6d112e9f1545,1,0,checklist,L,0.3333333333333333,0.6666666666666667,L,L,L,0.16666666666666666,3,6,L,Does the passage contain... (check all that apply):,L,True
406,100038,68c644ee4676eeca87052755ec73bde24a957e12dc1d1fcba93795f08063520d,ae749cb2-0ccb-4efb-895c-2da67224449d,b51a9436-6508-4d56-aee9-f24c017f7189,Reasoning Specialist V4,eace698d45562a4832f0753fc291ea8199df836c5c98517a897c6d112e9f1545,9,669c039c-500b-4046-a096-e5bab0f17827,ordinal,2,0.8986646043699666,0.8986646043699666,[],,,0.8986646043699666,3,10,,"How difficult was this task for you, on the whole?",2,True
398,100038,68c644ee4676eeca87052755ec73bde24a957e12dc1d1fcba93795f08063520d,ae749cb2-0ccb-4efb-895c-2da67224449d,b51a9436-6508-4d56-aee9-f24c017f7189,Reasoning Specialist V4,eace698d45562a4832f0753fc291ea8199df836c5c98517a897c6d112e9f1545,1,0,checklist,L,0.0,1.0,L,L,L,0.0,3,6,L,Does the passage contain... (check all that apply):,L,True
259,100038,68c644ee4676eeca87052755ec73bde24a957e12dc1d1fcba93795f08063520d,58be75d1-f6d2-4319-b654-c947a387cf5b,26a83086-9b92-4f7e-9dd7-d07f391e8bff,Reasoning Specialist V4,eace698d45562a4832f0753fc291ea8199df836c5c98517a897c6d112e9f1545,9,be3ef7ad-280a-4448-8d04-289a57a967ec,ordinal,4,0.8648259251435817,0.8648259251435817,[],,,0.8648259251435817,3,10,,"How difficult was this task for you, on the whole?",4,True
393,100038,68c644ee4676eeca87052755ec73bde24a957e12dc1d1fcba93795f08063520d,ae749cb2-0ccb-4efb-895c-2da67224449d,b51a9436-6508-4d56-aee9-f24c017f7189,Reasoning Specialist V4,eace698d45562a4832f0753fc291ea8199df836c5c98517a897c6d112e9f1545,1,0,checklist,L,0.0,1.0,L,L,L,0.0,3,6,L,Does the passage contain... (check all that apply):,L,True
394,100038,68c644ee4676eeca87052755ec73bde24a957e12dc1d1fcba93795f08063520d,ae749cb2-0ccb-4efb-895c-2da67224449d,b51a9436-6508-4d56-aee9-f24c017f7189,Reasoning Specialist V4,eace698d45562a4832f0753fc291ea8199df836c5c98517a897c6d112e9f1545,1,0,checklist,L,0.3333333333333333,0.6666666666666667,L,L,L,0.16666666666666666,3,6,L,Does the passage contain... (check all that apply):,L,True
245,100038,68c644ee4676eeca87052755ec73bde24a957e12dc1d1fcba93795f08063520d,58be75d1-f6d2-4319-b654-c947a387cf5b,26a83086-9b92-4f7e-9dd7-d07f391e8bff,Reasoning Specialist V4,eace698d45562a4832f0753fc291ea8199df836c5c98517a897c6d112e9f1545,1,0,checklist,L,0.3333333333333333,0.6666666666666667,L,L,L,0.16666666666666666,3,6,L,Does the passage contain... (check all that apply):,L,True
527,100039,ea908e535280e57805f9f5f093d5694d37623279c3cd90ee46dff92144237ad7,e0cfe341-aebf-4441-b4fd-16ea4263bfc1,2612573c-9f1d-4b7a-9a58-6e93d4aff432,Reasoning Specialist V4,eace698d45562a4832f0753fc291ea8199df836c5c98517a897c6d112e9f1545,1,0,checklist,L,0.0,1.0,L,L,L,0.0,3,6,L,Does the passage contain... (check all that apply):,L,True
145,100039,ea908e535280e57805f9f5f093d5694d37623279c3cd90ee46dff92144237ad7,452fba65-fe45-44b4-b0ba-dffc96e444bc,d3fd7f90-91c4-457c-9ea7-4acb487b8e2e,Reasoning Specialist V4,eace698d45562a4832f0753fc291ea8199df836c5c98517a897c6d112e9f1545,1,0,checklist,M,0.6666666666666666,0.33333333333333337,M,M,M,0.3333333333333333,3,6,M,Does the passage contain... (check all that apply):,M,True
514,100039,ea908e535280e57805f9f5f093d5694d37623279c3cd90ee46dff92144237ad7,e0c63650-45fb-40be-9e5d-386a5b2b56c0,0ac84987-34f1-466e-b354-f2c864f977c8,Reasoning Specialist V4,eace698d45562a4832f0753fc291ea8199df836c5c98517a897c6d112e9f1545,1,0,checklist,L,0.0,1.0,L,L,L,0.0,3,6,L,Does the passage contain... (check all that apply):,L,True
515,100039,ea908e535280e57805f9f5f093d5694d37623279c3cd90ee46dff92144237ad7,e0c63650-45fb-40be-9e5d-386a5b2b56c0,0ac84987-34f1-466e-b354-f2c864f977c8,Reasoning Specialist V4,eace698d45562a4832f0753fc291ea8199df836c5c98517a897c6d112e9f1545,1,0,checklist,L,0.0,1.0,L,L,L,0.0,3,6,L,Does the passage contain... (check all that apply):,L,True
530,100039,ea908e535280e57805f9f5f093d5694d37623279c3cd90ee46dff92144237ad7,e0cfe341-aebf-4441-b4fd-16ea4263bfc1,2612573c-9f1d-4b7a-9a58-6e93d4aff432,Reasoning Specialist V4,eace698d45562a4832f0753fc291ea8199df836c5c98517a897c6d112e9f1545,1,0,checklist,L,0.3333333333333333,0.6666666666666667,L,L,L,0.16666666666666666,3,6,L,Does the passage contain... (check all that apply):,L,True
144,100039,ea908e535280e57805f9f5f093d5694d37623279c3cd90ee46dff92144237ad7,452fba65-fe45-44b4-b0ba-dffc96e444bc,d3fd7f90-91c4-457c-9ea7-4acb487b8e2e,Reasoning Specialist V4,eace698d45562a4832f0753fc291ea8199df836c5c98517a897c6d112e9f1545,1,0,checklist,L,0.0,1.0,L,L,L,0.0,3,6,L,Does the passage contain... (check all that apply):,L,True
146,100039,ea908e535280e57805f9f5f093d5694d37623279c3cd90ee46dff92144237ad7,452fba65-fe45-44b4-b0ba-dffc96e444bc,d3fd7f90-91c4-457c-9ea7-4acb487b8e2e,Reasoning Specialist V4,eace698d45562a4832f0753fc291ea8199df836c5c98517a897c6d112e9f1545,1,0,checklist,L,0.0,1.0,L,L,L,0.0,3,6,L,Does the passage contain... (check all that apply):,L,True
512,100039,ea908e535280e57805f9f5f093d5694d37623279c3cd90ee46dff92144237ad7,e0c63650-45fb-40be-9e5d-386a5b2b56c0,0ac84987-34f1-466e-b354-f2c864f977c8,Reasoning Specialist V4,eace698d45562a4832f0753fc291ea8199df836c5c98517a897c6d112e9f1545,1,0,checklist,L,0.0,1.0,L,L,L,0.0,3,6,L,Does the passage contain... (check all that apply):,L,True
513,100039,ea908e535280e57805f9f5f093d5694d37623279c3cd90ee46dff92144237ad7,e0c63650-45fb-40be-9e5d-386a5b2b56c0,0ac84987-34f1-466e-b354-f2c864f977c8,Reasoning Specialist V4,eace698d45562a4832f0753fc291ea8199df836c5c98517a897c6d112e9f1545,1,0,checklist,L,0.0,1.0,L,L,L,0.0,3,6,L,Does the passage contain... (check all that apply):,L,True
516,100039,ea908e535280e57805f9f5f093d5694d37623279c3cd90ee46dff92144237ad7,e0c63650-45fb-40be-9e5d-386a5b2b56c0,0ac84987-34f1-466e-b354-f2c864f977c8,Reasoning Specialist V4,eace698d45562a4832f0753fc291ea8199df836c5c98517a897c6d112e9f1545,1,0,checklist,M,0.6666666666666666,0.33333333333333337,M,M,M,0.3333333333333333,3,6,M,Does the passage contain... (check all that apply):,M,True
528,100039,ea908e535280e57805f9f5f093d5694d37623279c3cd90ee46dff92144237ad7,e0cfe341-aebf-4441-b4fd-16ea4263bfc1,2612573c-9f1d-4b7a-9a58-6e93d4aff432,Reasoning Specialist V4,eace698d45562a4832f0753fc291ea8199df836c5c98517a897c6d112e9f1545,1,0,checklist,L,0.3333333333333333,0.6666666666666667,L,L,L,0.16666666666666666,3,6,L,Does the passage contain... (check all that apply):,L,True
147,100039,ea908e535280e57805f9f5f093d5694d37623279c3cd90ee46dff92144237ad7,452fba65-fe45-44b4-b0ba-dffc96e444bc,d3fd7f90-91c4-457c-9ea7-4acb487b8e2e,Reasoning Specialist V4,eace698d45562a4832f0753fc291ea8199df836c5c98517a897c6d112e9f1545,1,0,checklist,L,0.0,1.0,L,L,L,0.0,3,6,L,Does the passage contain... (check all that apply):,L,True
531,100039,ea908e535280e57805f9f5f093d5694d37623279c3cd90ee46dff92144237ad7,e0cfe341-aebf-4441-b4fd-16ea4263bfc1,2612573c-9f1d-4b7a-9a58-6e93d4aff432,Reasoning Specialist V4,eace698d45562a4832f0753fc291ea8199df836c5c98517a897c6d112e9f1545,1,0,checklist,M,0.6666666666666666,0.33333333333333337,M,M,M,0.3333333333333333,3,6,M,Does the passage contain... (check all that apply):,M,True
541,100039,ea908e535280e57805f9f5f093d5694d37623279c3cd90ee46dff92144237ad7,e0cfe341-aebf-4441-b4fd-16ea4263bfc1,2612573c-9f1d-4b7a-9a58-6e93d4aff432,Reasoning Specialist V4,eace698d45562a4832f0753fc291ea8199df836c5c98517a897c6d112e9f1545,10,0,ordinal,M,0.7913552394075126,0.7913552394075126,M,M,M,0.3956776197037563,3,10,M,"How confident are you about your answers, on the whole?",M,True
526,100039,ea908e535280e57805f9f5f093d5694d37623279c3cd90ee46dff92144237ad7,e0c63650-45fb-40be-9e5d-386a5b2b56c0,0ac84987-34f1-466e-b354-f2c864f977c8,Reasoning Specialist V4,eace698d45562a4832f0753fc291ea8199df836c5c98517a897c6d112e9f1545,10,0,ordinal,M,0.7913552394075126,0.7913552394075126,M,M,M,0.3956776197037563,3,10,M,"How confident are you about your answers, on the whole?",M,True
159,100039,ea908e535280e57805f9f5f093d5694d37623279c3cd90ee46dff92144237ad7,452fba65-fe45-44b4-b0ba-dffc96e444bc,d3fd7f90-91c4-457c-9ea7-4acb487b8e2e,Reasoning Specialist V4,eace698d45562a4832f0753fc291ea8199df836c5c98517a897c6d112e9f1545,10,0,ordinal,M,0.7913552394075126,0.7913552394075126,M,M,M,0.3956776197037563,3,10,M,"How confident are you about your answers, on the whole?",M,True
158,100039,ea908e535280e57805f9f5f093d5694d37623279c3cd90ee46dff92144237ad7,452fba65-fe45-44b4-b0ba-dffc96e444bc,d3fd7f90-91c4-457c-9ea7-4acb487b8e2e,Reasoning Specialist V4,eace698d45562a4832f0753fc291ea8199df836c5c98517a897c6d112e9f1545,9,0,ordinal,M,0.7067675943321089,0.7067675943321089,M,M,M,0.35338379716605445,3,10,M,"How difficult was this task for you, on the whole?",M,True
529,100039,ea908e535280e57805f9f5f093d5694d37623279c3cd90ee46dff92144237ad7,e0cfe341-aebf-4441-b4fd-16ea4263bfc1,2612573c-9f1d-4b7a-9a58-6e93d4aff432,Reasoning Specialist V4,eace698d45562a4832f0753fc291ea8199df836c5c98517a897c6d112e9f1545,1,0,checklist,L,0.0,1.0,L,L,L,0.0,3,6,L,Does the passage contain... (check all that apply):,L,True
540,100039,ea908e535280e57805f9f5f093d5694d37623279c3cd90ee46dff92144237ad7,e0cfe341-aebf-4441-b4fd-16ea4263bfc1,2612573c-9f1d-4b7a-9a58-6e93d4aff432,Reasoning Specialist V4,eace698d45562a4832f0753fc291ea8199df836c5c98517a897c6d112e9f1545,9,0,ordinal,M,0.7513670936879286,0.7513670936879286,M,M,M,0.3756835468439643,3,10,M,"How difficult was this task for you, on the whole?",M,True
149,100039,ea908e535280e57805f9f5f093d5694d37623279c3cd90ee46dff92144237ad7,452fba65-fe45-44b4-b0ba-dffc96e444bc,d3fd7f90-91c4-457c-9ea7-4acb487b8e2e,Reasoning Specialist V4,eace698d45562a4832f0753fc291ea8199df836c5c98517a897c6d112e9f1545,1,0,checklist,L,0.0,1.0,L,L,L,0.0,3,6,L,Does the passage contain... (check all that apply):,L,True
525,100039,ea908e535280e57805f9f5f093d5694d37623279c3cd90ee46dff92144237ad7,e0c63650-45fb-40be-9e5d-386a5b2b56c0,0ac84987-34f1-466e-b354-f2c864f977c8,Reasoning Specialist V4,eace698d45562a4832f0753fc291ea8199df836c5c98517a897c6d112e9f1545,9,0,ordinal,M,0.7513670936879286,0.7513670936879286,M,M,M,0.3756835468439643,3,10,M,"How difficult was this task for you, on the whole?",M,True
532,100039,ea908e535280e57805f9f5f093d5694d37623279c3cd90ee46dff92144237ad7,e0cfe341-aebf-4441-b4fd-16ea4263bfc1,2612573c-9f1d-4b7a-9a58-6e93d4aff432,Reasoning Specialist V4,eace698d45562a4832f0753fc291ea8199df836c5c98517a897c6d112e9f1545,1,0,checklist,L,0.0,1.0,L,L,L,0.0,3,6,L,Does the passage contain... (check all that apply):,L,True
511,100039,ea908e535280e57805f9f5f093d5694d37623279c3cd90ee46dff92144237ad7,e0c63650-45fb-40be-9e5d-386a5b2b56c0,0ac84987-34f1-466e-b354-f2c864f977c8,Reasoning Specialist V4,eace698d45562a4832f0753fc291ea8199df836c5c98517a897c6d112e9f1545,1,0,checklist,L,0.3333333333333333,0.6666666666666667,L,L,L,0.16666666666666666,3,6,L,Does the passage contain... (check all that apply):,L,True
148,100039,ea908e535280e57805f9f5f093d5694d37623279c3cd90ee46dff92144237ad7,452fba65-fe45-44b4-b0ba-dffc96e444bc,d3fd7f90-91c4-457c-9ea7-4acb487b8e2e,Reasoning Specialist V4,eace698d45562a4832f0753fc291ea8199df836c5c98517a897c6d112e9f1545,1,0,checklist,L,0.3333333333333333,0.6666666666666667,L,L,L,0.16666666666666666,3,6,L,Does the passage contain... (check all that apply):,L,True
52,100040,ec47eb7633cadab64fdca9e163f61b889cb53dcb7c68eeac286b8167155268ed,109e972d-08ac-4a74-9622-c684d4be6c61,0bb3090c-2225-48e2-8f25-c4c66bff4602,Reasoning Specialist V4,eace698d45562a4832f0753fc291ea8199df836c5c98517a897c6d112e9f1545,3,0,checklist,L,0.0,1.0,L,L,L,0.0,3,7,L,Does the argument contain any of the following misleading forms of reasoning? Check all that apply.,L,True
50,100040,ec47eb7633cadab64fdca9e163f61b889cb53dcb7c68eeac286b8167155268ed,109e972d-08ac-4a74-9622-c684d4be6c61,0bb3090c-2225-48e2-8f25-c4c66bff4602,Reasoning Specialist V4,eace698d45562a4832f0753fc291ea8199df836c5c98517a897c6d112e9f1545,1,0,checklist,L,0.0,1.0,L,L,L,0.0,3,6,L,Does the passage contain... (check all that apply):,L,True
49,100040,ec47eb7633cadab64fdca9e163f61b889cb53dcb7c68eeac286b8167155268ed,109e972d-08ac-4a74-9622-c684d4be6c61,0bb3090c-2225-48e2-8f25-c4c66bff4602,Reasoning Specialist V4,eace698d45562a4832f0753fc291ea8199df836c5c98517a897c6d112e9f1545,1,0,checklist,L,0.0,1.0,L,L,L,0.0,3,6,L,Does the passage contain... (check all that apply):,L,True
48,100040,ec47eb7633cadab64fdca9e163f61b889cb53dcb7c68eeac286b8167155268ed,109e972d-08ac-4a74-9622-c684d4be6c61,0bb3090c-2225-48e2-8f25-c4c66bff4602,Reasoning Specialist V4,eace698d45562a4832f0753fc291ea8199df836c5c98517a897c6d112e9f1545,1,0,checklist,L,0.3333333333333333,0.6666666666666667,L,L,L,0.16666666666666666,3,6,L,Does the passage contain... (check all that apply):,L,True
47,100040,ec47eb7633cadab64fdca9e163f61b889cb53dcb7c68eeac286b8167155268ed,109e972d-08ac-4a74-9622-c684d4be6c61,0bb3090c-2225-48e2-8f25-c4c66bff4602,Reasoning Specialist V4,eace698d45562a4832f0753fc291ea8199df836c5c98517a897c6d112e9f1545,1,0,checklist,L,0.0,1.0,L,L,L,0.0,3,6,L,Does the passage contain... (check all that apply):,L,True
46,100040,ec47eb7633cadab64fdca9e163f61b889cb53dcb7c68eeac286b8167155268ed,109e972d-08ac-4a74-9622-c684d4be6c61,0bb3090c-2225-48e2-8f25-c4c66bff4602,Reasoning Specialist V4,eace698d45562a4832f0753fc291ea8199df836c5c98517a897c6d112e9f1545,1,a3d7ad1c-1637-4cf8-904a-541a3dd4ed24,checklist,2,1.0,0.0,"[3057, 3058, 3059, 3060, 3061, 3062, 3063, 3064, 3065, 3066, 3067, 3068, 3069, 3070, 3071, 3072, 3073, 3074, 3075, 3076, 3077, 3078, 3079, 3080, 3081, 3082, 3083, 3084, 3085, 3086, 3087, 3088, 3089, 3090, 3091, 3092, 3093, 3094, 3095, 3096, 3097, 3098, 3099, 3100, 3101, 3102, 3103, 3104, 3105, 3106]",0.927743081213797,0.927743081213797,0.9638715406068984,3,6,"We agree. However, this is the nature of the state",Does the passage contain... (check all that apply):,An evaluative judgment (claims about something being good or bad),True
45,100040,ec47eb7633cadab64fdca9e163f61b889cb53dcb7c68eeac286b8167155268ed,109e972d-08ac-4a74-9622-c684d4be6c61,0bb3090c-2225-48e2-8f25-c4c66bff4602,Reasoning Specialist V4,eace698d45562a4832f0753fc291ea8199df836c5c98517a897c6d112e9f1545,1,0,checklist,L,0.0,1.0,L,L,L,0.0,3,6,L,Does the passage contain... (check all that apply):,L,True
60,100040,ec47eb7633cadab64fdca9e163f61b889cb53dcb7c68eeac286b8167155268ed,109e972d-08ac-4a74-9622-c684d4be6c61,0bb3090c-2225-48e2-8f25-c4c66bff4602,Reasoning Specialist V4,eace698d45562a4832f0753fc291ea8199df836c5c98517a897c6d112e9f1545,10,0,ordinal,M,0.7513670936879286,0.7513670936879286,M,M,M,0.3756835468439643,3,10,M,"How confident are you about your answers, on the whole?",M,True
53,100040,ec47eb7633cadab64fdca9e163f61b889cb53dcb7c68eeac286b8167155268ed,109e972d-08ac-4a74-9622-c684d4be6c61,0bb3090c-2225-48e2-8f25-c4c66bff4602,Reasoning Specialist V4,eace698d45562a4832f0753fc291ea8199df836c5c98517a897c6d112e9f1545,3,0,checklist,M,0.6666666666666666,0.33333333333333337,M,M,M,0.3333333333333333,3,7,M,Does the argument contain any of the following misleading forms of reasoning? Check all that apply.,M,True
55,100040,ec47eb7633cadab64fdca9e163f61b889cb53dcb7c68eeac286b8167155268ed,109e972d-08ac-4a74-9622-c684d4be6c61,0bb3090c-2225-48e2-8f25-c4c66bff4602,Reasoning Specialist V4,eace698d45562a4832f0753fc291ea8199df836c5c98517a897c6d112e9f1545,3,0,checklist,L,0.0,1.0,L,L,L,0.0,3,7,L,Does the argument contain any of the following misleading forms of reasoning? Check all that apply.,L,True
59,100040,ec47eb7633cadab64fdca9e163f61b889cb53dcb7c68eeac286b8167155268ed,109e972d-08ac-4a74-9622-c684d4be6c61,0bb3090c-2225-48e2-8f25-c4c66bff4602,Reasoning Specialist V4,eace698d45562a4832f0753fc291ea8199df836c5c98517a897c6d112e9f1545,9,0,ordinal,M,0.7513670936879286,0.7513670936879286,M,M,M,0.3756835468439643,3,10,M,"How difficult was this task for you, on the whole?",M,True
57,100040,ec47eb7633cadab64fdca9e163f61b889cb53dcb7c68eeac286b8167155268ed,109e972d-08ac-4a74-9622-c684d4be6c61,0bb3090c-2225-48e2-8f25-c4c66bff4602,Reasoning Specialist V4,eace698d45562a4832f0753fc291ea8199df836c5c98517a897c6d112e9f1545,3,0,checklist,L,0.3333333333333333,0.6666666666666667,L,L,L,0.16666666666666666,3,7,L,Does the argument contain any of the following misleading forms of reasoning? Check all that apply.,L,True
56,100040,ec47eb7633cadab64fdca9e163f61b889cb53dcb7c68eeac286b8167155268ed,109e972d-08ac-4a74-9622-c684d4be6c61,0bb3090c-2225-48e2-8f25-c4c66bff4602,Reasoning Specialist V4,eace698d45562a4832f0753fc291ea8199df836c5c98517a897c6d112e9f1545,3,0,checklist,L,0.0,1.0,L,L,L,0.0,3,7,L,Does the argument contain any of the following misleading forms of reasoning? Check all that apply.,L,True
51,100040,ec47eb7633cadab64fdca9e163f61b889cb53dcb7c68eeac286b8167155268ed,109e972d-08ac-4a74-9622-c684d4be6c61,0bb3090c-2225-48e2-8f25-c4c66bff4602,Reasoning Specialist V4,eace698d45562a4832f0753fc291ea8199df836c5c98517a897c6d112e9f1545,3,0,checklist,L,0.3333333333333333,0.6666666666666667,L,L,L,0.16666666666666666,3,7,L,Does the argument contain any of the following misleading forms of reasoning? Check all that apply.,L,True
54,100040,ec47eb7633cadab64fdca9e163f61b889cb53dcb7c68eeac286b8167155268ed,109e972d-08ac-4a74-9622-c684d4be6c61,0bb3090c-2225-48e2-8f25-c4c66bff4602,Reasoning Specialist V4,eace698d45562a4832f0753fc291ea8199df836c5c98517a897c6d112e9f1545,3,0,checklist,L,0.0,1.0,L,L,L,0.0,3,7,L,Does the argument contain any of the following misleading forms of reasoning? Check all that apply.,L,True
385,100041,a2cbd2793021682ba8c9d0dc90f901373791b6653b8de686a304de0f07fbdcd0,ad7c6408-4379-4abf-abfb-4c0ca9773ebd,42c71cca-7dbd-4e87-92e3-fe32e5dd5f23,Reasoning Specialist V4,eace698d45562a4832f0753fc291ea8199df836c5c98517a897c6d112e9f1545,1,0,checklist,L,0.0,1.0,L,L,L,0.0,3,6,L,Does the passage contain... (check all that apply):,L,True
293,100041,a2cbd2793021682ba8c9d0dc90f901373791b6653b8de686a304de0f07fbdcd0,6158d5b8-1313-452e-b7e3-1297c1efe34d,da4d5a14-147d-449d-9326-3bc30f1451b4,Reasoning Specialist V4,eace698d45562a4832f0753fc291ea8199df836c5c98517a897c6d112e9f1545,10,0,ordinal,M,0.7913552394075126,0.7913552394075126,M,M,M,0.3956776197037563,3,10,M,"How confident are you about your answers, on the whole?",M,True
125,100041,a2cbd2793021682ba8c9d0dc90f901373791b6653b8de686a304de0f07fbdcd0,3f2120fb-4b2f-4bf1-b0a6-7ce1bcbe5fda,0,Reasoning Specialist V4,eace698d45562a4832f0753fc291ea8199df836c5c98517a897c6d112e9f1545,9,0,ordinal,M,0.6704985462792765,0.6704985462792765,M,M,M,0.33524927313963826,3,10,M,"How difficult was this task for you, on the whole?",M,True
292,100041,a2cbd2793021682ba8c9d0dc90f901373791b6653b8de686a304de0f07fbdcd0,6158d5b8-1313-452e-b7e3-1297c1efe34d,da4d5a14-147d-449d-9326-3bc30f1451b4,Reasoning Specialist V4,eace698d45562a4832f0753fc291ea8199df836c5c98517a897c6d112e9f1545,9,0,ordinal,M,0.8272017054059444,0.8272017054059444,M,M,M,0.4136008527029722,3,10,M,"How difficult was this task for you, on the whole?",M,True
391,100041,a2cbd2793021682ba8c9d0dc90f901373791b6653b8de686a304de0f07fbdcd0,ad7c6408-4379-4abf-abfb-4c0ca9773ebd,42c71cca-7dbd-4e87-92e3-fe32e5dd5f23,Reasoning Specialist V4,eace698d45562a4832f0753fc291ea8199df836c5c98517a897c6d112e9f1545,9,0,ordinal,M,0.7513670936879286,0.7513670936879286,M,M,M,0.3756835468439643,3,10,M,"How difficult was this task for you, on the whole?",M,True
281,100041,a2cbd2793021682ba8c9d0dc90f901373791b6653b8de686a304de0f07fbdcd0,6158d5b8-1313-452e-b7e3-1297c1efe34d,da4d5a14-147d-449d-9326-3bc30f1451b4,Reasoning Specialist V4,eace698d45562a4832f0753fc291ea8199df836c5c98517a897c6d112e9f1545,1,0,checklist,L,0.3333333333333333,0.6666666666666667,L,L,L,0.16666666666666666,3,6,L,Does the passage contain... (check all that apply):,L,True
280,100041,a2cbd2793021682ba8c9d0dc90f901373791b6653b8de686a304de0f07fbdcd0,6158d5b8-1313-452e-b7e3-1297c1efe34d,da4d5a14-147d-449d-9326-3bc30f1451b4,Reasoning Specialist V4,eace698d45562a4832f0753fc291ea8199df836c5c98517a897c6d112e9f1545,1,0,checklist,L,0.0,1.0,L,L,L,0.0,3,6,L,Does the passage contain... (check all that apply):,L,True
279,100041,a2cbd2793021682ba8c9d0dc90f901373791b6653b8de686a304de0f07fbdcd0,6158d5b8-1313-452e-b7e3-1297c1efe34d,da4d5a14-147d-449d-9326-3bc30f1451b4,Reasoning Specialist V4,eace698d45562a4832f0753fc291ea8199df836c5c98517a897c6d112e9f1545,1,0,checklist,L,0.3333333333333333,0.6666666666666667,L,L,L,0.16666666666666666,3,6,L,Does the passage contain... (check all that apply):,L,True
278,100041,a2cbd2793021682ba8c9d0dc90f901373791b6653b8de686a304de0f07fbdcd0,6158d5b8-1313-452e-b7e3-1297c1efe34d,da4d5a14-147d-449d-9326-3bc30f1451b4,Reasoning Specialist V4,eace698d45562a4832f0753fc291ea8199df836c5c98517a897c6d112e9f1545,1,0,checklist,L,0.3333333333333333,0.6666666666666667,L,L,L,0.16666666666666666,3,6,L,Does the passage contain... (check all that apply):,L,True
277,100041,a2cbd2793021682ba8c9d0dc90f901373791b6653b8de686a304de0f07fbdcd0,6158d5b8-1313-452e-b7e3-1297c1efe34d,da4d5a14-147d-449d-9326-3bc30f1451b4,Reasoning Specialist V4,eace698d45562a4832f0753fc291ea8199df836c5c98517a897c6d112e9f1545,1,0,checklist,L,0.0,1.0,L,L,L,0.0,3,6,L,Does the passage contain... (check all that apply):,L,True
276,100041,a2cbd2793021682ba8c9d0dc90f901373791b6653b8de686a304de0f07fbdcd0,6158d5b8-1313-452e-b7e3-1297c1efe34d,da4d5a14-147d-449d-9326-3bc30f1451b4,Reasoning Specialist V4,eace698d45562a4832f0753fc291ea8199df836c5c98517a897c6d112e9f1545,1,0,checklist,L,0.0,1.0,L,L,L,0.0,3,6,L,Does the passage contain... (check all that apply):,L,True
122,100041,a2cbd2793021682ba8c9d0dc90f901373791b6653b8de686a304de0f07fbdcd0,3f2120fb-4b2f-4bf1-b0a6-7ce1bcbe5fda,0,Reasoning Specialist V4,eace698d45562a4832f0753fc291ea8199df836c5c98517a897c6d112e9f1545,1,0,checklist,L,0.0,1.0,L,L,L,0.0,3,6,L,Does the passage contain... (check all that apply):,L,True
386,100041,a2cbd2793021682ba8c9d0dc90f901373791b6653b8de686a304de0f07fbdcd0,ad7c6408-4379-4abf-abfb-4c0ca9773ebd,42c71cca-7dbd-4e87-92e3-fe32e5dd5f23,Reasoning Specialist V4,eace698d45562a4832f0753fc291ea8199df836c5c98517a897c6d112e9f1545,1,0,checklist,L,0.0,1.0,L,L,L,0.0,3,6,L,Does the passage contain... (check all that apply):,L,True
387,100041,a2cbd2793021682ba8c9d0dc90f901373791b6653b8de686a304de0f07fbdcd0,ad7c6408-4379-4abf-abfb-4c0ca9773ebd,42c71cca-7dbd-4e87-92e3-fe32e5dd5f23,Reasoning Specialist V4,eace698d45562a4832f0753fc291ea8199df836c5c98517a897c6d112e9f1545,1,0,checklist,L,0.0,1.0,L,L,L,0.0,3,6,L,Does the passage contain... (check all that apply):,L,True
126,100041,a2cbd2793021682ba8c9d0dc90f901373791b6653b8de686a304de0f07fbdcd0,3f2120fb-4b2f-4bf1-b0a6-7ce1bcbe5fda,0,Reasoning Specialist V4,eace698d45562a4832f0753fc291ea8199df836c5c98517a897c6d112e9f1545,10,0,ordinal,M,0.713213089364642,0.713213089364642,M,M,M,0.356606544682321,3,10,M,"How confident are you about your answers, on the whole?",M,True
389,100041,a2cbd2793021682ba8c9d0dc90f901373791b6653b8de686a304de0f07fbdcd0,ad7c6408-4379-4abf-abfb-4c0ca9773ebd,42c71cca-7dbd-4e87-92e3-fe32e5dd5f23,Reasoning Specialist V4,eace698d45562a4832f0753fc291ea8199df836c5c98517a897c6d112e9f1545,1,0,checklist,L,0.3333333333333333,0.6666666666666667,L,L,L,0.16666666666666666,3,6,L,Does the passage contain... (check all that apply):,L,True
121,100041,a2cbd2793021682ba8c9d0dc90f901373791b6653b8de686a304de0f07fbdcd0,3f2120fb-4b2f-4bf1-b0a6-7ce1bcbe5fda,0,Reasoning Specialist V4,eace698d45562a4832f0753fc291ea8199df836c5c98517a897c6d112e9f1545,1,0,checklist,L,0.0,1.0,L,L,L,0.0,3,6,L,Does the passage contain... (check all that apply):,L,True
123,100041,a2cbd2793021682ba8c9d0dc90f901373791b6653b8de686a304de0f07fbdcd0,3f2120fb-4b2f-4bf1-b0a6-7ce1bcbe5fda,0,Reasoning Specialist V4,eace698d45562a4832f0753fc291ea8199df836c5c98517a897c6d112e9f1545,1,0,checklist,L,0.0,1.0,L,L,L,0.0,3,6,L,Does the passage contain... (check all that apply):,L,True
124,100041,a2cbd2793021682ba8c9d0dc90f901373791b6653b8de686a304de0f07fbdcd0,3f2120fb-4b2f-4bf1-b0a6-7ce1bcbe5fda,0,Reasoning Specialist V4,eace698d45562a4832f0753fc291ea8199df836c5c98517a897c6d112e9f1545,1,dbc1959f-22a2-4a14-afe9-7b470563fc14,checklist,6,1.0,0.0,[],,,1.0,3,6,,Does the passage contain... (check all that apply):,None of the above,True
120,100041,a2cbd2793021682ba8c9d0dc90f901373791b6653b8de686a304de0f07fbdcd0,3f2120fb-4b2f-4bf1-b0a6-7ce1bcbe5fda,0,Reasoning Specialist V4,eace698d45562a4832f0753fc291ea8199df836c5c98517a897c6d112e9f1545,1,0,checklist,L,0.0,1.0,L,L,L,0.0,3,6,L,Does the passage contain... (check all that apply):,L,True
388,100041,a2cbd2793021682ba8c9d0dc90f901373791b6653b8de686a304de0f07fbdcd0,ad7c6408-4379-4abf-abfb-4c0ca9773ebd,42c71cca-7dbd-4e87-92e3-fe32e5dd5f23,Reasoning Specialist V4,eace698d45562a4832f0753fc291ea8199df836c5c98517a897c6d112e9f1545,1,0,checklist,L,0.0,1.0,L,L,L,0.0,3,6,L,Does the passage contain... (check all that apply):,L,True
392,100041,a2cbd2793021682ba8c9d0dc90f901373791b6653b8de686a304de0f07fbdcd0,ad7c6408-4379-4abf-abfb-4c0ca9773ebd,42c71cca-7dbd-4e87-92e3-fe32e5dd5f23,Reasoning Specialist V4,eace698d45562a4832f0753fc291ea8199df836c5c98517a897c6d112e9f1545,10,0,ordinal,M,0.7513670936879286,0.7513670936879286,M,M,M,0.3756835468439643,3,10,M,"How confident are you about your answers, on the whole?",M,True
119,100041,a2cbd2793021682ba8c9d0dc90f901373791b6653b8de686a304de0f07fbdcd0,3f2120fb-4b2f-4bf1-b0a6-7ce1bcbe5fda,0,Reasoning Specialist V4,eace698d45562a4832f0753fc291ea8199df836c5c98517a897c6d112e9f1545,1,0,checklist,L,0.0,1.0,L,L,L,0.0,3,6,L,Does the passage contain... (check all that apply):,L,True
390,100041,a2cbd2793021682ba8c9d0dc90f901373791b6653b8de686a304de0f07fbdcd0,ad7c6408-4379-4abf-abfb-4c0ca9773ebd,42c71cca-7dbd-4e87-92e3-fe32e5dd5f23,Reasoning Specialist V4,eace698d45562a4832f0753fc291ea8199df836c5c98517a897c6d112e9f1545,1,0,checklist,M,0.6666666666666666,0.33333333333333337,M,M,M,0.3333333333333333,3,6,M,Does the passage contain... (check all that apply):,M,True
27,100042,c87020bba7064b93bf74559d8ba394ef83b1b4d84f1308fc4f77ba3b1099a140,0be4e9ac-125b-45fd-bda3-b8343d59ed8d,36bad2a6-3b32-4296-8f2b-092e25494416,Reasoning Specialist V4,eace698d45562a4832f0753fc291ea8199df836c5c98517a897c6d112e9f1545,1,0,checklist,L,0.0,1.0,L,L,L,0.0,3,6,L,Does the passage contain... (check all that apply):,L,True
501,100042,c87020bba7064b93bf74559d8ba394ef83b1b4d84f1308fc4f77ba3b1099a140,bd838e8a-31a0-4a2f-8f1f-bb2819f4adbf,09de9f4e-1f06-4545-9560-cb3830dc1030,Reasoning Specialist V4,eace698d45562a4832f0753fc291ea8199df836c5c98517a897c6d112e9f1545,9,0,ordinal,M,0.8272017054059444,0.8272017054059444,M,M,M,0.4136008527029722,3,10,M,"How difficult was this task for you, on the whole?",M,True
502,100042,c87020bba7064b93bf74559d8ba394ef83b1b4d84f1308fc4f77ba3b1099a140,bd838e8a-31a0-4a2f-8f1f-bb2819f4adbf,09de9f4e-1f06-4545-9560-cb3830dc1030,Reasoning Specialist V4,eace698d45562a4832f0753fc291ea8199df836c5c98517a897c6d112e9f1545,10,0,ordinal,M,0.8272017054059444,0.8272017054059444,M,M,M,0.4136008527029722,3,10,M,"How confident are you about your answers, on the whole?",M,True
25,100042,c87020bba7064b93bf74559d8ba394ef83b1b4d84f1308fc4f77ba3b1099a140,0be4e9ac-125b-45fd-bda3-b8343d59ed8d,36bad2a6-3b32-4296-8f2b-092e25494416,Reasoning Specialist V4,eace698d45562a4832f0753fc291ea8199df836c5c98517a897c6d112e9f1545,1,0,checklist,L,0.0,1.0,L,L,L,0.0,3,6,L,Does the passage contain... (check all that apply):,L,True
43,100042,c87020bba7064b93bf74559d8ba394ef83b1b4d84f1308fc4f77ba3b1099a140,0be4e9ac-125b-45fd-bda3-b8343d59ed8d,36bad2a6-3b32-4296-8f2b-092e25494416,Reasoning Specialist V4,eace698d45562a4832f0753fc291ea8199df836c5c98517a897c6d112e9f1545,9,0,ordinal,M,0.8272017054059444,0.8272017054059444,M,M,M,0.4136008527029722,3,10,M,"How difficult was this task for you, on the whole?",M,True
44,100042,c87020bba7064b93bf74559d8ba394ef83b1b4d84f1308fc4f77ba3b1099a140,0be4e9ac-125b-45fd-bda3-b8343d59ed8d,36bad2a6-3b32-4296-8f2b-092e25494416,Reasoning Specialist V4,eace698d45562a4832f0753fc291ea8199df836c5c98517a897c6d112e9f1545,10,0,ordinal,M,0.6704985462792765,0.6704985462792765,M,M,M,0.33524927313963826,3,10,M,"How confident are you about your answers, on the whole?",M,True
23,100042,c87020bba7064b93bf74559d8ba394ef83b1b4d84f1308fc4f77ba3b1099a140,0be4e9ac-125b-45fd-bda3-b8343d59ed8d,36bad2a6-3b32-4296-8f2b-092e25494416,Reasoning Specialist V4,eace698d45562a4832f0753fc291ea8199df836c5c98517a897c6d112e9f1545,1,0,checklist,M,0.6666666666666666,0.33333333333333337,M,M,M,0.3333333333333333,3,6,M,Does the passage contain... (check all that apply):,M,True
24,100042,c87020bba7064b93bf74559d8ba394ef83b1b4d84f1308fc4f77ba3b1099a140,0be4e9ac-125b-45fd-bda3-b8343d59ed8d,36bad2a6-3b32-4296-8f2b-092e25494416,Reasoning Specialist V4,eace698d45562a4832f0753fc291ea8199df836c5c98517a897c6d112e9f1545,1,0,checklist,L,0.0,1.0,L,L,L,0.0,3,6,L,Does the passage contain... (check all that apply):,L,True
241,100042,c87020bba7064b93bf74559d8ba394ef83b1b4d84f1308fc4f77ba3b1099a140,5418caf1-03af-4ccb-92d1-dfb117bd172c,e80b0856-b7b8-4d55-9d25-4864b109a332,Reasoning Specialist V4,eace698d45562a4832f0753fc291ea8199df836c5c98517a897c6d112e9f1545,10,0,ordinal,M,0.8272017054059444,0.8272017054059444,M,M,M,0.4136008527029722,3,10,M,"How confident are you about your answers, on the whole?",M,True
240,100042,c87020bba7064b93bf74559d8ba394ef83b1b4d84f1308fc4f77ba3b1099a140,5418caf1-03af-4ccb-92d1-dfb117bd172c,e80b0856-b7b8-4d55-9d25-4864b109a332,Reasoning Specialist V4,eace698d45562a4832f0753fc291ea8199df836c5c98517a897c6d112e9f1545,9,0,ordinal,M,0.7913552394075126,0.7913552394075126,M,M,M,0.3956776197037563,3,10,M,"How difficult was this task for you, on the whole?",M,True
26,100042,c87020bba7064b93bf74559d8ba394ef83b1b4d84f1308fc4f77ba3b1099a140,0be4e9ac-125b-45fd-bda3-b8343d59ed8d,36bad2a6-3b32-4296-8f2b-092e25494416,Reasoning Specialist V4,eace698d45562a4832f0753fc291ea8199df836c5c98517a897c6d112e9f1545,1,0,checklist,L,0.3333333333333333,0.6666666666666667,L,L,L,0.16666666666666666,3,6,L,Does the passage contain... (check all that apply):,L,True
22,100042,c87020bba7064b93bf74559d8ba394ef83b1b4d84f1308fc4f77ba3b1099a140,0be4e9ac-125b-45fd-bda3-b8343d59ed8d,36bad2a6-3b32-4296-8f2b-092e25494416,Reasoning Specialist V4,eace698d45562a4832f0753fc291ea8199df836c5c98517a897c6d112e9f1545,1,0,checklist,L,0.3333333333333333,0.6666666666666667,L,L,L,0.16666666666666666,3,6,L,Does the passage contain... (check all that apply):,L,True
475,100042,c87020bba7064b93bf74559d8ba394ef83b1b4d84f1308fc4f77ba3b1099a140,bd838e8a-31a0-4a2f-8f1f-bb2819f4adbf,09de9f4e-1f06-4545-9560-cb3830dc1030,Reasoning Specialist V4,eace698d45562a4832f0753fc291ea8199df836c5c98517a897c6d112e9f1545,1,0,checklist,L,0.0,1.0,L,L,L,0.0,3,6,L,Does the passage contain... (check all that apply):,L,True
225,100042,c87020bba7064b93bf74559d8ba394ef83b1b4d84f1308fc4f77ba3b1099a140,5418caf1-03af-4ccb-92d1-dfb117bd172c,e80b0856-b7b8-4d55-9d25-4864b109a332,Reasoning Specialist V4,eace698d45562a4832f0753fc291ea8199df836c5c98517a897c6d112e9f1545,1,0,checklist,L,0.0,1.0,L,L,L,0.0,3,6,L,Does the passage contain... (check all that apply):,L,True
224,100042,c87020bba7064b93bf74559d8ba394ef83b1b4d84f1308fc4f77ba3b1099a140,5418caf1-03af-4ccb-92d1-dfb117bd172c,e80b0856-b7b8-4d55-9d25-4864b109a332,Reasoning Specialist V4,eace698d45562a4832f0753fc291ea8199df836c5c98517a897c6d112e9f1545,1,0,checklist,L,0.0,1.0,L,L,L,0.0,3,6,L,Does the passage contain... (check all that apply):,L,True
229,100042,c87020bba7064b93bf74559d8ba394ef83b1b4d84f1308fc4f77ba3b1099a140,5418caf1-03af-4ccb-92d1-dfb117bd172c,e80b0856-b7b8-4d55-9d25-4864b109a332,Reasoning Specialist V4,eace698d45562a4832f0753fc291ea8199df836c5c98517a897c6d112e9f1545,1,0,checklist,L,0.3333333333333333,0.6666666666666667,L,L,L,0.16666666666666666,3,6,L,Does the passage contain... (check all that apply):,L,True
228,100042,c87020bba7064b93bf74559d8ba394ef83b1b4d84f1308fc4f77ba3b1099a140,5418caf1-03af-4ccb-92d1-dfb117bd172c,e80b0856-b7b8-4d55-9d25-4864b109a332,Reasoning Specialist V4,eace698d45562a4832f0753fc291ea8199df836c5c98517a897c6d112e9f1545,1,0,checklist,L,0.0,1.0,L,L,L,0.0,3,6,L,Does the passage contain... (check all that apply):,L,True
473,100042,c87020bba7064b93bf74559d8ba394ef83b1b4d84f1308fc4f77ba3b1099a140,bd838e8a-31a0-4a2f-8f1f-bb2819f4adbf,09de9f4e-1f06-4545-9560-cb3830dc1030,Reasoning Specialist V4,eace698d45562a4832f0753fc291ea8199df836c5c98517a897c6d112e9f1545,1,0,checklist,L,0.0,1.0,L,L,L,0.0,3,6,L,Does the passage contain... (check all that apply):,L,True
472,100042,c87020bba7064b93bf74559d8ba394ef83b1b4d84f1308fc4f77ba3b1099a140,bd838e8a-31a0-4a2f-8f1f-bb2819f4adbf,09de9f4e-1f06-4545-9560-cb3830dc1030,Reasoning Specialist V4,eace698d45562a4832f0753fc291ea8199df836c5c98517a897c6d112e9f1545,1,0,checklist,L,0.3333333333333333,0.6666666666666667,L,L,L,0.16666666666666666,3,6,L,Does the passage contain... (check all that apply):,L,True
471,100042,c87020bba7064b93bf74559d8ba394ef83b1b4d84f1308fc4f77ba3b1099a140,bd838e8a-31a0-4a2f-8f1f-bb2819f4adbf,09de9f4e-1f06-4545-9560-cb3830dc1030,Reasoning Specialist V4,eace698d45562a4832f0753fc291ea8199df836c5c98517a897c6d112e9f1545,1,0,checklist,L,0.3333333333333333,0.6666666666666667,L,L,L,0.16666666666666666,3,6,L,Does the passage contain... (check all that apply):,L,True
474,100042,c87020bba7064b93bf74559d8ba394ef83b1b4d84f1308fc4f77ba3b1099a140,bd838e8a-31a0-4a2f-8f1f-bb2819f4adbf,09de9f4e-1f06-4545-9560-cb3830dc1030,Reasoning Specialist V4,eace698d45562a4832f0753fc291ea8199df836c5c98517a897c6d112e9f1545,1,0,checklist,L,0.0,1.0,L,L,L,0.0,3,6,L,Does the passage contain... (check all that apply):,L,True
227,100042,c87020bba7064b93bf74559d8ba394ef83b1b4d84f1308fc4f77ba3b1099a140,5418caf1-03af-4ccb-92d1-dfb117bd172c,e80b0856-b7b8-4d55-9d25-4864b109a332,Reasoning Specialist V4,eace698d45562a4832f0753fc291ea8199df836c5c98517a897c6d112e9f1545,1,0,checklist,L,0.3333333333333333,0.6666666666666667,L,L,L,0.16666666666666666,3,6,L,Does the passage contain... (check all that apply):,L,True
226,100042,c87020bba7064b93bf74559d8ba394ef83b1b4d84f1308fc4f77ba3b1099a140,5418caf1-03af-4ccb-92d1-dfb117bd172c,e80b0856-b7b8-4d55-9d25-4864b109a332,Reasoning Specialist V4,eace698d45562a4832f0753fc291ea8199df836c5c98517a897c6d112e9f1545,1,0,checklist,L,0.3333333333333333,0.6666666666666667,L,L,L,0.16666666666666666,3,6,L,Does the passage contain... (check all that apply):,L,True
470,100042,c87020bba7064b93bf74559d8ba394ef83b1b4d84f1308fc4f77ba3b1099a140,bd838e8a-31a0-4a2f-8f1f-bb2819f4adbf,09de9f4e-1f06-4545-9560-cb3830dc1030,Reasoning Specialist V4,eace698d45562a4832f0753fc291ea8199df836c5c98517a897c6d112e9f1545,1,0,checklist,M,0.6666666666666666,0.33333333333333337,M,M,M,0.3333333333333333,3,6,M,Does the passage contain... (check all that apply):,M,True
91,100044,ce9fb9b9358c71daead068bb2ab24ebfbcd68d1bb8b0611114621d290e0c0764,3e6ccf39-b5d0-4bcb-a9af-7ca6f621d71a,0f3a83bc-681f-46d4-9012-18ec2eb0d832,Reasoning Specialist V4,eace698d45562a4832f0753fc291ea8199df836c5c98517a897c6d112e9f1545,1,0,checklist,L,0.0,1.0,L,L,L,0.0,3,6,L,Does the passage contain... (check all that apply):,L,True
90,100044,ce9fb9b9358c71daead068bb2ab24ebfbcd68d1bb8b0611114621d290e0c0764,3e6ccf39-b5d0-4bcb-a9af-7ca6f621d71a,0f3a83bc-681f-46d4-9012-18ec2eb0d832,Reasoning Specialist V4,eace698d45562a4832f0753fc291ea8199df836c5c98517a897c6d112e9f1545,1,0,checklist,L,0.0,1.0,L,L,L,0.0,3,6,L,Does the passage contain... (check all that apply):,L,True
89,100044,ce9fb9b9358c71daead068bb2ab24ebfbcd68d1bb8b0611114621d290e0c0764,3e6ccf39-b5d0-4bcb-a9af-7ca6f621d71a,0f3a83bc-681f-46d4-9012-18ec2eb0d832,Reasoning Specialist V4,eace698d45562a4832f0753fc291ea8199df836c5c98517a897c6d112e9f1545,1,0,checklist,L,0.0,1.0,L,L,L,0.0,3,6,L,Does the passage contain... (check all that apply):,L,True
117,100044,ce9fb9b9358c71daead068bb2ab24ebfbcd68d1bb8b0611114621d290e0c0764,3e6ccf39-b5d0-4bcb-a9af-7ca6f621d71a,0f3a83bc-681f-46d4-9012-18ec2eb0d832,Reasoning Specialist V4,eace698d45562a4832f0753fc291ea8199df836c5c98517a897c6d112e9f1545,9,0,ordinal,M,0.7913552394075126,0.7913552394075126,M,M,M,0.3956776197037563,3,10,M,"How difficult was this task for you, on the whole?",M,True
86,100044,ce9fb9b9358c71daead068bb2ab24ebfbcd68d1bb8b0611114621d290e0c0764,3e6ccf39-b5d0-4bcb-a9af-7ca6f621d71a,0f3a83bc-681f-46d4-9012-18ec2eb0d832,Reasoning Specialist V4,eace698d45562a4832f0753fc291ea8199df836c5c98517a897c6d112e9f1545,1,0,checklist,M,0.6666666666666666,0.33333333333333337,M,M,M,0.3333333333333333,3,6,M,Does the passage contain... (check all that apply):,M,True
87,100044,ce9fb9b9358c71daead068bb2ab24ebfbcd68d1bb8b0611114621d290e0c0764,3e6ccf39-b5d0-4bcb-a9af-7ca6f621d71a,0f3a83bc-681f-46d4-9012-18ec2eb0d832,Reasoning Specialist V4,eace698d45562a4832f0753fc291ea8199df836c5c98517a897c6d112e9f1545,1,0,checklist,M,0.6666666666666666,0.33333333333333337,M,M,M,0.3333333333333333,3,6,M,Does the passage contain... (check all that apply):,M,True
88,100044,ce9fb9b9358c71daead068bb2ab24ebfbcd68d1bb8b0611114621d290e0c0764,3e6ccf39-b5d0-4bcb-a9af-7ca6f621d71a,0f3a83bc-681f-46d4-9012-18ec2eb0d832,Reasoning Specialist V4,eace698d45562a4832f0753fc291ea8199df836c5c98517a897c6d112e9f1545,1,0,checklist,L,0.3333333333333333,0.6666666666666667,L,L,L,0.16666666666666666,3,6,L,Does the passage contain... (check all that apply):,L,True
118,100044,ce9fb9b9358c71daead068bb2ab24ebfbcd68d1bb8b0611114621d290e0c0764,3e6ccf39-b5d0-4bcb-a9af-7ca6f621d71a,0f3a83bc-681f-46d4-9012-18ec2eb0d832,Reasoning Specialist V4,eace698d45562a4832f0753fc291ea8199df836c5c98517a897c6d112e9f1545,10,b52a8b58-54e4-4362-9272-e4fe92559ae4,ordinal,7,0.8986646043699666,0.8986646043699666,[],,,0.8986646043699666,3,10,,"How confident are you about your answers, on the whole?",7,True
163,100046,df6df207fbec112ddaf44daf2190f5f8dc1812eeed256738e6bf658ec8217f52,4cf436d2-23c9-46f3-9ee8-f00d98d12e69,e498be47-a31c-4c6e-9af5-3f113d4b139d,Reasoning Specialist V4,eace698d45562a4832f0753fc291ea8199df836c5c98517a897c6d112e9f1545,1,0,checklist,L,0.0,1.0,L,L,L,0.0,3,6,L,Does the passage contain... (check all that apply):,L,True
191,100046,df6df207fbec112ddaf44daf2190f5f8dc1812eeed256738e6bf658ec8217f52,4cf436d2-23c9-46f3-9ee8-f00d98d12e69,e498be47-a31c-4c6e-9af5-3f113d4b139d,Reasoning Specialist V4,eace698d45562a4832f0753fc291ea8199df836c5c98517a897c6d112e9f1545,9,0,ordinal,M,0.7513670936879286,0.7513670936879286,M,M,M,0.3756835468439643,3,10,M,"How difficult was this task for you, on the whole?",M,True
164,100046,df6df207fbec112ddaf44daf2190f5f8dc1812eeed256738e6bf658ec8217f52,4cf436d2-23c9-46f3-9ee8-f00d98d12e69,e498be47-a31c-4c6e-9af5-3f113d4b139d,Reasoning Specialist V4,eace698d45562a4832f0753fc291ea8199df836c5c98517a897c6d112e9f1545,1,0,checklist,L,0.0,1.0,L,L,L,0.0,3,6,L,Does the passage contain... (check all that apply):,L,True
162,100046,df6df207fbec112ddaf44daf2190f5f8dc1812eeed256738e6bf658ec8217f52,4cf436d2-23c9-46f3-9ee8-f00d98d12e69,e498be47-a31c-4c6e-9af5-3f113d4b139d,Reasoning Specialist V4,eace698d45562a4832f0753fc291ea8199df836c5c98517a897c6d112e9f1545,1,0,checklist,M,0.6666666666666666,0.33333333333333337,M,M,M,0.3333333333333333,3,6,M,Does the passage contain... (check all that apply):,M,True
439,100046,df6df207fbec112ddaf44daf2190f5f8dc1812eeed256738e6bf658ec8217f52,bacc9e58-9745-4273-a799-37bf5626f5e2,c63ad3de-353b-4ec8-bddb-2d0611f3b2c3,Reasoning Specialist V4,eace698d45562a4832f0753fc291ea8199df836c5c98517a897c6d112e9f1545,1,0,checklist,L,0.3333333333333333,0.6666666666666667,L,L,L,0.16666666666666666,3,6,L,Does the passage contain... (check all that apply):,L,True
161,100046,df6df207fbec112ddaf44daf2190f5f8dc1812eeed256738e6bf658ec8217f52,4cf436d2-23c9-46f3-9ee8-f00d98d12e69,e498be47-a31c-4c6e-9af5-3f113d4b139d,Reasoning Specialist V4,eace698d45562a4832f0753fc291ea8199df836c5c98517a897c6d112e9f1545,1,0,checklist,M,0.6666666666666666,0.33333333333333337,M,M,M,0.3333333333333333,3,6,M,Does the passage contain... (check all that apply):,M,True
160,100046,df6df207fbec112ddaf44daf2190f5f8dc1812eeed256738e6bf658ec8217f52,4cf436d2-23c9-46f3-9ee8-f00d98d12e69,e498be47-a31c-4c6e-9af5-3f113d4b139d,Reasoning Specialist V4,eace698d45562a4832f0753fc291ea8199df836c5c98517a897c6d112e9f1545,1,0,checklist,L,0.3333333333333333,0.6666666666666667,L,L,L,0.16666666666666666,3,6,L,Does the passage contain... (check all that apply):,L,True
165,100046,df6df207fbec112ddaf44daf2190f5f8dc1812eeed256738e6bf658ec8217f52,4cf436d2-23c9-46f3-9ee8-f00d98d12e69,e498be47-a31c-4c6e-9af5-3f113d4b139d,Reasoning Specialist V4,eace698d45562a4832f0753fc291ea8199df836c5c98517a897c6d112e9f1545,1,0,checklist,L,0.0,1.0,L,L,L,0.0,3,6,L,Does the passage contain... (check all that apply):,L,True
309,100046,df6df207fbec112ddaf44daf2190f5f8dc1812eeed256738e6bf658ec8217f52,70d914cb-4991-4b10-87e3-f72e3166675c,e5633280-5e6a-43cc-a0c1-2a2ae345283b,Reasoning Specialist V4,eace698d45562a4832f0753fc291ea8199df836c5c98517a897c6d112e9f1545,9,0,ordinal,M,0.7067675943321089,0.7067675943321089,M,M,M,0.35338379716605445,3,10,M,"How difficult was this task for you, on the whole?",M,True
383,100046,df6df207fbec112ddaf44daf2190f5f8dc1812eeed256738e6bf658ec8217f52,99d62118-423f-4839-b8a3-ff3b062e0be0,dbfe072e-b3f7-4d13-a5fe-4f467f31e184,Reasoning Specialist V4,eace698d45562a4832f0753fc291ea8199df836c5c98517a897c6d112e9f1545,9,0,ordinal,M,0.7513670936879286,0.7513670936879286,M,M,M,0.3756835468439643,3,10,M,"How difficult was this task for you, on the whole?",M,True
364,100046,df6df207fbec112ddaf44daf2190f5f8dc1812eeed256738e6bf658ec8217f52,99d62118-423f-4839-b8a3-ff3b062e0be0,dbfe072e-b3f7-4d13-a5fe-4f467f31e184,Reasoning Specialist V4,eace698d45562a4832f0753fc291ea8199df836c5c98517a897c6d112e9f1545,1,0,checklist,L,0.0,1.0,L,L,L,0.0,3,6,L,Does the passage contain... (check all that apply):,L,True
350,100046,df6df207fbec112ddaf44daf2190f5f8dc1812eeed256738e6bf658ec8217f52,90f009e1-1b09-4e7b-bbea-d9116f1cd9a9,2b9db630-9df8-436b-931d-797ace45cb51,Reasoning Specialist V4,eace698d45562a4832f0753fc291ea8199df836c5c98517a897c6d112e9f1545,9,0,ordinal,M,0.713213089364642,0.713213089364642,M,M,M,0.356606544682321,3,10,M,"How difficult was this task for you, on the whole?",M,True
468,100046,df6df207fbec112ddaf44daf2190f5f8dc1812eeed256738e6bf658ec8217f52,bacc9e58-9745-4273-a799-37bf5626f5e2,c63ad3de-353b-4ec8-bddb-2d0611f3b2c3,Reasoning Specialist V4,eace698d45562a4832f0753fc291ea8199df836c5c98517a897c6d112e9f1545,9,924c13d1-62da-487b-aefe-11be8748d742,ordinal,8,0.9342150418290642,0.9342150418290642,[],,,0.9342150418290642,3,10,,"How difficult was this task for you, on the whole?",8,True
384,100046,df6df207fbec112ddaf44daf2190f5f8dc1812eeed256738e6bf658ec8217f52,99d62118-423f-4839-b8a3-ff3b062e0be0,dbfe072e-b3f7-4d13-a5fe-4f467f31e184,Reasoning Specialist V4,eace698d45562a4832f0753fc291ea8199df836c5c98517a897c6d112e9f1545,10,b52a8b58-54e4-4362-9272-e4fe92559ae4,ordinal,7,0.8986646043699666,0.8986646043699666,[],,,0.8986646043699666,3,10,,"How confident are you about your answers, on the whole?",7,True
440,100046,df6df207fbec112ddaf44daf2190f5f8dc1812eeed256738e6bf658ec8217f52,bacc9e58-9745-4273-a799-37bf5626f5e2,c63ad3de-353b-4ec8-bddb-2d0611f3b2c3,Reasoning Specialist V4,eace698d45562a4832f0753fc291ea8199df836c5c98517a897c6d112e9f1545,1,0,checklist,L,0.0,1.0,L,L,L,0.0,3,6,L,Does the passage contain... (check all that apply):,L,True
321,100046,df6df207fbec112ddaf44daf2190f5f8dc1812eeed256738e6bf658ec8217f52,90f009e1-1b09-4e7b-bbea-d9116f1cd9a9,2b9db630-9df8-436b-931d-797ace45cb51,Reasoning Specialist V4,eace698d45562a4832f0753fc291ea8199df836c5c98517a897c6d112e9f1545,1,0,checklist,L,0.3333333333333333,0.6666666666666667,L,L,L,0.16666666666666666,3,6,L,Does the passage contain... (check all that apply):,L,True
299,100046,df6df207fbec112ddaf44daf2190f5f8dc1812eeed256738e6bf658ec8217f52,70d914cb-4991-4b10-87e3-f72e3166675c,e5633280-5e6a-43cc-a0c1-2a2ae345283b,Reasoning Specialist V4,eace698d45562a4832f0753fc291ea8199df836c5c98517a897c6d112e9f1545,1,0,checklist,L,0.3333333333333333,0.6666666666666667,L,L,L,0.16666666666666666,3,6,L,Does the passage contain... (check all that apply):,L,True
310,100046,df6df207fbec112ddaf44daf2190f5f8dc1812eeed256738e6bf658ec8217f52,70d914cb-4991-4b10-87e3-f72e3166675c,e5633280-5e6a-43cc-a0c1-2a2ae345283b,Reasoning Specialist V4,eace698d45562a4832f0753fc291ea8199df836c5c98517a897c6d112e9f1545,10,0,ordinal,M,0.8272017054059444,0.8272017054059444,M,M,M,0.4136008527029722,3,10,M,"How confident are you about your answers, on the whole?",M,True
436,100046,df6df207fbec112ddaf44daf2190f5f8dc1812eeed256738e6bf658ec8217f52,b57a41b9-5f5b-41d6-adfd-e3ec5be3ee4c,52e80cf3-8d56-4a64-817c-5b4f927ba3f7,Reasoning Specialist V4,eace698d45562a4832f0753fc291ea8199df836c5c98517a897c6d112e9f1545,10,2db75b7e-f2c2-4ea7-a88e-db0caa1dc7f4,ordinal,8,0.8648259251435817,0.8648259251435817,[],,,0.8648259251435817,3,10,,"How confident are you about your answers, on the whole?",8,True
298,100046,df6df207fbec112ddaf44daf2190f5f8dc1812eeed256738e6bf658ec8217f52,70d914cb-4991-4b10-87e3-f72e3166675c,e5633280-5e6a-43cc-a0c1-2a2ae345283b,Reasoning Specialist V4,eace698d45562a4832f0753fc291ea8199df836c5c98517a897c6d112e9f1545,1,0,checklist,L,0.0,1.0,L,L,L,0.0,3,6,L,Does the passage contain... (check all that apply):,L,True
297,100046,df6df207fbec112ddaf44daf2190f5f8dc1812eeed256738e6bf658ec8217f52,70d914cb-4991-4b10-87e3-f72e3166675c,e5633280-5e6a-43cc-a0c1-2a2ae345283b,Reasoning Specialist V4,eace698d45562a4832f0753fc291ea8199df836c5c98517a897c6d112e9f1545,1,0,checklist,L,0.0,1.0,L,L,L,0.0,3,6,L,Does the passage contain... (check all that apply):,L,True
469,100046,df6df207fbec112ddaf44daf2190f5f8dc1812eeed256738e6bf658ec8217f52,bacc9e58-9745-4273-a799-37bf5626f5e2,c63ad3de-353b-4ec8-bddb-2d0611f3b2c3,Reasoning Specialist V4,eace698d45562a4832f0753fc291ea8199df836c5c98517a897c6d112e9f1545,10,0,ordinal,M,0.6296562292037521,0.6296562292037521,M,M,M,0.31482811460187604,3,10,M,"How confident are you about your answers, on the whole?",M,True
296,100046,df6df207fbec112ddaf44daf2190f5f8dc1812eeed256738e6bf658ec8217f52,70d914cb-4991-4b10-87e3-f72e3166675c,e5633280-5e6a-43cc-a0c1-2a2ae345283b,Reasoning Specialist V4,eace698d45562a4832f0753fc291ea8199df836c5c98517a897c6d112e9f1545,1,0,checklist,L,0.0,1.0,L,L,L,0.0,3,6,L,Does the passage contain... (check all that apply):,L,True
192,100046,df6df207fbec112ddaf44daf2190f5f8dc1812eeed256738e6bf658ec8217f52,4cf436d2-23c9-46f3-9ee8-f00d98d12e69,e498be47-a31c-4c6e-9af5-3f113d4b139d,Reasoning Specialist V4,eace698d45562a4832f0753fc291ea8199df836c5c98517a897c6d112e9f1545,10,0,ordinal,M,0.7513670936879286,0.7513670936879286,M,M,M,0.3756835468439643,3,10,M,"How confident are you about your answers, on the whole?",M,True
320,100046,df6df207fbec112ddaf44daf2190f5f8dc1812eeed256738e6bf658ec8217f52,90f009e1-1b09-4e7b-bbea-d9116f1cd9a9,2b9db630-9df8-436b-931d-797ace45cb51,Reasoning Specialist V4,eace698d45562a4832f0753fc291ea8199df836c5c98517a897c6d112e9f1545,1,0,checklist,M,0.6666666666666666,0.33333333333333337,M,M,M,0.3333333333333333,3,6,M,Does the passage contain... (check all that apply):,M,True
295,100046,df6df207fbec112ddaf44daf2190f5f8dc1812eeed256738e6bf658ec8217f52,70d914cb-4991-4b10-87e3-f72e3166675c,e5633280-5e6a-43cc-a0c1-2a2ae345283b,Reasoning Specialist V4,eace698d45562a4832f0753fc291ea8199df836c5c98517a897c6d112e9f1545,1,0,checklist,M,0.6666666666666666,0.33333333333333337,M,M,M,0.3333333333333333,3,6,M,Does the passage contain... (check all that apply):,M,True
319,100046,df6df207fbec112ddaf44daf2190f5f8dc1812eeed256738e6bf658ec8217f52,90f009e1-1b09-4e7b-bbea-d9116f1cd9a9,2b9db630-9df8-436b-931d-797ace45cb51,Reasoning Specialist V4,eace698d45562a4832f0753fc291ea8199df836c5c98517a897c6d112e9f1545,1,0,checklist,L,0.3333333333333333,0.6666666666666667,L,L,L,0.16666666666666666,3,6,L,Does the passage contain... (check all that apply):,L,True
363,100046,df6df207fbec112ddaf44daf2190f5f8dc1812eeed256738e6bf658ec8217f52,99d62118-423f-4839-b8a3-ff3b062e0be0,dbfe072e-b3f7-4d13-a5fe-4f467f31e184,Reasoning Specialist V4,eace698d45562a4832f0753fc291ea8199df836c5c98517a897c6d112e9f1545,1,0,checklist,L,0.0,1.0,L,L,L,0.0,3,6,L,Does the passage contain... (check all that apply):,L,True
362,100046,df6df207fbec112ddaf44daf2190f5f8dc1812eeed256738e6bf658ec8217f52,99d62118-423f-4839-b8a3-ff3b062e0be0,dbfe072e-b3f7-4d13-a5fe-4f467f31e184,Reasoning Specialist V4,eace698d45562a4832f0753fc291ea8199df836c5c98517a897c6d112e9f1545,1,0,checklist,M,0.6666666666666666,0.33333333333333337,M,M,M,0.3333333333333333,3,6,M,Does the passage contain... (check all that apply):,M,True
361,100046,df6df207fbec112ddaf44daf2190f5f8dc1812eeed256738e6bf658ec8217f52,99d62118-423f-4839-b8a3-ff3b062e0be0,dbfe072e-b3f7-4d13-a5fe-4f467f31e184,Reasoning Specialist V4,eace698d45562a4832f0753fc291ea8199df836c5c98517a897c6d112e9f1545,1,0,checklist,L,0.0,1.0,L,L,L,0.0,3,6,L,Does the passage contain... (check all that apply):,L,True
360,100046,df6df207fbec112ddaf44daf2190f5f8dc1812eeed256738e6bf658ec8217f52,99d62118-423f-4839-b8a3-ff3b062e0be0,dbfe072e-b3f7-4d13-a5fe-4f467f31e184,Reasoning Specialist V4,eace698d45562a4832f0753fc291ea8199df836c5c98517a897c6d112e9f1545,1,0,checklist,L,0.3333333333333333,0.6666666666666667,L,L,L,0.16666666666666666,3,6,L,Does the passage contain... (check all that apply):,L,True
324,100046,df6df207fbec112ddaf44daf2190f5f8dc1812eeed256738e6bf658ec8217f52,90f009e1-1b09-4e7b-bbea-d9116f1cd9a9,2b9db630-9df8-436b-931d-797ace45cb51,Reasoning Specialist V4,eace698d45562a4832f0753fc291ea8199df836c5c98517a897c6d112e9f1545,1,0,checklist,L,0.0,1.0,L,L,L,0.0,3,6,L,Does the passage contain... (check all that apply):,L,True
351,100046,df6df207fbec112ddaf44daf2190f5f8dc1812eeed256738e6bf658ec8217f52,90f009e1-1b09-4e7b-bbea-d9116f1cd9a9,2b9db630-9df8-436b-931d-797ace45cb51,Reasoning Specialist V4,eace698d45562a4832f0753fc291ea8199df836c5c98517a897c6d112e9f1545,10,0,ordinal,M,0.7513670936879286,0.7513670936879286,M,M,M,0.3756835468439643,3,10,M,"How confident are you about your answers, on the whole?",M,True
322,100046,df6df207fbec112ddaf44daf2190f5f8dc1812eeed256738e6bf658ec8217f52,90f009e1-1b09-4e7b-bbea-d9116f1cd9a9,2b9db630-9df8-436b-931d-797ace45cb51,Reasoning Specialist V4,eace698d45562a4832f0753fc291ea8199df836c5c98517a897c6d112e9f1545,1,0,checklist,L,0.3333333333333333,0.6666666666666667,L,L,L,0.16666666666666666,3,6,L,Does the passage contain... (check all that apply):,L,True
294,100046,df6df207fbec112ddaf44daf2190f5f8dc1812eeed256738e6bf658ec8217f52,70d914cb-4991-4b10-87e3-f72e3166675c,e5633280-5e6a-43cc-a0c1-2a2ae345283b,Reasoning Specialist V4,eace698d45562a4832f0753fc291ea8199df836c5c98517a897c6d112e9f1545,1,0,checklist,L,0.0,1.0,L,L,L,0.0,3,6,L,Does the passage contain... (check all that apply):,L,True
323,100046,df6df207fbec112ddaf44daf2190f5f8dc1812eeed256738e6bf658ec8217f52,90f009e1-1b09-4e7b-bbea-d9116f1cd9a9,2b9db630-9df8-436b-931d-797ace45cb51,Reasoning Specialist V4,eace698d45562a4832f0753fc291ea8199df836c5c98517a897c6d112e9f1545,1,0,checklist,L,0.0,1.0,L,L,L,0.0,3,6,L,Does the passage contain... (check all that apply):,L,True
435,100046,df6df207fbec112ddaf44daf2190f5f8dc1812eeed256738e6bf658ec8217f52,b57a41b9-5f5b-41d6-adfd-e3ec5be3ee4c,52e80cf3-8d56-4a64-817c-5b4f927ba3f7,Reasoning Specialist V4,eace698d45562a4832f0753fc291ea8199df836c5c98517a897c6d112e9f1545,9,0,ordinal,M,0.7513670936879286,0.7513670936879286,M,M,M,0.3756835468439643,3,10,M,"How difficult was this task for you, on the whole?",M,True
365,100046,df6df207fbec112ddaf44daf2190f5f8dc1812eeed256738e6bf658ec8217f52,99d62118-423f-4839-b8a3-ff3b062e0be0,dbfe072e-b3f7-4d13-a5fe-4f467f31e184,Reasoning Specialist V4,eace698d45562a4832f0753fc291ea8199df836c5c98517a897c6d112e9f1545,1,0,checklist,L,0.3333333333333333,0.6666666666666667,L,L,L,0.16666666666666666,3,6,L,Does the passage contain... (check all that apply):,L,True
410,100046,df6df207fbec112ddaf44daf2190f5f8dc1812eeed256738e6bf658ec8217f52,b57a41b9-5f5b-41d6-adfd-e3ec5be3ee4c,52e80cf3-8d56-4a64-817c-5b4f927ba3f7,Reasoning Specialist V4,eace698d45562a4832f0753fc291ea8199df836c5c98517a897c6d112e9f1545,1,0,checklist,L,0.3333333333333333,0.6666666666666667,L,L,L,0.16666666666666666,3,6,L,Does the passage contain... (check all that apply):,L,True
409,100046,df6df207fbec112ddaf44daf2190f5f8dc1812eeed256738e6bf658ec8217f52,b57a41b9-5f5b-41d6-adfd-e3ec5be3ee4c,52e80cf3-8d56-4a64-817c-5b4f927ba3f7,Reasoning Specialist V4,eace698d45562a4832f0753fc291ea8199df836c5c98517a897c6d112e9f1545,1,0,checklist,L,0.3333333333333333,0.6666666666666667,L,L,L,0.16666666666666666,3,6,L,Does the passage contain... (check all that apply):,L,True
408,100046,df6df207fbec112ddaf44daf2190f5f8dc1812eeed256738e6bf658ec8217f52,b57a41b9-5f5b-41d6-adfd-e3ec5be3ee4c,52e80cf3-8d56-4a64-817c-5b4f927ba3f7,Reasoning Specialist V4,eace698d45562a4832f0753fc291ea8199df836c5c98517a897c6d112e9f1545,1,0,checklist,L,0.0,1.0,L,L,L,0.0,3,6,L,Does the passage contain... (check all that apply):,L,True
412,100046,df6df207fbec112ddaf44daf2190f5f8dc1812eeed256738e6bf658ec8217f52,b57a41b9-5f5b-41d6-adfd-e3ec5be3ee4c,52e80cf3-8d56-4a64-817c-5b4f927ba3f7,Reasoning Specialist V4,eace698d45562a4832f0753fc291ea8199df836c5c98517a897c6d112e9f1545,1,0,checklist,L,0.0,1.0,L,L,L,0.0,3,6,L,Does the passage contain... (check all that apply):,L,True
411,100046,df6df207fbec112ddaf44daf2190f5f8dc1812eeed256738e6bf658ec8217f52,b57a41b9-5f5b-41d6-adfd-e3ec5be3ee4c,52e80cf3-8d56-4a64-817c-5b4f927ba3f7,Reasoning Specialist V4,eace698d45562a4832f0753fc291ea8199df836c5c98517a897c6d112e9f1545,1,0,checklist,L,0.3333333333333333,0.6666666666666667,L,L,L,0.16666666666666666,3,6,L,Does the passage contain... (check all that apply):,L,True
437,100046,df6df207fbec112ddaf44daf2190f5f8dc1812eeed256738e6bf658ec8217f52,bacc9e58-9745-4273-a799-37bf5626f5e2,c63ad3de-353b-4ec8-bddb-2d0611f3b2c3,Reasoning Specialist V4,eace698d45562a4832f0753fc291ea8199df836c5c98517a897c6d112e9f1545,1,0,checklist,M,0.6666666666666666,0.33333333333333337,M,M,M,0.3333333333333333,3,6,M,Does the passage contain... (check all that apply):,M,True
438,100046,df6df207fbec112ddaf44daf2190f5f8dc1812eeed256738e6bf658ec8217f52,bacc9e58-9745-4273-a799-37bf5626f5e2,c63ad3de-353b-4ec8-bddb-2d0611f3b2c3,Reasoning Specialist V4,eace698d45562a4832f0753fc291ea8199df836c5c98517a897c6d112e9f1545,1,0,checklist,L,0.3333333333333333,0.6666666666666667,L,L,L,0.16666666666666666,3,6,L,Does the passage contain... (check all that apply):,L,True
442,100046,df6df207fbec112ddaf44daf2190f5f8dc1812eeed256738e6bf658ec8217f52,bacc9e58-9745-4273-a799-37bf5626f5e2,c63ad3de-353b-4ec8-bddb-2d0611f3b2c3,Reasoning Specialist V4,eace698d45562a4832f0753fc291ea8199df836c5c98517a897c6d112e9f1545,1,0,checklist,L,0.3333333333333333,0.6666666666666667,L,L,L,0.16666666666666666,3,6,L,Does the passage contain... (check all that apply):,L,True
441,100046,df6df207fbec112ddaf44daf2190f5f8dc1812eeed256738e6bf658ec8217f52,bacc9e58-9745-4273-a799-37bf5626f5e2,c63ad3de-353b-4ec8-bddb-2d0611f3b2c3,Reasoning Specialist V4,eace698d45562a4832f0753fc291ea8199df836c5c98517a897c6d112e9f1545,1,0,checklist,L,0.0,1.0,L,L,L,0.0,3,6,L,Does the passage contain... (check all that apply):,L,True
413,100046,df6df207fbec112ddaf44daf2190f5f8dc1812eeed256738e6bf658ec8217f52,b57a41b9-5f5b-41d6-adfd-e3ec5be3ee4c,52e80cf3-8d56-4a64-817c-5b4f927ba3f7,Reasoning Specialist V4,eace698d45562a4832f0753fc291ea8199df836c5c98517a897c6d112e9f1545,1,0,checklist,L,0.3333333333333333,0.6666666666666667,L,L,L,0.16666666666666666,3,6,L,Does the passage contain... (check all that apply):,L,True
63,100047,bc5e5c03288f88718cc4461277e3e5e58741dfd97b8281ae511949f4551c26f1,113326f3-7588-4239-a116-98c909b2bca4,efc23aee-763b-42bd-95b6-e0f73e829e82,Reasoning Specialist V4,eace698d45562a4832f0753fc291ea8199df836c5c98517a897c6d112e9f1545,1,0,checklist,L,0.0,1.0,L,L,L,0.0,3,6,L,Does the passage contain... (check all that apply):,L,True
580,100047,bc5e5c03288f88718cc4461277e3e5e58741dfd97b8281ae511949f4551c26f1,fbd1d9bd-a1d9-41a1-bfe4-75a9bda17c71,81843811-7a3f-4cc6-88b8-6e4761b03c15,Reasoning Specialist V4,eace698d45562a4832f0753fc291ea8199df836c5c98517a897c6d112e9f1545,1,0,checklist,L,0.3333333333333333,0.6666666666666667,L,L,L,0.16666666666666666,3,6,L,Does the passage contain... (check all that apply):,L,True
581,100047,bc5e5c03288f88718cc4461277e3e5e58741dfd97b8281ae511949f4551c26f1,fbd1d9bd-a1d9-41a1-bfe4-75a9bda17c71,81843811-7a3f-4cc6-88b8-6e4761b03c15,Reasoning Specialist V4,eace698d45562a4832f0753fc291ea8199df836c5c98517a897c6d112e9f1545,1,0,checklist,M,0.6666666666666666,0.33333333333333337,M,M,M,0.3333333333333333,3,6,M,Does the passage contain... (check all that apply):,M,True
582,100047,bc5e5c03288f88718cc4461277e3e5e58741dfd97b8281ae511949f4551c26f1,fbd1d9bd-a1d9-41a1-bfe4-75a9bda17c71,81843811-7a3f-4cc6-88b8-6e4761b03c15,Reasoning Specialist V4,eace698d45562a4832f0753fc291ea8199df836c5c98517a897c6d112e9f1545,1,0,checklist,L,0.3333333333333333,0.6666666666666667,L,L,L,0.16666666666666666,3,6,L,Does the passage contain... (check all that apply):,L,True
583,100047,bc5e5c03288f88718cc4461277e3e5e58741dfd97b8281ae511949f4551c26f1,fbd1d9bd-a1d9-41a1-bfe4-75a9bda17c71,81843811-7a3f-4cc6-88b8-6e4761b03c15,Reasoning Specialist V4,eace698d45562a4832f0753fc291ea8199df836c5c98517a897c6d112e9f1545,1,0,checklist,L,0.0,1.0,L,L,L,0.0,3,6,L,Does the passage contain... (check all that apply):,L,True
584,100047,bc5e5c03288f88718cc4461277e3e5e58741dfd97b8281ae511949f4551c26f1,fbd1d9bd-a1d9-41a1-bfe4-75a9bda17c71,81843811-7a3f-4cc6-88b8-6e4761b03c15,Reasoning Specialist V4,eace698d45562a4832f0753fc291ea8199df836c5c98517a897c6d112e9f1545,1,0,checklist,L,0.0,1.0,L,L,L,0.0,3,6,L,Does the passage contain... (check all that apply):,L,True
585,100047,bc5e5c03288f88718cc4461277e3e5e58741dfd97b8281ae511949f4551c26f1,fbd1d9bd-a1d9-41a1-bfe4-75a9bda17c71,81843811-7a3f-4cc6-88b8-6e4761b03c15,Reasoning Specialist V4,eace698d45562a4832f0753fc291ea8199df836c5c98517a897c6d112e9f1545,1,0,checklist,L,0.0,1.0,L,L,L,0.0,3,6,L,Does the passage contain... (check all that apply):,L,True
612,100047,bc5e5c03288f88718cc4461277e3e5e58741dfd97b8281ae511949f4551c26f1,fbd1d9bd-a1d9-41a1-bfe4-75a9bda17c71,81843811-7a3f-4cc6-88b8-6e4761b03c15,Reasoning Specialist V4,eace698d45562a4832f0753fc291ea8199df836c5c98517a897c6d112e9f1545,10,0,ordinal,M,0.7913552394075126,0.7913552394075126,M,M,M,0.3956776197037563,3,10,M,"How confident are you about your answers, on the whole?",M,True
77,100047,bc5e5c03288f88718cc4461277e3e5e58741dfd97b8281ae511949f4551c26f1,113326f3-7588-4239-a116-98c909b2bca4,efc23aee-763b-42bd-95b6-e0f73e829e82,Reasoning Specialist V4,eace698d45562a4832f0753fc291ea8199df836c5c98517a897c6d112e9f1545,10,0,ordinal,M,0.7513670936879286,0.7513670936879286,M,M,M,0.3756835468439643,3,10,M,"How confident are you about your answers, on the whole?",M,True
64,100047,bc5e5c03288f88718cc4461277e3e5e58741dfd97b8281ae511949f4551c26f1,113326f3-7588-4239-a116-98c909b2bca4,efc23aee-763b-42bd-95b6-e0f73e829e82,Reasoning Specialist V4,eace698d45562a4832f0753fc291ea8199df836c5c98517a897c6d112e9f1545,1,0,checklist,L,0.0,1.0,L,L,L,0.0,3,6,L,Does the passage contain... (check all that apply):,L,True
62,100047,bc5e5c03288f88718cc4461277e3e5e58741dfd97b8281ae511949f4551c26f1,113326f3-7588-4239-a116-98c909b2bca4,efc23aee-763b-42bd-95b6-e0f73e829e82,Reasoning Specialist V4,eace698d45562a4832f0753fc291ea8199df836c5c98517a897c6d112e9f1545,1,0,checklist,L,0.3333333333333333,0.6666666666666667,L,L,L,0.16666666666666666,3,6,L,Does the passage contain... (check all that apply):,L,True
66,100047,bc5e5c03288f88718cc4461277e3e5e58741dfd97b8281ae511949f4551c26f1,113326f3-7588-4239-a116-98c909b2bca4,efc23aee-763b-42bd-95b6-e0f73e829e82,Reasoning Specialist V4,eace698d45562a4832f0753fc291ea8199df836c5c98517a897c6d112e9f1545,1,0,checklist,M,0.6666666666666666,0.33333333333333337,M,M,M,0.3333333333333333,3,6,M,Does the passage contain... (check all that apply):,M,True
76,100047,bc5e5c03288f88718cc4461277e3e5e58741dfd97b8281ae511949f4551c26f1,113326f3-7588-4239-a116-98c909b2bca4,efc23aee-763b-42bd-95b6-e0f73e829e82,Reasoning Specialist V4,eace698d45562a4832f0753fc291ea8199df836c5c98517a897c6d112e9f1545,9,8c6c4642-3f13-4343-900c-3b8fa25b0a5f,ordinal,1,0.9269788462143308,0.9269788462143308,[],,,0.9269788462143308,3,10,,"How difficult was this task for you, on the whole?",1: Easier than anything I've ever done in a classroom setting,True
611,100047,bc5e5c03288f88718cc4461277e3e5e58741dfd97b8281ae511949f4551c26f1,fbd1d9bd-a1d9-41a1-bfe4-75a9bda17c71,81843811-7a3f-4cc6-88b8-6e4761b03c15,Reasoning Specialist V4,eace698d45562a4832f0753fc291ea8199df836c5c98517a897c6d112e9f1545,9,0,ordinal,M,0.8272017054059444,0.8272017054059444,M,M,M,0.4136008527029722,3,10,M,"How difficult was this task for you, on the whole?",M,True
61,100047,bc5e5c03288f88718cc4461277e3e5e58741dfd97b8281ae511949f4551c26f1,113326f3-7588-4239-a116-98c909b2bca4,efc23aee-763b-42bd-95b6-e0f73e829e82,Reasoning Specialist V4,eace698d45562a4832f0753fc291ea8199df836c5c98517a897c6d112e9f1545,1,0,checklist,L,0.0,1.0,L,L,L,0.0,3,6,L,Does the passage contain... (check all that apply):,L,True
65,100047,bc5e5c03288f88718cc4461277e3e5e58741dfd97b8281ae511949f4551c26f1,113326f3-7588-4239-a116-98c909b2bca4,efc23aee-763b-42bd-95b6-e0f73e829e82,Reasoning Specialist V4,eace698d45562a4832f0753fc291ea8199df836c5c98517a897c6d112e9f1545,1,0,checklist,L,0.0,1.0,L,L,L,0.0,3,6,L,Does the passage contain... (check all that apply):,L,True
80,100048,451edcdfeb13e92a47319c8933da0a45dfc5c7baa616f64ed73bad2bd3b59b05,2e460a64-ca39-49d4-b5ba-13de9cc21bdb,0,Reasoning Specialist V4,eace698d45562a4832f0753fc291ea8199df836c5c98517a897c6d112e9f1545,1,0,checklist,L,0.0,1.0,L,L,L,0.0,3,6,L,Does the passage contain... (check all that apply):,L,True
79,100048,451edcdfeb13e92a47319c8933da0a45dfc5c7baa616f64ed73bad2bd3b59b05,2e460a64-ca39-49d4-b5ba-13de9cc21bdb,0,Reasoning Specialist V4,eace698d45562a4832f0753fc291ea8199df836c5c98517a897c6d112e9f1545,1,0,checklist,L,0.0,1.0,L,L,L,0.0,3,6,L,Does the passage contain... (check all that apply):,L,True
83,100048,451edcdfeb13e92a47319c8933da0a45dfc5c7baa616f64ed73bad2bd3b59b05,2e460a64-ca39-49d4-b5ba-13de9cc21bdb,0,Reasoning Specialist V4,eace698d45562a4832f0753fc291ea8199df836c5c98517a897c6d112e9f1545,1,dbc1959f-22a2-4a14-afe9-7b470563fc14,checklist,6,1.0,0.0,[],,,1.0,3,6,,Does the passage contain... (check all that apply):,None of the above,True
81,100048,451edcdfeb13e92a47319c8933da0a45dfc5c7baa616f64ed73bad2bd3b59b05,2e460a64-ca39-49d4-b5ba-13de9cc21bdb,0,Reasoning Specialist V4,eace698d45562a4832f0753fc291ea8199df836c5c98517a897c6d112e9f1545,1,0,checklist,L,0.0,1.0,L,L,L,0.0,3,6,L,Does the passage contain... (check all that apply):,L,True
262,100048,451edcdfeb13e92a47319c8933da0a45dfc5c7baa616f64ed73bad2bd3b59b05,5969559a-6651-4d43-9001-8664a9f52948,26b729bc-28ae-4399-9684-e617fc924f6d,Reasoning Specialist V4,eace698d45562a4832f0753fc291ea8199df836c5c98517a897c6d112e9f1545,1,0,checklist,M,0.6666666666666666,0.33333333333333337,M,M,M,0.3333333333333333,3,6,M,Does the passage contain... (check all that apply):,M,True
266,100048,451edcdfeb13e92a47319c8933da0a45dfc5c7baa616f64ed73bad2bd3b59b05,5969559a-6651-4d43-9001-8664a9f52948,26b729bc-28ae-4399-9684-e617fc924f6d,Reasoning Specialist V4,eace698d45562a4832f0753fc291ea8199df836c5c98517a897c6d112e9f1545,1,0,checklist,L,0.3333333333333333,0.6666666666666667,L,L,L,0.16666666666666666,3,6,L,Does the passage contain... (check all that apply):,L,True
82,100048,451edcdfeb13e92a47319c8933da0a45dfc5c7baa616f64ed73bad2bd3b59b05,2e460a64-ca39-49d4-b5ba-13de9cc21bdb,0,Reasoning Specialist V4,eace698d45562a4832f0753fc291ea8199df836c5c98517a897c6d112e9f1545,1,0,checklist,L,0.0,1.0,L,L,L,0.0,3,6,L,Does the passage contain... (check all that apply):,L,True
264,100048,451edcdfeb13e92a47319c8933da0a45dfc5c7baa616f64ed73bad2bd3b59b05,5969559a-6651-4d43-9001-8664a9f52948,26b729bc-28ae-4399-9684-e617fc924f6d,Reasoning Specialist V4,eace698d45562a4832f0753fc291ea8199df836c5c98517a897c6d112e9f1545,1,0,checklist,L,0.0,1.0,L,L,L,0.0,3,6,L,Does the passage contain... (check all that apply):,L,True
265,100048,451edcdfeb13e92a47319c8933da0a45dfc5c7baa616f64ed73bad2bd3b59b05,5969559a-6651-4d43-9001-8664a9f52948,26b729bc-28ae-4399-9684-e617fc924f6d,Reasoning Specialist V4,eace698d45562a4832f0753fc291ea8199df836c5c98517a897c6d112e9f1545,1,0,checklist,L,0.0,1.0,L,L,L,0.0,3,6,L,Does the passage contain... (check all that apply):,L,True
263,100048,451edcdfeb13e92a47319c8933da0a45dfc5c7baa616f64ed73bad2bd3b59b05,5969559a-6651-4d43-9001-8664a9f52948,26b729bc-28ae-4399-9684-e617fc924f6d,Reasoning Specialist V4,eace698d45562a4832f0753fc291ea8199df836c5c98517a897c6d112e9f1545,1,0,checklist,L,0.0,1.0,L,L,L,0.0,3,6,L,Does the passage contain... (check all that apply):,L,True
84,100048,451edcdfeb13e92a47319c8933da0a45dfc5c7baa616f64ed73bad2bd3b59b05,2e460a64-ca39-49d4-b5ba-13de9cc21bdb,0,Reasoning Specialist V4,eace698d45562a4832f0753fc291ea8199df836c5c98517a897c6d112e9f1545,9,669c039c-500b-4046-a096-e5bab0f17827,ordinal,2,0.8986646043699666,0.8986646043699666,[],,,0.8986646043699666,3,10,,"How difficult was this task for you, on the whole?",2,True
274,100048,451edcdfeb13e92a47319c8933da0a45dfc5c7baa616f64ed73bad2bd3b59b05,5969559a-6651-4d43-9001-8664a9f52948,26b729bc-28ae-4399-9684-e617fc924f6d,Reasoning Specialist V4,eace698d45562a4832f0753fc291ea8199df836c5c98517a897c6d112e9f1545,9,0,ordinal,M,0.8272017054059445,0.8272017054059445,M,M,M,0.41360085270297225,3,10,M,"How difficult was this task for you, on the whole?",M,True
78,100048,451edcdfeb13e92a47319c8933da0a45dfc5c7baa616f64ed73bad2bd3b59b05,2e460a64-ca39-49d4-b5ba-13de9cc21bdb,0,Reasoning Specialist V4,eace698d45562a4832f0753fc291ea8199df836c5c98517a897c6d112e9f1545,1,0,checklist,L,0.0,1.0,L,L,L,0.0,3,6,L,Does the passage contain... (check all that apply):,L,True
261,100048,451edcdfeb13e92a47319c8933da0a45dfc5c7baa616f64ed73bad2bd3b59b05,5969559a-6651-4d43-9001-8664a9f52948,26b729bc-28ae-4399-9684-e617fc924f6d,Reasoning Specialist V4,eace698d45562a4832f0753fc291ea8199df836c5c98517a897c6d112e9f1545,1,0,checklist,L,0.0,1.0,L,L,L,0.0,3,6,L,Does the passage contain... (check all that apply):,L,True
85,100048,451edcdfeb13e92a47319c8933da0a45dfc5c7baa616f64ed73bad2bd3b59b05,2e460a64-ca39-49d4-b5ba-13de9cc21bdb,0,Reasoning Specialist V4,eace698d45562a4832f0753fc291ea8199df836c5c98517a897c6d112e9f1545,10,eb339ff2-62c0-4a21-9ff6-c0007cbfdc55,ordinal,6,0.8648259251435817,0.8648259251435817,[],,,0.8648259251435817,3,10,,"How confident are you about your answers, on the whole?",6,True
275,100048,451edcdfeb13e92a47319c8933da0a45dfc5c7baa616f64ed73bad2bd3b59b05,5969559a-6651-4d43-9001-8664a9f52948,26b729bc-28ae-4399-9684-e617fc924f6d,Reasoning Specialist V4,eace698d45562a4832f0753fc291ea8199df836c5c98517a897c6d112e9f1545,10,1817f20e-d46c-4cce-8503-7a51e2d0f39b,ordinal,9,0.8648259251435817,0.8648259251435817,[],,,0.8648259251435817,3,10,,"How confident are you about your answers, on the whole?",9,True
579,100049,ae31e85165a70dd348fc92519e2636f96614c884c24fa490e0c729d3dbe62867,e85aad21-7955-4b1e-a125-1261dba4f077,7b01e9c8-2b87-4526-97a0-f59631cfb007,Reasoning Specialist V4,eace698d45562a4832f0753fc291ea8199df836c5c98517a897c6d112e9f1545,10,b52a8b58-54e4-4362-9272-e4fe92559ae4,ordinal,7,0.8986646043699666,0.8986646043699666,[],,,0.8986646043699666,3,10,,"How confident are you about your answers, on the whole?",7,True
5,100049,ae31e85165a70dd348fc92519e2636f96614c884c24fa490e0c729d3dbe62867,00be9f2d-728f-4747-846c-f535bea6ac9d,18389262-9eb6-423d-b6ac-aaa5806f36eb,Reasoning Specialist V4,eace698d45562a4832f0753fc291ea8199df836c5c98517a897c6d112e9f1545,1,0,checklist,L,0.0,1.0,L,L,L,0.0,3,6,L,Does the passage contain... (check all that apply):,L,True
4,100049,ae31e85165a70dd348fc92519e2636f96614c884c24fa490e0c729d3dbe62867,00be9f2d-728f-4747-846c-f535bea6ac9d,18389262-9eb6-423d-b6ac-aaa5806f36eb,Reasoning Specialist V4,eace698d45562a4832f0753fc291ea8199df836c5c98517a897c6d112e9f1545,1,0,checklist,L,0.0,1.0,L,L,L,0.0,3,6,L,Does the passage contain... (check all that apply):,L,True
565,100049,ae31e85165a70dd348fc92519e2636f96614c884c24fa490e0c729d3dbe62867,e85aad21-7955-4b1e-a125-1261dba4f077,7b01e9c8-2b87-4526-97a0-f59631cfb007,Reasoning Specialist V4,eace698d45562a4832f0753fc291ea8199df836c5c98517a897c6d112e9f1545,1,0,checklist,L,0.3333333333333333,0.6666666666666667,L,L,L,0.16666666666666666,3,6,L,Does the passage contain... (check all that apply):,L,True
2,100049,ae31e85165a70dd348fc92519e2636f96614c884c24fa490e0c729d3dbe62867,00be9f2d-728f-4747-846c-f535bea6ac9d,18389262-9eb6-423d-b6ac-aaa5806f36eb,Reasoning Specialist V4,eace698d45562a4832f0753fc291ea8199df836c5c98517a897c6d112e9f1545,1,0,checklist,L,0.0,1.0,L,L,L,0.0,3,6,L,Does the passage contain... (check all that apply):,L,True
564,100049,ae31e85165a70dd348fc92519e2636f96614c884c24fa490e0c729d3dbe62867,e85aad21-7955-4b1e-a125-1261dba4f077,7b01e9c8-2b87-4526-97a0-f59631cfb007,Reasoning Specialist V4,eace698d45562a4832f0753fc291ea8199df836c5c98517a897c6d112e9f1545,1,0,checklist,L,0.0,1.0,L,L,L,0.0,3,6,L,Does the passage contain... (check all that apply):,L,True
1,100049,ae31e85165a70dd348fc92519e2636f96614c884c24fa490e0c729d3dbe62867,00be9f2d-728f-4747-846c-f535bea6ac9d,18389262-9eb6-423d-b6ac-aaa5806f36eb,Reasoning Specialist V4,eace698d45562a4832f0753fc291ea8199df836c5c98517a897c6d112e9f1545,1,0,checklist,M,0.6666666666666666,0.33333333333333337,M,M,M,0.3333333333333333,3,6,M,Does the passage contain... (check all that apply):,M,True
567,100049,ae31e85165a70dd348fc92519e2636f96614c884c24fa490e0c729d3dbe62867,e85aad21-7955-4b1e-a125-1261dba4f077,7b01e9c8-2b87-4526-97a0-f59631cfb007,Reasoning Specialist V4,eace698d45562a4832f0753fc291ea8199df836c5c98517a897c6d112e9f1545,1,0,checklist,L,0.0,1.0,L,L,L,0.0,3,6,L,Does the passage contain... (check all that apply):,L,True
0,100049,ae31e85165a70dd348fc92519e2636f96614c884c24fa490e0c729d3dbe62867,00be9f2d-728f-4747-846c-f535bea6ac9d,18389262-9eb6-423d-b6ac-aaa5806f36eb,Reasoning Specialist V4,eace698d45562a4832f0753fc291ea8199df836c5c98517a897c6d112e9f1545,1,0,checklist,L,0.3333333333333333,0.6666666666666667,L,L,L,0.16666666666666666,3,6,L,Does the passage contain... (check all that apply):,L,True
569,100049,ae31e85165a70dd348fc92519e2636f96614c884c24fa490e0c729d3dbe62867,e85aad21-7955-4b1e-a125-1261dba4f077,7b01e9c8-2b87-4526-97a0-f59631cfb007,Reasoning Specialist V4,eace698d45562a4832f0753fc291ea8199df836c5c98517a897c6d112e9f1545,1,0,checklist,M,0.6666666666666666,0.33333333333333337,M,M,M,0.3333333333333333,3,6,M,Does the passage contain... (check all that apply):,M,True
20,100049,ae31e85165a70dd348fc92519e2636f96614c884c24fa490e0c729d3dbe62867,00be9f2d-728f-4747-846c-f535bea6ac9d,18389262-9eb6-423d-b6ac-aaa5806f36eb,Reasoning Specialist V4,eace698d45562a4832f0753fc291ea8199df836c5c98517a897c6d112e9f1545,9,be3ef7ad-280a-4448-8d04-289a57a967ec,ordinal,4,0.8648259251435817,0.8648259251435817,[],,,0.8648259251435817,3,10,,"How difficult was this task for you, on the whole?",4,True
21,100049,ae31e85165a70dd348fc92519e2636f96614c884c24fa490e0c729d3dbe62867,00be9f2d-728f-4747-846c-f535bea6ac9d,18389262-9eb6-423d-b6ac-aaa5806f36eb,Reasoning Specialist V4,eace698d45562a4832f0753fc291ea8199df836c5c98517a897c6d112e9f1545,10,0,ordinal,M,0.8272017054059444,0.8272017054059444,M,M,M,0.4136008527029722,3,10,M,"How confident are you about your answers, on the whole?",M,True
3,100049,ae31e85165a70dd348fc92519e2636f96614c884c24fa490e0c729d3dbe62867,00be9f2d-728f-4747-846c-f535bea6ac9d,18389262-9eb6-423d-b6ac-aaa5806f36eb,Reasoning Specialist V4,eace698d45562a4832f0753fc291ea8199df836c5c98517a897c6d112e9f1545,1,0,checklist,L,0.3333333333333333,0.6666666666666667,L,L,L,0.16666666666666666,3,6,L,Does the passage contain... (check all that apply):,L,True
566,100049,ae31e85165a70dd348fc92519e2636f96614c884c24fa490e0c729d3dbe62867,e85aad21-7955-4b1e-a125-1261dba4f077,7b01e9c8-2b87-4526-97a0-f59631cfb007,Reasoning Specialist V4,eace698d45562a4832f0753fc291ea8199df836c5c98517a897c6d112e9f1545,1,0,checklist,L,0.0,1.0,L,L,L,0.0,3,6,L,Does the passage contain... (check all that apply):,L,True
578,100049,ae31e85165a70dd348fc92519e2636f96614c884c24fa490e0c729d3dbe62867,e85aad21-7955-4b1e-a125-1261dba4f077,7b01e9c8-2b87-4526-97a0-f59631cfb007,Reasoning Specialist V4,eace698d45562a4832f0753fc291ea8199df836c5c98517a897c6d112e9f1545,9,669c039c-500b-4046-a096-e5bab0f17827,ordinal,2,0.8986646043699666,0.8986646043699666,[],,,0.8986646043699666,3,10,,"How difficult was this task for you, on the whole?",2,True
568,100049,ae31e85165a70dd348fc92519e2636f96614c884c24fa490e0c729d3dbe62867,e85aad21-7955-4b1e-a125-1261dba4f077,7b01e9c8-2b87-4526-97a0-f59631cfb007,Reasoning Specialist V4,eace698d45562a4832f0753fc291ea8199df836c5c98517a897c6d112e9f1545,1,0,checklist,L,0.0,1.0,L,L,L,0.0,3,6,L,Does the passage contain... (check all that apply):,L,True
209,100050,f2c5644fd843123eb829e81b49d5a0d1db54cb11f79d302fa6953756d5001e81,4ddcfaea-240f-4e38-b2a5-16e871ebf49f,492059ce-fcf3-45fa-8913-ec01320b9d0c,Reasoning Specialist V4,eace698d45562a4832f0753fc291ea8199df836c5c98517a897c6d112e9f1545,10,0,ordinal,M,0.7513670936879286,0.7513670936879286,M,M,M,0.3756835468439643,3,10,M,"How confident are you about your answers, on the whole?",M,True
194,100050,f2c5644fd843123eb829e81b49d5a0d1db54cb11f79d302fa6953756d5001e81,4ddcfaea-240f-4e38-b2a5-16e871ebf49f,492059ce-fcf3-45fa-8913-ec01320b9d0c,Reasoning Specialist V4,eace698d45562a4832f0753fc291ea8199df836c5c98517a897c6d112e9f1545,1,0,checklist,L,0.3333333333333333,0.6666666666666667,L,L,L,0.16666666666666666,3,6,L,Does the passage contain... (check all that apply):,L,True
193,100050,f2c5644fd843123eb829e81b49d5a0d1db54cb11f79d302fa6953756d5001e81,4ddcfaea-240f-4e38-b2a5-16e871ebf49f,492059ce-fcf3-45fa-8913-ec01320b9d0c,Reasoning Specialist V4,eace698d45562a4832f0753fc291ea8199df836c5c98517a897c6d112e9f1545,1,0,checklist,L,0.0,1.0,L,L,L,0.0,3,6,L,Does the passage contain... (check all that apply):,L,True
208,100050,f2c5644fd843123eb829e81b49d5a0d1db54cb11f79d302fa6953756d5001e81,4ddcfaea-240f-4e38-b2a5-16e871ebf49f,492059ce-fcf3-45fa-8913-ec01320b9d0c,Reasoning Specialist V4,eace698d45562a4832f0753fc291ea8199df836c5c98517a897c6d112e9f1545,9,0,ordinal,M,0.7913552394075126,0.7913552394075126,M,M,M,0.3956776197037563,3,10,M,"How difficult was this task for you, on the whole?",M,True
198,100050,f2c5644fd843123eb829e81b49d5a0d1db54cb11f79d302fa6953756d5001e81,4ddcfaea-240f-4e38-b2a5-16e871ebf49f,492059ce-fcf3-45fa-8913-ec01320b9d0c,Reasoning Specialist V4,eace698d45562a4832f0753fc291ea8199df836c5c98517a897c6d112e9f1545,1,0,checklist,M,0.6666666666666666,0.33333333333333337,M,M,M,0.3333333333333333,3,6,M,Does the passage contain... (check all that apply):,M,True
197,100050,f2c5644fd843123eb829e81b49d5a0d1db54cb11f79d302fa6953756d5001e81,4ddcfaea-240f-4e38-b2a5-16e871ebf49f,492059ce-fcf3-45fa-8913-ec01320b9d0c,Reasoning Specialist V4,eace698d45562a4832f0753fc291ea8199df836c5c98517a897c6d112e9f1545,1,0,checklist,L,0.0,1.0,L,L,L,0.0,3,6,L,Does the passage contain... (check all that apply):,L,True
196,100050,f2c5644fd843123eb829e81b49d5a0d1db54cb11f79d302fa6953756d5001e81,4ddcfaea-240f-4e38-b2a5-16e871ebf49f,492059ce-fcf3-45fa-8913-ec01320b9d0c,Reasoning Specialist V4,eace698d45562a4832f0753fc291ea8199df836c5c98517a897c6d112e9f1545,1,0,checklist,L,0.0,1.0,L,L,L,0.0,3,6,L,Does the passage contain... (check all that apply):,L,True
195,100050,f2c5644fd843123eb829e81b49d5a0d1db54cb11f79d302fa6953756d5001e81,4ddcfaea-240f-4e38-b2a5-16e871ebf49f,492059ce-fcf3-45fa-8913-ec01320b9d0c,Reasoning Specialist V4,eace698d45562a4832f0753fc291ea8199df836c5c98517a897c6d112e9f1545,1,0,checklist,L,0.0,1.0,L,L,L,0.0,3,6,L,Does the passage contain... (check all that apply):,L,True
