,article_num,article_sha256,quiz_task_uuid,tua_uuid,schema_namespace,schema_sha256,question_Number,answer_uuid,question_type,agreed_Answer,coding_perc_agreement,one_two_diff,highlighted_indices,alpha_unitizing_score,alpha_unitizing_score_inclusive,agreement_score,num_users,num_answer_choices,target_text,question_text,answer_content,prereq_passed
34,100043,d1a27dc55d4704fbbb9ede3958d88ee37f118049cc6e19fc242d49f7d3d0cf5d,f8c05253-e7d4-420f-8728-5dc0869855ff,05b31292-9f3c-410a-8500-d11fc7c2bf98,Evidence Specialist,c0214f290c8f381a5f02b9fcb221ff897c903c4646af9fa73577f092c303926f,8,2652c44f-77b0-4791-a42e-0d2bf7c35e45,ordinal,3,1.0,1.0,[],,,1.0,1,5,,"How likely is your alternative explanation for the same evidence, as compared to the author’s explanation?",Equally likely,True
37,100043,d1a27dc55d4704fbbb9ede3958d88ee37f118049cc6e19fc242d49f7d3d0cf5d,f8c05253-e7d4-420f-8728-5dc0869855ff,05b31292-9f3c-410a-8500-d11fc7c2bf98,Evidence Specialist,c0214f290c8f381a5f02b9fcb221ff897c903c4646af9fa73577f092c303926f,13,39c4f70f-9c47-4770-88b5-ca1bc6093882,ordinal,4,0.9342150418290642,0.9342150418290642,[],,,0.9342150418290642,3,10,,"How difficult was this task for you, on the whole?",4,True
36,100043,d1a27dc55d4704fbbb9ede3958d88ee37f118049cc6e19fc242d49f7d3d0cf5d,f8c05253-e7d4-420f-8728-5dc0869855ff,05b31292-9f3c-410a-8500-d11fc7c2bf98,Evidence Specialist,c0214f290c8f381a5f02b9fcb221ff897c903c4646af9fa73577f092c303926f,12,d1b0ea73-2a57-4b44-a60b-b2269d5435b8,ordinal,1,0.9609378732091328,0.9609378732091328,[],,,0.9609378732091328,3,4,,Does the author suggest in any way that further evidence might improve our understanding of the topic?,"Yes, explicitly",True
35,100043,d1a27dc55d4704fbbb9ede3958d88ee37f118049cc6e19fc242d49f7d3d0cf5d,f8c05253-e7d4-420f-8728-5dc0869855ff,05b31292-9f3c-410a-8500-d11fc7c2bf98,Evidence Specialist,c0214f290c8f381a5f02b9fcb221ff897c903c4646af9fa73577f092c303926f,9,f9e30dd9-2c13-421d-91d3-13ef6e843c72,ordinal,3,1.0,1.0,[],,,1.0,3,3,,Is data presented as evidence for a pattern (e.g. A relationship between two variables)?,No,True
33,100043,d1a27dc55d4704fbbb9ede3958d88ee37f118049cc6e19fc242d49f7d3d0cf5d,f8c05253-e7d4-420f-8728-5dc0869855ff,05b31292-9f3c-410a-8500-d11fc7c2bf98,Evidence Specialist,c0214f290c8f381a5f02b9fcb221ff897c903c4646af9fa73577f092c303926f,7,XXX,0,0,0.0,0.0,0,0,0,0.0,0,0,0,What is the best alternative explanation you can think of that could lead to the same set of evidence?,zero,True
38,100043,d1a27dc55d4704fbbb9ede3958d88ee37f118049cc6e19fc242d49f7d3d0cf5d,f8c05253-e7d4-420f-8728-5dc0869855ff,05b31292-9f3c-410a-8500-d11fc7c2bf98,Evidence Specialist,c0214f290c8f381a5f02b9fcb221ff897c903c4646af9fa73577f092c303926f,14,088039fa-3628-4476-8777-062576ce3572,ordinal,7,0.9342150418290642,0.9342150418290642,[],,,0.9342150418290642,3,10,,"How confident are you about your answers, on the whole?",7,True
20,100043,d1a27dc55d4704fbbb9ede3958d88ee37f118049cc6e19fc242d49f7d3d0cf5d,f8c05253-e7d4-420f-8728-5dc0869855ff,05b31292-9f3c-410a-8500-d11fc7c2bf98,Evidence Specialist,c0214f290c8f381a5f02b9fcb221ff897c903c4646af9fa73577f092c303926f,1,0,checklist,L,0.3333333333333333,0.6666666666666667,L,L,L,0.16666666666666666,3,3,L,Is a general or singular causal claim made? Highlight the section(s) that supports your answer.,L,True
21,100043,d1a27dc55d4704fbbb9ede3958d88ee37f118049cc6e19fc242d49f7d3d0cf5d,f8c05253-e7d4-420f-8728-5dc0869855ff,05b31292-9f3c-410a-8500-d11fc7c2bf98,Evidence Specialist,c0214f290c8f381a5f02b9fcb221ff897c903c4646af9fa73577f092c303926f,1,0,checklist,L,0.0,1.0,L,L,L,0.0,3,3,L,Is a general or singular causal claim made? Highlight the section(s) that supports your answer.,L,True
22,100043,d1a27dc55d4704fbbb9ede3958d88ee37f118049cc6e19fc242d49f7d3d0cf5d,f8c05253-e7d4-420f-8728-5dc0869855ff,05b31292-9f3c-410a-8500-d11fc7c2bf98,Evidence Specialist,c0214f290c8f381a5f02b9fcb221ff897c903c4646af9fa73577f092c303926f,1,0,checklist,M,0.6666666666666666,0.33333333333333337,M,M,M,0.3333333333333333,3,3,M,Is a general or singular causal claim made? Highlight the section(s) that supports your answer.,M,True
12,100047,bc5e5c03288f88718cc4461277e3e5e58741dfd97b8281ae511949f4551c26f1,be3d77ab-978a-4f47-944c-1c3d08d2dd4e,86ff9189-131b-4df0-8ac0-ecb492f7138b,Evidence Specialist,c0214f290c8f381a5f02b9fcb221ff897c903c4646af9fa73577f092c303926f,7,XXX,0,0,0.0,0.0,0,0,0,0.0,0,0,0,What is the best alternative explanation you can think of that could lead to the same set of evidence?,zero,True
19,100047,bc5e5c03288f88718cc4461277e3e5e58741dfd97b8281ae511949f4551c26f1,be3d77ab-978a-4f47-944c-1c3d08d2dd4e,86ff9189-131b-4df0-8ac0-ecb492f7138b,Evidence Specialist,c0214f290c8f381a5f02b9fcb221ff897c903c4646af9fa73577f092c303926f,14,0,ordinal,M,0.7326189933075931,0.7326189933075931,M,M,M,0.3663094966537965,4,10,M,"How confident are you about your answers, on the whole?",M,True
13,100047,bc5e5c03288f88718cc4461277e3e5e58741dfd97b8281ae511949f4551c26f1,be3d77ab-978a-4f47-944c-1c3d08d2dd4e,86ff9189-131b-4df0-8ac0-ecb492f7138b,Evidence Specialist,c0214f290c8f381a5f02b9fcb221ff897c903c4646af9fa73577f092c303926f,8,2652c44f-77b0-4791-a42e-0d2bf7c35e45,ordinal,3,1.0,1.0,[],,,1.0,1,5,,"How likely is your alternative explanation for the same evidence, as compared to the author’s explanation?",Equally likely,True
14,100047,bc5e5c03288f88718cc4461277e3e5e58741dfd97b8281ae511949f4551c26f1,be3d77ab-978a-4f47-944c-1c3d08d2dd4e,86ff9189-131b-4df0-8ac0-ecb492f7138b,Evidence Specialist,c0214f290c8f381a5f02b9fcb221ff897c903c4646af9fa73577f092c303926f,9,f9e30dd9-2c13-421d-91d3-13ef6e843c72,ordinal,3,0.9781584535267784,0.9781584535267784,"[, 837, , 838, , 839, , 840, , 841, , 842, , 843, , 844, , 845, , 846, , 847, , 848, , 849, , 850, , 851, , 852, , 853, , 854, , 855, , 856, , 857, , 858, , 859, , 860, , 861, , 862, , 863, , 864, , 865, , 866, , 867, , 868, , 869, , 870, , 871, , 872, , 873, , 874, , 875, , 876, , 877, , 878, , 879, , 880, , 881, , 882, , 883, , 884, , 885, , 886, , 887, , 888, , 889, , 890, , 891, , 892, , 893, , 894, , 895, , 896, , 897, , 898, , 899, , 900, , 901, , 902, , 903, , 904, , 905, , 906, , 907, , 908, , 909, , 910, , 911, , 912, , 913, , 914, , 915, , 916, , 917, , 918, , 919, , 920, , 921, , 922, , 923, , 924, , 925, , 926, , 927, , 928, , 929, , 930, , 931, , 932, , 933, , 934, , 935, , 936, , 937, , 938, , 939, , 940, , 941, , 942, , 943, , 944, , 945, , 946, , 947, , 948, , 949, , 950, , 951, , 952, , 953, , 954, , 955, , 956, , 957, , 958, , 959, , 960, , 961, , 962, , 963, , 964, , 965, , 966, , 967, , 968, , 969, , 970, , 971, , 972, , 973, , 974, , 975, , 976, , 977, , 978, , 979, , 980, , 981, , 982, , 983, , 984, 1139, 1140, 1141, 1142, 1143, 1144, 1145, 1146, 1147, 1148, 1149, 1150, 1151, 1152, 1153, 1154, 1155, 1156, 1157, 1158, 1159, 1160, 1161, 1162, 1163, 1164, 1165, 1166, 1167, 1168, 1169, 1170, 1171, 1172, 1173, 1174, 1175, 1176, 1177, 1178, 1179, 1180, 1181, 1182, 1183, 1184, 1185, 1186, 1187, 1188, 1189, 1190, 1191, 1192, 1193, 1194, 1195, 1196, 1197, 1198, 1199, 1200, 1201, 1202, 1203, 1204, 1205, 1206, 1207, 1208, 1209, 1210, 1211, 1212, 1213, 1214, 1215, 1216]",0.6258543813376133,0.6258543813376133,0.8020064174321958,4,3,Del Coso Garrigos explained that highly trained athletes burn up to 0.75 g of body fat during every minute of a moderately intensive workout session//So an hour’s worth of moderate exercise would only get rid of 30 g of body fat,Is data presented as evidence for a pattern (e.g. A relationship between two variables)?,No,True
2,100047,bc5e5c03288f88718cc4461277e3e5e58741dfd97b8281ae511949f4551c26f1,be3d77ab-978a-4f47-944c-1c3d08d2dd4e,86ff9189-131b-4df0-8ac0-ecb492f7138b,Evidence Specialist,c0214f290c8f381a5f02b9fcb221ff897c903c4646af9fa73577f092c303926f,1,43deba4a-8963-4910-8ab0-e2a76b258c70,checklist,3,1.0,0.0,L,L,L,0.5,4,3,,Is a general or singular causal claim made? Highlight the section(s) that supports your answer.,No causal claim made,True
17,100047,bc5e5c03288f88718cc4461277e3e5e58741dfd97b8281ae511949f4551c26f1,be3d77ab-978a-4f47-944c-1c3d08d2dd4e,86ff9189-131b-4df0-8ac0-ecb492f7138b,Evidence Specialist,c0214f290c8f381a5f02b9fcb221ff897c903c4646af9fa73577f092c303926f,12,83611ea8-cb5f-4b8f-883b-9bb5d313e9e9,ordinal,4,0.8552778762416621,0.8552778762416621,[],,,0.8552778762416621,4,4,,Does the author suggest in any way that further evidence might improve our understanding of the topic?,"No, not at all",True
1,100047,bc5e5c03288f88718cc4461277e3e5e58741dfd97b8281ae511949f4551c26f1,be3d77ab-978a-4f47-944c-1c3d08d2dd4e,86ff9189-131b-4df0-8ac0-ecb492f7138b,Evidence Specialist,c0214f290c8f381a5f02b9fcb221ff897c903c4646af9fa73577f092c303926f,1,0,checklist,L,0.0,1.0,L,L,L,0.0,4,3,L,Is a general or singular causal claim made? Highlight the section(s) that supports your answer.,L,True
18,100047,bc5e5c03288f88718cc4461277e3e5e58741dfd97b8281ae511949f4551c26f1,be3d77ab-978a-4f47-944c-1c3d08d2dd4e,86ff9189-131b-4df0-8ac0-ecb492f7138b,Evidence Specialist,c0214f290c8f381a5f02b9fcb221ff897c903c4646af9fa73577f092c303926f,13,0,ordinal,M,0.5233493729923739,0.5233493729923739,M,M,M,0.26167468649618697,4,10,M,"How difficult was this task for you, on the whole?",M,True
0,100047,bc5e5c03288f88718cc4461277e3e5e58741dfd97b8281ae511949f4551c26f1,be3d77ab-978a-4f47-944c-1c3d08d2dd4e,86ff9189-131b-4df0-8ac0-ecb492f7138b,Evidence Specialist,c0214f290c8f381a5f02b9fcb221ff897c903c4646af9fa73577f092c303926f,1,0,checklist,L,0.25,0.75,L,L,L,0.125,4,3,L,Is a general or singular causal claim made? Highlight the section(s) that supports your answer.,L,True
