,Schema,Question_Number,Question_Number_V2,Question_Type,Answer_Number,Point_Recommendation,Label,Key Question,answer_uuid_x,Unnamed: 0,article_num,article_sha256,quiz_task_uuid,tua_uuid,schema_namespace,schema_sha256,answer_uuid_y,question_type,agreed_Answer,coding_perc_agreement,one_two_diff,highlighted_indices,alpha_unitizing_score,alpha_unitizing_score_inclusive,agreement_score,num_users,num_answer_choices,target_text,question_text,answer_content,prereq_passed,agreement_adjusted_points,schema
0,Evidence,8,,ordinal,3,-2.0,Alternative explanation,,,34,100043,d1a27dc55d4704fbbb9ede3958d88ee37f118049cc6e19fc242d49f7d3d0cf5d,f8c05253-e7d4-420f-8728-5dc0869855ff,05b31292-9f3c-410a-8500-d11fc7c2bf98,Evidence Specialist,c0214f290c8f381a5f02b9fcb221ff897c903c4646af9fa73577f092c303926f,2652c44f-77b0-4791-a42e-0d2bf7c35e45,ordinal,3,1.0,1.0,[],nan,nan,1.0,1,5,nan,"How likely is your alternative explanation for the same evidence, as compared to the author’s explanation?",Equally likely,True,-2.0,Evidence
1,Evidence,8,,ordinal,3,-2.0,Alternative explanation,,,13,100047,bc5e5c03288f88718cc4461277e3e5e58741dfd97b8281ae511949f4551c26f1,be3d77ab-978a-4f47-944c-1c3d08d2dd4e,86ff9189-131b-4df0-8ac0-ecb492f7138b,Evidence Specialist,c0214f290c8f381a5f02b9fcb221ff897c903c4646af9fa73577f092c303926f,2652c44f-77b0-4791-a42e-0d2bf7c35e45,ordinal,3,1.0,1.0,[],nan,nan,1.0,1,5,nan,"How likely is your alternative explanation for the same evidence, as compared to the author’s explanation?",Equally likely,True,-2.0,Evidence
2,Evidence,12,,ordinal,1,0.0,Open to evidence,,,36,100043,d1a27dc55d4704fbbb9ede3958d88ee37f118049cc6e19fc242d49f7d3d0cf5d,f8c05253-e7d4-420f-8728-5dc0869855ff,05b31292-9f3c-410a-8500-d11fc7c2bf98,Evidence Specialist,c0214f290c8f381a5f02b9fcb221ff897c903c4646af9fa73577f092c303926f,d1b0ea73-2a57-4b44-a60b-b2269d5435b8,ordinal,1,0.9609378732091328,0.9609378732091328,[],nan,nan,0.9609378732091328,3,4,nan,Does the author suggest in any way that further evidence might improve our understanding of the topic?,"Yes, explicitly",True,0.0,Evidence
3,Evidence,12,,ordinal,4,-2.0,Open to evidence,,,17,100047,bc5e5c03288f88718cc4461277e3e5e58741dfd97b8281ae511949f4551c26f1,be3d77ab-978a-4f47-944c-1c3d08d2dd4e,86ff9189-131b-4df0-8ac0-ecb492f7138b,Evidence Specialist,c0214f290c8f381a5f02b9fcb221ff897c903c4646af9fa73577f092c303926f,83611ea8-cb5f-4b8f-883b-9bb5d313e9e9,ordinal,4,0.8552778762416621,0.8552778762416621,[],nan,nan,0.8552778762416621,4,4,nan,Does the author suggest in any way that further evidence might improve our understanding of the topic?,"No, not at all",True,-1.7105557524833241,Evidence
0,Evidence,8,,ordinal,3,-2.0,Alternative explanation,,,34,100043,d1a27dc55d4704fbbb9ede3958d88ee37f118049cc6e19fc242d49f7d3d0cf5d,f8c05253-e7d4-420f-8728-5dc0869855ff,05b31292-9f3c-410a-8500-d11fc7c2bf98,Evidence Specialist,c0214f290c8f381a5f02b9fcb221ff897c903c4646af9fa73577f092c303926f,2652c44f-77b0-4791-a42e-0d2bf7c35e45,ordinal,3,1.0,1.0,[],nan,nan,1.0,1,5,nan,"How likely is your alternative explanation for the same evidence, as compared to the author’s explanation?",Equally likely,True,-2.0,Evidence
1,Evidence,8,,ordinal,3,-2.0,Alternative explanation,,,13,100047,bc5e5c03288f88718cc4461277e3e5e58741dfd97b8281ae511949f4551c26f1,be3d77ab-978a-4f47-944c-1c3d08d2dd4e,86ff9189-131b-4df0-8ac0-ecb492f7138b,Evidence Specialist,c0214f290c8f381a5f02b9fcb221ff897c903c4646af9fa73577f092c303926f,2652c44f-77b0-4791-a42e-0d2bf7c35e45,ordinal,3,1.0,1.0,[],nan,nan,1.0,1,5,nan,"How likely is your alternative explanation for the same evidence, as compared to the author’s explanation?",Equally likely,True,-2.0,Evidence
2,Evidence,12,,ordinal,1,0.0,Open to evidence,,,36,100043,d1a27dc55d4704fbbb9ede3958d88ee37f118049cc6e19fc242d49f7d3d0cf5d,f8c05253-e7d4-420f-8728-5dc0869855ff,05b31292-9f3c-410a-8500-d11fc7c2bf98,Evidence Specialist,c0214f290c8f381a5f02b9fcb221ff897c903c4646af9fa73577f092c303926f,d1b0ea73-2a57-4b44-a60b-b2269d5435b8,ordinal,1,0.9609378732091328,0.9609378732091328,[],nan,nan,0.9609378732091328,3,4,nan,Does the author suggest in any way that further evidence might improve our understanding of the topic?,"Yes, explicitly",True,0.0,Evidence
3,Evidence,12,,ordinal,4,-2.0,Open to evidence,,,17,100047,bc5e5c03288f88718cc4461277e3e5e58741dfd97b8281ae511949f4551c26f1,be3d77ab-978a-4f47-944c-1c3d08d2dd4e,86ff9189-131b-4df0-8ac0-ecb492f7138b,Evidence Specialist,c0214f290c8f381a5f02b9fcb221ff897c903c4646af9fa73577f092c303926f,83611ea8-cb5f-4b8f-883b-9bb5d313e9e9,ordinal,4,0.8552778762416621,0.8552778762416621,[],nan,nan,0.8552778762416621,4,4,nan,Does the author suggest in any way that further evidence might improve our understanding of the topic?,"No, not at all",True,-1.7105557524833241,Evidence
