,Schema,Question_Number,Question_Number_V2,Question_Type,Answer_Number,Point_Recommendation,Label,Key Question,answer_uuid_x,Unnamed: 0,article_num,article_sha256,quiz_task_uuid,tua_uuid,schema_namespace,schema_sha256,answer_uuid_y,question_type,agreed_Answer,coding_perc_agreement,one_two_diff,highlighted_indices,alpha_unitizing_score,alpha_unitizing_score_inclusive,agreement_score,num_users,num_answer_choices,target_text,question_text,answer_content,prereq_passed,agreement_adjusted_points,schema
0,Overall,6,,ordinal,1,2.0,Good Title,,,58,100039,ea908e535280e57805f9f5f093d5694d37623279c3cd90ee46dff92144237ad7,91db25cf-af96-4653-9cd0-09953983d3c4,,Holistic Evaluation of Article,73547c3c231ca8366dfcec3758c9248bd090123e5fd8e249c635222488b354da,d7210ff0-aa4a-4d74-8682-4816668dfabc,ordinal,1,0.9624020749541876,0.9624020749541876,"[62, 63, 64, 65, 66]",0.14596923076923074,-0.06806519367454533,0.5541856528617093,5,5,Fishy,Does the title match the text?,"Yes, without exaggeration",True,1.1083713057234186,Overall
1,Overall,6,,ordinal,1,2.0,Good Title,,,38,100040,ec47eb7633cadab64fdca9e163f61b889cb53dcb7c68eeac286b8167155268ed,6375834d-682b-489b-8000-b6c6e60c45f9,,Holistic Evaluation of Article,73547c3c231ca8366dfcec3758c9248bd090123e5fd8e249c635222488b354da,d7210ff0-aa4a-4d74-8682-4816668dfabc,ordinal,1,0.8540536313144019,0.8540536313144019,[],nan,nan,0.8540536313144019,5,5,nan,Does the title match the text?,"Yes, without exaggeration",True,1.7081072626288039,Overall
2,Overall,6,,ordinal,1,2.0,Good Title,,,18,100041,a2cbd2793021682ba8c9d0dc90f901373791b6653b8de686a304de0f07fbdcd0,34429049-6872-4f6c-b569-ef68127979a4,,Holistic Evaluation of Article,73547c3c231ca8366dfcec3758c9248bd090123e5fd8e249c635222488b354da,d7210ff0-aa4a-4d74-8682-4816668dfabc,ordinal,1,1.0,1.0,[],nan,nan,1.0,6,5,nan,Does the title match the text?,"Yes, without exaggeration",True,2.0,Overall
3,Overall,3,,checklist,10,-10.0,Celebrity Gossip,,,51,100039,ea908e535280e57805f9f5f093d5694d37623279c3cd90ee46dff92144237ad7,91db25cf-af96-4653-9cd0-09953983d3c4,,Holistic Evaluation of Article,73547c3c231ca8366dfcec3758c9248bd090123e5fd8e249c635222488b354da,d12884e3-65d5-41f5-9abc-18ac8b6af3e5,checklist,10,0.8,0.2,"[, , 7, , , 8, , , 9, , 10, , 11, , 12, , 13, , 14, , 15, , 16, , 17, , 18, , 19, , 20, , 21, , 22, , 23, , 24, , 25, , 26, , 27, , 28, , 29, , 30, , 31, , 32, , 33, , 34, , 35, , 36, , 37, , 38, , 39, , 40, , 41, , 42, , 43, , 44, , 45, , 46, , 47, , 48, , 49, , 50, , 51, , 52, , 53, , 54, , 55, , 56, , 57, , 58, , 59, , 60, , 61, , 62, , 63, , 64, , 65, , 66, 157, 158, 159, 160, 161, 162, 163, 164, 165, 166, 167, 168, 169, 170, 171, 172, 173, 174, 175, 176, 177, 178, 179, 180, 181, 182, 183, 184, 185, 186, 187, 188, 189, 190, 191, 192, 193]",-0.014028934677772886,-0.014028934677772886,0.3929855326611136,5,11,Doctor Tells CNN Trump’s Walter Reed Medical Visit Was Fishy//regarding Mr. Trump’s physical health,What type of article is this?,Celebrity Gossip,True,-3.929855326611136,Overall
0,Overall,6,,ordinal,1,2.0,Good Title,,,58,100039,ea908e535280e57805f9f5f093d5694d37623279c3cd90ee46dff92144237ad7,91db25cf-af96-4653-9cd0-09953983d3c4,,Holistic Evaluation of Article,73547c3c231ca8366dfcec3758c9248bd090123e5fd8e249c635222488b354da,d7210ff0-aa4a-4d74-8682-4816668dfabc,ordinal,1,0.9624020749541876,0.9624020749541876,"[62, 63, 64, 65, 66]",0.14596923076923074,-0.06806519367454533,0.5541856528617093,5,5,Fishy,Does the title match the text?,"Yes, without exaggeration",True,1.1083713057234186,Overall
1,Overall,6,,ordinal,1,2.0,Good Title,,,38,100040,ec47eb7633cadab64fdca9e163f61b889cb53dcb7c68eeac286b8167155268ed,6375834d-682b-489b-8000-b6c6e60c45f9,,Holistic Evaluation of Article,73547c3c231ca8366dfcec3758c9248bd090123e5fd8e249c635222488b354da,d7210ff0-aa4a-4d74-8682-4816668dfabc,ordinal,1,0.8540536313144019,0.8540536313144019,[],nan,nan,0.8540536313144019,5,5,nan,Does the title match the text?,"Yes, without exaggeration",True,1.7081072626288039,Overall
2,Overall,6,,ordinal,1,2.0,Good Title,,,18,100041,a2cbd2793021682ba8c9d0dc90f901373791b6653b8de686a304de0f07fbdcd0,34429049-6872-4f6c-b569-ef68127979a4,,Holistic Evaluation of Article,73547c3c231ca8366dfcec3758c9248bd090123e5fd8e249c635222488b354da,d7210ff0-aa4a-4d74-8682-4816668dfabc,ordinal,1,1.0,1.0,[],nan,nan,1.0,6,5,nan,Does the title match the text?,"Yes, without exaggeration",True,2.0,Overall
3,Overall,3,,checklist,10,-10.0,Celebrity Gossip,,,51,100039,ea908e535280e57805f9f5f093d5694d37623279c3cd90ee46dff92144237ad7,91db25cf-af96-4653-9cd0-09953983d3c4,,Holistic Evaluation of Article,73547c3c231ca8366dfcec3758c9248bd090123e5fd8e249c635222488b354da,d12884e3-65d5-41f5-9abc-18ac8b6af3e5,checklist,10,0.8,0.2,"[, , 7, , , 8, , , 9, , 10, , 11, , 12, , 13, , 14, , 15, , 16, , 17, , 18, , 19, , 20, , 21, , 22, , 23, , 24, , 25, , 26, , 27, , 28, , 29, , 30, , 31, , 32, , 33, , 34, , 35, , 36, , 37, , 38, , 39, , 40, , 41, , 42, , 43, , 44, , 45, , 46, , 47, , 48, , 49, , 50, , 51, , 52, , 53, , 54, , 55, , 56, , 57, , 58, , 59, , 60, , 61, , 62, , 63, , 64, , 65, , 66, 157, 158, 159, 160, 161, 162, 163, 164, 165, 166, 167, 168, 169, 170, 171, 172, 173, 174, 175, 176, 177, 178, 179, 180, 181, 182, 183, 184, 185, 186, 187, 188, 189, 190, 191, 192, 193]",-0.014028934677772886,-0.014028934677772886,0.3929855326611136,5,11,Doctor Tells CNN Trump’s Walter Reed Medical Visit Was Fishy//regarding Mr. Trump’s physical health,What type of article is this?,Celebrity Gossip,True,-3.929855326611136,Overall
0,Overall,6,,ordinal,1,2.0,Good Title,,,58,100039,ea908e535280e57805f9f5f093d5694d37623279c3cd90ee46dff92144237ad7,91db25cf-af96-4653-9cd0-09953983d3c4,,Holistic Evaluation of Article,73547c3c231ca8366dfcec3758c9248bd090123e5fd8e249c635222488b354da,d7210ff0-aa4a-4d74-8682-4816668dfabc,ordinal,1,0.9624020749541876,0.9624020749541876,"[62, 63, 64, 65, 66]",0.14596923076923074,-0.06806519367454533,0.5541856528617093,5,5,Fishy,Does the title match the text?,"Yes, without exaggeration",True,1.1083713057234186,Overall
1,Overall,6,,ordinal,1,2.0,Good Title,,,38,100040,ec47eb7633cadab64fdca9e163f61b889cb53dcb7c68eeac286b8167155268ed,6375834d-682b-489b-8000-b6c6e60c45f9,,Holistic Evaluation of Article,73547c3c231ca8366dfcec3758c9248bd090123e5fd8e249c635222488b354da,d7210ff0-aa4a-4d74-8682-4816668dfabc,ordinal,1,0.8540536313144019,0.8540536313144019,[],nan,nan,0.8540536313144019,5,5,nan,Does the title match the text?,"Yes, without exaggeration",True,1.7081072626288039,Overall
2,Overall,6,,ordinal,1,2.0,Good Title,,,18,100041,a2cbd2793021682ba8c9d0dc90f901373791b6653b8de686a304de0f07fbdcd0,34429049-6872-4f6c-b569-ef68127979a4,,Holistic Evaluation of Article,73547c3c231ca8366dfcec3758c9248bd090123e5fd8e249c635222488b354da,d7210ff0-aa4a-4d74-8682-4816668dfabc,ordinal,1,1.0,1.0,[],nan,nan,1.0,6,5,nan,Does the title match the text?,"Yes, without exaggeration",True,2.0,Overall
3,Overall,3,,checklist,10,-10.0,Celebrity Gossip,,,51,100039,ea908e535280e57805f9f5f093d5694d37623279c3cd90ee46dff92144237ad7,91db25cf-af96-4653-9cd0-09953983d3c4,,Holistic Evaluation of Article,73547c3c231ca8366dfcec3758c9248bd090123e5fd8e249c635222488b354da,d12884e3-65d5-41f5-9abc-18ac8b6af3e5,checklist,10,0.8,0.2,"[, , 7, , , 8, , , 9, , 10, , 11, , 12, , 13, , 14, , 15, , 16, , 17, , 18, , 19, , 20, , 21, , 22, , 23, , 24, , 25, , 26, , 27, , 28, , 29, , 30, , 31, , 32, , 33, , 34, , 35, , 36, , 37, , 38, , 39, , 40, , 41, , 42, , 43, , 44, , 45, , 46, , 47, , 48, , 49, , 50, , 51, , 52, , 53, , 54, , 55, , 56, , 57, , 58, , 59, , 60, , 61, , 62, , 63, , 64, , 65, , 66, 157, 158, 159, 160, 161, 162, 163, 164, 165, 166, 167, 168, 169, 170, 171, 172, 173, 174, 175, 176, 177, 178, 179, 180, 181, 182, 183, 184, 185, 186, 187, 188, 189, 190, 191, 192, 193]",-0.014028934677772886,-0.014028934677772886,0.3929855326611136,5,11,Doctor Tells CNN Trump’s Walter Reed Medical Visit Was Fishy//regarding Mr. Trump’s physical health,What type of article is this?,Celebrity Gossip,True,-3.929855326611136,Overall
