Article ID,Credibility Indicator ID,Credibilty Indicator Category,Credibility Indicator Name,Points,Indices of Label in Article,Start,End,target_text
451edcdfeb13e92a47319c8933da0a45dfc5c7baa616f64ed73bad2bd3b59b05,L0,Language,Well-balanced,0.4804689366045664,[],-1,-1,nan
451edcdfeb13e92a47319c8933da0a45dfc5c7baa616f64ed73bad2bd3b59b05,L0,Language,Well-balanced,0.4804689366045664,[],-1,-1,nan
451edcdfeb13e92a47319c8933da0a45dfc5c7baa616f64ed73bad2bd3b59b05,L0,Language,Well-balanced,0.4837410163115784,[],-1,-1,nan
451edcdfeb13e92a47319c8933da0a45dfc5c7baa616f64ed73bad2bd3b59b05,L0,Language,Well-balanced,0.4853517024534248,[],-1,-1,nan
451edcdfeb13e92a47319c8933da0a45dfc5c7baa616f64ed73bad2bd3b59b05,L0,Language,Well-balanced,0.4890792267633892,[],-1,-1,nan
,,,,,,,,
