Article ID,Credibility Indicator ID,Credibilty Indicator Category,Credibility Indicator Name,Points,Indices of Label in Article,Start,End,target_text
c668f1d99cb59e7df1f13a6a3a4f1a6a0ffdb847d9f0441ee369cd4dd62c626c,L0,Language,Metaphor unhelpful,0.0,"[1212, 1213, 1214, 1215, 1216, 1217, 1218, 1219, 1220, 1221, 1222, 1223, 1224, 1225, 1226, 1227, 1228, 1229, 1230, 1231, 1232, 1233, 1234, 1235, 1236, 1237, 1238, 1239, 1240, 1241, 1242, 1243, 1244, 1245, 1246, 1247, 1248, 1249, 1250, 1251, 1252, 1253, 1254, 1255, 1256, 1257, 1258, 1259, 1260, 1261, 1262, 1263, 1264, 1265, 1266, 1267, 1268, 1269, 1270, 1271, 1272, 1273]",1212,1274,nan
c668f1d99cb59e7df1f13a6a3a4f1a6a0ffdb847d9f0441ee369cd4dd62c626c,L0,Language,Well-balanced,0.5,[],-1,-1,nan
c668f1d99cb59e7df1f13a6a3a4f1a6a0ffdb847d9f0441ee369cd4dd62c626c,L0,Language,Well-balanced,0.5,[],-1,-1,nan
c668f1d99cb59e7df1f13a6a3a4f1a6a0ffdb847d9f0441ee369cd4dd62c626c,L0,Language,Well-balanced,0.5,[],-1,-1,nan
c668f1d99cb59e7df1f13a6a3a4f1a6a0ffdb847d9f0441ee369cd4dd62c626c,L0,Language,Well-balanced,0.414317304999748,[],-1,-1,nan
,,,,,,,,
