Article ID,Credibility Indicator ID,Credibilty Indicator Category,Credibility Indicator Name,Points,Indices of Label in Article,Start,End,target_text
bc5e5c03288f88718cc4461277e3e5e58741dfd97b8281ae511949f4551c26f1,E0,Evidence,Alternative explanation,-2.0,[],-1,-1,nan
bc5e5c03288f88718cc4461277e3e5e58741dfd97b8281ae511949f4551c26f1,E0,Evidence,Open to evidence,-1.7105557524833241,[],-1,-1,nan
bc5e5c03288f88718cc4461277e3e5e58741dfd97b8281ae511949f4551c26f1,L0,Language,Well-balanced,0.414317304999748,[],-1,-1,nan
,,,,,,,,
