article_num,article_sha256,quiz_task_uuid,tua_uuid,schema_namespace,schema_sha256,question_Number,answer_uuid,question_type,agreed_Answer,coding_perc_agreement,one_two_diff,highlighted_indices,alpha_unitizing_score,alpha_unitizing_score_inclusive,agreement_score,num_users,num_answer_choices,target_text,question_text,answer_content
100041,a2cbd2793021682ba8c9d0dc90f901373791b6653b8de686a304de0f07fbdcd0,34429049-6872-4f6c-b569-ef68127979a4,nan,Holistic Evaluation of Article,73547c3c231ca8366dfcec3758c9248bd090123e5fd8e249c635222488b354da,1,4af1c5a5-650e-4ea3-a8dd-9274cf48016b,ordinal,2,0.8926906350375459,0.8926906350375459,[],NA,NA,0.8926906350375459,6,5,NA,"Knowing everything you know about the world, how *credible* does the article seem to you, overall?",Fairly credible
100041,a2cbd2793021682ba8c9d0dc90f901373791b6653b8de686a304de0f07fbdcd0,34429049-6872-4f6c-b569-ef68127979a4,nan,Holistic Evaluation of Article,73547c3c231ca8366dfcec3758c9248bd090123e5fd8e249c635222488b354da,2,5e5c35ea-e965-41c3-921c-0a75f87fc648,ordinal,5,0.7890195072541117,0.7890195072541117,[],NA,NA,0.7890195072541117,6,5,NA,"Given everything you know about the world, how *biased* does the article seem to you, overall?",Not at all biased
100041,a2cbd2793021682ba8c9d0dc90f901373791b6653b8de686a304de0f07fbdcd0,34429049-6872-4f6c-b569-ef68127979a4,nan,Holistic Evaluation of Article,73547c3c231ca8366dfcec3758c9248bd090123e5fd8e249c635222488b354da,3,e517992b-dfb3-4b01-8034-fdedbd2a883f,checklist,1,0.8333333333333334,0.16666666666666663,[],NA,NA,0.8333333333333334,6,11,NA,What type of article is this?,News report
100041,a2cbd2793021682ba8c9d0dc90f901373791b6653b8de686a304de0f07fbdcd0,34429049-6872-4f6c-b569-ef68127979a4,nan,Holistic Evaluation of Article,73547c3c231ca8366dfcec3758c9248bd090123e5fd8e249c635222488b354da,3,0,checklist,L,0.0,1.0,L,L,L,0.0,6,11,L,What type of article is this?,L
100041,a2cbd2793021682ba8c9d0dc90f901373791b6653b8de686a304de0f07fbdcd0,34429049-6872-4f6c-b569-ef68127979a4,nan,Holistic Evaluation of Article,73547c3c231ca8366dfcec3758c9248bd090123e5fd8e249c635222488b354da,3,0,checklist,L,0.0,1.0,L,L,L,0.0,6,11,L,What type of article is this?,L
100041,a2cbd2793021682ba8c9d0dc90f901373791b6653b8de686a304de0f07fbdcd0,34429049-6872-4f6c-b569-ef68127979a4,nan,Holistic Evaluation of Article,73547c3c231ca8366dfcec3758c9248bd090123e5fd8e249c635222488b354da,3,0,checklist,L,0.0,1.0,L,L,L,0.0,6,11,L,What type of article is this?,L
100041,a2cbd2793021682ba8c9d0dc90f901373791b6653b8de686a304de0f07fbdcd0,34429049-6872-4f6c-b569-ef68127979a4,nan,Holistic Evaluation of Article,73547c3c231ca8366dfcec3758c9248bd090123e5fd8e249c635222488b354da,3,0,checklist,L,0.0,1.0,L,L,L,0.0,6,11,L,What type of article is this?,L
100041,a2cbd2793021682ba8c9d0dc90f901373791b6653b8de686a304de0f07fbdcd0,34429049-6872-4f6c-b569-ef68127979a4,nan,Holistic Evaluation of Article,73547c3c231ca8366dfcec3758c9248bd090123e5fd8e249c635222488b354da,3,0,checklist,L,0.16666666666666666,0.8333333333333334,L,L,L,0.08333333333333333,6,11,L,What type of article is this?,L
100041,a2cbd2793021682ba8c9d0dc90f901373791b6653b8de686a304de0f07fbdcd0,34429049-6872-4f6c-b569-ef68127979a4,nan,Holistic Evaluation of Article,73547c3c231ca8366dfcec3758c9248bd090123e5fd8e249c635222488b354da,3,0,checklist,L,0.0,1.0,L,L,L,0.0,6,11,L,What type of article is this?,L
100041,a2cbd2793021682ba8c9d0dc90f901373791b6653b8de686a304de0f07fbdcd0,34429049-6872-4f6c-b569-ef68127979a4,nan,Holistic Evaluation of Article,73547c3c231ca8366dfcec3758c9248bd090123e5fd8e249c635222488b354da,3,0,checklist,L,0.0,1.0,L,L,L,0.0,6,11,L,What type of article is this?,L
100041,a2cbd2793021682ba8c9d0dc90f901373791b6653b8de686a304de0f07fbdcd0,34429049-6872-4f6c-b569-ef68127979a4,nan,Holistic Evaluation of Article,73547c3c231ca8366dfcec3758c9248bd090123e5fd8e249c635222488b354da,3,0,checklist,L,0.0,1.0,L,L,L,0.0,6,11,L,What type of article is this?,L
100041,a2cbd2793021682ba8c9d0dc90f901373791b6653b8de686a304de0f07fbdcd0,34429049-6872-4f6c-b569-ef68127979a4,nan,Holistic Evaluation of Article,73547c3c231ca8366dfcec3758c9248bd090123e5fd8e249c635222488b354da,3,0,checklist,L,0.0,1.0,L,L,L,0.0,6,11,L,What type of article is this?,L
100041,a2cbd2793021682ba8c9d0dc90f901373791b6653b8de686a304de0f07fbdcd0,34429049-6872-4f6c-b569-ef68127979a4,nan,Holistic Evaluation of Article,73547c3c231ca8366dfcec3758c9248bd090123e5fd8e249c635222488b354da,3,0,checklist,L,0.16666666666666666,0.8333333333333334,L,L,L,0.08333333333333333,6,11,L,What type of article is this?,L
100041,a2cbd2793021682ba8c9d0dc90f901373791b6653b8de686a304de0f07fbdcd0,34429049-6872-4f6c-b569-ef68127979a4,nan,Holistic Evaluation of Article,73547c3c231ca8366dfcec3758c9248bd090123e5fd8e249c635222488b354da,4,26b004af-e376-4fdd-9f14-ad01e1bd8511,checklist,1,0.8,0.19999999999999996,[],NA,NA,0.8,5,5,NA,What type of news article is it?,Neutral description of a recent or ongoing event
100041,a2cbd2793021682ba8c9d0dc90f901373791b6653b8de686a304de0f07fbdcd0,34429049-6872-4f6c-b569-ef68127979a4,nan,Holistic Evaluation of Article,73547c3c231ca8366dfcec3758c9248bd090123e5fd8e249c635222488b354da,4,0,checklist,M,0.6,0.4,M,M,M,0.3,5,5,M,What type of news article is it?,M
100041,a2cbd2793021682ba8c9d0dc90f901373791b6653b8de686a304de0f07fbdcd0,34429049-6872-4f6c-b569-ef68127979a4,nan,Holistic Evaluation of Article,73547c3c231ca8366dfcec3758c9248bd090123e5fd8e249c635222488b354da,4,0,checklist,L,0.0,1.0,L,L,L,0.0,5,5,L,What type of news article is it?,L
100041,a2cbd2793021682ba8c9d0dc90f901373791b6653b8de686a304de0f07fbdcd0,34429049-6872-4f6c-b569-ef68127979a4,nan,Holistic Evaluation of Article,73547c3c231ca8366dfcec3758c9248bd090123e5fd8e249c635222488b354da,4,0,checklist,L,0.0,1.0,L,L,L,0.0,5,5,L,What type of news article is it?,L
100041,a2cbd2793021682ba8c9d0dc90f901373791b6653b8de686a304de0f07fbdcd0,34429049-6872-4f6c-b569-ef68127979a4,nan,Holistic Evaluation of Article,73547c3c231ca8366dfcec3758c9248bd090123e5fd8e249c635222488b354da,4,0,checklist,L,0.0,1.0,L,L,L,0.0,5,5,L,What type of news article is it?,L
100041,a2cbd2793021682ba8c9d0dc90f901373791b6653b8de686a304de0f07fbdcd0,34429049-6872-4f6c-b569-ef68127979a4,nan,Holistic Evaluation of Article,73547c3c231ca8366dfcec3758c9248bd090123e5fd8e249c635222488b354da,6,d7210ff0-aa4a-4d74-8682-4816668dfabc,ordinal,1,1.0,1.0,[],NA,NA,1.0,6,5,NA,Does the title match the text?,"Yes, without exaggeration"
100041,a2cbd2793021682ba8c9d0dc90f901373791b6653b8de686a304de0f07fbdcd0,34429049-6872-4f6c-b569-ef68127979a4,nan,Holistic Evaluation of Article,73547c3c231ca8366dfcec3758c9248bd090123e5fd8e249c635222488b354da,7,d14e4a43-d4ff-4424-9b0a-c5a903b3d0fe,ordinal,3,0.9154029319602457,0.9154029319602457,[],NA,NA,0.9154029319602457,6,5,NA,To what extent do you agree with the central claim of the article (regardless of the quality of this particular article)?,Neither Agree nor Disagree
100040,ec47eb7633cadab64fdca9e163f61b889cb53dcb7c68eeac286b8167155268ed,6375834d-682b-489b-8000-b6c6e60c45f9,nan,Holistic Evaluation of Article,73547c3c231ca8366dfcec3758c9248bd090123e5fd8e249c635222488b354da,1,fd896075-0043-4e55-8804-4d26c9f1a448,ordinal,3,0.8712287620450551,0.8712287620450551,[],NA,NA,0.8712287620450551,5,5,NA,"Knowing everything you know about the world, how *credible* does the article seem to you, overall?",Somewhat credible
100040,ec47eb7633cadab64fdca9e163f61b889cb53dcb7c68eeac286b8167155268ed,6375834d-682b-489b-8000-b6c6e60c45f9,nan,Holistic Evaluation of Article,73547c3c231ca8366dfcec3758c9248bd090123e5fd8e249c635222488b354da,2,0,ordinal,M,0.625379026507187,0.625379026507187,M,M,M,0.3126895132535935,5,5,M,"Given everything you know about the world, how *biased* does the article seem to you, overall?",M
100040,ec47eb7633cadab64fdca9e163f61b889cb53dcb7c68eeac286b8167155268ed,6375834d-682b-489b-8000-b6c6e60c45f9,nan,Holistic Evaluation of Article,73547c3c231ca8366dfcec3758c9248bd090123e5fd8e249c635222488b354da,3,0,checklist,M,0.6,0.4,M,M,M,0.3,5,11,M,What type of article is this?,M
100040,ec47eb7633cadab64fdca9e163f61b889cb53dcb7c68eeac286b8167155268ed,6375834d-682b-489b-8000-b6c6e60c45f9,nan,Holistic Evaluation of Article,73547c3c231ca8366dfcec3758c9248bd090123e5fd8e249c635222488b354da,3,0,checklist,L,0.2,0.8,L,L,L,0.1,5,11,L,What type of article is this?,L
100040,ec47eb7633cadab64fdca9e163f61b889cb53dcb7c68eeac286b8167155268ed,6375834d-682b-489b-8000-b6c6e60c45f9,nan,Holistic Evaluation of Article,73547c3c231ca8366dfcec3758c9248bd090123e5fd8e249c635222488b354da,3,0,checklist,L,0.2,0.8,L,L,L,0.1,5,11,L,What type of article is this?,L
100040,ec47eb7633cadab64fdca9e163f61b889cb53dcb7c68eeac286b8167155268ed,6375834d-682b-489b-8000-b6c6e60c45f9,nan,Holistic Evaluation of Article,73547c3c231ca8366dfcec3758c9248bd090123e5fd8e249c635222488b354da,3,0,checklist,L,0.0,1.0,L,L,L,0.0,5,11,L,What type of article is this?,L
100040,ec47eb7633cadab64fdca9e163f61b889cb53dcb7c68eeac286b8167155268ed,6375834d-682b-489b-8000-b6c6e60c45f9,nan,Holistic Evaluation of Article,73547c3c231ca8366dfcec3758c9248bd090123e5fd8e249c635222488b354da,3,0,checklist,L,0.0,1.0,L,L,L,0.0,5,11,L,What type of article is this?,L
100040,ec47eb7633cadab64fdca9e163f61b889cb53dcb7c68eeac286b8167155268ed,6375834d-682b-489b-8000-b6c6e60c45f9,nan,Holistic Evaluation of Article,73547c3c231ca8366dfcec3758c9248bd090123e5fd8e249c635222488b354da,3,0,checklist,L,0.0,1.0,L,L,L,0.0,5,11,L,What type of article is this?,L
100040,ec47eb7633cadab64fdca9e163f61b889cb53dcb7c68eeac286b8167155268ed,6375834d-682b-489b-8000-b6c6e60c45f9,nan,Holistic Evaluation of Article,73547c3c231ca8366dfcec3758c9248bd090123e5fd8e249c635222488b354da,3,0,checklist,L,0.2,0.8,L,L,L,0.1,5,11,L,What type of article is this?,L
100040,ec47eb7633cadab64fdca9e163f61b889cb53dcb7c68eeac286b8167155268ed,6375834d-682b-489b-8000-b6c6e60c45f9,nan,Holistic Evaluation of Article,73547c3c231ca8366dfcec3758c9248bd090123e5fd8e249c635222488b354da,3,0,checklist,L,0.0,1.0,L,L,L,0.0,5,11,L,What type of article is this?,L
100040,ec47eb7633cadab64fdca9e163f61b889cb53dcb7c68eeac286b8167155268ed,6375834d-682b-489b-8000-b6c6e60c45f9,nan,Holistic Evaluation of Article,73547c3c231ca8366dfcec3758c9248bd090123e5fd8e249c635222488b354da,3,0,checklist,L,0.0,1.0,L,L,L,0.0,5,11,L,What type of article is this?,L
100040,ec47eb7633cadab64fdca9e163f61b889cb53dcb7c68eeac286b8167155268ed,6375834d-682b-489b-8000-b6c6e60c45f9,nan,Holistic Evaluation of Article,73547c3c231ca8366dfcec3758c9248bd090123e5fd8e249c635222488b354da,3,0,checklist,L,0.0,1.0,L,L,L,0.0,5,11,L,What type of article is this?,L
100040,ec47eb7633cadab64fdca9e163f61b889cb53dcb7c68eeac286b8167155268ed,6375834d-682b-489b-8000-b6c6e60c45f9,nan,Holistic Evaluation of Article,73547c3c231ca8366dfcec3758c9248bd090123e5fd8e249c635222488b354da,3,0,checklist,L,0.0,1.0,L,L,L,0.0,5,11,L,What type of article is this?,L
100040,ec47eb7633cadab64fdca9e163f61b889cb53dcb7c68eeac286b8167155268ed,6375834d-682b-489b-8000-b6c6e60c45f9,nan,Holistic Evaluation of Article,73547c3c231ca8366dfcec3758c9248bd090123e5fd8e249c635222488b354da,4,0,checklist,M,0.6666666666666666,0.33333333333333337,M,M,M,0.3333333333333333,3,5,M,What type of news article is it?,M
100040,ec47eb7633cadab64fdca9e163f61b889cb53dcb7c68eeac286b8167155268ed,6375834d-682b-489b-8000-b6c6e60c45f9,nan,Holistic Evaluation of Article,73547c3c231ca8366dfcec3758c9248bd090123e5fd8e249c635222488b354da,4,0,checklist,L,0.3333333333333333,0.6666666666666667,L,L,L,0.16666666666666666,3,5,L,What type of news article is it?,L
100040,ec47eb7633cadab64fdca9e163f61b889cb53dcb7c68eeac286b8167155268ed,6375834d-682b-489b-8000-b6c6e60c45f9,nan,Holistic Evaluation of Article,73547c3c231ca8366dfcec3758c9248bd090123e5fd8e249c635222488b354da,4,0,checklist,L,0.3333333333333333,0.6666666666666667,L,L,L,0.16666666666666666,3,5,L,What type of news article is it?,L
100040,ec47eb7633cadab64fdca9e163f61b889cb53dcb7c68eeac286b8167155268ed,6375834d-682b-489b-8000-b6c6e60c45f9,nan,Holistic Evaluation of Article,73547c3c231ca8366dfcec3758c9248bd090123e5fd8e249c635222488b354da,4,0,checklist,L,0.0,1.0,L,L,L,0.0,3,5,L,What type of news article is it?,L
100040,ec47eb7633cadab64fdca9e163f61b889cb53dcb7c68eeac286b8167155268ed,6375834d-682b-489b-8000-b6c6e60c45f9,nan,Holistic Evaluation of Article,73547c3c231ca8366dfcec3758c9248bd090123e5fd8e249c635222488b354da,4,0,checklist,L,0.0,1.0,L,L,L,0.0,3,5,L,What type of news article is it?,L
100040,ec47eb7633cadab64fdca9e163f61b889cb53dcb7c68eeac286b8167155268ed,6375834d-682b-489b-8000-b6c6e60c45f9,nan,Holistic Evaluation of Article,73547c3c231ca8366dfcec3758c9248bd090123e5fd8e249c635222488b354da,6,d7210ff0-aa4a-4d74-8682-4816668dfabc,ordinal,1,0.854053631314402,0.854053631314402,[],NA,NA,0.854053631314402,5,5,NA,Does the title match the text?,"Yes, without exaggeration"
100040,ec47eb7633cadab64fdca9e163f61b889cb53dcb7c68eeac286b8167155268ed,6375834d-682b-489b-8000-b6c6e60c45f9,nan,Holistic Evaluation of Article,73547c3c231ca8366dfcec3758c9248bd090123e5fd8e249c635222488b354da,7,cbb290c4-6e60-4696-9d07-8ff3b6a91e2f,ordinal,2,0.7705001729075187,0.7705001729075187,[],NA,NA,0.7705001729075187,5,5,NA,To what extent do you agree with the central claim of the article (regardless of the quality of this particular article)?,Somewhat Agree
100039,ea908e535280e57805f9f5f093d5694d37623279c3cd90ee46dff92144237ad7,91db25cf-af96-4653-9cd0-09953983d3c4,nan,Holistic Evaluation of Article,73547c3c231ca8366dfcec3758c9248bd090123e5fd8e249c635222488b354da,1,1e093ed3-0216-4000-b1f5-a4424fe5c309,ordinal,5,0.9695918050905239,0.9695918050905239,[],NA,NA,0.9695918050905239,5,5,NA,"Knowing everything you know about the world, how *credible* does the article seem to you, overall?",Not at all credible
100039,ea908e535280e57805f9f5f093d5694d37623279c3cd90ee46dff92144237ad7,91db25cf-af96-4653-9cd0-09953983d3c4,nan,Holistic Evaluation of Article,73547c3c231ca8366dfcec3758c9248bd090123e5fd8e249c635222488b354da,2,0,ordinal,M,0.6907052692699656,0.6907052692699656,M,M,M,0.3453526346349828,5,5,M,"Given everything you know about the world, how *biased* does the article seem to you, overall?",M
100039,ea908e535280e57805f9f5f093d5694d37623279c3cd90ee46dff92144237ad7,91db25cf-af96-4653-9cd0-09953983d3c4,nan,Holistic Evaluation of Article,73547c3c231ca8366dfcec3758c9248bd090123e5fd8e249c635222488b354da,3,0,checklist,M,0.4,0.6,M,M,M,0.2,5,11,M,What type of article is this?,M
100039,ea908e535280e57805f9f5f093d5694d37623279c3cd90ee46dff92144237ad7,91db25cf-af96-4653-9cd0-09953983d3c4,nan,Holistic Evaluation of Article,73547c3c231ca8366dfcec3758c9248bd090123e5fd8e249c635222488b354da,3,0,checklist,L,0.0,1.0,L,L,L,0.0,5,11,L,What type of article is this?,L
100039,ea908e535280e57805f9f5f093d5694d37623279c3cd90ee46dff92144237ad7,91db25cf-af96-4653-9cd0-09953983d3c4,nan,Holistic Evaluation of Article,73547c3c231ca8366dfcec3758c9248bd090123e5fd8e249c635222488b354da,3,0,checklist,L,0.0,1.0,L,L,L,0.0,5,11,L,What type of article is this?,L
100039,ea908e535280e57805f9f5f093d5694d37623279c3cd90ee46dff92144237ad7,91db25cf-af96-4653-9cd0-09953983d3c4,nan,Holistic Evaluation of Article,73547c3c231ca8366dfcec3758c9248bd090123e5fd8e249c635222488b354da,3,0,checklist,L,0.0,1.0,L,L,L,0.0,5,11,L,What type of article is this?,L
100039,ea908e535280e57805f9f5f093d5694d37623279c3cd90ee46dff92144237ad7,91db25cf-af96-4653-9cd0-09953983d3c4,nan,Holistic Evaluation of Article,73547c3c231ca8366dfcec3758c9248bd090123e5fd8e249c635222488b354da,3,0,checklist,L,0.0,1.0,L,L,L,0.0,5,11,L,What type of article is this?,L
100039,ea908e535280e57805f9f5f093d5694d37623279c3cd90ee46dff92144237ad7,91db25cf-af96-4653-9cd0-09953983d3c4,nan,Holistic Evaluation of Article,73547c3c231ca8366dfcec3758c9248bd090123e5fd8e249c635222488b354da,3,0,checklist,L,0.0,1.0,L,L,L,0.0,5,11,L,What type of article is this?,L
100039,ea908e535280e57805f9f5f093d5694d37623279c3cd90ee46dff92144237ad7,91db25cf-af96-4653-9cd0-09953983d3c4,nan,Holistic Evaluation of Article,73547c3c231ca8366dfcec3758c9248bd090123e5fd8e249c635222488b354da,3,0,checklist,M,0.4,0.6,M,M,M,0.2,5,11,M,What type of article is this?,M
100039,ea908e535280e57805f9f5f093d5694d37623279c3cd90ee46dff92144237ad7,91db25cf-af96-4653-9cd0-09953983d3c4,nan,Holistic Evaluation of Article,73547c3c231ca8366dfcec3758c9248bd090123e5fd8e249c635222488b354da,3,0,checklist,L,0.0,1.0,L,L,L,0.0,5,11,L,What type of article is this?,L
100039,ea908e535280e57805f9f5f093d5694d37623279c3cd90ee46dff92144237ad7,91db25cf-af96-4653-9cd0-09953983d3c4,nan,Holistic Evaluation of Article,73547c3c231ca8366dfcec3758c9248bd090123e5fd8e249c635222488b354da,3,0,checklist,L,0.0,1.0,L,L,L,0.0,5,11,L,What type of article is this?,L
100039,ea908e535280e57805f9f5f093d5694d37623279c3cd90ee46dff92144237ad7,91db25cf-af96-4653-9cd0-09953983d3c4,nan,Holistic Evaluation of Article,73547c3c231ca8366dfcec3758c9248bd090123e5fd8e249c635222488b354da,3,d12884e3-65d5-41f5-9abc-18ac8b6af3e5,checklist,10,0.8,0.19999999999999996,"[, , 7, , , 8, , , 9, , 10, , 11, , 12, , 13, , 14, , 15, , 16, , 17, , 18, , 19, , 20, , 21, , 22, , 23, , 24, , 25, , 26, , 27, , 28, , 29, , 30, , 31, , 32, , 33, , 34, , 35, , 36, , 37, , 38, , 39, , 40, , 41, , 42, , 43, , 44, , 45, , 46, , 47, , 48, , 49, , 50, , 51, , 52, , 53, , 54, , 55, , 56, , 57, , 58, , 59, , 60, , 61, , 62, , 63, , 64, , 65, , 66, 157, 158, 159, 160, 161, 162, 163, 164, 165, 166, 167, 168, 169, 170, 171, 172, 173, 174, 175, 176, 177, 178, 179, 180, 181, 182, 183, 184, 185, 186, 187, 188, 189, 190, 191, 192, 193]",-0.014028934677772886,-0.014028934677772886,0.3929855326611136,5,11,Doctor Tells CNN Trump’s Walter Reed Medical Visit Was Fishy//regarding Mr. Trump’s physical health,What type of article is this?,Celebrity Gossip
100039,ea908e535280e57805f9f5f093d5694d37623279c3cd90ee46dff92144237ad7,91db25cf-af96-4653-9cd0-09953983d3c4,nan,Holistic Evaluation of Article,73547c3c231ca8366dfcec3758c9248bd090123e5fd8e249c635222488b354da,3,0,checklist,L,0.0,1.0,L,L,L,0.0,5,11,L,What type of article is this?,L
100039,ea908e535280e57805f9f5f093d5694d37623279c3cd90ee46dff92144237ad7,91db25cf-af96-4653-9cd0-09953983d3c4,nan,Holistic Evaluation of Article,73547c3c231ca8366dfcec3758c9248bd090123e5fd8e249c635222488b354da,4,0,checklist,L,0.0,1.0,L,L,L,0.0,2,5,L,What type of news article is it?,L
100039,ea908e535280e57805f9f5f093d5694d37623279c3cd90ee46dff92144237ad7,91db25cf-af96-4653-9cd0-09953983d3c4,nan,Holistic Evaluation of Article,73547c3c231ca8366dfcec3758c9248bd090123e5fd8e249c635222488b354da,4,bdfcfa4c-edbe-42b5-931c-c5c499fba2e0,checklist,2,0.5,0.5,[],NA,NA,0.5,2,5,NA,What type of news article is it?,"Report of what some person, body, or group said"
100039,ea908e535280e57805f9f5f093d5694d37623279c3cd90ee46dff92144237ad7,91db25cf-af96-4653-9cd0-09953983d3c4,nan,Holistic Evaluation of Article,73547c3c231ca8366dfcec3758c9248bd090123e5fd8e249c635222488b354da,4,cdb7b990-476b-463f-b9c9-bff2a4f68949,checklist,3,0.5,0.5,[],NA,NA,0.5,2,5,NA,What type of news article is it?,Evaluation of a recent or ongoing event
100039,ea908e535280e57805f9f5f093d5694d37623279c3cd90ee46dff92144237ad7,91db25cf-af96-4653-9cd0-09953983d3c4,nan,Holistic Evaluation of Article,73547c3c231ca8366dfcec3758c9248bd090123e5fd8e249c635222488b354da,4,0,checklist,L,0.0,1.0,L,L,L,0.0,2,5,L,What type of news article is it?,L
100039,ea908e535280e57805f9f5f093d5694d37623279c3cd90ee46dff92144237ad7,91db25cf-af96-4653-9cd0-09953983d3c4,nan,Holistic Evaluation of Article,73547c3c231ca8366dfcec3758c9248bd090123e5fd8e249c635222488b354da,4,0,checklist,L,0.0,1.0,L,L,L,0.0,2,5,L,What type of news article is it?,L
100039,ea908e535280e57805f9f5f093d5694d37623279c3cd90ee46dff92144237ad7,91db25cf-af96-4653-9cd0-09953983d3c4,nan,Holistic Evaluation of Article,73547c3c231ca8366dfcec3758c9248bd090123e5fd8e249c635222488b354da,6,d7210ff0-aa4a-4d74-8682-4816668dfabc,ordinal,1,0.9624020749541877,0.9624020749541877,"[62, 63, 64, 65, 66]",0.14596923076923074,-0.06806519367454533,0.5541856528617093,5,5,Fishy,Does the title match the text?,"Yes, without exaggeration"
100039,ea908e535280e57805f9f5f093d5694d37623279c3cd90ee46dff92144237ad7,91db25cf-af96-4653-9cd0-09953983d3c4,nan,Holistic Evaluation of Article,73547c3c231ca8366dfcec3758c9248bd090123e5fd8e249c635222488b354da,7,17a92411-0558-4f35-be50-27cd29e26aa8,ordinal,4,0.854053631314402,0.854053631314402,[],NA,NA,0.854053631314402,5,5,NA,To what extent do you agree with the central claim of the article (regardless of the quality of this particular article)?,Somewhat Disagree
