,Unnamed: 0,Schema,Question_Number,Question_Number_V2,Question_Type,Answer_Number,Point_Recommendation,Label,Unnamed: 0.1,article_num,article_sha256,quiz_task_uuid,tua_uuid,schema_namespace,schema_sha256,answer_uuid,question_type,agreed_Answer,coding_perc_agreement,one_two_diff,highlighted_indices,alpha_unitizing_score,alpha_unitizing_score_inclusive,agreement_score,num_users,num_answer_choices,target_text,question_text,answer_content,prereq_passed,agreement_adjusted_points,schema
0,0,,,,,,,,,,,,,,,,,,,,,,,,,,,,,,,Reasoning
0,0,Evidence,8.0,,ordinal,3.0,-2.0,Alternative explanation,14.0,100043.0,d1a27dc55d4704fbbb9ede3958d88ee37f118049cc6e19fc242d49f7d3d0cf5d,f8c05253-e7d4-420f-8728-5dc0869855ff,05b31292-9f3c-410a-8500-d11fc7c2bf98,Evidence Specialist,c0214f290c8f381a5f02b9fcb221ff897c903c4646af9fa73577f092c303926f,2652c44f-77b0-4791-a42e-0d2bf7c35e45,ordinal,3.0,1.0,1.0,[],,,1.0,1.0,5.0,,"How likely is your alternative explanation for the same evidence, as compared to the author’s explanation?",Equally likely,True,-2.0,Evidence
1,1,Evidence,12.0,,ordinal,1.0,0.0,Open to evidence,16.0,100043.0,d1a27dc55d4704fbbb9ede3958d88ee37f118049cc6e19fc242d49f7d3d0cf5d,f8c05253-e7d4-420f-8728-5dc0869855ff,05b31292-9f3c-410a-8500-d11fc7c2bf98,Evidence Specialist,c0214f290c8f381a5f02b9fcb221ff897c903c4646af9fa73577f092c303926f,d1b0ea73-2a57-4b44-a60b-b2269d5435b8,ordinal,1.0,0.9609378732091328,0.9609378732091328,[],,,0.9609378732091328,3.0,4.0,,Does the author suggest in any way that further evidence might improve our understanding of the topic?,"Yes, explicitly",True,0.0,Evidence
2,Quality of evidence,,,,,,,,,,,,,,,,,,,,,,,,,,,,,,0.0,
0,0,Probability,2.0,,ordinal,3.0,-1.0,Inappropriate confidence,47.0,100042.0,c87020bba7064b93bf74559d8ba394ef83b1b4d84f1308fc4f77ba3b1099a140,9ca92117-e19b-4f8f-9071-c4e197be4aad,f33f455a-5caf-43c0-971c-d10204155a40,Probability Specialist V4,420dc8660318a2f5335151c374ae2aaafb958a7b677e094fed1373a8954468f9,e1c45989-f0aa-4490-bd2b-0836b199bc34,ordinal,3.0,0.8648259251435817,0.8648259251435817,"[5417.0, 5418.0, 5419.0, 5420.0, 5421.0, 5422.0, 5423.0, 5424.0, 5425.0, 5426.0, 5427.0, 5428.0, 5429.0, 5430.0, 5431.0, 5432.0, 5433.0, 5434.0, 5435.0, 5436.0, 5437.0]",0.5670662770692809,0.5670662770692809,0.8648259251435817,3.0,5.0,,To what extent does the confidence seem justified?,Somewhat justified,True,-0.8648259251435817,Probability
1,1,Probability,5.0,,ordinal,1.0,1.0,Acknowledges uncertainty,58.0,100043.0,d1a27dc55d4704fbbb9ede3958d88ee37f118049cc6e19fc242d49f7d3d0cf5d,bae2d9cd-a023-4e1e-83a8-6f1d886df142,8e09f5ad-c8ea-48ae-9876-772ae6f58302,Probability Specialist V4,420dc8660318a2f5335151c374ae2aaafb958a7b677e094fed1373a8954468f9,04b89d30-90b4-4fdb-8f08-6090803c9814,ordinal,1.0,1.0,1.0,"[565, 566, 567, 568, 569, 570, 571]",0.6333285156814569,0.1121700879765396,0.8166642578407284,3.0,3.0,appears,"Does the text acknowledge that their favored theory is in any way uncertain? If so, highlight the relevant section.","Yes, explicitly",True,0.8166642578407284,Probability
2,2,Probability,5.0,,ordinal,3.0,-2.0,Doesn’t acknowledge uncertainty,9.0,100033.0,86d0e1839d825b8b56f2c7430efa716f4777e45dd001dd29ff68a3d232069e4c,0f21a204-85a9-497a-89d5-3d65cfd95c75,f515fa73-0314-4e8a-b6cf-6642655c42d4,Probability Specialist V4,420dc8660318a2f5335151c374ae2aaafb958a7b677e094fed1373a8954468f9,a8ab9ba4-6aad-4109-8072-52f5a51bbba9,ordinal,3.0,0.8308796657650243,0.8308796657650243,[],,,0.8308796657650243,5.0,3.0,,"Does the text acknowledge that their favored theory is in any way uncertain? If so, highlight the relevant section.",No,True,-1.6617593315300483,Probability
3,3,Probability,5.0,,ordinal,3.0,-2.0,Doesn’t acknowledge uncertainty,66.0,100033.0,86d0e1839d825b8b56f2c7430efa716f4777e45dd001dd29ff68a3d232069e4c,cfecc271-3fc7-4fde-be29-ae3c743c2826,9f78d683-97cf-4a2b-9fe4-7c7e85039cca,Probability Specialist V4,420dc8660318a2f5335151c374ae2aaafb958a7b677e094fed1373a8954468f9,a8ab9ba4-6aad-4109-8072-52f5a51bbba9,ordinal,3.0,1.0,1.0,[],,,1.0,5.0,3.0,,"Does the text acknowledge that their favored theory is in any way uncertain? If so, highlight the relevant section.",No,True,-2.0,Probability
4,4,Probability,5.0,,ordinal,3.0,-2.0,Doesn’t acknowledge uncertainty,31.0,100033.0,86d0e1839d825b8b56f2c7430efa716f4777e45dd001dd29ff68a3d232069e4c,538be16d-6f08-44ce-bf72-36583c4e528f,99182ea4-a87a-4339-b3ac-bc29f260ab22,Probability Specialist V4,420dc8660318a2f5335151c374ae2aaafb958a7b677e094fed1373a8954468f9,a8ab9ba4-6aad-4109-8072-52f5a51bbba9,ordinal,3.0,0.8308796657650243,0.8308796657650243,[],,,0.8308796657650243,5.0,3.0,,"Does the text acknowledge that their favored theory is in any way uncertain? If so, highlight the relevant section.",No,True,-1.6617593315300483,Probability
5,5,Probability,5.0,,ordinal,3.0,-2.0,Doesn’t acknowledge uncertainty,2.0,100036.0,95e59347e8dd79fe6656dad63f1a495731158f5d629350decb9d78a7739e19cd,0467c2ca-2b15-4a24-b1cc-e796e77ccd65,c28a5a5f-da41-4fb1-9fd5-e50eed4642c6,Probability Specialist V4,420dc8660318a2f5335151c374ae2aaafb958a7b677e094fed1373a8954468f9,a8ab9ba4-6aad-4109-8072-52f5a51bbba9,ordinal,3.0,0.9871114450218768,0.9871114450218768,[],,,0.9871114450218768,3.0,3.0,,"Does the text acknowledge that their favored theory is in any way uncertain? If so, highlight the relevant section.",No,True,-1.9742228900437533,Probability
6,6,Probability,5.0,,ordinal,3.0,-2.0,Doesn’t acknowledge uncertainty,17.0,100038.0,68c644ee4676eeca87052755ec73bde24a957e12dc1d1fcba93795f08063520d,1c0022c9-2127-4f69-9ba2-dcca6d5d6597,c35067c1-2fa7-42c0-a0ca-33a6dec2014b,Probability Specialist V4,420dc8660318a2f5335151c374ae2aaafb958a7b677e094fed1373a8954468f9,a8ab9ba4-6aad-4109-8072-52f5a51bbba9,ordinal,3.0,0.9740917395500914,0.9740917395500914,[],,,0.9740917395500914,3.0,3.0,,"Does the text acknowledge that their favored theory is in any way uncertain? If so, highlight the relevant section.",No,True,-1.9481834791001829,Probability
7,7,Probability,5.0,,ordinal,3.0,-2.0,Doesn’t acknowledge uncertainty,48.0,100042.0,c87020bba7064b93bf74559d8ba394ef83b1b4d84f1308fc4f77ba3b1099a140,9ca92117-e19b-4f8f-9071-c4e197be4aad,f33f455a-5caf-43c0-971c-d10204155a40,Probability Specialist V4,420dc8660318a2f5335151c374ae2aaafb958a7b677e094fed1373a8954468f9,a8ab9ba4-6aad-4109-8072-52f5a51bbba9,ordinal,3.0,0.9740917395500914,0.9740917395500914,[],,,0.9740917395500914,3.0,3.0,,"Does the text acknowledge that their favored theory is in any way uncertain? If so, highlight the relevant section.",No,True,-1.9481834791001829,Probability
8,8,Probability,5.0,,ordinal,3.0,-2.0,Doesn’t acknowledge uncertainty,38.0,100044.0,ce9fb9b9358c71daead068bb2ab24ebfbcd68d1bb8b0611114621d290e0c0764,8ceb3db1-297d-43b3-a5ba-048c91d32494,d5e9e257-43ac-4b36-93b2-a5088609b5da,Probability Specialist V4,420dc8660318a2f5335151c374ae2aaafb958a7b677e094fed1373a8954468f9,a8ab9ba4-6aad-4109-8072-52f5a51bbba9,ordinal,3.0,0.9740917395500914,0.9740917395500914,[],,,0.9740917395500914,3.0,3.0,,"Does the text acknowledge that their favored theory is in any way uncertain? If so, highlight the relevant section.",No,True,-1.9481834791001829,Probability
9,9,Probability,5.0,,ordinal,3.0,-2.0,Doesn’t acknowledge uncertainty,24.0,100044.0,ce9fb9b9358c71daead068bb2ab24ebfbcd68d1bb8b0611114621d290e0c0764,289758b6-3c05-4974-8b94-d0014b4cda68,f3ec8674-0e5c-46b5-abd8-3e3f3986dd60,Probability Specialist V4,420dc8660318a2f5335151c374ae2aaafb958a7b677e094fed1373a8954468f9,a8ab9ba4-6aad-4109-8072-52f5a51bbba9,ordinal,3.0,1.0,1.0,[],,,1.0,3.0,3.0,,"Does the text acknowledge that their favored theory is in any way uncertain? If so, highlight the relevant section.",No,True,-2.0,Probability
10,10,Probability,7.0,,ordinal,1.0,0.0,Numeric context,50.0,100042.0,c87020bba7064b93bf74559d8ba394ef83b1b4d84f1308fc4f77ba3b1099a140,9ca92117-e19b-4f8f-9071-c4e197be4aad,f33f455a-5caf-43c0-971c-d10204155a40,Probability Specialist V4,420dc8660318a2f5335151c374ae2aaafb958a7b677e094fed1373a8954468f9,ffd1f8f3-959b-4e77-92ee-b4be08d4282f,ordinal,1.0,0.8648259251435817,0.8648259251435817,"[5419.0, 5420.0]",1.0,1.0,0.8648259251435817,3.0,5.0,,"Since a number is given, is a comparison number for a similar case given for context?",No numbers,True,0.0,Probability
11,11,Probability,10.0,,ordinal,3.0,0.0,False precision,51.0,100042.0,c87020bba7064b93bf74559d8ba394ef83b1b4d84f1308fc4f77ba3b1099a140,9ca92117-e19b-4f8f-9071-c4e197be4aad,f33f455a-5caf-43c0-971c-d10204155a40,Probability Specialist V4,420dc8660318a2f5335151c374ae2aaafb958a7b677e094fed1373a8954468f9,e2350f1c-a2ef-4fc3-9dd1-a0da96938bbd,ordinal,3.0,0.9871114450218768,0.9871114450218768,"[5419.0, 5420.0]",1.0,1.0,0.9871114450218768,3.0,3.0,,"Does the text make a specific point estimate as if their probability estimate was definitely exactly right? (e.g. no “about,” “approximately,” or confidence intervals)",No,True,0.0,Probability
12,12,Probability,12.0,,categorical,1.0,1.0,Open to evidence,61.0,100043.0,d1a27dc55d4704fbbb9ede3958d88ee37f118049cc6e19fc242d49f7d3d0cf5d,bae2d9cd-a023-4e1e-83a8-6f1d886df142,8e09f5ad-c8ea-48ae-9876-772ae6f58302,Probability Specialist V4,420dc8660318a2f5335151c374ae2aaafb958a7b677e094fed1373a8954468f9,dde4aa4f-219c-4020-a2cd-142108d3e44f,ordinal,1.0,0.9411063109464316,0.9411063109464316,[],,,0.9411063109464316,2.0,5.0,,Does the text acknowledge the possibility of additional evidence that would... (check all that apply):,Change the claim fundamentally,True,0.9411063109464316,Probability
13,13,Probability,12.0,,categorical,1.0,1.0,Open to evidence,43.0,100044.0,ce9fb9b9358c71daead068bb2ab24ebfbcd68d1bb8b0611114621d290e0c0764,8ceb3db1-297d-43b3-a5ba-048c91d32494,d5e9e257-43ac-4b36-93b2-a5088609b5da,Probability Specialist V4,420dc8660318a2f5335151c374ae2aaafb958a7b677e094fed1373a8954468f9,dde4aa4f-219c-4020-a2cd-142108d3e44f,ordinal,1.0,1.0,1.0,[],,,1.0,1.0,5.0,,Does the text acknowledge the possibility of additional evidence that would... (check all that apply):,Change the claim fundamentally,True,1.0,Probability
14,14,Probability,12.0,,categorical,5.0,0.0,Open to evidence,53.0,100042.0,c87020bba7064b93bf74559d8ba394ef83b1b4d84f1308fc4f77ba3b1099a140,9ca92117-e19b-4f8f-9071-c4e197be4aad,f33f455a-5caf-43c0-971c-d10204155a40,Probability Specialist V4,420dc8660318a2f5335151c374ae2aaafb958a7b677e094fed1373a8954468f9,b659b9ed-f3e3-4048-a25e-a953aa44ae80,ordinal,5.0,1.0,1.0,[],,,1.0,1.0,5.0,,Does the text acknowledge the possibility of additional evidence that would... (check all that apply):,None of the above,True,0.0,Probability
0,0,Language,3.0,,ordinal,1.0,-5.0,Exaggeration,830.0,100029.0,4c3b112770659ce6b8ac1363730d5843907463a9f5535277b674a6ad19e87364,c5ded0a6-42b7-4a2e-96e7-1c29c5ee8e19,352a7135-e111-4746-ada2-91add1ee10f0,Language Specialist V4,c61fde1e9a2fcf6f097f0d93b27f7f53fd89c4e5771654f4bdd2711376b3dad6,1058c09b-d8bb-426a-be1d-71f7c1d2186e,ordinal,1.0,0.9781584535267784,0.9781584535267784,"[295.0, 296.0, 297.0, 298.0, 299.0, 300.0, 301.0, 302.0, 303.0, 304.0, 305.0, 306.0, 307.0, 308.0, 309.0, 310.0, 311.0, 312.0, 313.0, 314.0, 315.0, 316.0, 317.0, 318.0, 319.0, 320.0, 321.0, 322.0, 323.0, 324.0, 325.0, 326.0, 327.0, 328.0, 329.0, 330.0, 331.0, 332.0, 333.0, 334.0, 335.0, 336.0, 337.0, 338.0, 339.0, 340.0, 341.0, 342.0, 343.0, 344.0, 345.0, 346.0, 347.0, 348.0, 349.0, 350.0, 351.0, 352.0, 353.0, 638.0, 639.0, 640.0, 641.0, 642.0, 643.0, 644.0, 645.0, 748.0, 749.0, 750.0, 751.0, 752.0, 753.0, 786.0, 787.0, 788.0, 789.0, 790.0, 791.0, 792.0, 793.0, 794.0, 795.0, 796.0, 797.0, 798.0, 799.0]",0.460339732423203,0.460339732423203,0.9781584535267784,4.0,5.0,,How much does the exaggeration misrepresent reality?,Enormous misrepresentation,True,-4.890792267633891,Language
1,1,Language,3.0,,ordinal,3.0,-2.5,Exaggeration,891.0,100030.0,dafa2bb8de86d276aa69797936139a5fdb4c067ef5353f586b53fab36bdd360b,cb82f1f9-9383-49c9-a244-65e044e642d7,bec3f95b-c917-42b3-9619-0c9a31132479,Language Specialist V4,c61fde1e9a2fcf6f097f0d93b27f7f53fd89c4e5771654f4bdd2711376b3dad6,eeb1946c-0054-45ae-ae67-ace18d009fa0,ordinal,3.0,0.9025772953579524,0.9025772953579524,"[2686.0, 2687.0, 2688.0, 2689.0, 2690.0, 2691.0, 2692.0, 2693.0, 2694.0, 2695.0, 2696.0, 2697.0, 2698.0, 2699.0, 2700.0, 2701.0, 2702.0, 2703.0, 2704.0, 2786.0, 2787.0, 2788.0, 2789.0, 2790.0, 2791.0, 2792.0, 2793.0, 2794.0, 2795.0, 2796.0, 2797.0, 2798.0, 2799.0, 2800.0, 2801.0, 2802.0, 2803.0]",0.7570693030218292,0.7570693030218292,0.9025772953579524,5.0,5.0,,How much does the exaggeration misrepresent reality?,Some misrepresentation,True,-2.2564432383948807,Language
2,2,Language,3.0,,ordinal,3.0,-2.5,Exaggeration,948.0,100036.0,95e59347e8dd79fe6656dad63f1a495731158f5d629350decb9d78a7739e19cd,cd6dacb2-189a-4298-a47a-8a00645de98e,2d1f2eaf-706a-4575-ab4d-3d2a4a31d04a,Language Specialist V4,c61fde1e9a2fcf6f097f0d93b27f7f53fd89c4e5771654f4bdd2711376b3dad6,eeb1946c-0054-45ae-ae67-ace18d009fa0,ordinal,3.0,1.0,1.0,"[301.0, 302.0, 303.0, 304.0, 305.0, 306.0, 307.0, 308.0, 309.0, 435.0, 436.0, 437.0, 438.0, 439.0, 440.0, 441.0]",0.4980534974255934,0.4980534974255934,1.0,3.0,5.0,,How much does the exaggeration misrepresent reality?,Some misrepresentation,True,-2.5,Language
3,3,Language,3.0,,ordinal,3.0,-2.5,Exaggeration,275.0,100040.0,ec47eb7633cadab64fdca9e163f61b889cb53dcb7c68eeac286b8167155268ed,371371f2-ff6c-4dfd-926d-9b837f4f00d3,b6aaa87a-1502-48e3-9ca2-d6b7fd2d4731,Language Specialist V4,c61fde1e9a2fcf6f097f0d93b27f7f53fd89c4e5771654f4bdd2711376b3dad6,eeb1946c-0054-45ae-ae67-ace18d009fa0,ordinal,3.0,0.8648259251435817,0.8648259251435817,"[1933.0, 1934.0, 1935.0, 1936.0, 1937.0, 1938.0, 1939.0, 1940.0, 1941.0, 1942.0, 1943.0, 1944.0, 1945.0, 1946.0, 1947.0, 1948.0, 1949.0, 1950.0, 1951.0, 1952.0, 1953.0, 1954.0, 1955.0, 1956.0, 1957.0, 1958.0, 1959.0]",1.0,0.11905973807712865,0.8648259251435817,3.0,5.0,,How much does the exaggeration misrepresent reality?,Some misrepresentation,True,-2.1620648128589544,Language
4,4,Language,3.0,,ordinal,3.0,-2.5,Exaggeration,1161.0,100040.0,ec47eb7633cadab64fdca9e163f61b889cb53dcb7c68eeac286b8167155268ed,f9c6e1ab-249c-40ed-96b0-516053ee1d66,4051fec8-e8e4-4d7e-91de-7dcbb08a8913,Language Specialist V4,c61fde1e9a2fcf6f097f0d93b27f7f53fd89c4e5771654f4bdd2711376b3dad6,eeb1946c-0054-45ae-ae67-ace18d009fa0,ordinal,3.0,1.0,1.0,"[3945.0, 3946.0, 3947.0, 3948.0, 3949.0, 3950.0, 3951.0, 3952.0, 3953.0, 3954.0, 3955.0, 3956.0, 3957.0, 3958.0, 3959.0, 3960.0, 3961.0, 3962.0, 3963.0, 3964.0, 3965.0, 3966.0, 3967.0, 3968.0, 3969.0, 3970.0, 3971.0, 3972.0, 3973.0, 3974.0, 3975.0, 3976.0, 3977.0, 3978.0, 3979.0, 3980.0, 3981.0, 3982.0, 3983.0, 3984.0, 3985.0, 3986.0, 3987.0, 3988.0, 3989.0, 3990.0, 3991.0, 3992.0, 3993.0, 3994.0, 3995.0, 3996.0, 3997.0, 3998.0, 3999.0, 4000.0, 4001.0, 4002.0, 4003.0, 4004.0, 4005.0, 4006.0, 4007.0, 4008.0, 4009.0, 4010.0, 4011.0, 4012.0, 4013.0, 4014.0, 4015.0, 4016.0, 4017.0, 4018.0, 4019.0, 4020.0, 4021.0, 4022.0, 4023.0]",0.7731586460026666,0.7731586460026666,1.0,3.0,5.0,,How much does the exaggeration misrepresent reality?,Some misrepresentation,True,-2.5,Language
5,5,Language,5.0,,ordinal,1.0,-6.0,Inappropriately emotional,831.0,100029.0,4c3b112770659ce6b8ac1363730d5843907463a9f5535277b674a6ad19e87364,c5ded0a6-42b7-4a2e-96e7-1c29c5ee8e19,352a7135-e111-4746-ada2-91add1ee10f0,Language Specialist V4,c61fde1e9a2fcf6f097f0d93b27f7f53fd89c4e5771654f4bdd2711376b3dad6,53c72a31-02ef-4001-9c53-5a36e947d3ae,ordinal,1.0,0.8858832505079115,0.8858832505079115,"[198.0, 199.0, 200.0, 201.0, 202.0, 203.0, 204.0, 205.0, 206.0, 207.0, 208.0, 209.0, 210.0, 211.0, 212.0, 213.0, 214.0, 215.0, 216.0, 217.0, 218.0, 219.0, 220.0, 221.0, 222.0, 223.0, 224.0, 225.0, 226.0, 227.0, 228.0, 229.0, 230.0, 231.0, 232.0, 233.0, 234.0, 235.0, 236.0, 237.0, 238.0, 239.0, 240.0, 241.0, 242.0, 243.0, 244.0, 245.0, 246.0, 247.0, 248.0, 249.0, 250.0, 251.0, 252.0, 253.0, 254.0, 255.0, 256.0, 257.0, 258.0, 259.0, 260.0, 261.0, 262.0, 263.0, 264.0, 265.0, 266.0, 267.0, 268.0, 269.0, 270.0, 271.0, 272.0, 273.0, 274.0, 275.0, 276.0, 277.0, 278.0, 279.0, 280.0, 281.0, 282.0, 283.0, 284.0, 285.0, 286.0, 287.0, 288.0, 289.0, 290.0, 291.0, 744.0, 745.0, 746.0, 747.0, 748.0, 749.0, 750.0, 751.0, 752.0, 753.0, 754.0, 755.0, 756.0, 757.0, 758.0, 759.0, 760.0, 761.0, 762.0, 763.0, 764.0, 765.0, 766.0, 767.0, 768.0, 769.0, 770.0, 771.0, 772.0, 773.0, 774.0, 775.0, 776.0, 777.0, 778.0, 779.0, 780.0, 781.0, 782.0, 783.0, 784.0, 785.0, 786.0, 787.0, 788.0, 789.0, 790.0, 791.0, 792.0, 793.0, 794.0, 795.0, 796.0, 797.0, 798.0, 799.0]",0.16667916698685936,0.16667916698685936,0.8858832505079115,4.0,5.0,,How strong is the emotional tone?,Very strong,True,-5.315299503047469,Language
6,6,Language,9.0,,ordinal,3.0,-0.5,Inappropriate slang,930.0,100037.0,dffe5d7618e02096848897a44be4304eeef2fc09af7e33852dd71113a6c61bf2,cce1601d-e2f0-4c08-8aed-6a905f702484,b153093e-cb37-4ea6-874c-e356039e3f0b,Language Specialist V4,c61fde1e9a2fcf6f097f0d93b27f7f53fd89c4e5771654f4bdd2711376b3dad6,a342a447-6fed-4069-8fac-b979ad44f8b0,ordinal,3.0,0.8648259251435817,0.8648259251435817,"[2374.0, 2375.0, 2376.0, 2377.0, 2378.0, 2379.0, 2380.0, 2381.0, 2382.0, 2383.0]",0.27925791400612443,0.27925791400612443,0.8648259251435817,3.0,5.0,,How appropriate is the slang?,Moderately inappropriate,True,-0.4324129625717909,Language
7,7,Language,9.0,,ordinal,4.0,-0.25,Inappropriate slang,792.0,100032.0,832ecb4405a6c6ba17b9f5a67e9cdb91b07462cb9d723162fbcf3e114b66f791,c3247759-6acc-470c-abad-363a6ddf71cf,7dc6b045-95bd-410c-9bff-3f41f6ccfd5d,Language Specialist V4,c61fde1e9a2fcf6f097f0d93b27f7f53fd89c4e5771654f4bdd2711376b3dad6,14a4bb20-dde1-498a-8e29-f80bb0f07760,ordinal,4.0,0.9025772953579524,0.9025772953579524,"[771.0, 772.0, 773.0, 774.0, 775.0, 776.0, 777.0, 778.0, 887.0, 888.0, 889.0, 890.0, 891.0, 892.0, 893.0, 894.0, 895.0, 896.0, 897.0, 898.0, 899.0, 900.0, 901.0, 902.0, 903.0, 904.0, 905.0, 906.0, 1769.0, 1770.0, 1771.0, 1772.0, 1773.0, 1774.0, 1775.0, 1776.0, 1777.0, 1778.0]",0.4430058880147142,0.4430058880147142,0.9025772953579524,5.0,5.0,,How appropriate is the slang?,Mildly inappropriate,True,-0.2256443238394881,Language
8,8,Language,9.0,,ordinal,4.0,-0.25,Inappropriate slang,716.0,100033.0,86d0e1839d825b8b56f2c7430efa716f4777e45dd001dd29ff68a3d232069e4c,a5cd74e5-0be8-4307-96dd-52a197308fdf,c4692d72-62d6-43bb-8989-0b5640098950,Language Specialist V4,c61fde1e9a2fcf6f097f0d93b27f7f53fd89c4e5771654f4bdd2711376b3dad6,14a4bb20-dde1-498a-8e29-f80bb0f07760,ordinal,4.0,0.9025772953579524,0.9025772953579524,"[1868.0, 1869.0, 1870.0, 1871.0, 1872.0, 1873.0, 1874.0, 1875.0, 1876.0, 1877.0, 1878.0, 1879.0, 1880.0, 1881.0, 1882.0, 1883.0, 1884.0, 1885.0, 1886.0, 1887.0, 2190.0, 2191.0, 2192.0, 2193.0, 2194.0, 2195.0, 2196.0, 2197.0]",0.4792610656992177,0.4792610656992177,0.9025772953579524,5.0,5.0,,How appropriate is the slang?,Mildly inappropriate,True,-0.2256443238394881,Language
9,9,Language,9.0,,ordinal,5.0,0.0,Inappropriate slang,32.0,100028.0,f7eb2314bb13aae4542caf7ee10c336890c3e911c50093d575b1849e107abfb7,0120f692-0e1d-4943-94ce-b9d3983d35d7,744c7cbe-cf44-4cbb-bbb0-901b0d4f35a3,Language Specialist V4,c61fde1e9a2fcf6f097f0d93b27f7f53fd89c4e5771654f4bdd2711376b3dad6,3356b504-ad15-4b82-a826-499d1bcb57ee,ordinal,5.0,0.8858832505079115,0.8858832505079115,"[4278.0, 4279.0, 4280.0, 4281.0, 4282.0, 4283.0, 4284.0, 4285.0, 4286.0, 4287.0, 4288.0, 4289.0, 4290.0, 4291.0, 4292.0, 4293.0, 4294.0, 4295.0, 4296.0, 4297.0, 4298.0, 4299.0, 4300.0, 4301.0, 4302.0, 4303.0, 4304.0, 4305.0, 4306.0, 4307.0, 4308.0]",0.6603862461539698,0.6603862461539698,0.8858832505079115,4.0,5.0,,How appropriate is the slang?,Completely appropriate,True,0.0,Language
10,10,Language,10.0,,ordinal,3.0,-0.5,Denigration,793.0,100032.0,832ecb4405a6c6ba17b9f5a67e9cdb91b07462cb9d723162fbcf3e114b66f791,c3247759-6acc-470c-abad-363a6ddf71cf,7dc6b045-95bd-410c-9bff-3f41f6ccfd5d,Language Specialist V4,c61fde1e9a2fcf6f097f0d93b27f7f53fd89c4e5771654f4bdd2711376b3dad6,4a43fe27-528a-44b5-8fce-c56840850293,ordinal,3.0,0.8150120424781608,0.8150120424781608,"[771.0, 772.0, 773.0, 774.0, 775.0, 776.0, 777.0, 778.0, 887.0, 888.0, 889.0, 890.0, 891.0, 892.0, 893.0, 894.0, 895.0, 896.0, 897.0, 898.0, 899.0, 900.0, 901.0, 902.0, 903.0, 904.0, 905.0, 906.0, 1769.0, 1770.0, 1771.0, 1772.0, 1773.0, 1774.0, 1775.0, 1776.0, 1777.0, 1778.0]",0.4430058880147142,0.4430058880147142,0.8150120424781608,5.0,4.0,,Is the slang used to denigrate a group or perspective?,Maybe,True,-0.4075060212390804,Language
11,11,Language,10.0,,ordinal,3.0,-0.5,Denigration,717.0,100033.0,86d0e1839d825b8b56f2c7430efa716f4777e45dd001dd29ff68a3d232069e4c,a5cd74e5-0be8-4307-96dd-52a197308fdf,c4692d72-62d6-43bb-8989-0b5640098950,Language Specialist V4,c61fde1e9a2fcf6f097f0d93b27f7f53fd89c4e5771654f4bdd2711376b3dad6,4a43fe27-528a-44b5-8fce-c56840850293,ordinal,3.0,0.7387138949015927,0.7387138949015927,"[1868.0, 1869.0, 1870.0, 1871.0, 1872.0, 1873.0, 1874.0, 1875.0, 1876.0, 1877.0, 1878.0, 1879.0, 1880.0, 1881.0, 1882.0, 1883.0, 1884.0, 1885.0, 1886.0, 1887.0, 2190.0, 2191.0, 2192.0, 2193.0, 2194.0, 2195.0, 2196.0, 2197.0]",0.4792610656992177,0.4792610656992177,0.7387138949015927,5.0,4.0,,Is the slang used to denigrate a group or perspective?,Maybe,True,-0.3693569474507963,Language
12,12,Language,10.0,,ordinal,4.0,-0.25,Denigration,55.0,100031.0,729c16dbf760152f8bb67a7ecfbb15a25ae7f594fe35bd711c1d5e1ef1ff5c1f,0251a8d9-7e15-4521-8353-5ff620c8f113,9a5069d1-5b3d-4c1b-8505-9774a32647cd,Language Specialist V4,c61fde1e9a2fcf6f097f0d93b27f7f53fd89c4e5771654f4bdd2711376b3dad6,fce07fa6-1020-4743-a12e-3c0f40f00542,ordinal,4.0,0.9707034049068496,0.9707034049068496,"[3786.0, 3787.0, 3788.0, 3789.0, 3790.0, 3791.0, 3792.0, 3793.0, 3794.0, 3795.0, 3796.0, 3797.0, 3798.0, 3799.0, 3800.0, 3801.0, 3802.0, 3803.0, 3804.0, 3805.0, 3806.0, 3807.0, 3808.0, 3809.0, 3810.0]",0.8757960242005186,0.8757960242005186,0.9707034049068496,4.0,4.0,,Is the slang used to denigrate a group or perspective?,No,True,-0.2426758512267124,Language
13,13,Language,10.0,,ordinal,4.0,-0.25,Denigration,1125.0,100036.0,95e59347e8dd79fe6656dad63f1a495731158f5d629350decb9d78a7739e19cd,ee4be795-5a3f-4bdd-8527-35778d78a69f,6e5bcb91-b4fe-48a2-b731-ca3b9cee950b,Language Specialist V4,c61fde1e9a2fcf6f097f0d93b27f7f53fd89c4e5771654f4bdd2711376b3dad6,fce07fa6-1020-4743-a12e-3c0f40f00542,ordinal,4.0,1.0,1.0,"[1606.0, 1607.0, 1608.0, 1609.0, 1610.0, 1611.0, 1612.0, 1613.0, 1614.0, 1615.0, 1616.0, 1617.0, 1618.0, 1619.0, 1620.0, 1621.0, 1622.0, 1623.0, 1624.0, 1625.0, 1626.0, 1627.0]",1.0,1.0,1.0,3.0,4.0,,Is the slang used to denigrate a group or perspective?,No,True,-0.25,Language
14,14,Language,10.0,,ordinal,4.0,-0.25,Denigration,931.0,100037.0,dffe5d7618e02096848897a44be4304eeef2fc09af7e33852dd71113a6c61bf2,cce1601d-e2f0-4c08-8aed-6a905f702484,b153093e-cb37-4ea6-874c-e356039e3f0b,Language Specialist V4,c61fde1e9a2fcf6f097f0d93b27f7f53fd89c4e5771654f4bdd2711376b3dad6,fce07fa6-1020-4743-a12e-3c0f40f00542,ordinal,4.0,1.0,1.0,"[2374.0, 2375.0, 2376.0, 2377.0, 2378.0, 2379.0, 2380.0, 2381.0, 2382.0, 2383.0]",0.27925791400612443,0.27925791400612443,1.0,3.0,4.0,,Is the slang used to denigrate a group or perspective?,No,True,-0.25,Language
15,15,Language,11.0,,ordinal,4.0,-1.25,Writing errors,563.0,100030.0,dafa2bb8de86d276aa69797936139a5fdb4c067ef5353f586b53fab36bdd360b,8d42e8fc-8515-4e9e-bf10-43cb6b7842ae,47222edd-67a7-4d3d-9e3c-ec19bc36ba5e,Language Specialist V4,c61fde1e9a2fcf6f097f0d93b27f7f53fd89c4e5771654f4bdd2711376b3dad6,6d78bdba-327d-485c-bad5-7bfbc73ada48,ordinal,4.0,0.8390359525563189,0.8390359525563189,"[3119.0, 3120.0, 3121.0, 3122.0, 3123.0, 3124.0, 3125.0, 3126.0, 3127.0, 3128.0, 3129.0, 3130.0, 3131.0, 3132.0, 3133.0, 3134.0, 3135.0]",0.5625753728974929,0.5625753728974929,0.8390359525563189,4.0,5.0,,Do the errors in the writing make understanding the text more difficult?,Mildly,True,-1.0487949406953987,Language
16,16,Language,12.0,,ordinal,1.0,0.5,Well-balanced,201.0,100028.0,f7eb2314bb13aae4542caf7ee10c336890c3e911c50093d575b1849e107abfb7,25826f59-1fe3-440f-868d-ce59cc15b977,8390627c-c51b-46ad-a89e-05f4d03a0fee,Language Specialist V4,c61fde1e9a2fcf6f097f0d93b27f7f53fd89c4e5771654f4bdd2711376b3dad6,3db66758-c91d-4d42-9df0-c5adcd8e1cf3,ordinal,1.0,0.9765627239254796,0.9765627239254796,[],,,0.9765627239254796,5.0,4.0,,"Does the passage contain a particularly neutral, circumspect, or measured account of a frequently heated issue? If so, please offer them kudos.",Nope,True,0.4882813619627398,Language
17,17,Language,12.0,,ordinal,1.0,0.5,Well-balanced,355.0,100028.0,f7eb2314bb13aae4542caf7ee10c336890c3e911c50093d575b1849e107abfb7,53e6ea09-002a-4c64-857f-3e7a077f528b,c8b06e53-82b4-429f-882e-df7fad43369d,Language Specialist V4,c61fde1e9a2fcf6f097f0d93b27f7f53fd89c4e5771654f4bdd2711376b3dad6,3db66758-c91d-4d42-9df0-c5adcd8e1cf3,ordinal,1.0,0.8150120424781608,0.8150120424781608,[],,,0.8150120424781608,5.0,4.0,,"Does the passage contain a particularly neutral, circumspect, or measured account of a frequently heated issue? If so, please offer them kudos.",Nope,True,0.4075060212390804,Language
18,18,Language,12.0,,ordinal,1.0,0.5,Well-balanced,1044.0,100028.0,f7eb2314bb13aae4542caf7ee10c336890c3e911c50093d575b1849e107abfb7,db54e1c8-65e5-4155-bfb8-09c8121b4850,4e569d5c-3bb7-4e68-8a0d-d6127bf0fcfb,Language Specialist V4,c61fde1e9a2fcf6f097f0d93b27f7f53fd89c4e5771654f4bdd2711376b3dad6,3db66758-c91d-4d42-9df0-c5adcd8e1cf3,ordinal,1.0,0.8150120424781608,0.8150120424781608,"[7479, 7480, 7481, 7482, 7483, 7484, 7485, 7549, 7550, 7551, 7552, 7553, 7554, 7555, 7556, 7557, 7558, 7559, 7560, 7561, 7562, 7563, 7564, 7643, 7644, 7645, 7646, 7647, 7648, 7649, 7650, 7651, 7652]",,,,5.0,4.0,pivotal//checkered career//trumped up,"Does the passage contain a particularly neutral, circumspect, or measured account of a frequently heated issue? If so, please offer them kudos.",Nope,True,,Language
19,19,Language,12.0,,ordinal,1.0,0.5,Well-balanced,377.0,100028.0,f7eb2314bb13aae4542caf7ee10c336890c3e911c50093d575b1849e107abfb7,54c0bd02-0a38-4390-8825-867e46e85b56,e8cd3a4b-7d82-41f0-8eaa-8d701f524c58,Language Specialist V4,c61fde1e9a2fcf6f097f0d93b27f7f53fd89c4e5771654f4bdd2711376b3dad6,3db66758-c91d-4d42-9df0-c5adcd8e1cf3,ordinal,1.0,0.9718981665512229,0.9718981665512229,[],,,0.9718981665512229,5.0,4.0,,"Does the passage contain a particularly neutral, circumspect, or measured account of a frequently heated issue? If so, please offer them kudos.",Nope,True,0.4859490832756114,Language
20,20,Language,12.0,,ordinal,1.0,0.5,Well-balanced,836.0,100029.0,4c3b112770659ce6b8ac1363730d5843907463a9f5535277b674a6ad19e87364,c5ded0a6-42b7-4a2e-96e7-1c29c5ee8e19,352a7135-e111-4746-ada2-91add1ee10f0,Language Specialist V4,c61fde1e9a2fcf6f097f0d93b27f7f53fd89c4e5771654f4bdd2711376b3dad6,3db66758-c91d-4d42-9df0-c5adcd8e1cf3,ordinal,1.0,0.8764139158675059,0.8764139158675059,[],,,0.8764139158675059,5.0,4.0,,"Does the passage contain a particularly neutral, circumspect, or measured account of a frequently heated issue? If so, please offer them kudos.",Nope,True,0.43820695793375297,Language
21,21,Language,12.0,,ordinal,1.0,0.5,Well-balanced,487.0,100029.0,4c3b112770659ce6b8ac1363730d5843907463a9f5535277b674a6ad19e87364,7f159a74-1dc9-4b42-b4c0-5ce25f383d86,520cf393-5869-4c79-a9da-eab42f4c3bf9,Language Specialist V4,c61fde1e9a2fcf6f097f0d93b27f7f53fd89c4e5771654f4bdd2711376b3dad6,3db66758-c91d-4d42-9df0-c5adcd8e1cf3,ordinal,1.0,0.8764139158675059,0.8764139158675059,[],,,0.8764139158675059,5.0,4.0,,"Does the passage contain a particularly neutral, circumspect, or measured account of a frequently heated issue? If so, please offer them kudos.",Nope,True,0.43820695793375297,Language
22,22,Language,12.0,,ordinal,1.0,0.5,Well-balanced,468.0,100029.0,4c3b112770659ce6b8ac1363730d5843907463a9f5535277b674a6ad19e87364,72f98450-79e3-47a9-97a1-7055f6748e1e,d71b5b21-0e6b-42fd-a479-5032b443b7f1,Language Specialist V4,c61fde1e9a2fcf6f097f0d93b27f7f53fd89c4e5771654f4bdd2711376b3dad6,3db66758-c91d-4d42-9df0-c5adcd8e1cf3,ordinal,1.0,0.8073549220576041,0.8073549220576041,[],,,0.8073549220576041,6.0,4.0,,"Does the passage contain a particularly neutral, circumspect, or measured account of a frequently heated issue? If so, please offer them kudos.",Nope,True,0.403677461028802,Language
23,23,Language,12.0,,ordinal,1.0,0.5,Well-balanced,772.0,100029.0,4c3b112770659ce6b8ac1363730d5843907463a9f5535277b674a6ad19e87364,bc20c95d-adbe-4273-9799-88e1646cfe2f,14f181bd-f4d1-4ef9-9624-07055e7767a4,Language Specialist V4,c61fde1e9a2fcf6f097f0d93b27f7f53fd89c4e5771654f4bdd2711376b3dad6,3db66758-c91d-4d42-9df0-c5adcd8e1cf3,ordinal,1.0,0.8150120424781608,0.8150120424781608,[],,,0.8150120424781608,5.0,4.0,,"Does the passage contain a particularly neutral, circumspect, or measured account of a frequently heated issue? If so, please offer them kudos.",Nope,True,0.4075060212390804,Language
24,24,Language,12.0,,ordinal,1.0,0.5,Well-balanced,814.0,100030.0,dafa2bb8de86d276aa69797936139a5fdb4c067ef5353f586b53fab36bdd360b,c5d5ab67-ac06-49c8-8cb6-be6b53897584,e82b387c-eb68-4582-979b-2b9cf3d4e46e,Language Specialist V4,c61fde1e9a2fcf6f097f0d93b27f7f53fd89c4e5771654f4bdd2711376b3dad6,3db66758-c91d-4d42-9df0-c5adcd8e1cf3,ordinal,1.0,0.8150120424781608,0.8150120424781608,[],,,0.8150120424781608,5.0,4.0,,"Does the passage contain a particularly neutral, circumspect, or measured account of a frequently heated issue? If so, please offer them kudos.",Nope,True,0.4075060212390804,Language
25,25,Language,12.0,,ordinal,1.0,0.5,Well-balanced,606.0,100030.0,dafa2bb8de86d276aa69797936139a5fdb4c067ef5353f586b53fab36bdd360b,924fddfe-5cb3-4c24-bb8c-3402a1087c2e,9337c4bd-2fa1-40c4-ab48-0c132689965f,Language Specialist V4,c61fde1e9a2fcf6f097f0d93b27f7f53fd89c4e5771654f4bdd2711376b3dad6,3db66758-c91d-4d42-9df0-c5adcd8e1cf3,ordinal,1.0,0.8764139158675059,0.8764139158675059,[],,,0.8764139158675059,5.0,4.0,,"Does the passage contain a particularly neutral, circumspect, or measured account of a frequently heated issue? If so, please offer them kudos.",Nope,True,0.43820695793375297,Language
26,26,Language,12.0,,ordinal,1.0,0.5,Well-balanced,139.0,100030.0,dafa2bb8de86d276aa69797936139a5fdb4c067ef5353f586b53fab36bdd360b,1f1f4f61-9dca-442a-be51-02ed0e5f7ec8,7fef1e3e-8d18-4a0e-8f89-977c9c3ce72b,Language Specialist V4,c61fde1e9a2fcf6f097f0d93b27f7f53fd89c4e5771654f4bdd2711376b3dad6,3db66758-c91d-4d42-9df0-c5adcd8e1cf3,ordinal,1.0,0.8150120424781608,0.8150120424781608,[],,,0.8150120424781608,5.0,4.0,,"Does the passage contain a particularly neutral, circumspect, or measured account of a frequently heated issue? If so, please offer them kudos.",Nope,True,0.4075060212390804,Language
27,27,Language,12.0,,ordinal,1.0,0.5,Well-balanced,564.0,100030.0,dafa2bb8de86d276aa69797936139a5fdb4c067ef5353f586b53fab36bdd360b,8d42e8fc-8515-4e9e-bf10-43cb6b7842ae,47222edd-67a7-4d3d-9e3c-ec19bc36ba5e,Language Specialist V4,c61fde1e9a2fcf6f097f0d93b27f7f53fd89c4e5771654f4bdd2711376b3dad6,3db66758-c91d-4d42-9df0-c5adcd8e1cf3,ordinal,1.0,0.8150120424781608,0.8150120424781608,[],,,0.8150120424781608,5.0,4.0,,"Does the passage contain a particularly neutral, circumspect, or measured account of a frequently heated issue? If so, please offer them kudos.",Nope,True,0.4075060212390804,Language
28,28,Language,12.0,,ordinal,1.0,0.5,Well-balanced,892.0,100030.0,dafa2bb8de86d276aa69797936139a5fdb4c067ef5353f586b53fab36bdd360b,cb82f1f9-9383-49c9-a244-65e044e642d7,bec3f95b-c917-42b3-9619-0c9a31132479,Language Specialist V4,c61fde1e9a2fcf6f097f0d93b27f7f53fd89c4e5771654f4bdd2711376b3dad6,3db66758-c91d-4d42-9df0-c5adcd8e1cf3,ordinal,1.0,0.8150120424781608,0.8150120424781608,[],,,0.8150120424781608,5.0,4.0,,"Does the passage contain a particularly neutral, circumspect, or measured account of a frequently heated issue? If so, please offer them kudos.",Nope,True,0.4075060212390804,Language
29,29,Language,12.0,,ordinal,1.0,0.5,Well-balanced,119.0,100031.0,729c16dbf760152f8bb67a7ecfbb15a25ae7f594fe35bd711c1d5e1ef1ff5c1f,1ceb21a3-1252-44ea-ba08-38b97dc7e869,933a53ce-2735-4105-b767-d3114de7d0bf,Language Specialist V4,c61fde1e9a2fcf6f097f0d93b27f7f53fd89c4e5771654f4bdd2711376b3dad6,3db66758-c91d-4d42-9df0-c5adcd8e1cf3,ordinal,1.0,1.0,1.0,[],,,1.0,5.0,4.0,,"Does the passage contain a particularly neutral, circumspect, or measured account of a frequently heated issue? If so, please offer them kudos.",Nope,True,0.5,Language
30,30,Language,12.0,,ordinal,1.0,0.5,Well-balanced,1008.0,100031.0,729c16dbf760152f8bb67a7ecfbb15a25ae7f594fe35bd711c1d5e1ef1ff5c1f,d85013c6-3301-49e8-97a4-7fa73ac0a50e,2e028b45-2249-4efb-8a4f-87daca5cd774,Language Specialist V4,c61fde1e9a2fcf6f097f0d93b27f7f53fd89c4e5771654f4bdd2711376b3dad6,3db66758-c91d-4d42-9df0-c5adcd8e1cf3,ordinal,1.0,0.8150120424781608,0.8150120424781608,[],,,0.8150120424781608,5.0,4.0,,"Does the passage contain a particularly neutral, circumspect, or measured account of a frequently heated issue? If so, please offer them kudos.",Nope,True,0.4075060212390804,Language
31,31,Language,12.0,,ordinal,1.0,0.5,Well-balanced,1145.0,100031.0,729c16dbf760152f8bb67a7ecfbb15a25ae7f594fe35bd711c1d5e1ef1ff5c1f,f5c224f1-da19-41d3-951d-46945c93bd95,eda38606-a9f2-4159-941f-24b213dff056,Language Specialist V4,c61fde1e9a2fcf6f097f0d93b27f7f53fd89c4e5771654f4bdd2711376b3dad6,3db66758-c91d-4d42-9df0-c5adcd8e1cf3,ordinal,1.0,0.8764139158675059,0.8764139158675059,"[1473, 1597, 1598, 1599, 1600, 1601, 1602, 1603, 1604, 1605, 1606, 1607, 1906, 1907, 1908, 1909, 1910, 1911, 1912, 1913, 1914, 1915, 1916, 1917, 1918, 1919, 1920, 1921, 1922, 1923, 1924, 1925, 1926, 1927, 1928, 1929, 1930, 1931, 1932, 1933]",-0.004361440393648053,-0.004361440393648053,0.43602623773692895,5.0,4.0, //UNDERMINING//WE’RE DETERMINED TO FIND OUT,"Does the passage contain a particularly neutral, circumspect, or measured account of a frequently heated issue? If so, please offer them kudos.",Nope,True,0.21801311886846447,Language
32,32,Language,12.0,,ordinal,1.0,0.5,Well-balanced,57.0,100031.0,729c16dbf760152f8bb67a7ecfbb15a25ae7f594fe35bd711c1d5e1ef1ff5c1f,0251a8d9-7e15-4521-8353-5ff620c8f113,9a5069d1-5b3d-4c1b-8505-9774a32647cd,Language Specialist V4,c61fde1e9a2fcf6f097f0d93b27f7f53fd89c4e5771654f4bdd2711376b3dad6,3db66758-c91d-4d42-9df0-c5adcd8e1cf3,ordinal,1.0,1.0,1.0,[],,,1.0,5.0,4.0,,"Does the passage contain a particularly neutral, circumspect, or measured account of a frequently heated issue? If so, please offer them kudos.",Nope,True,0.5,Language
33,33,Language,12.0,,ordinal,1.0,0.5,Well-balanced,1085.0,100031.0,729c16dbf760152f8bb67a7ecfbb15a25ae7f594fe35bd711c1d5e1ef1ff5c1f,dd66b198-cc1f-49c6-94b7-cf57aa439f18,fdc36128-449b-4699-8336-aad6ea3025dd,Language Specialist V4,c61fde1e9a2fcf6f097f0d93b27f7f53fd89c4e5771654f4bdd2711376b3dad6,3db66758-c91d-4d42-9df0-c5adcd8e1cf3,ordinal,1.0,0.8150120424781608,0.8150120424781608,[],,,0.8150120424781608,5.0,4.0,,"Does the passage contain a particularly neutral, circumspect, or measured account of a frequently heated issue? If so, please offer them kudos.",Nope,True,0.4075060212390804,Language
34,34,Language,12.0,,ordinal,1.0,0.5,Well-balanced,160.0,100032.0,832ecb4405a6c6ba17b9f5a67e9cdb91b07462cb9d723162fbcf3e114b66f791,21f97050-e76d-445c-a261-df489009c51c,e8833dbe-360d-47d4-a341-a7ac1466fe03,Language Specialist V4,c61fde1e9a2fcf6f097f0d93b27f7f53fd89c4e5771654f4bdd2711376b3dad6,3db66758-c91d-4d42-9df0-c5adcd8e1cf3,ordinal,1.0,0.8764139158675059,0.8764139158675059,[],,,0.8764139158675059,5.0,4.0,,"Does the passage contain a particularly neutral, circumspect, or measured account of a frequently heated issue? If so, please offer them kudos.",Nope,True,0.43820695793375297,Language
35,35,Language,12.0,,ordinal,1.0,0.5,Well-balanced,795.0,100032.0,832ecb4405a6c6ba17b9f5a67e9cdb91b07462cb9d723162fbcf3e114b66f791,c3247759-6acc-470c-abad-363a6ddf71cf,7dc6b045-95bd-410c-9bff-3f41f6ccfd5d,Language Specialist V4,c61fde1e9a2fcf6f097f0d93b27f7f53fd89c4e5771654f4bdd2711376b3dad6,3db66758-c91d-4d42-9df0-c5adcd8e1cf3,ordinal,1.0,1.0,1.0,[],,,1.0,5.0,4.0,,"Does the passage contain a particularly neutral, circumspect, or measured account of a frequently heated issue? If so, please offer them kudos.",Nope,True,0.5,Language
36,36,Language,12.0,,ordinal,1.0,0.5,Well-balanced,182.0,100033.0,86d0e1839d825b8b56f2c7430efa716f4777e45dd001dd29ff68a3d232069e4c,251a3d9b-bc13-4faa-9a8c-dc316b6de570,14156354-0cf7-48d3-ae94-db28a1c61a4f,Language Specialist V4,c61fde1e9a2fcf6f097f0d93b27f7f53fd89c4e5771654f4bdd2711376b3dad6,3db66758-c91d-4d42-9df0-c5adcd8e1cf3,ordinal,1.0,1.0,1.0,[],,,1.0,5.0,4.0,,"Does the passage contain a particularly neutral, circumspect, or measured account of a frequently heated issue? If so, please offer them kudos.",Nope,True,0.5,Language
37,37,Language,12.0,,ordinal,1.0,0.5,Well-balanced,718.0,100033.0,86d0e1839d825b8b56f2c7430efa716f4777e45dd001dd29ff68a3d232069e4c,a5cd74e5-0be8-4307-96dd-52a197308fdf,c4692d72-62d6-43bb-8989-0b5640098950,Language Specialist V4,c61fde1e9a2fcf6f097f0d93b27f7f53fd89c4e5771654f4bdd2711376b3dad6,3db66758-c91d-4d42-9df0-c5adcd8e1cf3,ordinal,1.0,0.8764139158675059,0.8764139158675059,[],,,0.8764139158675059,5.0,4.0,,"Does the passage contain a particularly neutral, circumspect, or measured account of a frequently heated issue? If so, please offer them kudos.",Nope,True,0.43820695793375297,Language
38,38,Language,12.0,,ordinal,1.0,0.5,Well-balanced,301.0,100033.0,86d0e1839d825b8b56f2c7430efa716f4777e45dd001dd29ff68a3d232069e4c,39aaccaa-b9d1-4c38-8913-46ad31ae5a87,918e4193-4651-4733-9113-7a07d6b53760,Language Specialist V4,c61fde1e9a2fcf6f097f0d93b27f7f53fd89c4e5771654f4bdd2711376b3dad6,3db66758-c91d-4d42-9df0-c5adcd8e1cf3,ordinal,1.0,0.8764139158675059,0.8764139158675059,[],,,0.8764139158675059,5.0,4.0,,"Does the passage contain a particularly neutral, circumspect, or measured account of a frequently heated issue? If so, please offer them kudos.",Nope,True,0.43820695793375297,Language
39,39,Language,12.0,,ordinal,1.0,0.5,Well-balanced,1203.0,100034.0,3b9c291d9345c8221a497206a766483bf78df474550f0c50c58df9ad4c20ff75,fe13a17d-96d8-4734-9c95-48f2ef0a386e,722dccbc-6454-4c2c-9b07-80692679ebd0,Language Specialist V4,c61fde1e9a2fcf6f097f0d93b27f7f53fd89c4e5771654f4bdd2711376b3dad6,3db66758-c91d-4d42-9df0-c5adcd8e1cf3,ordinal,1.0,0.9649041856616732,0.9649041856616732,[],,,0.9649041856616732,5.0,4.0,,"Does the passage contain a particularly neutral, circumspect, or measured account of a frequently heated issue? If so, please offer them kudos.",Nope,True,0.4824520928308366,Language
40,40,Language,12.0,,ordinal,1.0,0.5,Well-balanced,414.0,100034.0,3b9c291d9345c8221a497206a766483bf78df474550f0c50c58df9ad4c20ff75,5dd1205f-a9d6-4676-bd05-deda3d3b9c8d,b4bf9978-1a70-41dc-8859-0bcf2caa802e,Language Specialist V4,c61fde1e9a2fcf6f097f0d93b27f7f53fd89c4e5771654f4bdd2711376b3dad6,3db66758-c91d-4d42-9df0-c5adcd8e1cf3,ordinal,1.0,0.8150120424781608,0.8150120424781608,[],,,0.8150120424781608,5.0,4.0,,"Does the passage contain a particularly neutral, circumspect, or measured account of a frequently heated issue? If so, please offer them kudos.",Nope,True,0.4075060212390804,Language
41,41,Language,12.0,,ordinal,1.0,0.5,Well-balanced,97.0,100035.0,d7a866ba4b0104b93dc030d98d2416a336e37ef90f6c073c339e05cd47d19e24,0d3fca42-138f-4925-b124-4863e9c71019,6b5f80c1-8c30-49a3-a132-105272536ca7,Language Specialist V4,c61fde1e9a2fcf6f097f0d93b27f7f53fd89c4e5771654f4bdd2711376b3dad6,3db66758-c91d-4d42-9df0-c5adcd8e1cf3,ordinal,1.0,0.9790378170872508,0.9790378170872508,[],,,0.9790378170872508,5.0,4.0,,"Does the passage contain a particularly neutral, circumspect, or measured account of a frequently heated issue? If so, please offer them kudos.",Nope,True,0.4895189085436254,Language
42,42,Language,12.0,,ordinal,1.0,0.5,Well-balanced,433.0,100035.0,d7a866ba4b0104b93dc030d98d2416a336e37ef90f6c073c339e05cd47d19e24,6c3ecd39-8d50-42f2-8350-27eb19db3670,bea3d6b8-2f38-46f5-bfd3-8e93b0e53ee6,Language Specialist V4,c61fde1e9a2fcf6f097f0d93b27f7f53fd89c4e5771654f4bdd2711376b3dad6,3db66758-c91d-4d42-9df0-c5adcd8e1cf3,ordinal,1.0,0.9790378170872508,0.9790378170872508,[],,,0.9790378170872508,5.0,4.0,,"Does the passage contain a particularly neutral, circumspect, or measured account of a frequently heated issue? If so, please offer them kudos.",Nope,True,0.4895189085436254,Language
43,43,Language,12.0,,ordinal,1.0,0.5,Well-balanced,1024.0,100036.0,95e59347e8dd79fe6656dad63f1a495731158f5d629350decb9d78a7739e19cd,d926ab10-e499-4189-b184-ce43c982bae6,0,Language Specialist V4,c61fde1e9a2fcf6f097f0d93b27f7f53fd89c4e5771654f4bdd2711376b3dad6,3db66758-c91d-4d42-9df0-c5adcd8e1cf3,ordinal,1.0,1.0,1.0,[],,,1.0,3.0,4.0,,"Does the passage contain a particularly neutral, circumspect, or measured account of a frequently heated issue? If so, please offer them kudos.",Nope,True,0.5,Language
44,44,Language,12.0,,ordinal,1.0,0.5,Well-balanced,1126.0,100036.0,95e59347e8dd79fe6656dad63f1a495731158f5d629350decb9d78a7739e19cd,ee4be795-5a3f-4bdd-8527-35778d78a69f,6e5bcb91-b4fe-48a2-b731-ca3b9cee950b,Language Specialist V4,c61fde1e9a2fcf6f097f0d93b27f7f53fd89c4e5771654f4bdd2711376b3dad6,3db66758-c91d-4d42-9df0-c5adcd8e1cf3,ordinal,1.0,1.0,1.0,[],,,1.0,3.0,4.0,,"Does the passage contain a particularly neutral, circumspect, or measured account of a frequently heated issue? If so, please offer them kudos.",Nope,True,0.5,Language
45,45,Language,12.0,,ordinal,1.0,0.5,Well-balanced,911.0,100036.0,95e59347e8dd79fe6656dad63f1a495731158f5d629350decb9d78a7739e19cd,cbee9ab3-3e74-4ca7-8e83-ee9720436a23,19f5459a-0e21-4530-9dc7-a4f57aff35cc,Language Specialist V4,c61fde1e9a2fcf6f097f0d93b27f7f53fd89c4e5771654f4bdd2711376b3dad6,3db66758-c91d-4d42-9df0-c5adcd8e1cf3,ordinal,1.0,1.0,1.0,[],,,1.0,3.0,4.0,,"Does the passage contain a particularly neutral, circumspect, or measured account of a frequently heated issue? If so, please offer them kudos.",Nope,True,0.5,Language
46,46,Language,12.0,,ordinal,1.0,0.5,Well-balanced,953.0,100036.0,95e59347e8dd79fe6656dad63f1a495731158f5d629350decb9d78a7739e19cd,cd6dacb2-189a-4298-a47a-8a00645de98e,2d1f2eaf-706a-4575-ab4d-3d2a4a31d04a,Language Specialist V4,c61fde1e9a2fcf6f097f0d93b27f7f53fd89c4e5771654f4bdd2711376b3dad6,3db66758-c91d-4d42-9df0-c5adcd8e1cf3,ordinal,1.0,1.0,1.0,[],,,1.0,3.0,4.0,,"Does the passage contain a particularly neutral, circumspect, or measured account of a frequently heated issue? If so, please offer them kudos.",Nope,True,0.5,Language
47,47,Language,12.0,,ordinal,1.0,0.5,Well-balanced,932.0,100037.0,dffe5d7618e02096848897a44be4304eeef2fc09af7e33852dd71113a6c61bf2,cce1601d-e2f0-4c08-8aed-6a905f702484,b153093e-cb37-4ea6-874c-e356039e3f0b,Language Specialist V4,c61fde1e9a2fcf6f097f0d93b27f7f53fd89c4e5771654f4bdd2711376b3dad6,3db66758-c91d-4d42-9df0-c5adcd8e1cf3,ordinal,1.0,1.0,1.0,[],,,1.0,3.0,4.0,,"Does the passage contain a particularly neutral, circumspect, or measured account of a frequently heated issue? If so, please offer them kudos.",Nope,True,0.5,Language
48,48,Language,12.0,,ordinal,1.0,0.5,Well-balanced,1066.0,100037.0,dffe5d7618e02096848897a44be4304eeef2fc09af7e33852dd71113a6c61bf2,dbe270d0-60a9-4df1-b5a5-a2c29e7aa384,a09c4d6c-4586-492d-b18a-32358c156f71,Language Specialist V4,c61fde1e9a2fcf6f097f0d93b27f7f53fd89c4e5771654f4bdd2711376b3dad6,3db66758-c91d-4d42-9df0-c5adcd8e1cf3,ordinal,1.0,0.9781584535267784,0.9781584535267784,[],,,0.9781584535267784,4.0,4.0,,"Does the passage contain a particularly neutral, circumspect, or measured account of a frequently heated issue? If so, please offer them kudos.",Nope,True,0.4890792267633892,Language
49,49,Language,12.0,,ordinal,1.0,0.5,Well-balanced,320.0,100038.0,68c644ee4676eeca87052755ec73bde24a957e12dc1d1fcba93795f08063520d,45309569-6882-40c3-85b2-4b25f3bfc918,86c13066-2b4b-4e60-b1df-04b205105c7a,Language Specialist V4,c61fde1e9a2fcf6f097f0d93b27f7f53fd89c4e5771654f4bdd2711376b3dad6,3db66758-c91d-4d42-9df0-c5adcd8e1cf3,ordinal,1.0,0.9708536543404837,0.9708536543404837,[],,,0.9708536543404837,4.0,4.0,,"Does the passage contain a particularly neutral, circumspect, or measured account of a frequently heated issue? If so, please offer them kudos.",Nope,True,0.4854268271702418,Language
50,50,Language,12.0,,ordinal,1.0,0.5,Well-balanced,1185.0,100038.0,68c644ee4676eeca87052755ec73bde24a957e12dc1d1fcba93795f08063520d,fa9f67c4-03f6-4ab1-b1ea-e8f5391144c9,ddff4d19-9fd3-4aee-9bef-fb3e673b5f09,Language Specialist V4,c61fde1e9a2fcf6f097f0d93b27f7f53fd89c4e5771654f4bdd2711376b3dad6,3db66758-c91d-4d42-9df0-c5adcd8e1cf3,ordinal,1.0,0.9609378732091328,0.9609378732091328,[],,,0.9609378732091328,3.0,4.0,,"Does the passage contain a particularly neutral, circumspect, or measured account of a frequently heated issue? If so, please offer them kudos.",Nope,True,0.4804689366045664,Language
51,51,Language,12.0,,ordinal,1.0,0.5,Well-balanced,626.0,100039.0,ea908e535280e57805f9f5f093d5694d37623279c3cd90ee46dff92144237ad7,931652b8-be8e-4352-8897-dc826e451c33,42c30564-d891-406e-985d-1b9f306efb1d,Language Specialist V4,c61fde1e9a2fcf6f097f0d93b27f7f53fd89c4e5771654f4bdd2711376b3dad6,3db66758-c91d-4d42-9df0-c5adcd8e1cf3,ordinal,1.0,1.0,1.0,[],,,1.0,3.0,4.0,,"Does the passage contain a particularly neutral, circumspect, or measured account of a frequently heated issue? If so, please offer them kudos.",Nope,True,0.5,Language
52,52,Language,12.0,,ordinal,1.0,0.5,Well-balanced,1165.0,100040.0,ec47eb7633cadab64fdca9e163f61b889cb53dcb7c68eeac286b8167155268ed,f9c6e1ab-249c-40ed-96b0-516053ee1d66,4051fec8-e8e4-4d7e-91de-7dcbb08a8913,Language Specialist V4,c61fde1e9a2fcf6f097f0d93b27f7f53fd89c4e5771654f4bdd2711376b3dad6,3db66758-c91d-4d42-9df0-c5adcd8e1cf3,ordinal,1.0,1.0,1.0,[],,,1.0,3.0,4.0,,"Does the passage contain a particularly neutral, circumspect, or measured account of a frequently heated issue? If so, please offer them kudos.",Nope,True,0.5,Language
53,53,Language,12.0,,ordinal,1.0,0.5,Well-balanced,528.0,100040.0,ec47eb7633cadab64fdca9e163f61b889cb53dcb7c68eeac286b8167155268ed,8522d0bc-4208-4806-97ef-51ccb6e2064d,bfdcf244-5b6c-42cd-ae3f-3860f39292d7,Language Specialist V4,c61fde1e9a2fcf6f097f0d93b27f7f53fd89c4e5771654f4bdd2711376b3dad6,3db66758-c91d-4d42-9df0-c5adcd8e1cf3,ordinal,1.0,1.0,1.0,[],,,1.0,3.0,4.0,,"Does the passage contain a particularly neutral, circumspect, or measured account of a frequently heated issue? If so, please offer them kudos.",Nope,True,0.5,Language
54,54,Language,12.0,,ordinal,1.0,0.5,Well-balanced,16.0,100040.0,ec47eb7633cadab64fdca9e163f61b889cb53dcb7c68eeac286b8167155268ed,005ff42f-3e41-49a0-bbb7-f6366dfbf4b7,e36702b6-3c12-470c-8e1c-e883b6f75989,Language Specialist V4,c61fde1e9a2fcf6f097f0d93b27f7f53fd89c4e5771654f4bdd2711376b3dad6,3db66758-c91d-4d42-9df0-c5adcd8e1cf3,ordinal,1.0,1.0,1.0,[],,,1.0,3.0,4.0,,"Does the passage contain a particularly neutral, circumspect, or measured account of a frequently heated issue? If so, please offer them kudos.",Nope,True,0.5,Language
55,55,Language,12.0,,ordinal,1.0,0.5,Well-balanced,586.0,100040.0,ec47eb7633cadab64fdca9e163f61b889cb53dcb7c68eeac286b8167155268ed,8e43a151-cacb-4617-9adf-c7b199ad1b06,85a96ba8-deb1-4364-8f10-6e15b4cbaada,Language Specialist V4,c61fde1e9a2fcf6f097f0d93b27f7f53fd89c4e5771654f4bdd2711376b3dad6,3db66758-c91d-4d42-9df0-c5adcd8e1cf3,ordinal,1.0,1.0,1.0,[],,,1.0,3.0,4.0,,"Does the passage contain a particularly neutral, circumspect, or measured account of a frequently heated issue? If so, please offer them kudos.",Nope,True,0.5,Language
56,56,Language,12.0,,ordinal,1.0,0.5,Well-balanced,394.0,100040.0,ec47eb7633cadab64fdca9e163f61b889cb53dcb7c68eeac286b8167155268ed,55f8a75b-006c-45e2-8ad6-ea6f71295187,6e7c1af6-7b8d-409a-b83b-c91a6bb54d9b,Language Specialist V4,c61fde1e9a2fcf6f097f0d93b27f7f53fd89c4e5771654f4bdd2711376b3dad6,3db66758-c91d-4d42-9df0-c5adcd8e1cf3,ordinal,1.0,1.0,1.0,[],,,1.0,3.0,4.0,,"Does the passage contain a particularly neutral, circumspect, or measured account of a frequently heated issue? If so, please offer them kudos.",Nope,True,0.5,Language
57,57,Language,12.0,,ordinal,1.0,0.5,Well-balanced,281.0,100040.0,ec47eb7633cadab64fdca9e163f61b889cb53dcb7c68eeac286b8167155268ed,371371f2-ff6c-4dfd-926d-9b837f4f00d3,b6aaa87a-1502-48e3-9ca2-d6b7fd2d4731,Language Specialist V4,c61fde1e9a2fcf6f097f0d93b27f7f53fd89c4e5771654f4bdd2711376b3dad6,3db66758-c91d-4d42-9df0-c5adcd8e1cf3,ordinal,1.0,1.0,1.0,[],,,1.0,3.0,4.0,,"Does the passage contain a particularly neutral, circumspect, or measured account of a frequently heated issue? If so, please offer them kudos.",Nope,True,0.5,Language
58,58,Language,12.0,,ordinal,1.0,0.5,Well-balanced,1219.0,100042.0,c87020bba7064b93bf74559d8ba394ef83b1b4d84f1308fc4f77ba3b1099a140,ffb424f8-07d9-4d1d-af61-2a7472203597,0,Language Specialist V4,c61fde1e9a2fcf6f097f0d93b27f7f53fd89c4e5771654f4bdd2711376b3dad6,3db66758-c91d-4d42-9df0-c5adcd8e1cf3,ordinal,1.0,0.828634609999496,0.828634609999496,[],,,0.828634609999496,3.0,4.0,,"Does the passage contain a particularly neutral, circumspect, or measured account of a frequently heated issue? If so, please offer them kudos.",Nope,True,0.414317304999748,Language
59,59,Language,12.0,,ordinal,1.0,0.5,Well-balanced,645.0,100042.0,c87020bba7064b93bf74559d8ba394ef83b1b4d84f1308fc4f77ba3b1099a140,9362b8cc-4d71-4d29-93d5-85c7c9ce5f5a,38ea772e-2f81-4aca-9f95-2806a8120add,Language Specialist V4,c61fde1e9a2fcf6f097f0d93b27f7f53fd89c4e5771654f4bdd2711376b3dad6,3db66758-c91d-4d42-9df0-c5adcd8e1cf3,ordinal,1.0,0.9740917395500914,0.9740917395500914,[],,,0.9740917395500914,3.0,4.0,,"Does the passage contain a particularly neutral, circumspect, or measured account of a frequently heated issue? If so, please offer them kudos.",Nope,True,0.4870458697750457,Language
60,60,Language,12.0,,ordinal,1.0,0.5,Well-balanced,509.0,100042.0,c87020bba7064b93bf74559d8ba394ef83b1b4d84f1308fc4f77ba3b1099a140,818a09a9-edaf-4632-950c-c15b27b6b05b,65c623f6-acd2-4dbc-ad20-2a3bc7c52280,Language Specialist V4,c61fde1e9a2fcf6f097f0d93b27f7f53fd89c4e5771654f4bdd2711376b3dad6,3db66758-c91d-4d42-9df0-c5adcd8e1cf3,ordinal,1.0,0.828634609999496,0.828634609999496,[],,,0.828634609999496,3.0,4.0,,"Does the passage contain a particularly neutral, circumspect, or measured account of a frequently heated issue? If so, please offer them kudos.",Nope,True,0.414317304999748,Language
61,61,Language,12.0,,ordinal,1.0,0.5,Well-balanced,754.0,100042.0,c87020bba7064b93bf74559d8ba394ef83b1b4d84f1308fc4f77ba3b1099a140,b45f592e-febf-4208-8d38-1bf4743d1af7,fedbdad8-29bb-429a-ba40-91b8645c182d,Language Specialist V4,c61fde1e9a2fcf6f097f0d93b27f7f53fd89c4e5771654f4bdd2711376b3dad6,3db66758-c91d-4d42-9df0-c5adcd8e1cf3,ordinal,1.0,0.9740917395500914,0.9740917395500914,[],,,0.9740917395500914,3.0,4.0,,"Does the passage contain a particularly neutral, circumspect, or measured account of a frequently heated issue? If so, please offer them kudos.",Nope,True,0.4870458697750457,Language
62,62,Language,12.0,,ordinal,1.0,0.5,Well-balanced,874.0,100042.0,c87020bba7064b93bf74559d8ba394ef83b1b4d84f1308fc4f77ba3b1099a140,cae356a6-3917-4a70-92c9-f886e6c0f53c,86f072f6-db3d-4829-8460-c458a7eb9616,Language Specialist V4,c61fde1e9a2fcf6f097f0d93b27f7f53fd89c4e5771654f4bdd2711376b3dad6,3db66758-c91d-4d42-9df0-c5adcd8e1cf3,ordinal,1.0,0.9708536543404837,0.9708536543404837,[],,,0.9708536543404837,4.0,4.0,,"Does the passage contain a particularly neutral, circumspect, or measured account of a frequently heated issue? If so, please offer them kudos.",Nope,True,0.4854268271702418,Language
63,63,Language,12.0,,ordinal,1.0,0.5,Well-balanced,220.0,100042.0,c87020bba7064b93bf74559d8ba394ef83b1b4d84f1308fc4f77ba3b1099a140,27c7e8e2-bf5f-43b0-bfeb-a50be0bab112,665c8e45-3593-4c11-93b0-ad5084fd1170,Language Specialist V4,c61fde1e9a2fcf6f097f0d93b27f7f53fd89c4e5771654f4bdd2711376b3dad6,3db66758-c91d-4d42-9df0-c5adcd8e1cf3,ordinal,1.0,0.828634609999496,0.828634609999496,[],,,0.828634609999496,3.0,4.0,,"Does the passage contain a particularly neutral, circumspect, or measured account of a frequently heated issue? If so, please offer them kudos.",Nope,True,0.414317304999748,Language
64,64,Language,12.0,,ordinal,1.0,0.5,Well-balanced,452.0,100042.0,c87020bba7064b93bf74559d8ba394ef83b1b4d84f1308fc4f77ba3b1099a140,6cc9431a-f4eb-494d-a67d-2b05c77027c1,f7460af1-fc01-4ad0-b1ea-5de363a018d0,Language Specialist V4,c61fde1e9a2fcf6f097f0d93b27f7f53fd89c4e5771654f4bdd2711376b3dad6,3db66758-c91d-4d42-9df0-c5adcd8e1cf3,ordinal,1.0,0.8552778762416621,0.8552778762416621,[],,,0.8552778762416621,4.0,4.0,,"Does the passage contain a particularly neutral, circumspect, or measured account of a frequently heated issue? If so, please offer them kudos.",Nope,True,0.42763893812083104,Language
65,65,Language,12.0,,ordinal,1.0,0.5,Well-balanced,547.0,100042.0,c87020bba7064b93bf74559d8ba394ef83b1b4d84f1308fc4f77ba3b1099a140,877589ce-2a2a-400a-b18b-68e35cee52bc,4d1a4501-f8dc-4096-a58f-5bfdaf90b964,Language Specialist V4,c61fde1e9a2fcf6f097f0d93b27f7f53fd89c4e5771654f4bdd2711376b3dad6,3db66758-c91d-4d42-9df0-c5adcd8e1cf3,ordinal,1.0,0.9740917395500914,0.9740917395500914,[],,,0.9740917395500914,3.0,4.0,,"Does the passage contain a particularly neutral, circumspect, or measured account of a frequently heated issue? If so, please offer them kudos.",Nope,True,0.4870458697750457,Language
66,66,Language,12.0,,ordinal,1.0,0.5,Well-balanced,664.0,100042.0,c87020bba7064b93bf74559d8ba394ef83b1b4d84f1308fc4f77ba3b1099a140,94caac42-4c9e-45b5-86e2-fd18fac6116b,c47bf33e-4de6-4bd3-bd9d-3115d8885c7a,Language Specialist V4,c61fde1e9a2fcf6f097f0d93b27f7f53fd89c4e5771654f4bdd2711376b3dad6,3db66758-c91d-4d42-9df0-c5adcd8e1cf3,ordinal,1.0,0.828634609999496,0.828634609999496,[],,,0.828634609999496,3.0,4.0,,"Does the passage contain a particularly neutral, circumspect, or measured account of a frequently heated issue? If so, please offer them kudos.",Nope,True,0.414317304999748,Language
67,67,Language,12.0,,ordinal,1.0,0.5,Well-balanced,972.0,100042.0,c87020bba7064b93bf74559d8ba394ef83b1b4d84f1308fc4f77ba3b1099a140,ceaaba65-0283-425a-ba00-fca94df3ad29,1c6a0657-a24e-4225-afcf-929924c34c17,Language Specialist V4,c61fde1e9a2fcf6f097f0d93b27f7f53fd89c4e5771654f4bdd2711376b3dad6,3db66758-c91d-4d42-9df0-c5adcd8e1cf3,ordinal,1.0,0.828634609999496,0.828634609999496,[],,,0.828634609999496,3.0,4.0,,"Does the passage contain a particularly neutral, circumspect, or measured account of a frequently heated issue? If so, please offer them kudos.",Nope,True,0.414317304999748,Language
68,68,Language,12.0,,ordinal,1.0,0.5,Well-balanced,238.0,100042.0,c87020bba7064b93bf74559d8ba394ef83b1b4d84f1308fc4f77ba3b1099a140,33bfc19b-697b-470c-aa50-7b085ae87df0,c239982e-2ecc-4b25-a179-7b136fb078c1,Language Specialist V4,c61fde1e9a2fcf6f097f0d93b27f7f53fd89c4e5771654f4bdd2711376b3dad6,3db66758-c91d-4d42-9df0-c5adcd8e1cf3,ordinal,1.0,0.9707034049068496,0.9707034049068496,[],,,0.9707034049068496,4.0,4.0,,"Does the passage contain a particularly neutral, circumspect, or measured account of a frequently heated issue? If so, please offer them kudos.",Nope,True,0.4853517024534248,Language
69,69,Language,12.0,,ordinal,1.0,0.5,Well-balanced,856.0,100044.0,ce9fb9b9358c71daead068bb2ab24ebfbcd68d1bb8b0611114621d290e0c0764,ca1f9bed-6fad-446e-a1ea-b1443d790d45,f9c39f74-321a-4215-bbc4-01a51202a540,Language Specialist V4,c61fde1e9a2fcf6f097f0d93b27f7f53fd89c4e5771654f4bdd2711376b3dad6,3db66758-c91d-4d42-9df0-c5adcd8e1cf3,ordinal,1.0,0.828634609999496,0.828634609999496,[],,,0.828634609999496,3.0,4.0,,"Does the passage contain a particularly neutral, circumspect, or measured account of a frequently heated issue? If so, please offer them kudos.",Nope,True,0.414317304999748,Language
70,70,Language,12.0,,ordinal,1.0,0.5,Well-balanced,682.0,100044.0,ce9fb9b9358c71daead068bb2ab24ebfbcd68d1bb8b0611114621d290e0c0764,9c1e959b-0ec8-4733-9ea4-e5496951c357,d4403d47-43a1-48a9-921f-bb1813d6d6b5,Language Specialist V4,c61fde1e9a2fcf6f097f0d93b27f7f53fd89c4e5771654f4bdd2711376b3dad6,3db66758-c91d-4d42-9df0-c5adcd8e1cf3,ordinal,1.0,0.828634609999496,0.828634609999496,[],,,0.828634609999496,3.0,4.0,,"Does the passage contain a particularly neutral, circumspect, or measured account of a frequently heated issue? If so, please offer them kudos.",Nope,True,0.414317304999748,Language
71,71,Language,12.0,,ordinal,1.0,0.5,Well-balanced,991.0,100044.0,ce9fb9b9358c71daead068bb2ab24ebfbcd68d1bb8b0611114621d290e0c0764,d50f7cdf-cb9d-427e-854d-85e1ece37b02,1832d671-ba2f-42f2-bcf0-7f332a8204b0,Language Specialist V4,c61fde1e9a2fcf6f097f0d93b27f7f53fd89c4e5771654f4bdd2711376b3dad6,3db66758-c91d-4d42-9df0-c5adcd8e1cf3,ordinal,1.0,0.828634609999496,0.828634609999496,[],,,0.828634609999496,3.0,4.0,,"Does the passage contain a particularly neutral, circumspect, or measured account of a frequently heated issue? If so, please offer them kudos.",Nope,True,0.414317304999748,Language
72,72,Language,12.0,,ordinal,1.0,0.5,Well-balanced,736.0,100044.0,ce9fb9b9358c71daead068bb2ab24ebfbcd68d1bb8b0611114621d290e0c0764,b00a2380-ebe9-4a28-bfe9-20ff1e2dafa1,2b484bda-301c-4d00-bdeb-a317c67df3c8,Language Specialist V4,c61fde1e9a2fcf6f097f0d93b27f7f53fd89c4e5771654f4bdd2711376b3dad6,3db66758-c91d-4d42-9df0-c5adcd8e1cf3,ordinal,1.0,1.0,1.0,[],,,1.0,3.0,4.0,,"Does the passage contain a particularly neutral, circumspect, or measured account of a frequently heated issue? If so, please offer them kudos.",Nope,True,0.5,Language
73,73,Language,12.0,,ordinal,1.0,0.5,Well-balanced,77.0,100044.0,ce9fb9b9358c71daead068bb2ab24ebfbcd68d1bb8b0611114621d290e0c0764,0a488ec0-03ee-47b5-9f9b-16f46e6c67f8,eda2f7ad-a602-4957-9aea-a3960afe4ce8,Language Specialist V4,c61fde1e9a2fcf6f097f0d93b27f7f53fd89c4e5771654f4bdd2711376b3dad6,3db66758-c91d-4d42-9df0-c5adcd8e1cf3,ordinal,1.0,0.828634609999496,0.828634609999496,[],,,0.828634609999496,3.0,4.0,,"Does the passage contain a particularly neutral, circumspect, or measured account of a frequently heated issue? If so, please offer them kudos.",Nope,True,0.414317304999748,Language
74,74,Language,12.0,,ordinal,1.0,0.5,Well-balanced,698.0,100044.0,ce9fb9b9358c71daead068bb2ab24ebfbcd68d1bb8b0611114621d290e0c0764,9d1f5c62-d397-4a55-897c-cd1c8ce93c4e,759da444-6a11-4c93-bc93-c8b8ce3b4be1,Language Specialist V4,c61fde1e9a2fcf6f097f0d93b27f7f53fd89c4e5771654f4bdd2711376b3dad6,3db66758-c91d-4d42-9df0-c5adcd8e1cf3,ordinal,1.0,0.9740917395500914,0.9740917395500914,[],,,0.9740917395500914,3.0,4.0,,"Does the passage contain a particularly neutral, circumspect, or measured account of a frequently heated issue? If so, please offer them kudos.",Nope,True,0.4870458697750457,Language
75,75,Language,12.0,,ordinal,2.0,1.0,Well-balanced,34.0,100028.0,f7eb2314bb13aae4542caf7ee10c336890c3e911c50093d575b1849e107abfb7,0120f692-0e1d-4943-94ce-b9d3983d35d7,744c7cbe-cf44-4cbb-bbb0-901b0d4f35a3,Language Specialist V4,c61fde1e9a2fcf6f097f0d93b27f7f53fd89c4e5771654f4bdd2711376b3dad6,0f9edcfe-ecd6-47d8-835a-16222fbfb076,ordinal,2.0,0.8150120424781608,0.8150120424781608,"[4278, 4279, 4280, 4281, 4282, 4283, 4284, 4285, 4286, 4287, 4288, 4289, 4290, 4291, 4292, 4293, 4294, 4295, 4296, 4297, 4298, 4299, 4300, 4301, 4302, 4303, 4304, 4305, 4306, 4307, 4308, 4334, 4335, 4336, 4337, 4338, 4339, 4340, 4341, 4342, 4343, 4344, 4345, 4346, 4347, 4348, 4349, 4350, 4351, 4352, 4353, 4354, 4355, 4356, 4357, 4358, 4359, 4360, 4361, 4362, 4363, 4364]",0.3214022671961061,0.3214022671961061,0.5682071548371335,5.0,4.0,we will get to the bottom of it//I’m sure you will figure it out,"Does the passage contain a particularly neutral, circumspect, or measured account of a frequently heated issue? If so, please offer them kudos.",Good job!,True,0.5682071548371335,Language
76,76,Language,12.0,,ordinal,2.0,1.0,Well-balanced,337.0,100029.0,4c3b112770659ce6b8ac1363730d5843907463a9f5535277b674a6ad19e87364,4a30be9a-24a9-44d6-8cba-aa66ae586a13,b0c29927-7d3b-4a7e-a8b6-1dd949f92c6b,Language Specialist V4,c61fde1e9a2fcf6f097f0d93b27f7f53fd89c4e5771654f4bdd2711376b3dad6,0f9edcfe-ecd6-47d8-835a-16222fbfb076,ordinal,2.0,0.8150120424781608,0.8150120424781608,[],,,0.8150120424781608,5.0,4.0,,"Does the passage contain a particularly neutral, circumspect, or measured account of a frequently heated issue? If so, please offer them kudos.",Good job!,True,0.8150120424781608,Language
77,77,Language,12.0,,ordinal,2.0,1.0,Well-balanced,1106.0,100029.0,4c3b112770659ce6b8ac1363730d5843907463a9f5535277b674a6ad19e87364,df6abdd6-a419-43d6-b862-df0bf37706aa,eb6b4683-1445-452b-82a0-fd545f579420,Language Specialist V4,c61fde1e9a2fcf6f097f0d93b27f7f53fd89c4e5771654f4bdd2711376b3dad6,0f9edcfe-ecd6-47d8-835a-16222fbfb076,ordinal,2.0,0.8150120424781608,0.8150120424781608,[],,,0.8150120424781608,5.0,4.0,,"Does the passage contain a particularly neutral, circumspect, or measured account of a frequently heated issue? If so, please offer them kudos.",Good job!,True,0.8150120424781608,Language
78,78,Language,12.0,,ordinal,2.0,1.0,Well-balanced,259.0,100030.0,dafa2bb8de86d276aa69797936139a5fdb4c067ef5353f586b53fab36bdd360b,36d26207-daca-4955-bca8-ea3a60a3b5d9,f2f56150-fa6e-46c8-9c45-fdfc5a4e595f,Language Specialist V4,c61fde1e9a2fcf6f097f0d93b27f7f53fd89c4e5771654f4bdd2711376b3dad6,0f9edcfe-ecd6-47d8-835a-16222fbfb076,ordinal,2.0,0.8150120424781608,0.8150120424781608,[],,,0.8150120424781608,5.0,4.0,,"Does the passage contain a particularly neutral, circumspect, or measured account of a frequently heated issue? If so, please offer them kudos.",Good job!,True,0.8150120424781608,Language
